#ID	transcript_length	peptide_length	Fickett_score	pI	ORF_integrity	coding_probability	label
NONCELT000006.2	221	30	0.47468	8.295356559753419	-1	0.027903	noncoding
NONCELT000022.2	289	27	0.33313	11.999967765808105	1	0.013997	noncoding
NONCELT000029.2	213	12	0.38247999999999993	8.500108146667483	1	0.00331676	noncoding
NONCELT000035.2	221	0	0.41059999999999997	0.0	-1	0.00748885	noncoding
NONCELT000039.2	299	24	0.32997	6.502346611022949	-1	0.0412666	noncoding
NONCELT000042.2	241	33	0.40621999999999997	11.999967765808105	-1	0.167389	noncoding
NONCELT000047.2	271	32	0.31379	4.0500284194946286	1	0.0171156	noncoding
NONCELT000050.2	321	7	0.41204	5.752981376647949	-1	0.01065	noncoding
NONCELT000062.2	449	18	0.34109	4.778363227844238	1	0.00475295	noncoding
NONCELT000063.2	300	17	0.44553	5.380742835998535	1	0.00603355	noncoding
NONCELT000068.2	292	12	0.29481	10.834379386901855	1	0.0105812	noncoding
NONCELT000070.2	235	4	0.32128	4.0500284194946286	1	0.0032086	noncoding
NONCELT000087.2	1477	39	0.24405	9.522705650329591	1	0.0248043	noncoding
NONCELT000090.2	643	58	0.39199	9.891787147521974	1	0.0497945	noncoding
NONCELT000094.2	213	25	0.41189	11.999967765808105	-1	0.161771	noncoding
NONCELT000097.2	2375	55	0.33439	11.466427421569826	1	0.0323597	noncoding
NONCELT000102.2	219	14	0.37683999999999995	5.711091041564941	1	0.00301238	noncoding
NONCELT000103.2	222	10	0.39798	5.275022315979004	1	0.00309228	noncoding
NONCELT000128.2	504	133	0.41695	10.36833744049072	1	0.750843	coding
NONCELT000135.2	323	97	0.46095	9.811266136169433	1	0.561256	coding
NONCELT000136.2	323	13	0.41881	4.0500284194946286	1	0.00895745	noncoding
NONCELT000140.2	1744	123	0.41515	9.332975196838383	1	0.655246	coding
NONCELT000143.2	344	103	0.3928	9.634300422668456	1	0.309776	noncoding
NONCELT000154.2	222	66	0.44092	10.358151435852047	-1	0.119231	noncoding
NONCELT000158.2	293	33	0.36446999999999996	5.937878608703613	1	0.00825823	noncoding
NONCELT000171.2	217	42	0.39611	10.39657459259033	-1	0.11831	noncoding
NONCELT000177.2	218	0	0.41245	0.0	-1	0.00821186	noncoding
NONCELT000193.2	2969	131	0.30003	9.813264656066895	1	0.217864	noncoding
NONCELT000194.2	5650	131	0.29153	9.813264656066895	1	0.197532	noncoding
NONCELT000195.2	212	49	0.40163	8.035484504699706	-1	0.0418367	noncoding
NONCELT000197.2	212	58	0.44589	11.346645164489747	-1	0.159133	noncoding
NONCELT000198.2	285	19	0.36064999999999997	11.711342811584473	-1	0.184055	noncoding
NONCELT000216.2	1121	33	0.35144	9.744863700866699	1	0.0123069	noncoding
NONCELT000221.2	212	26	0.40779	9.538242530822753	1	0.0113636	noncoding
NONCELT000229.2	465	35	0.33953	9.693869209289552	1	0.0127423	noncoding
NONCELT000230.2	1414	41	0.24582	5.464637184143067	1	0.0508386	noncoding
NONCELT000233.2	335	26	0.30579	11.263674354553224	1	0.0153787	noncoding
NONCELT000234.2	471	20	0.38222999999999996	11.16600475311279	1	0.0112675	noncoding
NONCELT000236.2	625	53	0.45465	10.86629123687744	1	0.111408	noncoding
NONCELT000238.2	328	21	0.36927	9.700251579284668	1	0.00764526	noncoding
NONCELT000253.2	449	68	0.41086999999999996	7.847043418884278	1	0.0749274	noncoding
NONCELT000254.2	1717	34	0.28112000000000004	7.975528907775878	1	0.00928923	noncoding
NONCELT000278.2	287	21	0.35112	10.637106132507324	1	0.0100615	noncoding
NONCELT000279.2	338	21	0.36555000000000004	10.637106132507324	1	0.0101965	noncoding
NONCELT000297.2	361	74	0.34624	8.689903068542481	1	0.0536904	noncoding
NONCELT000298.2	683	33	0.34567000000000003	8.211160850524902	-1	0.0714484	noncoding
NONCELT000299.2	3257	73	0.32213	10.290975379943848	1	0.0512319	noncoding
NONCELT000301.2	440	27	0.42963999999999997	9.822096824645993	-1	0.0685477	noncoding
NONCELT000310.2	234	13	0.30022	9.519997978210448	-1	0.173202	noncoding
NONCELT000321.2	312	37	0.38476	4.749147987365721	1	0.020063	noncoding
NONCELT000322.2	4183	131	0.30379	10.226055717468263	1	0.216412	noncoding
NONCELT000323.2	5724	131	0.30379	10.226055717468263	1	0.216412	noncoding
NONCELT000336.2	222	38	0.28358	5.573256492614745	1	0.0157904	noncoding
NONCELT000339.2	497	46	0.26468	8.553423500061037	-1	0.17632	noncoding
NONCELT000340.2	245	44	0.39543	7.934398078918457	-1	0.0398306	noncoding
NONCELT000381.2	353	62	0.43157999999999996	10.545754432678223	1	0.108926	noncoding
NONCELT000382.2	215	6	0.44188000000000005	5.275022315979004	-1	0.0102959	noncoding
NONCELT000388.2	223	20	0.36281	9.398732948303223	1	0.00643924	noncoding
NONCELT000403.2	203	7	0.37876	4.0500284194946286	1	0.00414905	noncoding
NONCELT000409.2	220	21	0.32413000000000003	7.823319053649904	-1	0.076849	noncoding
NONCELT000426.2	221	13	0.38344	8.498431968688966	1	0.00350324	noncoding
NONCELT000435.2	212	17	0.44802	5.823348045349121	-1	0.0126241	noncoding
NONCELT000436.2	225	13	0.31466000000000005	8.344481468200684	-1	0.104331	noncoding
NONCELT000442.2	559	50	0.34752000000000005	11.649066352844237	1	0.0284142	noncoding
NONCELT000451.2	223	10	0.42823	4.556577491760254	-1	0.0109301	noncoding
NONCELT000456.2	206	40	0.44978	8.52086696624756	-1	0.0375105	noncoding
NONCELT000459.2	202	0	0.45842	0.0	-1	0.0707201	noncoding
NONCELT000488.2	1602	63	0.34467000000000003	8.931788444519043	1	0.0341747	noncoding
NONCELT000497.2	257	5	0.30019	5.275022315979004	1	0.00266715	noncoding
NONCELT000502.2	290	31	0.42396	10.19130725860596	1	0.021085	noncoding
NONCELT000506.2	208	22	0.38610999999999995	11.999967765808105	1	0.0117338	noncoding
NONCELT000509.2	957	134	0.41137	9.319178962707518	1	0.759819	coding
NONCELT000510.2	804	85	0.43908	9.609157752990722	1	0.28983	noncoding
NONCELT000515.2	233	19	0.32884	11.333622550964353	1	0.0113856	noncoding
NONCELT000519.2	325	39	0.30522	5.380458641052246	1	0.013702	noncoding
NONCELT000536.2	1499	52	0.26872	8.884855461120608	1	0.0212673	noncoding
NONCELT000537.2	234	22	0.40513	10.859908866882325	1	0.0133732	noncoding
NONCELT000541.2	1168	239	0.46193	5.453894615173339	1	0.999949	coding
NONCELT000542.2	238	53	0.34562000000000004	10.5170015335083	-1	0.165478	noncoding
NONCELT000560.2	851	72	0.41152	4.793255043029785	1	0.21204	noncoding
NONCELT000565.2	342	50	0.44619	10.545754432678223	1	0.079668	noncoding
NONCELT000574.2	486	4	0.42529	4.0500284194946286	1	0.00507227	noncoding
NONCELT000576.2	241	23	0.43602	9.782190895080564	1	0.0141425	noncoding
NONCELT000577.2	262	46	0.38103000000000004	11.654159355163575	-1	0.174566	noncoding
NONCELT000580.2	285	38	0.28903	4.0500284194946286	1	0.0337125	noncoding
NONCELT000604.2	215	44	0.32718	11.999967765808105	1	0.0220639	noncoding
NONCELT000611.2	219	33	0.36989000000000005	10.419847679138183	1	0.0158771	noncoding
NONCELT000613.2	214	51	0.29971	8.396378517150882	-1	0.138791	noncoding
NONCELT000614.2	282	39	0.37362	6.071734428405762	-1	0.0230369	noncoding
NONCELT000620.2	1530	46	0.26684	8.120002555847169	1	0.0166285	noncoding
NONCELT000621.2	1572	45	0.31011	8.120002555847169	1	0.0124365	noncoding
NONCELT000635.2	225	8	0.35262	7.95335178375244	-1	0.0484613	noncoding
NONCELT000646.2	680	14	0.29558	9.700251579284668	1	0.00696919	noncoding
NONCELT000656.2	251	19	0.37696	7.915444374084473	-1	0.0371856	noncoding
NONCELT000658.2	210	10	0.38849	8.344739341735842	-1	0.0370932	noncoding
NONCELT000672.2	217	49	0.37753	9.500077247619632	-1	0.0967246	noncoding
NONCELT000698.2	2364	66	0.32504	9.7418981552124	1	0.0385168	noncoding
NONCELT000699.2	2210	66	0.36189	9.7418981552124	1	0.051027	noncoding
NONCELT000706.2	1091	76	0.34023000000000003	5.21272678375244	1	0.102918	noncoding
NONCELT000710.2	201	26	0.40792	5.874218940734862	1	0.00746981	noncoding
NONCELT000727.2	299	96	0.30609000000000003	9.44863147735596	-1	0.164681	noncoding
NONCELT000730.2	223	8	0.4236	5.275022315979004	1	0.00319387	noncoding
NONCELT000732.2	219	19	0.41236000000000006	5.1936857223510735	1	0.00637291	noncoding
NONCELT000734.2	273	44	0.37192000000000003	9.299064826965331	1	0.0193544	noncoding
NONCELT000739.2	210	46	0.38665	6.696679115295409	-1	0.027439	noncoding
NONCELT000743.2	217	34	0.39074	4.878740882873536	-1	0.0149006	noncoding
NONCELT000762.2	247	26	0.33022	4.677076148986816	-1	0.0199912	noncoding
NONCELT000764.2	285	40	0.44653000000000004	10.806142234802245	1	0.0518574	noncoding
NONCELT000765.2	223	10	0.38206999999999997	6.488364219665528	-1	0.0167905	noncoding
NONCELT000768.2	212	35	0.42856	6.685879707336426	1	0.0130147	noncoding
NONCELT000769.2	258	53	0.34938	10.158879661560057	-1	0.149879	noncoding
NONCELT000781.2	270	28	0.30265000000000003	9.864968299865723	1	0.0109664	noncoding
NONCELT000788.2	273	32	0.40242	11.728491401672365	1	0.0200706	noncoding
NONCELT000792.2	219	29	0.35809	11.717209434509279	1	0.0148278	noncoding
NONCELT000799.2	525	56	0.40276	7.68874683380127	1	0.0353725	noncoding
NONCELT000800.2	219	47	0.46329	5.083247566223143	1	0.0496405	noncoding
NONCELT000811.2	410	32	0.35817000000000004	8.03999729156494	1	0.00740683	noncoding
NONCELT000812.2	436	44	0.34946	6.695428657531737	1	0.0123493	noncoding
NONCELT000813.2	210	14	0.41381	8.364789009094238	1	0.00414905	noncoding
NONCELT000819.2	221	39	0.34423000000000004	7.600078010559083	-1	0.0588436	noncoding
NONCELT000822.2	205	50	0.32296	10.80588436126709	1	0.0267348	noncoding
NONCELT000823.2	332	6	0.36672000000000005	5.274794960021972	1	1.2264e-05	noncoding
NONCELT000826.2	219	60	0.31108	10.80652904510498	1	0.0348642	noncoding
NONCELT000832.2	267	20	0.3731	9.496724891662598	1	0.00686424	noncoding
NONCELT000843.2	778	239	0.41885	6.839970207214355	1	0.999732	coding
NONCELT000846.2	221	25	0.37217999999999996	7.8233835220336925	-1	0.0399161	noncoding
NONCELT000851.2	1168	73	0.3558	9.198558616638184	1	0.0596761	noncoding
NONCELT000852.2	1540	144	0.40907	9.708116722106933	1	0.827212	coding
NONCELT000854.2	2463	579	0.37172	6.837582969665529	1	1	coding
NONCELT000856.2	2129	452	0.38558	8.989100837707518	1	1	coding
NONCELT000857.2	214	10	0.35879	8.500108146667483	1	0.00287105	noncoding
NONCELT000859.2	401	60	0.35714	6.215423393249511	1	0.0338847	noncoding
NONCELT000861.2	270	30	0.45434	5.980337333679199	1	0.0119634	noncoding
NONCELT000866.2	223	25	0.41375000000000006	9.648290061950682	1	0.0118177	noncoding
NONCELT000872.2	224	22	0.33653999999999995	8.937590599060062	1	0.0058008	noncoding
NONCELT000873.2	215	42	0.43835	6.709752082824706	1	0.021548	noncoding
NONCELT000877.2	222	35	0.43663	9.214224433898927	1	0.0220381	noncoding
NONCELT000880.2	930	194	0.41307000000000005	6.436186027526855	1	0.996116	coding
NONCELT000883.2	226	27	0.42365	5.820676612854004	-1	0.0146486	noncoding
NONCELT000897.2	264	26	0.37819	8.188467979431152	1	0.00615825	noncoding
NONCELT000921.2	1004	148	0.32392	8.412624549865725	1	0.517731	coding
NONCELT000925.2	804	43	0.24746	10.310058021545405	1	0.0319848	noncoding
NONCELT000928.2	267	9	0.42167	5.823575401306152	1	0.00277946	noncoding
NONCELT000940.2	222	25	0.41913	9.302288246154784	1	0.0109853	noncoding
NONCELT000941.2	210	36	0.46135	7.681357765197755	1	0.0186903	noncoding
NONCELT000978.2	201	67	0.43547	6.236226463317871	1	0.10573	noncoding
NONCELT001018.2	207	0	0.40506000000000003	0.0	-1	0.00569609	noncoding
NONCELT001027.2	392	39	0.46852	11.000063133239745	1	0.0780258	noncoding
NONCELT001045.2	666	77	0.46748	6.537529945373536	1	0.201273	noncoding
NONCELT001054.2	424	47	0.42973000000000006	10.23791790008545	-1	0.0991963	noncoding
NONCELT001057.2	714	64	0.30961	5.189081764221189	1	0.0520354	noncoding
NONCELT001063.2	740	135	0.45059	9.062917137145995	1	0.889151	coding
NONCELT001074.2	225	22	0.42811	10.000932121276854	1	0.0132504	noncoding
NONCELT001102.2	489	46	0.44928	9.149756050109865	1	0.0463219	noncoding
NONCELT001109.2	206	0	0.40510999999999997	0.0	-1	0.00571004	noncoding
NONCELT001113.2	206	0	0.40510999999999997	0.0	-1	0.00571004	noncoding
NONCELT001117.2	286	37	0.36871	7.7396745681762695	1	0.00957514	noncoding
NONCELT001118.2	861	131	0.41376	4.880673408508301	1	0.92975	coding
NONCELT001119.2	207	0	0.43083	0.0	-1	0.0205371	noncoding
NONCELT001120.2	207	8	0.40748	8.500108146667483	1	0.00299251	noncoding
NONCELT001127.2	208	25	0.40392	8.365369224548342	1	0.00714724	noncoding
NONCELT001128.2	785	52	0.30661	10.762883949279786	1	0.0277511	noncoding
NONCELT001137.2	525	104	0.47022	8.138827323913574	1	0.611916	coding
NONCELT001138.2	294	28	0.30799	6.688096427917481	1	0.00562448	noncoding
NONCELT001141.2	207	8	0.38339999999999996	8.500108146667483	1	0.00270328	noncoding
NONCELT001142.2	207	0	0.40587	0.0	-1	0.005927	noncoding
NONCELT001145.2	207	8	0.38339999999999996	8.500108146667483	1	0.00270328	noncoding
NONCELT001146.2	207	0	0.40587	0.0	-1	0.005927	noncoding
NONCELT001149.2	206	0	0.38537	0.0	-1	1.56078e-05	noncoding
NONCELT001151.2	207	0	0.43083	0.0	-1	0.0205371	noncoding
NONCELT001152.2	207	8	0.40748	8.500108146667483	1	0.00299251	noncoding
NONCELT001155.2	858	160	0.48319	7.766559410095215	1	0.982648	coding
NONCELT001164.2	851	245	0.44686	9.197978401184084	1	0.999732	coding
NONCELT001169.2	1975	125	0.28683000000000003	7.005485343933105	1	0.28359	noncoding
NONCELT001171.2	416	72	0.42041	7.983780860900879	1	0.103946	noncoding
NONCELT001176.2	434	42	0.33567	9.626499748229982	1	0.0162382	noncoding
NONCELT001178.2	363	85	0.3337	9.971856880187985	-1	0.161863	noncoding
NONCELT001179.2	911	75	0.37834	11.224799919128415	1	0.0882553	noncoding
NONCELT001188.2	983	159	0.36282000000000003	9.356441688537597	1	0.771745	coding
NONCELT001189.2	297	41	0.34672	6.503994941711425	-1	0.0375902	noncoding
NONCELT001190.2	984	294	0.42096	9.055374336242675	1	0.999959	coding
NONCELT001195.2	1036	54	0.29800000000000004	10.765011405944826	1	0.0294356	noncoding
NONCELT001197.2	403	57	0.29272	10.2276029586792	1	0.0290787	noncoding
NONCELT001205.2	260	21	0.40776	11.712567710876463	-1	0.154373	noncoding
NONCELT001206.2	561	114	0.35180999999999996	8.759980201721191	1	0.275499	noncoding
NONCELT001207.2	567	109	0.29707	8.759980201721191	1	0.125672	noncoding
NONCELT001208.2	345	69	0.41213000000000005	9.520191383361816	1	0.0988365	noncoding
NONCELT001210.2	312	104	0.3976	9.17012805938721	1	0.337966	noncoding
NONCELT001211.2	1068	137	0.38133	6.888055992126465	1	0.766628	coding
NONCELT001212.2	261	20	0.38506	5.7500825881958	1	0.00451864	noncoding
NONCELT001214.2	208	3	0.37102	5.275022315979004	1	8.76199e-06	noncoding
NONCELT001218.2	435	145	0.46817000000000003	9.877861976623535	1	0.955695	coding
NONCELT001228.2	651	69	0.44895	6.240034675598144	1	0.128369	noncoding
NONCELT001231.2	844	44	0.41596	10.806142234802245	1	0.0397081	noncoding
NONCELT001259.2	253	18	0.47715	9.500077247619632	-1	0.0445717	noncoding
NONCELT001269.2	223	4	0.39707000000000003	8.500108146667483	-1	0.0346358	noncoding
NONCELT001270.2	203	60	0.4017899999999999	11.53979244232178	1	0.0624061	noncoding
NONCELT001275.2	2619	645	0.38953000000000004	9.913706398010252	1	1	coding
NONCELT001280.2	499	57	0.44225	4.812637138366699	1	0.109338	noncoding
NONCELT001291.2	225	16	0.33479	9.984492683410647	1	0.00684561	noncoding
NONCELT001293.2	282	36	0.40759999999999996	10.847402000427245	1	0.0253989	noncoding
NONCELT001306.2	347	43	0.30451000000000006	9.628691673278809	1	0.0163508	noncoding
NONCELT001339.2	251	39	0.33355	4.644280052185059	-1	0.0224061	noncoding
NONCELT001346.2	1008	130	0.41825	9.952903175354006	1	0.7398	coding
NONCELT001355.2	477	28	0.3595	5.451734733581542	1	0.00693005	noncoding
NONCELT001361.2	462	47	0.34392	5.540289878845214	1	0.0187435	noncoding
NONCELT001363.2	235	23	0.31666	7.823770332336427	-1	0.0867306	noncoding
NONCELT001370.2	995	193	0.40664999999999996	8.216447257995608	1	0.988594	coding
NONCELT001371.2	1072	197	0.30679	9.052666664123535	1	0.792521	coding
NONCELT001374.2	222	2	0.36002	5.275022315979004	1	7.26434e-06	noncoding
NONCELT001377.2	259	15	0.45214000000000004	5.895135688781737	1	0.00451375	noncoding
NONCELT001384.2	852	58	0.37078	7.998737525939941	1	0.029588	noncoding
NONCELT001385.2	688	57	0.42793	6.514396476745605	-1	0.02584	noncoding
NONCELT001387.2	1754	74	0.32682000000000005	8.769779396057132	-1	0.128036	noncoding
NONCELT001388.2	334	32	0.39901999999999993	6.7031587600708	1	0.00863653	noncoding
NONCELT001392.2	688	57	0.42573	6.514396476745605	-1	0.0258864	noncoding
NONCELT001394.2	1754	74	0.32682000000000005	8.769779396057132	-1	0.128036	noncoding
NONCELT001395.2	334	32	0.39901999999999993	6.7031587600708	1	0.00863653	noncoding
NONCELT001401.2	355	12	0.35575	8.500108146667483	1	0.0031564	noncoding
NONCELT001407.2	225	12	0.2836	6.037631034851074	1	0.00407557	noncoding
NONCELT001411.2	224	28	0.40181000000000006	10.00041637420654	1	0.0138776	noncoding
NONCELT001443.2	804	131	0.33433999999999997	4.8361116409301745	1	0.767968	coding
NONCELT001456.2	380	5	0.40904999999999997	5.275022315979004	1	1.74808e-05	noncoding
NONCELT001457.2	325	58	0.42285999999999996	7.975528907775878	1	0.0499257	noncoding
NONCELT001462.2	367	37	0.36235	9.86728916168213	1	0.0156983	noncoding
NONCELT001467.2	2488	627	0.39266	9.595941734313964	1	1	coding
NONCELT001468.2	968	122	0.32409	8.354087257385256	1	0.264328	noncoding
NONCELT001476.2	201	0	0.29459	0.0	-1	5.85289e-07	noncoding
NONCELT001477.2	201	0	0.36291000000000007	0.0	-1	2.72088e-06	noncoding
NONCELT001483.2	531	161	0.43751999999999996	9.714112281799316	1	0.958785	coding
NONCELT001484.2	345	115	0.35134	9.518128395080566	1	0.273543	noncoding
NONCELT001485.2	279	34	0.40957	10.93997859954834	1	0.023945	noncoding
NONCELT001486.2	332	23	0.3808	7.999059867858887	1	0.00509098	noncoding
NONCELT001490.2	221	4	0.46792	6.49137668609619	1	1.275e-05	noncoding
NONCELT001559.2	243	0	0.36235	0.0	-1	2.62159e-06	noncoding
NONCELT001560.2	243	25	0.31518	5.713648796081543	1	0.00550917	noncoding
NONCELT001570.2	939	299	0.40711	9.354314231872557	1	0.999929	coding
NONCELT001577.2	926	177	0.40929000000000004	4.930009651184081	1	0.995967	coding
NONCELT001582.2	568	26	0.27199	10.171064186096192	1	0.0149189	noncoding
NONCELT001583.2	704	41	0.36405	10.468972587585448	1	0.0214788	noncoding
NONCELT001592.2	631	37	0.38665	10.583210563659666	1	0.021362	noncoding
NONCELT001593.2	795	37	0.31549	10.583210563659666	1	0.0173375	noncoding
NONCELT001600.2	827	124	0.4708	9.694707298278807	1	0.877861	coding
NONCELT001605.2	922	43	0.34535000000000005	11.422459983825682	1	0.0232576	noncoding
NONCELT001606.2	1034	196	0.39849	8.731807518005368	1	0.985287	coding
NONCELT001613.2	673	116	0.47819000000000006	9.158459281921388	1	0.825572	coding
NONCELT001629.2	878	67	0.34840000000000004	8.957060050964355	1	0.0418928	noncoding
NONCELT001630.2	1964	81	0.27944	9.828479194641112	1	0.0516153	noncoding
NONCELT001637.2	612	204	0.46058000000000004	6.981612968444825	1	0.998814	coding
NONCELT001638.2	909	303	0.43119	8.988198280334473	1	0.999984	coding
NONCELT001639.2	448	25	0.3792	6.507575798034667	1	0.00508318	noncoding
NONCELT001640.2	494	25	0.3312	6.507575798034667	1	0.00448212	noncoding
NONCELT001642.2	1057	215	0.38953000000000004	8.84875316619873	1	0.992428	coding
NONCELT001644.2	216	42	0.43956000000000006	5.793393898010254	1	0.0263881	noncoding
NONCELT001648.2	250	11	0.40669	9.349672508239745	1	0.00488243	noncoding
NONCELT001684.2	203	22	0.38038	10.346933937072752	-1	0.117735	noncoding
NONCELT001687.2	213	0	0.33437	0.0	-1	6.60477e-07	noncoding
NONCELT001695.2	241	0	0.30630999999999997	0.0	-1	4.78452e-07	noncoding
NONCELT001707.2	834	265	0.42334999999999995	9.211452293395993	1	0.9998	coding
NONCELT001711.2	964	134	0.40846	9.726683616638184	1	0.739936	coding
NONCELT001718.2	1023	341	0.45714	9.300225257873535	1	0.999999	coding
NONCELT001719.2	914	257	0.43892	9.440315055847169	1	0.999801	coding
NONCELT001720.2	672	30	0.32887	4.944674110412596	1	0.00895299	noncoding
NONCELT001729.2	232	30	0.41332	11.722947120666507	1	0.020531	noncoding
NONCELT001730.2	424	30	0.3982200000000001	11.722947120666507	1	0.0179539	noncoding
NONCELT001736.2	970	38	0.32622	9.492727851867677	1	0.0131742	noncoding
NONCELT001737.2	1016	38	0.32157	9.492727851867677	1	0.0131302	noncoding
NONCELT001746.2	225	27	0.38090999999999997	11.999967765808105	1	0.0137777	noncoding
NONCELT001763.2	1011	337	0.49431	9.311184883117676	1	1	coding
NONCELT001764.2	909	289	0.48593000000000003	9.392608451843262	1	0.999993	coding
NONCELT001767.2	398	20	0.42698	9.187405586242676	1	0.00866898	noncoding
NONCELT001768.2	586	20	0.37545	9.187405586242676	1	0.00617468	noncoding
NONCELT001769.2	348	62	0.30580999999999997	9.694256019592284	-1	0.169806	noncoding
NONCELT001770.2	398	21	0.29806	10.288976860046386	1	0.0106765	noncoding
NONCELT001773.2	401	109	0.3977	8.518481636047362	1	0.399223	noncoding
NONCELT001775.2	918	166	0.46848000000000006	8.791440773010255	1	0.986025	coding
NONCELT001779.2	1036	95	0.38483	9.002768135070802	1	0.206459	noncoding
NONCELT001781.2	984	328	0.4625	8.962797737121583	1	0.999999	coding
NONCELT001785.2	1011	337	0.34259999999999996	9.559065818786618	1	0.999614	coding
NONCELT001793.2	460	69	0.4564600000000001	7.932528495788575	1	0.129933	noncoding
NONCELT001796.2	472	51	0.33931999999999995	11.580343055725102	1	0.0288542	noncoding
NONCELT001809.2	255	10	0.40261	11.999967765808105	1	0.00800346	noncoding
NONCELT001820.2	218	21	0.3841	9.991971015930176	1	0.00894172	noncoding
NONCELT001831.2	254	53	0.43495	6.709240531921386	1	0.0415318	noncoding
NONCELT001833.2	212	6	0.30066	8.500108146667483	-1	0.129324	noncoding
NONCELT001840.2	211	37	0.36979	11.616316413879396	1	0.0202027	noncoding
NONCELT001843.2	1382	36	0.31852	7.836019325256348	1	0.00809287	noncoding
NONCELT001845.2	309	27	0.37859	9.303964424133298	1	0.00909957	noncoding
NONCELT001858.2	215	26	0.34604999999999997	8.254096794128419	1	0.00563344	noncoding
NONCELT001859.2	402	52	0.47721	8.515645027160645	-1	0.0419573	noncoding
NONCELT001871.2	299	50	0.43669	10.160878181457516	1	0.0634028	noncoding
NONCELT001875.2	387	50	0.37602	9.778580665588379	1	0.0293634	noncoding
NONCELT001876.2	313	40	0.40586999999999995	9.185600471496581	1	0.0204082	noncoding
NONCELT001881.2	818	159	0.37987000000000004	9.276114082336427	1	0.841505	coding
NONCELT001882.2	207	27	0.40748000000000006	5.970219993591309	1	0.00771776	noncoding
NONCELT001885.2	204	39	0.29405000000000003	10.08996295928955	-1	0.186914	noncoding
NONCELT001886.2	210	19	0.37950999999999996	9.485765266418458	1	0.00667544	noncoding
NONCELT001892.2	314	55	0.27266	5.42581615447998	1	0.0446375	noncoding
NONCELT001901.2	288	64	0.43623	8.655992698669433	-1	0.0550998	noncoding
NONCELT001907.2	1275	69	0.35383	9.21860828399658	1	0.0496605	noncoding
NONCELT001909.2	224	24	0.39317	8.93984699249268	1	0.00752974	noncoding
NONCELT001914.2	220	11	0.39677999999999997	11.999967765808105	1	0.00810671	noncoding
NONCELT001921.2	357	31	0.29593	10.379877281188964	1	0.0147559	noncoding
NONCELT001922.2	496	31	0.32765	10.379877281188964	1	0.0134213	noncoding
NONCELT001924.2	210	12	0.4126	8.344223594665529	1	0.0036532	noncoding
NONCELT001925.2	218	27	0.43439	4.535092353820801	-1	0.0156479	noncoding
NONCELT001940.2	201	67	0.33509	9.18250598907471	1	0.039067	noncoding
NONCELT001972.2	361	26	0.35912	4.207074546813964	-1	0.0124465	noncoding
NONCELT001990.2	349	28	0.36948000000000003	11.122166252136228	1	0.0146536	noncoding
NONCELT001991.2	207	31	0.35241	4.054973411560058	-1	0.0133627	noncoding
NONCELT001995.2	695	56	0.42757999999999996	8.596875190734863	1	0.0521753	noncoding
NONCELT001996.2	263	0	0.27740000000000004	0.0	-1	1.12412e-06	noncoding
NONCELT002011.2	276	82	0.45417	8.93198184967041	-1	0.0750242	noncoding
NONCELT002012.2	202	53	0.38821	11.389258766174319	1	0.0422941	noncoding
NONCELT002026.2	246	44	0.37932	8.8825345993042	1	0.0183709	noncoding
NONCELT002027.2	203	41	0.38968	10.191500663757324	1	0.0240995	noncoding
NONCELT002030.2	225	43	0.32799999999999996	10.15610752105713	1	0.0190261	noncoding
NONCELT002033.2	204	55	0.35608	8.768232154846192	1	0.0253981	noncoding
NONCELT002035.2	283	7	0.45814	5.752981376647949	1	0.00273482	noncoding
NONCELT002048.2	218	29	0.37467000000000006	6.038881492614746	-1	0.0197858	noncoding
NONCELT002052.2	236	21	0.37749999999999995	9.782061958312983	1	0.00809147	noncoding
NONCELT002061.2	1216	54	0.32813000000000003	10.299936485290523	1	0.0285105	noncoding
NONCELT002085.2	219	26	0.43949	4.540321540832521	1	0.0171448	noncoding
NONCELT002089.2	218	25	0.46921999999999997	4.369065666198731	1	0.0161688	noncoding
NONCELT002095.2	221	14	0.34079000000000004	10.10569324493408	1	0.00657518	noncoding
NONCELT002099.2	211	30	0.3748	7.754339027404785	1	0.00684926	noncoding
NONCELT002101.2	208	63	0.34363	11.549527168273926	-1	0.180513	noncoding
NONCELT002102.2	207	57	0.30646	11.829706764221193	-1	0.159657	noncoding
NONCELT002108.2	229	0	0.44957	0.0	-1	0.0491745	noncoding
NONCELT002114.2	219	26	0.36789	11.999967765808105	1	0.0129307	noncoding
NONCELT002127.2	351	57	0.37720000000000004	9.851172065734861	1	0.0408717	noncoding
NONCELT002129.2	231	34	0.35048	4.749773216247559	1	0.0127439	noncoding
NONCELT002133.2	1587	49	0.30679	10.187568092346194	1	0.0227861	noncoding
NONCELT002146.2	282	26	0.39606	11.839377021789552	1	0.0148237	noncoding
NONCELT002147.2	282	33	0.40554	9.993905067443851	1	0.0181689	noncoding
NONCELT002149.2	221	49	0.40783	9.101340293884277	-1	0.0651851	noncoding
NONCELT002160.2	221	37	0.38567	6.678092765808106	-1	0.024539	noncoding
NONCELT002161.2	221	40	0.4166	8.802013587951663	-1	0.049169	noncoding
NONCELT002163.2	204	24	0.43664	7.999833488464356	1	0.00796718	noncoding
NONCELT002168.2	205	24	0.42071	7.975528907775878	1	0.00694952	noncoding
NONCELT002169.2	491	42	0.38987000000000005	10.708408164978025	1	0.0275541	noncoding
NONCELT002170.2	288	75	0.36908	9.380488395690918	1	0.0761558	noncoding
NONCELT002171.2	279	30	0.39854	5.605256843566894	1	0.00978364	noncoding
NONCELT002172.2	283	19	0.38347999999999993	5.583146476745605	1	0.00442399	noncoding
NONCELT002175.2	223	53	0.42477000000000004	5.760484123229981	-1	0.022293	noncoding
NONCELT002176.2	217	50	0.42331	4.830939292907714	-1	0.0213411	noncoding
NONCELT002178.2	213	22	0.41237999999999997	4.895906257629394	1	0.00903311	noncoding
NONCELT002181.2	215	36	0.47148999999999996	4.501102638244629	1	0.0306104	noncoding
NONCELT002187.2	256	21	0.4092	8.343063163757325	1	0.00590878	noncoding
NONCELT002208.2	245	29	0.41735	5.544950675964355	1	0.0108869	noncoding
NONCELT002209.2	371	19	0.31612	8.885822486877444	1	0.00527148	noncoding
NONCELT002216.2	274	41	0.38637000000000005	10.9248929977417	1	0.0262492	noncoding
NONCELT002223.2	3224	77	0.28994000000000003	10.582630348205566	1	0.0508651	noncoding
NONCELT002224.2	3961	77	0.31612	10.582630348205566	1	0.0567199	noncoding
NONCELT002226.2	441	70	0.48108	10.146566200256348	1	0.328241	noncoding
NONCELT002228.2	397	26	0.34433	7.84620532989502	1	0.00511827	noncoding
NONCELT002230.2	951	97	0.35403	6.709183692932128	1	0.188431	noncoding
NONCELT002233.2	989	197	0.33054	9.226860237121581	1	0.877816	coding
NONCELT002234.2	221	15	0.39483	11.263674354553224	1	0.00978521	noncoding
NONCELT002255.2	210	32	0.35626	10.736709785461429	-1	0.161265	noncoding
NONCELT002257.2	509	37	0.35014	8.490051078796387	1	0.0101085	noncoding
NONCELT002258.2	216	36	0.39099999999999996	10.666697120666505	1	0.0214252	noncoding
NONCELT002259.2	204	18	0.38859	9.782061958312983	1	0.00738826	noncoding
NONCELT002260.2	206	12	0.42924	4.0500284194946286	1	0.00897453	noncoding
NONCELT002261.2	291	20	0.31277	11.698964881896973	1	0.0133446	noncoding
NONCELT002265.2	279	28	0.41917999999999994	11.522901725769042	1	0.0206231	noncoding
NONCELT002272.2	239	18	0.41079	4.3690088272094725	-1	0.0114874	noncoding
NONCELT002277.2	213	41	0.44539	11.654159355163575	1	0.0533688	noncoding
NONCELT002308.2	207	36	0.35131	11.71785411834717	1	0.018421	noncoding
NONCELT002310.2	203	13	0.45534	11.999967765808105	-1	0.140354	noncoding
NONCELT002312.2	203	54	0.39477999999999996	9.843049049377441	-1	0.102039	noncoding
NONCELT002313.2	204	15	0.39964000000000005	7.934333610534669	1	0.00356387	noncoding
NONCELT002314.2	212	28	0.36402	9.697157096862792	1	0.0102133	noncoding
NONCELT002316.2	207	1	0.44898	5.275022315979004	-1	0.00961566	noncoding
NONCELT002317.2	1582	331	0.37538000000000005	4.961043739318847	1	0.999999	coding
NONCELT002318.2	209	29	0.4208700000000001	9.862518501281738	1	0.0166824	noncoding
NONCELT002319.2	2959	83	0.33722	9.547719383239745	1	0.0764775	noncoding
NONCELT002320.2	5053	83	0.28001	9.547719383239745	1	0.0531354	noncoding
NONCELT002323.2	3317	104	0.28458000000000006	9.356506156921387	1	0.0957237	noncoding
NONCELT002324.2	3659	104	0.30508	9.356506156921387	1	0.112591	noncoding
NONCELT002327.2	220	37	0.40213	8.488955116271974	1	0.0139816	noncoding
NONCELT002330.2	399	31	0.43534	8.34403018951416	1	0.0130637	noncoding
NONCELT002332.2	206	47	0.38131000000000004	9.694900703430175	1	0.026303	noncoding
NONCELT002333.2	206	28	0.3335	10.016275596618652	1	0.0107811	noncoding
NONCELT002335.2	215	0	0.44047000000000003	0.0	-1	0.032627	noncoding
NONCELT002351.2	386	78	0.45870999999999995	9.934207344055174	1	0.303992	noncoding
NONCELT002360.2	287	86	0.39343	11.262062644958494	-1	0.178017	noncoding
NONCELT002365.2	202	21	0.39649	9.779160881042479	-1	0.079529	noncoding
NONCELT002381.2	1549	438	0.47767	6.056558418273925	1	1	coding
NONCELT002385.2	802	255	0.34408	8.457623481750488	1	0.99546	coding
NONCELT002387.2	209	47	0.44093	10.4639440536499	-1	0.106913	noncoding
NONCELT002400.2	284	25	0.38048000000000004	11.999967765808105	1	0.0128246	noncoding
NONCELT002408.2	3208	88	0.31228	9.195141792297363	1	0.0711894	noncoding
NONCELT002409.2	3744	77	0.31228	11.35895862579346	1	0.0542725	noncoding
NONCELT002410.2	375	125	0.37555000000000005	8.905614280700682	1	0.5	coding
NONCELT002411.2	957	319	0.38545	9.610382652282716	1	0.99991	coding
NONCELT002412.2	214	6	0.3799	5.275022315979004	-1	0.0108409	noncoding
NONCELT002417.2	304	4	0.4218700000000001	5.275022315979004	1	1.77997e-05	noncoding
NONCELT002419.2	208	23	0.30970000000000003	9.77290744781494	1	0.00874334	noncoding
NONCELT002420.2	281	43	0.35909	10.012343025207517	1	0.0205546	noncoding
NONCELT002422.2	793	148	0.41563000000000005	8.75482273101807	1	0.887126	coding
NONCELT002423.2	786	148	0.43905	8.75482273101807	1	0.92981	coding
NONCELT002424.2	617	78	0.35492	8.93281993865967	1	0.0709347	noncoding
NONCELT002425.2	1527	58	0.31	7.802044486999512	1	0.0207713	noncoding
NONCELT002426.2	1581	123	0.31696	9.001801109313966	1	0.234072	noncoding
NONCELT002428.2	343	18	0.3024	9.778967475891111	1	0.00775125	noncoding
NONCELT002432.2	223	52	0.42774	5.595821571350096	-1	0.0219146	noncoding
NONCELT002436.2	336	35	0.29072000000000003	4.295857048034668	1	0.0238756	noncoding
NONCELT002438.2	561	35	0.41172	6.496776390075683	1	0.0117354	noncoding
NONCELT002445.2	351	41	0.35436999999999996	10.182410621643069	1	0.0193131	noncoding
NONCELT002446.2	214	28	0.35538000000000003	11.012763404846194	1	0.0140333	noncoding
NONCELT002452.2	373	33	0.38201999999999997	9.03506679534912	1	0.0113806	noncoding
NONCELT002453.2	258	14	0.39772	11.700254249572755	1	0.0095475	noncoding
NONCELT002457.2	284	24	0.39729	10.410435295104978	1	0.0125193	noncoding
NONCELT002460.2	379	61	0.43507	4.657011985778809	-1	0.0287299	noncoding
NONCELT002465.2	202	21	0.41129	10.54859104156494	1	0.0125826	noncoding
NONCELT002469.2	288	28	0.38149999999999995	9.693288993835449	1	0.0110176	noncoding
NONCELT002474.2	222	52	0.34463	10.323080635070799	1	0.0287348	noncoding
NONCELT002486.2	336	29	0.33778	10.051926612854004	1	0.0113228	noncoding
NONCELT002491.2	269	26	0.35298	4.512470436096191	1	0.00895881	noncoding
NONCELT002499.2	1971	97	0.30603	10.789315986633301	1	0.0903181	noncoding
NONCELT002509.2	912	197	0.39918000000000003	8.911738777160647	1	0.985396	coding
NONCELT002510.2	1176	125	0.36635999999999996	9.399377632141114	1	0.438146	noncoding
NONCELT002517.2	278	19	0.40022	5.587750434875488	1	0.00496542	noncoding
NONCELT002520.2	216	38	0.2857	7.761955451965333	1	0.0101375	noncoding
NONCELT002525.2	1315	217	0.33652000000000004	9.476288414001466	1	0.942547	coding
NONCELT002526.2	1013	104	0.44651	6.716629600524903	1	0.557235	coding
NONCELT002530.2	1272	290	0.42608	6.902322578430176	1	0.99999	coding
NONCELT002534.2	1172	136	0.32759	7.484126472473145	1	0.470735	noncoding
NONCELT002535.2	651	217	0.42717	9.577697181701659	1	0.997269	coding
NONCELT002536.2	987	329	0.44488999999999995	9.096698570251466	1	0.999998	coding
NONCELT002543.2	281	34	0.33446	9.522705650329591	1	0.011518	noncoding
NONCELT002547.2	214	20	0.46122	7.821707344055176	1	0.0072345	noncoding
NONCELT002548.2	212	0	0.36842	0.0	-1	3.99323e-06	noncoding
NONCELT002553.2	1423	263	0.36801000000000006	9.722364234924317	1	0.997109	coding
NONCELT002558.2	1214	173	0.41884	6.153412055969238	1	0.989086	coding
NONCELT002562.2	3916	1025	0.37509000000000003	5.642372703552247	1	1	coding
NONCELT002569.2	425	69	0.29074	10.641747856140139	1	0.0421744	noncoding
NONCELT002577.2	258	32	0.43821999999999994	5.969424247741699	1	0.0129987	noncoding
NONCELT002578.2	218	29	0.46305999999999997	9.846079063415527	1	0.0295454	noncoding
NONCELT002579.2	278	44	0.35499	9.031134223937986	1	0.0162866	noncoding
NONCELT002587.2	206	4	0.42390000000000005	9.500077247619632	1	0.00406849	noncoding
NONCELT002594.2	882	77	0.33643	10.039419746398927	1	0.0638581	noncoding
NONCELT002597.2	479	36	0.30837	9.300160789489745	1	0.011636	noncoding
NONCELT002598.2	210	41	0.47095999999999993	4.629388236999512	1	0.0399198	noncoding
NONCELT002623.2	211	48	0.40115999999999996	10.402634620666504	-1	0.11926	noncoding
NONCELT002626.2	224	45	0.35158	10.057277488708493	1	0.021663	noncoding
NONCELT002630.2	540	85	0.34488	6.098562431335448	-1	0.0538043	noncoding
NONCELT002634.2	402	13	0.36034	11.999967765808105	1	0.00852555	noncoding
NONCELT002635.2	352	34	0.25093000000000004	7.977269554138184	-1	0.181064	noncoding
NONCELT002636.2	1791	62	0.28635	6.695656013488769	1	0.0295891	noncoding
NONCELT002641.2	218	22	0.37432999999999994	9.624630165100097	1	0.00791337	noncoding
NONCELT002644.2	213	20	0.30175	8.496175575256348	1	0.00519354	noncoding
NONCELT002651.2	212	32	0.30539	5.813855934143067	1	0.00823411	noncoding
NONCELT002653.2	213	19	0.41948	8.522543144226074	-1	0.0335382	noncoding
NONCELT002657.2	254	17	0.45548	6.501948738098144	1	0.00477195	noncoding
NONCELT002667.2	207	23	0.33841999999999994	10.666697120666505	1	0.0109654	noncoding
NONCELT002674.2	209	29	0.38849	11.88192615509033	1	0.0157532	noncoding
NONCELT002675.2	203	34	0.33340000000000003	7.915573310852051	-1	0.0751005	noncoding
NONCELT002678.2	223	26	0.45570000000000005	9.10056667327881	1	0.0162068	noncoding
NONCELT002688.2	659	45	0.34347	7.978816795349122	1	0.0129918	noncoding
NONCELT002689.2	507	44	0.38607	11.999967765808105	-1	0.176442	noncoding
NONCELT002691.2	225	25	0.42579999999999996	11.82919101715088	1	0.0188332	noncoding
NONCELT002699.2	294	43	0.30490000000000006	8.19020862579346	1	0.0116771	noncoding
NONCELT002703.2	225	2	0.48002000000000006	5.275022315979004	1	1.12224e-05	noncoding
NONCELT002709.2	256	20	0.30298	9.187856864929199	1	0.00653419	noncoding
NONCELT002713.2	1102	66	0.40839000000000003	11.068786430358884	1	0.0922702	noncoding
NONCELT002715.2	210	33	0.27388	9.50961856842041	1	0.0138071	noncoding
NONCELT002717.2	204	20	0.39359	11.999967765808105	1	0.011237	noncoding
NONCELT002719.2	206	46	0.38873	8.802013587951663	1	0.0214856	noncoding
NONCELT002726.2	288	20	0.35536999999999996	9.992486763000489	1	0.00791914	noncoding
NONCELT002730.2	225	39	0.32855	7.812617301940918	1	0.00922751	noncoding
NONCELT002737.2	260	22	0.44142000000000003	6.688835334777832	-1	0.0153361	noncoding
NONCELT002742.2	398	72	0.42025	9.517354774475098	1	0.126488	noncoding
NONCELT002752.2	241	43	0.37464	10.834185981750487	1	0.0260064	noncoding
NONCELT002753.2	305	53	0.30077	11.273602485656738	-1	0.175792	noncoding
NONCELT002762.2	364	54	0.42887999999999993	10.931404304504394	1	0.0748902	noncoding
NONCELT002781.2	312	103	0.41314	6.894819831848145	1	0.427715	noncoding
NONCELT002782.2	205	15	0.38267	11.999967765808105	-1	0.173745	noncoding
NONCELT002785.2	219	24	0.34113	6.501948738098144	1	0.00422844	noncoding
NONCELT002790.2	287	66	0.35235	11.253810691833493	-1	0.179024	noncoding
NONCELT002791.2	271	45	0.34356	11.999967765808105	-1	0.180664	noncoding
NONCELT002801.2	203	19	0.44612	11.999967765808105	-1	0.14738	noncoding
NONCELT002804.2	212	17	0.39931999999999995	7.999833488464356	1	0.00404484	noncoding
NONCELT002806.2	226	34	0.41964	7.915831184387207	-1	0.0298276	noncoding
NONCELT002810.2	1007	173	0.42443	6.597210884094238	1	0.987366	coding
NONCELT002816.2	426	60	0.45526999999999995	8.268473243713384	1	0.0836998	noncoding
NONCELT002823.2	243	15	0.37737	8.497787284851075	1	0.00380296	noncoding
NONCELT002830.2	368	14	0.3809199999999999	4.853333854675292	1	0.00426242	noncoding
NONCELT002831.2	415	14	0.35888	4.853333854675292	1	0.00375324	noncoding
NONCELT002833.2	243	50	0.43614	9.62669315338135	1	0.0550559	noncoding
NONCELT002847.2	252	21	0.44143999999999994	5.538641548156736	1	0.00733948	noncoding
NONCELT002848.2	528	75	0.39004999999999995	6.339559745788574	1	0.104085	noncoding
NONCELT002863.2	1739	97	0.36243000000000003	9.258965492248535	1	0.170055	noncoding
NONCELT002864.2	2950	104	0.29895000000000005	10.225088691711427	1	0.104704	noncoding
NONCELT002875.2	235	62	0.42114	6.50541591644287	1	0.0657146	noncoding
NONCELT002879.2	213	44	0.40451000000000004	9.300612068176267	-1	0.0701466	noncoding
NONCELT002886.2	1019	285	0.35072000000000003	9.206359291076659	1	0.998409	coding
NONCELT002907.2	242	80	0.41703000000000007	9.594974708557128	-1	0.101187	noncoding
NONCELT002908.2	219	51	0.34846	8.980010795593262	1	0.021116	noncoding
NONCELT002910.2	616	46	0.43008	5.194140434265136	1	0.0419646	noncoding
NONCELT002919.2	302	49	0.33922	11.642555046081544	-1	0.184052	noncoding
NONCELT002928.2	449	62	0.40469	11.044159507751463	1	0.0748538	noncoding
NONCELT002944.2	996	99	0.36829	10.334749412536617	1	0.195929	noncoding
NONCELT002950.2	208	0	0.36124999999999996	0.0	-1	2.43944e-06	noncoding
NONCELT002956.2	244	52	0.36893	8.252936363220215	1	0.02221	noncoding
NONCELT002957.2	201	30	0.399	10.834443855285645	-1	0.129504	noncoding
NONCELT002959.2	440	56	0.29584	6.533608055114747	1	0.0224489	noncoding
NONCELT002967.2	207	0	0.43083	0.0	-1	0.0205371	noncoding
NONCELT002968.2	207	8	0.40748	8.500108146667483	1	0.00299251	noncoding
NONCELT002973.2	207	8	0.40748	8.500108146667483	1	0.00299251	noncoding
NONCELT002974.2	207	0	0.43083	0.0	-1	0.0205371	noncoding
NONCELT002980.2	207	0	0.43083	0.0	-1	0.0205371	noncoding
NONCELT002981.2	207	8	0.40748	8.500108146667483	1	0.00299251	noncoding
NONCELT002998.2	202	0	0.42831	0.0	-1	0.0181385	noncoding
NONCELT003002.2	202	0	0.42831	0.0	-1	0.0181385	noncoding
NONCELT003016.2	519	69	0.47314	9.751439476013182	1	0.252566	noncoding
NONCELT003018.2	606	73	0.40428000000000003	10.606677055358887	1	0.117707	noncoding
NONCELT003033.2	327	58	0.41583000000000003	9.697672843933105	1	0.0634764	noncoding
NONCELT003039.2	927	103	0.34086	10.274342536926266	1	0.159151	noncoding
NONCELT003040.2	339	60	0.35736999999999997	11.473905754089355	1	0.0420576	noncoding
NONCELT003041.2	791	55	0.33746	10.187568092346194	1	0.0301513	noncoding
NONCELT003042.2	1571	93	0.31782	10.137153816223144	1	0.0912035	noncoding
NONCELT003047.2	1180	116	0.35329	9.207971000671385	1	0.293106	noncoding
NONCELT003060.2	284	71	0.41272	7.666352272033691	1	0.089474	noncoding
NONCELT003065.2	1311	74	0.29058	9.443860816955567	1	0.041412	noncoding
NONCELT003081.2	315	105	0.38400999999999996	9.331685829162598	1	0.297556	noncoding
NONCELT003095.2	1211	112	0.37441	6.405606651306152	1	0.451567	noncoding
NONCELT003099.2	1207	61	0.32103	10.28098278045654	1	0.0347398	noncoding
NONCELT003103.2	278	15	0.36025	7.933753395080567	-1	0.0452704	noncoding
NONCELT003104.2	523	28	0.36744999999999994	6.788701438903809	1	0.00556272	noncoding
NONCELT003120.2	2137	67	0.32845	10.11259136199951	1	0.0429803	noncoding
NONCELT003121.2	2428	67	0.29667	10.11259136199951	1	0.0375947	noncoding
NONCELT003122.2	282	56	0.41445000000000004	10.885502815246582	1	0.0663129	noncoding
NONCELT003136.2	744	245	0.43256	9.086899375915529	1	0.999592	coding
NONCELT003137.2	278	0	0.33924	0.0	-1	7.81412e-07	noncoding
NONCELT003149.2	412	43	0.3107	5.208691215515136	1	0.017425	noncoding
NONCELT003150.2	3180	176	0.30676000000000003	8.878795433044434	1	0.653269	coding
NONCELT003151.2	922	111	0.40992	8.617118263244631	1	0.479924	noncoding
NONCELT003152.2	539	52	0.33712	7.714210700988769	1	0.0171405	noncoding
NONCELT003153.2	539	52	0.33712	7.714210700988769	1	0.0171405	noncoding
NONCELT003157.2	350	7	0.37053	8.500108146667483	1	1.88969e-05	noncoding
NONCELT003158.2	342	0	0.38344999999999996	0.0	-1	1.32102e-05	noncoding
NONCELT003175.2	302	25	0.22328	9.628304862976073	1	0.033888	noncoding
NONCELT003176.2	363	43	0.26551	11.51767978668213	1	0.0332777	noncoding
NONCELT003180.2	931	90	0.37454	9.135895347595216	1	0.149221	noncoding
NONCELT003183.2	978	116	0.43463	5.332941246032715	1	0.819816	coding
NONCELT003192.2	205	40	0.39328	11.999967765808105	-1	0.173748	noncoding
NONCELT003193.2	205	0	0.41779000000000005	0.0	-1	0.0107274	noncoding
NONCELT003194.2	256	23	0.37496	10.171064186096192	1	0.00996631	noncoding
NONCELT003207.2	216	17	0.46495999999999993	5.27274875640869	1	0.00610522	noncoding
NONCELT003215.2	607	23	0.30891	5.464580345153809	1	0.00564041	noncoding
NONCELT003224.2	2728	40	0.23537	8.61163845062256	1	0.0257416	noncoding
NONCELT003225.2	1059	119	0.32878	9.746024131774899	1	0.22819	noncoding
NONCELT003226.2	1833	119	0.28767000000000004	9.746024131774899	1	0.142615	noncoding
NONCELT003228.2	520	57	0.35049	9.339357566833495	1	0.029831	noncoding
NONCELT003229.2	1073	57	0.26458000000000004	9.339357566833495	1	0.0272985	noncoding
NONCELT003231.2	217	0	0.40108	0.0	-1	0.00469372	noncoding
NONCELT003268.2	210	27	0.38167999999999996	11.999967765808105	-1	0.175637	noncoding
NONCELT003269.2	210	0	0.39265	0.0	-1	0.00315224	noncoding
NONCELT003282.2	291	15	0.37529000000000007	10.00041637420654	1	0.00664726	noncoding
NONCELT003302.2	1749	30	0.38747000000000004	7.74615421295166	1	0.00737018	noncoding
NONCELT003316.2	720	220	0.40049000000000007	8.996321296691896	1	0.995632	coding
NONCELT003317.2	700	149	0.43191	9.547074699401854	1	0.917683	coding
NONCELT003341.2	416	35	0.49059	9.99261569976807	1	0.0722944	noncoding
NONCELT003346.2	216	27	0.39265	11.999967765808105	1	0.0145235	noncoding
NONCELT003347.2	219	73	0.38167999999999996	11.999967765808105	-1	0.180441	noncoding
NONCELT003352.2	715	62	0.36779	5.635552024841308	1	0.0505058	noncoding
NONCELT003367.2	348	55	0.41429000000000005	10.160878181457516	-1	0.106961	noncoding
NONCELT003368.2	893	55	0.31232000000000004	10.160878181457516	-1	0.176672	noncoding
NONCELT003370.2	2003	84	0.31512000000000007	10.093186378479004	1	0.0676794	noncoding
NONCELT003379.2	225	0	0.34208	0.0	-1	8.74596e-07	noncoding
NONCELT003396.2	714	48	0.2979	9.51703243255615	1	0.0188154	noncoding
NONCELT003397.2	1130	49	0.26872	10.407856559753416	1	0.0279757	noncoding
NONCELT003398.2	459	61	0.34933000000000003	9.098697090148928	1	0.0334482	noncoding
NONCELT003399.2	798	52	0.33487	10.533698844909669	1	0.0284198	noncoding
NONCELT003421.2	501	37	0.40859	10.133608055114745	1	0.0234981	noncoding
NONCELT003428.2	204	59	0.42951999999999996	8.572764015197755	-1	0.0511149	noncoding
NONCELT003435.2	811	143	0.34485	9.675173377990724	1	0.508807	coding
NONCELT003445.2	866	28	0.30151	7.916604804992676	1	0.00620938	noncoding
NONCELT003446.2	2783	73	0.25942000000000004	4.9019880294799805	1	0.174685	noncoding
NONCELT003448.2	290	7	0.38118	4.29813060760498	1	0.00365194	noncoding
NONCELT003449.2	1623	57	0.32979	4.233277320861816	1	0.0596098	noncoding
NONCELT003450.2	2183	82	0.3151	8.796985054016115	1	0.0575316	noncoding
NONCELT003451.2	2198	59	0.32467999999999997	10.44814929962158	1	0.0338878	noncoding
NONCELT003482.2	671	184	0.40871999999999997	9.000447273254395	-1	0.194614	noncoding
NONCELT003484.2	512	78	0.32662	9.720945930480958	1	0.0590804	noncoding
NONCELT003506.2	217	61	0.46316999999999997	9.182119178771973	1	0.126264	noncoding
NONCELT003510.2	293	54	0.4752	11.000063133239745	-1	0.139709	noncoding
NONCELT003534.2	207	65	0.43164	9.740479850769042	-1	0.0917052	noncoding
NONCELT003538.2	202	23	0.44441	8.211160850524902	-1	0.0264573	noncoding
NONCELT003539.2	222	26	0.34576	9.700380516052245	-1	0.126012	noncoding
NONCELT003543.2	215	22	0.43190000000000006	8.887176322937016	1	0.00906028	noncoding
NONCELT003550.2	225	36	0.41969	4.0500284194946286	1	0.0421464	noncoding
NONCELT003556.2	220	2	0.41305	5.275022315979004	1	1.23803e-05	noncoding
NONCELT003558.2	362	17	0.42096	9.500077247619632	1	0.00789134	noncoding
NONCELT003559.2	287	54	0.44869000000000003	6.960468864440918	1	0.0477917	noncoding
NONCELT003577.2	226	43	0.38732	8.536017036437986	1	0.0171566	noncoding
NONCELT003579.2	226	43	0.38732	8.536017036437986	1	0.0171566	noncoding
NONCELT003595.2	299	39	0.35758	9.183859825134277	-1	0.0965579	noncoding
NONCELT003604.2	345	21	0.29957	10.564772605895993	1	0.0116649	noncoding
NONCELT003606.2	299	39	0.29405000000000003	7.977849769592285	-1	0.129219	noncoding
NONCELT003618.2	203	9	0.42314	5.587523078918457	1	0.00301431	noncoding
NONCELT003631.2	1263	52	0.32225000000000004	9.219897651672362	1	0.0206022	noncoding
NONCELT003635.2	224	0	0.42796	0.0	-1	0.017827	noncoding
NONCELT003671.2	577	54	0.39915	9.51174602508545	1	0.041444	noncoding
NONCELT003674.2	219	44	0.42402	10.255066490173338	-1	0.0995003	noncoding
NONCELT003707.2	520	66	0.39004	7.998866462707519	1	0.053941	noncoding
NONCELT003708.2	281	88	0.3526	11.815007972717286	-1	0.173059	noncoding
NONCELT003710.2	1045	252	0.41429000000000005	9.287589454650881	1	0.999416	coding
NONCELT003717.2	207	36	0.23872000000000002	10.45356464385986	1	0.0357807	noncoding
NONCELT003728.2	239	31	0.34581999999999996	9.492792320251464	-1	0.118509	noncoding
NONCELT003732.2	273	53	0.39902000000000004	10.87325382232666	1	0.04837	noncoding
NONCELT003734.2	205	23	0.36792	11.698964881896973	-1	0.179162	noncoding
NONCELT003735.2	205	19	0.25816000000000006	9.524639701843263	1	0.0120891	noncoding
NONCELT003767.2	212	26	0.39431	5.915086174011231	-1	0.0158282	noncoding
NONCELT003800.2	2675	62	0.31604	9.761883354187013	1	0.0322081	noncoding
NONCELT003801.2	3837	70	0.28686000000000006	9.813651466369631	1	0.0386187	noncoding
NONCELT003814.2	412	15	0.26458000000000004	5.2226167678832995	1	0.010485	noncoding
NONCELT003815.2	1588	67	0.3005	6.87128849029541	1	0.0331916	noncoding
NONCELT003817.2	957	140	0.38868	7.710459327697754	1	0.775325	coding
NONCELT003818.2	1320	85	0.35744	8.640326881408694	1	0.0962881	noncoding
NONCELT003842.2	1111	209	0.37844999999999995	9.873284721374514	1	0.976364	coding
NONCELT003864.2	355	68	0.37302	11.457466316223147	1	0.0626141	noncoding
NONCELT003890.2	232	24	0.38644	8.537886619567871	-1	0.0475489	noncoding
NONCELT003898.2	264	8	0.40986999999999996	5.752981376647949	1	1.86642e-05	noncoding
NONCELT003901.2	290	36	0.38021	9.777226829528807	1	0.0161769	noncoding
NONCELT003904.2	220	57	0.43144999999999994	9.988102912902832	-1	0.0956826	noncoding
NONCELT003905.2	209	13	0.36799	9.500077247619632	1	0.00493488	noncoding
NONCELT003908.2	214	33	0.38376	11.291653633117676	1	0.0190242	noncoding
NONCELT003910.2	217	32	0.39672	9.947294425964355	-1	0.0922175	noncoding
NONCELT003941.2	225	9	0.30077000000000004	7.9536741256713865	1	0.00291921	noncoding
NONCELT003943.2	212	36	0.44964000000000004	8.802980613708495	-1	0.0409359	noncoding
NONCELT003945.2	208	26	0.41076	4.434203147888184	1	0.0153376	noncoding
NONCELT003948.2	2117	57	0.28726	8.906645774841309	1	0.0225447	noncoding
NONCELT003965.2	2767	456	0.40864999999999996	4.151429176330566	1	1	coding
NONCELT003983.2	229	13	0.27843	8.500108146667483	1	0.00514845	noncoding
NONCELT004015.2	331	45	0.38214	11.999967765808105	-1	0.177445	noncoding
NONCELT004016.2	275	2	0.45524999999999993	5.275022315979004	1	1.57414e-05	noncoding
NONCELT004019.2	435	70	0.44571	6.225427055358887	1	0.134253	noncoding
NONCELT004030.2	856	114	0.42084	8.315599632263183	1	0.57251	coding
NONCELT004033.2	225	15	0.44403000000000004	5.750594139099121	1	0.00462321	noncoding
NONCELT004041.2	219	35	0.36334	11.531927299499515	1	0.0185917	noncoding
NONCELT004045.2	225	9	0.36043000000000003	11.000256538391113	1	0.00704021	noncoding
NONCELT004050.2	421	64	0.44462999999999997	9.299193763732909	1	0.116091	noncoding
NONCELT004051.2	363	39	0.42396	11.295650672912597	1	0.0358357	noncoding
NONCELT004056.2	218	10	0.39227	4.273746681213379	1	0.00496378	noncoding
NONCELT004059.2	406	63	0.45001	4.930123329162597	1	0.148629	noncoding
NONCELT004071.2	225	29	0.34543	5.193856239318847	1	0.00766606	noncoding
NONCELT004084.2	207	8	0.39953999999999995	10.301354789733885	1	0.00588408	noncoding
NONCELT004087.2	347	34	0.34623	9.032294654846194	1	0.0101227	noncoding
NONCELT004088.2	222	12	0.36555	4.0500284194946286	1	0.00517271	noncoding
NONCELT004089.2	252	6	0.37144000000000005	9.500077247619632	1	0.00360262	noncoding
NONCELT004095.2	368	54	0.43703	6.511156654357909	1	0.0461628	noncoding
NONCELT004097.2	201	30	0.36418	7.977914237976074	-1	0.0495395	noncoding
NONCELT004103.2	297	34	0.39647	10.948295021057131	1	0.0212724	noncoding
NONCELT004108.2	216	34	0.44538000000000005	9.777226829528807	1	0.0286052	noncoding
NONCELT004111.2	261	30	0.39769000000000004	8.27537136077881	-1	0.0395405	noncoding
NONCELT004112.2	886	116	0.46866	9.133574485778809	1	0.795929	coding
NONCELT004114.2	639	144	0.40915	10.948875236511231	1	0.777786	coding
NONCELT004123.2	300	44	0.39805	9.489568901062015	-1	0.0800769	noncoding
NONCELT004138.2	209	10	0.43081	4.746192359924316	1	0.00495267	noncoding
NONCELT004141.2	495	55	0.42118	11.46604061126709	1	0.0671869	noncoding
NONCELT004145.2	302	12	0.42829	4.52963581085205	1	0.00639497	noncoding
NONCELT004146.2	1144	58	0.33117	9.033068275451662	1	0.025979	noncoding
NONCELT004147.2	3548	68	0.30152	6.887317085266114	1	0.0345196	noncoding
NONCELT004148.2	4408	68	0.25564000000000003	6.887317085266114	1	0.0499476	noncoding
NONCELT004150.2	372	33	0.36046999999999996	10.21090564727783	-1	0.135289	noncoding
NONCELT004151.2	223	30	0.35403	6.694121360778809	1	0.00590893	noncoding
NONCELT004161.2	306	49	0.42631	10.082033348083492	1	0.051127	noncoding
NONCELT004163.2	1613	67	0.36432	11.319439506530763	1	0.0573008	noncoding
NONCELT004164.2	358	15	0.40842999999999996	8.51931972503662	1	0.0044556	noncoding
NONCELT004185.2	211	0	0.36393	0.0	-1	2.91404e-06	noncoding
NONCELT004198.2	454	41	0.37044	5.383357429504395	1	0.0166292	noncoding
NONCELT004200.2	2492	138	0.27174000000000004	9.46984157562256	1	0.200598	noncoding
NONCELT004208.2	223	20	0.39844999999999997	11.698964881896973	1	0.0121594	noncoding
NONCELT004213.2	225	24	0.35039	9.984299278259279	-1	0.132906	noncoding
NONCELT004218.2	245	37	0.3698	9.968955802917481	-1	0.117075	noncoding
NONCELT004229.2	268	0	0.41505000000000003	0.0	-1	0.00935149	noncoding
NONCELT004245.2	1034	60	0.33921	11.999967765808105	1	0.0338788	noncoding
NONCELT004259.2	222	17	0.30201	7.821836280822755	1	0.00388047	noncoding
NONCELT004262.2	407	45	0.42664	5.335271644592285	1	0.0358812	noncoding
NONCELT004268.2	727	58	0.33019	7.653108787536622	1	0.0219284	noncoding
NONCELT004279.2	440	27	0.32737999999999995	4.251295280456543	1	0.0106188	noncoding
NONCELT004280.2	1556	112	0.34103	9.919637489318848	1	0.214563	noncoding
NONCELT004281.2	514	105	0.34808	9.694384956359862	1	0.18927	noncoding
NONCELT004293.2	226	48	0.44747	8.63768367767334	1	0.0430046	noncoding
NONCELT004295.2	503	70	0.34956999999999994	10.187568092346194	1	0.0564436	noncoding
NONCELT004296.2	859	142	0.29928	9.293907356262206	1	0.301611	noncoding
NONCELT004307.2	2541	92	0.37384000000000006	10.520547294616701	1	0.163781	noncoding
NONCELT004312.2	267	16	0.41694	11.263738822937015	1	0.0119207	noncoding
NONCELT004313.2	454	103	0.40822	10.02684841156006	1	0.370821	noncoding
NONCELT004315.2	241	51	0.40267000000000003	11.999967765808105	-1	0.175401	noncoding
NONCELT004316.2	1174	331	0.41864000000000007	8.619116783142093	1	0.999996	coding
NONCELT004331.2	223	42	0.43012	9.349672508239745	-1	0.0616607	noncoding
NONCELT004332.2	223	8	0.40317	11.999967765808105	-1	0.159065	noncoding
NONCELT004335.2	751	117	0.40899	9.124291038513185	1	0.554101	coding
NONCELT004348.2	278	31	0.42642	11.000256538391113	1	0.0255625	noncoding
NONCELT004354.2	214	25	0.38678	4.522417259216309	-1	0.0122254	noncoding
NONCELT004363.2	822	42	0.27799	9.782061958312983	1	0.018463	noncoding
NONCELT004370.2	260	36	0.34292	5.968969535827637	1	0.00886667	noncoding
NONCELT004379.2	219	56	0.42619	9.444634437561035	1	0.0622595	noncoding
NONCELT004380.2	291	32	0.2675	11.999967765808105	1	0.0292814	noncoding
NONCELT004384.2	447	55	0.39541	9.297517585754395	1	0.039934	noncoding
NONCELT004401.2	1429	67	0.31228	9.332975196838383	1	0.0349528	noncoding
NONCELT004402.2	1641	67	0.29895000000000005	9.332975196838383	1	0.0333937	noncoding
NONCELT004426.2	207	0	0.41145999999999994	0.0	-1	0.00781634	noncoding
NONCELT004427.2	204	35	0.42862000000000006	10.295810508728025	1	0.0279647	noncoding
NONCELT004435.2	484	15	0.34992999999999996	6.6921888351440435	1	0.00259603	noncoding
NONCELT004436.2	542	15	0.30586	6.6921888351440435	1	0.00311108	noncoding
NONCELT004438.2	300	65	0.41054	9.339873313903809	-1	0.0821498	noncoding
NONCELT004453.2	223	12	0.38273	11.000256538391113	1	0.00799255	noncoding
NONCELT004466.2	988	99	0.39940000000000003	9.69799518585205	1	0.293368	noncoding
NONCELT004467.2	1987	99	0.28686000000000006	9.69799518585205	1	0.0844219	noncoding
NONCELT004492.2	266	8	0.39449	4.85339069366455	1	0.00320503	noncoding
NONCELT004520.2	225	21	0.33677	4.136935234069824	1	0.00778612	noncoding
NONCELT004522.2	300	20	0.41052	5.95822696685791	1	0.00507846	noncoding
NONCELT004531.2	209	31	0.35248999999999997	10.65541515350342	1	0.0146143	noncoding
NONCELT004552.2	218	45	0.37670000000000003	4.921426963806151	-1	0.018445	noncoding
NONCELT004553.2	231	58	0.40255	5.9676622390747065	1	0.0503288	noncoding
NONCELT004554.2	233	55	0.38409	6.686618614196779	-1	0.0312296	noncoding
NONCELT004555.2	356	15	0.30252	4.677076148986816	1	0.00552454	noncoding
NONCELT004558.2	256	58	0.42030999999999996	6.045645332336425	1	0.0579813	noncoding
NONCELT004559.2	579	59	0.34833000000000003	10.317858695983883	1	0.0378897	noncoding
NONCELT004590.2	294	76	0.37166	11.222930335998534	1	0.085034	noncoding
NONCELT004621.2	587	76	0.38217999999999996	4.616485786437988	-1	0.0285679	noncoding
NONCELT004622.2	221	20	0.36189	8.19020862579346	1	0.00426732	noncoding
NONCELT004641.2	202	39	0.31596	6.807344627380371	1	0.00904788	noncoding
NONCELT004649.2	296	39	0.39489	6.707535362243653	1	0.0126937	noncoding
NONCELT004655.2	268	28	0.42716	8.841468238830569	1	0.0118856	noncoding
NONCELT004659.2	222	45	0.45465000000000005	9.303577613830566	1	0.0498836	noncoding
NONCELT004660.2	370	22	0.36282000000000003	7.97617359161377	1	0.00448219	noncoding
NONCELT004661.2	222	32	0.41657	10.266412925720214	1	0.0207868	noncoding
NONCELT004663.2	525	22	0.35991	6.697531700134278	1	0.00387746	noncoding
NONCELT004670.2	428	35	0.4306	9.431160545349119	1	0.0220616	noncoding
NONCELT004683.2	203	4	0.37956	5.275022315979004	1	1.07221e-05	noncoding
NONCELT004687.2	1843	66	0.29368	9.09850368499756	1	0.0309663	noncoding
NONCELT004688.2	2160	66	0.29368	9.09850368499756	1	0.0309663	noncoding
NONCELT004689.2	852	284	0.46647000000000005	9.198558616638184	1	0.999985	coding
NONCELT004690.2	315	34	0.34246	11.999967765808105	1	0.0165575	noncoding
NONCELT004691.2	365	34	0.3208	11.999967765808105	1	0.0175846	noncoding
NONCELT004692.2	338	38	0.38864	8.768554496765137	1	0.0141909	noncoding
NONCELT004693.2	743	203	0.43304	8.533438301086427	1	0.996463	coding
NONCELT004694.2	969	323	0.44597000000000003	9.236723899841309	1	0.999997	coding
NONCELT004695.2	815	33	0.44682000000000005	10.028524589538574	1	0.0302423	noncoding
NONCELT004696.2	978	326	0.43741	9.062401390075681	1	0.999996	coding
NONCELT004697.2	933	244	0.43929999999999997	8.686163902282715	1	0.999706	coding
NONCELT004698.2	399	113	0.44587	9.443280601501463	1	0.681634	coding
NONCELT004699.2	940	209	0.39676	9.696576881408692	1	0.988223	coding
NONCELT004700.2	789	249	0.43403	9.482606315612792	1	0.999627	coding
NONCELT004701.2	621	66	0.39049	8.518546104431152	1	0.0568745	noncoding
NONCELT004704.2	207	20	0.37006	7.957090950012207	-1	0.041785	noncoding
NONCELT004710.2	225	48	0.4376400000000001	9.033648490905762	1	0.0426982	noncoding
NONCELT004724.2	230	0	0.35981	0.0	-1	2.2245e-06	noncoding
NONCELT004735.2	1242	90	0.41093999999999997	10.413400840759277	1	0.249077	noncoding
NONCELT004745.2	266	16	0.3447699999999999	9.281787300109862	1	0.00510172	noncoding
NONCELT004746.2	241	59	0.41933999999999994	10.021433067321777	1	0.0740658	noncoding
NONCELT004747.2	219	26	0.41424999999999995	6.203998756408691	-1	0.0155795	noncoding
NONCELT004748.2	215	35	0.36136	11.417689323425293	1	0.0185916	noncoding
NONCELT004753.2	1749	90	0.29519	10.30309543609619	1	0.0708192	noncoding
NONCELT004754.2	1792	90	0.35164	10.30309543609619	1	0.118014	noncoding
NONCELT004757.2	1030	53	0.36539	10.407856559753416	1	0.0343903	noncoding
NONCELT004758.2	860	181	0.34443999999999997	9.436898231506348	1	0.838797	coding
NONCELT004760.2	235	28	0.35775999999999997	4.369065666198731	1	0.0112203	noncoding
NONCELT004763.2	496	48	0.41466000000000003	11.999967765808105	1	0.0400334	noncoding
NONCELT004764.2	541	48	0.36450000000000005	11.999967765808105	1	0.0261859	noncoding
NONCELT004766.2	286	18	0.39299	11.999967765808105	1	0.0104004	noncoding
NONCELT004767.2	380	20	0.35382	5.874218940734862	1	0.0037769	noncoding
NONCELT004768.2	333	59	0.28871	10.946747779846191	1	0.0346028	noncoding
NONCELT004769.2	654	60	0.35580999999999996	5.736952781677247	1	0.0390044	noncoding
NONCELT004785.2	221	13	0.36726000000000003	4.0500284194946286	1	0.00558106	noncoding
NONCELT004788.2	225	0	0.49195	0.0	-1	0.17586	noncoding
NONCELT004793.2	208	21	0.40458000000000005	6.184730339050293	1	0.00493227	noncoding
NONCELT004808.2	215	19	0.38577	4.0500284194946286	1	0.00971189	noncoding
NONCELT004812.2	265	66	0.37976	10.111237525939938	1	0.0638493	noncoding
NONCELT004813.2	265	20	0.38151	11.711923027038573	1	0.0112884	noncoding
NONCELT004819.2	326	51	0.40354	8.769843864440919	1	0.0317145	noncoding
NONCELT004820.2	227	28	0.42762999999999995	5.897863960266113	1	0.00965801	noncoding
NONCELT004872.2	298	23	0.37638000000000005	4.649338722229005	1	0.00808386	noncoding
NONCELT005054.2	900	194	0.40508	8.920957756042483	1	0.985577	coding
NONCELT005060.2	370	24	0.3389	5.222559928894042	1	0.00563837	noncoding
NONCELT005073.2	459	153	0.42807	8.976271629333496	1	0.930695	coding
NONCELT005101.2	225	26	0.39055	9.626499748229982	1	0.0103361	noncoding
NONCELT005309.2	902	53	0.26683999999999997	4.861007118225097	1	0.0664924	noncoding
NONCELT005315.2	333	57	0.44496	6.133688926696778	1	0.0631229	noncoding
NONCELT005406.2	234	46	0.45878	4.236858177185058	-1	0.0294905	noncoding
NONCELT005545.2	291	49	0.42533	6.695826530456543	1	0.0301517	noncoding
NONCELT005546.2	809	37	0.37583	6.6983842849731445	1	0.0097881	noncoding
NONCELT005557.2	225	21	0.41104999999999997	5.052213478088378	1	0.00770881	noncoding
NONCELT005558.2	219	0	0.41201000000000004	0.0	-1	0.00803357	noncoding
NONCELT005702.2	259	17	0.37561	6.495071220397949	1	0.0031293	noncoding
NONCELT005739.2	201	32	0.3185	9.681813621520995	1	0.0112479	noncoding
NONCELT005780.2	223	16	0.30833	7.999833488464356	1	0.00369614	noncoding
NONCELT005820.2	222	23	0.37025	10.318052101135251	-1	0.126547	noncoding
NONCELT005945.2	973	304	0.34365	8.598809242248539	1	0.999437	coding
NONCELT005965.2	669	223	0.4392600000000001	9.169676780700684	1	0.998842	coding
NONCELT005971.2	223	19	0.42736	10.72878017425537	1	0.0140541	noncoding
NONCELT005972.2	224	0	0.42074	0.0	-1	0.0124369	noncoding
NONCELT006067.2	920	61	0.37622999999999995	8.860357475280761	1	0.0404496	noncoding
NONCELT006271.2	222	2	0.40963	5.275022315979004	1	1.18848e-05	noncoding
NONCELT006300.2	285	31	0.32593	10.916125297546387	1	0.0153027	noncoding
NONCELT006326.2	462	133	0.40262	9.6788480758667	1	0.70443	coding
NONCELT006332.2	654	218	0.30313	9.425036048889162	1	0.85388	coding
NONCELT006342.2	933	224	0.40426999999999996	9.981398200988771	1	0.994946	coding
NONCELT006492.2	209	25	0.39682	4.427837181091309	1	0.0126269	noncoding
NONCELT006530.2	236	31	0.41314	11.999967765808105	1	0.0199733	noncoding
NONCELT006531.2	236	69	0.44079	11.999967765808105	-1	0.190472	noncoding
NONCELT006541.2	300	34	0.33863	7.789666557312011	1	0.00738442	noncoding
NONCELT006562.2	281	36	0.42946999999999996	5.6752824783325195	1	0.0176768	noncoding
NONCELT006597.2	219	30	0.38703	9.496724891662598	1	0.0117354	noncoding
NONCELT006736.2	221	60	0.34781	10.02620372772217	1	0.0375356	noncoding
NONCELT006863.2	253	34	0.37956	6.0056875228881825	1	0.00951221	noncoding
NONCELT006903.2	218	26	0.37455	11.698964881896973	1	0.0137859	noncoding
NONCELT006993.2	3017	65	0.27384000000000003	5.842900657653809	1	0.0535145	noncoding
NONCELT007004.2	205	2	0.32658	5.275022315979004	1	8.42021e-06	noncoding
NONCELT007243.2	327	9	0.36476	5.587750434875488	1	1.44405e-05	noncoding
NONCELT007270.2	238	8	0.3952	11.000256538391113	1	0.00703847	noncoding
NONCELT007294.2	212	44	0.42058999999999996	4.0500284194946286	1	0.0712533	noncoding
NONCELT007313.2	222	35	0.3517	8.610284614562989	1	0.00955204	noncoding
NONCELT007314.2	227	13	0.38430999999999993	4.369065666198731	1	0.00531321	noncoding
NONCELT007374.2	224	73	0.46734	7.940973854064941	-1	0.0455676	noncoding
NONCELT007402.2	212	24	0.31941	9.873542594909669	-1	0.164533	noncoding
NONCELT007405.2	351	23	0.39787999999999996	7.976044654846191	1	0.00557469	noncoding
NONCELT007410.2	217	25	0.28819	5.9373670578002935	1	0.00699529	noncoding
NONCELT007411.2	428	47	0.40978000000000003	10.172611427307128	1	0.038491	noncoding
NONCELT007415.2	206	9	0.40809999999999996	6.683890342712403	1	1.54855e-05	noncoding
NONCELT007421.2	216	68	0.3651	9.867547035217285	-1	0.131299	noncoding
NONCELT007443.2	349	24	0.41388	8.18924160003662	-1	0.0311969	noncoding
NONCELT007445.2	269	27	0.37095999999999996	8.180860710144042	1	0.00625748	noncoding
NONCELT007460.2	1100	168	0.39254	8.942425727844238	1	0.92597	coding
NONCELT007462.2	747	249	0.45969000000000004	7.061585426330566	1	0.999931	coding
NONCELT007475.2	363	35	0.42184	9.84936695098877	-1	0.077254	noncoding
NONCELT007479.2	864	288	0.44892	8.408498573303227	1	0.999985	coding
NONCELT007480.2	993	130	0.47600000000000003	5.513177680969237	1	0.918415	coding
NONCELT007481.2	800	109	0.41486000000000006	9.609222221374512	1	0.478457	noncoding
NONCELT007482.2	1051	142	0.30265000000000003	9.78464069366455	1	0.292842	noncoding
NONCELT007484.2	961	186	0.3367	9.39396228790283	1	0.838311	coding
NONCELT007488.2	353	24	0.29554	4.556520652770996	1	0.0106061	noncoding
NONCELT007494.2	201	52	0.38047	11.80643367767334	-1	0.177729	noncoding
NONCELT007495.2	208	20	0.35099	6.519000434875489	-1	0.0285249	noncoding
NONCELT007496.2	210	41	0.41608	6.796715736389159	-1	0.0223152	noncoding
NONCELT007498.2	517	79	0.45627	5.624184226989747	1	0.26615	noncoding
NONCELT007504.2	225	19	0.30283000000000004	9.522834587097169	1	0.00720052	noncoding
NONCELT007505.2	207	14	0.39654	8.27550029754639	-1	0.0340546	noncoding
NONCELT007508.2	203	46	0.45502	9.523350334167482	1	0.057159	noncoding
NONCELT007509.2	213	21	0.37789	6.490637779235839	1	0.00399805	noncoding
NONCELT007519.2	289	17	0.46642000000000006	5.583146476745605	1	0.00546966	noncoding
NONCELT007527.2	212	37	0.43865000000000004	6.038369941711425	-1	0.0177389	noncoding
NONCELT007542.2	276	84	0.33859	10.348481178283691	-1	0.168249	noncoding
NONCELT007543.2	275	62	0.44404	11.336845970153806	-1	0.162689	noncoding
NONCELT007544.2	275	26	0.42533999999999994	11.397961997985842	1	0.0204569	noncoding
NONCELT007546.2	350	99	0.41237	9.560613059997557	1	0.342801	noncoding
NONCELT007547.2	287	44	0.46646999999999994	11.609353828430176	-1	0.156541	noncoding
NONCELT007548.2	221	4	0.37768	8.500108146667483	1	1.42223e-05	noncoding
NONCELT007556.2	219	19	0.36365000000000003	8.254548072814941	1	0.00415079	noncoding
NONCELT007561.2	415	30	0.36749	9.186245155334472	1	0.00957217	noncoding
NONCELT007570.2	594	31	0.31782	9.510585594177247	1	0.0102589	noncoding
NONCELT007571.2	225	20	0.37659	11.722947120666507	1	0.0111467	noncoding
NONCELT007584.2	220	20	0.37104	11.711342811584473	-1	0.177234	noncoding
NONCELT007590.2	356	70	0.33599	10.099375343322752	1	0.0501212	noncoding
NONCELT007591.2	209	19	0.43445	6.495639610290527	1	0.00499359	noncoding
NONCELT007598.2	210	31	0.38698999999999995	6.6892900466918945	1	0.0074669	noncoding
NONCELT007600.2	223	26	0.35000000000000003	9.976563072204591	-1	0.13362	noncoding
NONCELT007617.2	213	18	0.36812	9.369593238830568	1	0.00588929	noncoding
NONCELT007628.2	214	21	0.39013	10.140635108947755	1	0.0096704	noncoding
NONCELT007633.2	365	28	0.38736000000000004	7.956962013244628	1	0.00684923	noncoding
NONCELT007637.2	443	74	0.35223000000000004	10.822968482971191	1	0.0681412	noncoding
NONCELT007641.2	210	41	0.43607	7.76252384185791	1	0.0207595	noncoding
NONCELT007649.2	222	68	0.34255	10.903167152404784	-1	0.176757	noncoding
NONCELT007650.2	206	31	0.43245	4.931942176818846	1	0.0183658	noncoding
NONCELT007653.2	219	30	0.39675	7.834794425964357	1	0.00795877	noncoding
NONCELT007663.2	225	14	0.42406999999999995	11.000256538391113	1	0.0113056	noncoding
NONCELT007668.2	284	24	0.29256000000000004	7.957800102233887	1	0.00571085	noncoding
NONCELT007669.2	3284	61	0.35319999999999996	8.657346534729005	1	0.0320099	noncoding
NONCELT007689.2	687	229	0.42019999999999996	9.737320899963379	1	0.998022	coding
NONCELT007692.2	1105	57	0.34596	8.57579402923584	1	0.0250591	noncoding
NONCELT007693.2	3739	57	0.25703	8.57579402923584	1	0.0267581	noncoding
NONCELT007698.2	541	37	0.3053	9.03442211151123	1	0.0112217	noncoding
NONCELT007706.2	1226	28	0.34629	11.999967765808105	1	0.013867	noncoding
NONCELT007720.2	496	52	0.27874	9.21403102874756	1	0.0210931	noncoding
NONCELT007721.2	545	62	0.2813	9.57956676483154	1	0.0299023	noncoding
NONCELT007722.2	263	37	0.46787999999999996	9.182312583923341	1	0.0370229	noncoding
NONCELT007738.2	439	98	0.37807	9.426325416564943	1	0.215465	noncoding
NONCELT007756.2	1006	277	0.33603	9.08490085601807	1	0.996023	coding
NONCELT007758.2	2394	75	0.28994000000000003	7.703638648986817	1	0.0407384	noncoding
NONCELT007759.2	2908	75	0.27874	7.703638648986817	1	0.0416597	noncoding
NONCELT007761.2	250	27	0.35558	5.821131324768066	1	0.00575374	noncoding
NONCELT007763.2	1040	237	0.46410999999999997	8.802400398254395	1	0.999771	coding
NONCELT007769.2	257	14	0.33191	9.992422294616702	1	0.0064276	noncoding
NONCELT007787.2	307	37	0.40465	4.995147132873535	1	0.0212955	noncoding
NONCELT007794.2	298	4	0.40573	9.500077247619632	1	0.00361414	noncoding
NONCELT007795.2	298	33	0.34532	11.097023582458494	1	0.0166514	noncoding
NONCELT007797.2	537	4	0.41753	5.27274875640869	1	1.70044e-05	noncoding
NONCELT007800.2	815	117	0.36202999999999996	9.165937614440917	1	0.337035	noncoding
NONCELT007819.2	220	0	0.41942999999999997	0.0	-1	0.0116466	noncoding
NONCELT007827.2	220	17	0.42184	9.49743404388428	-1	0.0549586	noncoding
NONCELT007830.2	645	147	0.36505	8.982138252258302	1	0.690706	coding
NONCELT007831.2	979	243	0.41899	9.665438652038574	1	0.999034	coding
NONCELT007833.2	956	318	0.45557	8.465875434875489	-1	0.615599	coding
NONCELT007869.2	300	55	0.41082	9.566930961608886	1	0.0502222	noncoding
NONCELT007873.2	727	147	0.37161	9.299451637268067	1	0.709727	coding
NONCELT007874.2	423	27	0.40141000000000004	8.253838920593264	1	0.00760733	noncoding
NONCELT007876.2	227	32	0.40184	11.834864234924318	-1	0.165449	noncoding
NONCELT007877.2	1111	56	0.27667	4.927338218688964	1	0.0584262	noncoding
NONCELT007882.2	835	176	0.39385000000000003	4.834804344177246	1	0.994496	coding
NONCELT007888.2	300	29	0.40119	11.824484825134277	1	0.0173209	noncoding
NONCELT007892.2	221	45	0.32329	8.932497596740724	-1	0.126908	noncoding
NONCELT007894.2	203	47	0.44908	4.1422212600708	-1	0.0284474	noncoding
NONCELT007900.2	220	26	0.37651	4.369065666198731	1	0.0114563	noncoding
NONCELT007902.2	259	44	0.29035000000000005	5.970163154602051	1	0.0161796	noncoding
NONCELT007906.2	286	9	0.35063	5.275022315979004	1	1.63552e-05	noncoding
NONCELT007907.2	205	23	0.41032	11.263738822937015	-1	0.137344	noncoding
NONCELT007909.2	347	27	0.42652999999999996	11.999967765808105	1	0.0198371	noncoding
NONCELT007917.2	211	23	0.40793	9.700380516052245	-1	0.0708972	noncoding
NONCELT007919.2	266	87	0.39629000000000003	10.389869880676269	-1	0.14715	noncoding
NONCELT007924.2	226	40	0.44256	9.132929801940918	-1	0.0517627	noncoding
NONCELT007926.2	224	23	0.31764000000000003	10.288976860046386	1	0.0102368	noncoding
NONCELT007945.2	273	44	0.43670999999999993	8.489728736877442	1	0.0290762	noncoding
NONCELT007958.2	216	26	0.43054000000000003	8.384838676452638	-1	0.0317328	noncoding
NONCELT007959.2	234	50	0.38566999999999996	10.574120521545407	-1	0.137549	noncoding
NONCELT007960.2	222	18	0.41018	8.939653587341311	1	0.00615736	noncoding
NONCELT007963.2	403	61	0.45592000000000005	9.621213340759276	1	0.128718	noncoding
NONCELT007964.2	212	20	0.45952	8.365240287780765	-1	0.0260281	noncoding
NONCELT007967.2	216	11	0.31049	6.501209831237793	-1	0.0524934	noncoding
NONCELT007968.2	236	36	0.43727	9.300612068176267	1	0.024162	noncoding
NONCELT007969.2	208	64	0.36959	8.969502449035648	-1	0.0910216	noncoding
NONCELT007972.2	1142	47	0.25917	10.055988121032716	-1	0.171258	noncoding
NONCELT007977.2	1621	340	0.34083	6.380881690979003	1	0.99999	coding
NONCELT007988.2	215	16	0.41888000000000003	8.500108146667483	1	0.0050349	noncoding
NONCELT007990.2	216	34	0.34400000000000003	7.847623634338379	1	0.00753677	noncoding
NONCELT007998.2	279	58	0.41198999999999997	5.768953132629394	1	0.0593106	noncoding
NONCELT008000.2	262	0	0.41584	0.0	-1	0.00972877	noncoding
NONCELT008002.2	305	51	0.45067999999999997	10.728715705871583	1	0.0929063	noncoding
NONCELT008007.2	1638	546	0.4345800000000001	8.218703651428225	1	1	coding
NONCELT008026.2	548	82	0.33818	10.44814929962158	1	0.0784153	noncoding
NONCELT008036.2	1790	172	0.45223	5.918837547302245	1	0.993552	coding
NONCELT008038.2	672	65	0.31507000000000007	10.368079566955565	1	0.0388462	noncoding
NONCELT008039.2	494	94	0.3049	6.798705101013183	1	0.107822	noncoding
NONCELT008048.2	259	20	0.41339	5.585192680358887	-1	0.0127647	noncoding
NONCELT008055.2	224	23	0.32286000000000004	8.345384025573733	1	0.00509755	noncoding
NONCELT008074.2	267	78	0.43246	8.642970085144043	-1	0.0647283	noncoding
NONCELT008075.2	1162	83	0.35516	9.505621528625486	-1	0.132159	noncoding
NONCELT008085.2	218	21	0.33606	8.885822486877444	1	0.00546023	noncoding
NONCELT008120.2	256	45	0.39768000000000003	10.388322639465333	-1	0.11876	noncoding
NONCELT008123.2	210	28	0.46023	9.688776206970214	1	0.0249987	noncoding
NONCELT008124.2	209	36	0.44016	6.521330833435059	1	0.0152256	noncoding
NONCELT008126.2	1029	28	0.30993000000000004	9.862518501281738	1	0.0106447	noncoding
NONCELT008127.2	222	58	0.44499	10.50668659210205	1	0.112686	noncoding
NONCELT008131.2	403	50	0.41875	11.999967765808105	-1	0.173454	noncoding
NONCELT008132.2	319	31	0.33537	9.00831241607666	1	0.00866744	noncoding
NONCELT008138.2	435	144	0.46604999999999996	6.495753288269043	1	0.952157	coding
NONCELT008141.2	289	32	0.39241	11.999967765808105	1	0.0174632	noncoding
NONCELT008142.2	272	36	0.37591	10.75011920928955	1	0.0196559	noncoding
NONCELT008143.2	631	169	0.45961	9.31898555755615	1	0.98563	coding
NONCELT008145.2	219	0	0.41639	0.0	-1	0.0100006	noncoding
NONCELT008148.2	225	10	0.39004000000000005	4.0500284194946286	1	0.00560433	noncoding
NONCELT008149.2	338	31	0.33454	8.19085330963135	1	0.00690001	noncoding
NONCELT008152.2	354	70	0.39705	9.149111366271974	1	0.0811864	noncoding
NONCELT008155.2	217	49	0.39591	8.0001558303833	1	0.02314	noncoding
NONCELT008178.2	211	48	0.40257	6.525480079650879	1	0.0238436	noncoding
NONCELT008186.2	352	23	0.41267	6.039677238464355	1	0.00610904	noncoding
NONCELT008187.2	352	66	0.40815	11.692195701599118	1	0.0820486	noncoding
NONCELT008188.2	213	24	0.40077	9.697028160095215	1	0.0102892	noncoding
NONCELT008194.2	225	10	0.42172	5.275022315979004	1	0.00360956	noncoding
NONCELT008196.2	944	38	0.36169000000000007	9.101533699035645	1	0.0131125	noncoding
NONCELT008198.2	225	52	0.40674	8.885629081726076	1	0.0354206	noncoding
NONCELT008199.2	224	48	0.43376000000000003	10.388322639465333	-1	0.105758	noncoding
NONCELT008200.2	218	39	0.42757	9.187212181091308	-1	0.0557361	noncoding
NONCELT008203.2	1078	247	0.36248	5.571778678894042	1	0.999686	coding
NONCELT008204.2	944	113	0.37194	7.926790809631349	1	0.353299	noncoding
NONCELT008209.2	384	27	0.46109000000000006	10.282916831970212	1	0.0305166	noncoding
NONCELT008211.2	217	13	0.45357000000000003	5.222389411926269	1	0.00492945	noncoding
NONCELT008221.2	245	31	0.37857999999999997	5.87637882232666	-1	0.0186913	noncoding
NONCELT008225.2	1318	77	0.31310000000000004	9.784898567199704	1	0.0521718	noncoding
NONCELT008242.2	225	9	0.47755	8.345384025573733	1	0.00522862	noncoding
NONCELT008244.2	283	55	0.37038	9.831057929992674	-1	0.119228	noncoding
NONCELT008245.2	202	56	0.43923	11.999967765808105	1	0.0818936	noncoding
NONCELT008246.2	280	77	0.33445	8.634137916564942	-1	0.117317	noncoding
NONCELT008247.2	414	89	0.41563	8.926050758361818	1	0.236031	noncoding
NONCELT008258.2	1139	150	0.44188000000000005	9.745959663391112	1	0.936978	coding
NONCELT008259.2	297	19	0.38098	7.811585807800293	-1	0.0336818	noncoding
NONCELT008263.2	224	20	0.40273	6.697076988220215	1	0.00429297	noncoding
NONCELT008271.2	213	11	0.37700999999999996	4.0500284194946286	1	0.005305	noncoding
NONCELT008280.2	213	11	0.37700999999999996	4.0500284194946286	1	0.005305	noncoding
NONCELT008288.2	367	27	0.31022	9.261608695983885	1	0.0083063	noncoding
NONCELT008295.2	574	67	0.33951	7.940458106994629	1	0.0353289	noncoding
NONCELT008297.2	792	260	0.37989000000000006	9.382035636901854	1	0.998419	coding
NONCELT008299.2	551	183	0.34983000000000003	8.32939586639404	-1	0.171591	noncoding
NONCELT008312.2	219	53	0.4642	4.966727638244628	1	0.0768261	noncoding
NONCELT008313.2	619	103	0.48813000000000006	6.089297676086424	1	0.581388	coding
NONCELT008319.2	222	14	0.43310999999999994	5.27274875640869	1	0.00498634	noncoding
NONCELT008320.2	212	24	0.47724000000000005	11.999967765808105	1	0.047158	noncoding
NONCELT008345.2	385	103	0.30983	9.837375831604003	1	0.11373	noncoding
NONCELT008346.2	709	157	0.2873	9.32053279876709	1	0.357897	noncoding
NONCELT008356.2	321	29	0.42988000000000004	9.224861717224119	1	0.0147677	noncoding
NONCELT008357.2	360	26	0.36069	9.303642082214353	1	0.00809524	noncoding
NONCELT008365.2	285	22	0.43051	6.514794349670409	1	0.00590416	noncoding
NONCELT008376.2	897	47	0.3062	10.101373863220214	1	0.0210143	noncoding
NONCELT008382.2	1444	248	0.41228	7.5911542892456065	1	0.999697	coding
NONCELT008383.2	367	51	0.41165999999999997	10.959576988220213	1	0.0516193	noncoding
NONCELT008385.2	336	112	0.44451	9.637846183776855	1	0.663439	coding
NONCELT008386.2	220	27	0.42087	11.999967765808105	1	0.018488	noncoding
NONCELT008389.2	225	36	0.41271	8.032132148742676	1	0.0131238	noncoding
NONCELT008390.2	983	237	0.46914	9.153172874450682	1	0.999785	coding
NONCELT008398.2	635	103	0.44026	10.104017066955567	1	0.535828	coding
NONCELT008405.2	225	21	0.40561	9.78522090911865	1	0.00948313	noncoding
NONCELT008417.2	473	12	0.29434	5.750594139099121	1	0.00360578	noncoding
NONCELT008445.2	683	165	0.37340999999999996	8.666887855529787	1	0.875887	coding
NONCELT008473.2	479	100	0.42756000000000005	9.813071250915527	1	0.426365	noncoding
NONCELT008488.2	1464	83	0.33240000000000003	9.77651767730713	1	0.0743392	noncoding
NONCELT008503.2	252	84	0.38554999999999995	8.851267433166505	1	0.129963	noncoding
NONCELT008504.2	399	96	0.41115999999999997	6.532641792297363	1	0.344338	noncoding
NONCELT008544.2	277	17	0.3708	10.90323162078857	1	0.00934666	noncoding
NONCELT008551.2	416	40	0.4686	4.862939643859862	1	0.0337361	noncoding
NONCELT008583.2	462	33	0.40628	8.342676353454593	1	0.0112368	noncoding
NONCELT008793.2	407	53	0.32386000000000004	11.705282783508299	1	0.0292535	noncoding
NONCELT008795.2	832	58	0.33946	7.739731407165528	1	0.0230574	noncoding
NONCELT009032.2	247	29	0.39529000000000003	8.841081428527833	1	0.00957151	noncoding
NONCELT009285.2	227	30	0.44308000000000003	6.691790962219239	1	0.0104088	noncoding
NONCELT009459.2	448	12	0.36119	11.999967765808105	1	0.00824022	noncoding
NONCELT009460.2	298	58	0.36288000000000004	11.999967765808105	1	0.0356297	noncoding
NONCELT009669.2	810	269	0.41279	9.330654335021975	1	0.99974	coding
NONCELT009684.2	1005	335	0.41762999999999995	9.783286857604978	1	0.99999	coding
NONCELT009704.2	461	26	0.3853	4.529692649841309	1	0.0113218	noncoding
NONCELT009994.2	609	65	0.33612000000000003	9.341356086730958	1	0.0373159	noncoding
NONCELT010722.2	696	161	0.44173999999999997	9.253421211242674	1	0.964946	coding
NONCELT010730.2	1214	233	0.35431999999999997	9.551458549499511	1	0.983588	coding
NONCELT010736.2	251	14	0.38511999999999996	10.301354789733885	1	0.0072738	noncoding
NONCELT010745.2	363	73	0.41929	11.962253761291507	1	0.114309	noncoding
NONCELT010868.2	747	62	0.39232	10.73645191192627	1	0.064921	noncoding
NONCELT010872.2	894	96	0.42995	4.813546562194825	1	0.616976	coding
NONCELT011282.2	503	58	0.37860000000000005	11.000063133239745	1	0.0482219	noncoding
NONCELT011479.2	246	16	0.42655	7.999446678161622	1	0.00457595	noncoding
NONCELT011482.2	211	0	0.39094999999999996	0.0	-1	0.002916	noncoding
NONCELT011487.2	271	69	0.44688	11.999967765808105	1	0.159804	noncoding
NONCELT011545.2	594	198	0.38911999999999997	9.66369800567627	1	0.974774	coding
NONCELT011856.2	756	252	0.44673	8.659280586242676	1	0.999853	coding
NONCELT011871.2	1601	102	0.38027	8.975691413879396	1	0.255141	noncoding
NONCELT011881.2	1565	90	0.29896999999999996	9.695674324035647	1	0.0706242	noncoding
NONCELT011886.2	2347	139	0.36106000000000005	9.318921089172363	1	0.570615	coding
NONCELT011896.2	377	55	0.31431000000000003	4.352355003356934	1	0.0507182	noncoding
NONCELT011899.2	2307	35	0.34003	8.884790992736818	1	0.00996285	noncoding
NONCELT011903.2	2948	121	0.32437000000000005	8.200652503967284	1	0.261885	noncoding
NONCELT011954.2	419	0	0.37615	0.0	-1	7.20198e-06	noncoding
NONCELT012016.2	270	90	0.41426	10.212646293640137	1	0.260569	noncoding
NONCELT012135.2	409	69	0.35183	9.566286277770995	1	0.0513004	noncoding
NONCELT012140.2	371	90	0.42663	4.984859275817871	1	0.481394	noncoding
NONCELT012163.2	225	33	0.27316	9.693869209289552	1	0.0147776	noncoding
NONCELT012215.2	750	250	0.41214	8.961379432678225	1	0.999412	coding
NONCELT012487.2	341	27	0.37061	6.483703422546387	1	0.00545862	noncoding
NONCELT012843.2	699	111	0.4429	8.820258140563965	1	0.628402	coding
NONCELT013269.2	415	27	0.38094	6.490637779235839	1	0.00578544	noncoding
NONCELT013431.2	829	105	0.36344	11.584597969055178	1	0.175844	noncoding
NONCELT013433.2	633	116	0.47087999999999997	7.874249076843262	1	0.763529	coding
NONCELT013607.2	235	55	0.44440999999999997	5.398647117614746	-1	0.0245664	noncoding
NONCELT013647.2	235	55	0.43660000000000004	5.398647117614746	-1	0.0238067	noncoding
NONCELT013649.2	349	55	0.44472999999999996	6.702817726135254	-1	0.0257382	noncoding
NONCELT013654.2	235	55	0.43660000000000004	5.398647117614746	-1	0.0238067	noncoding
NONCELT013655.2	235	55	0.44440999999999997	5.398647117614746	-1	0.0245664	noncoding
NONCELT013798.2	487	20	0.43228	4.649395561218263	1	0.0103865	noncoding
NONCELT014020.2	789	83	0.34538	6.146307182312011	1	0.10481	noncoding
NONCELT014077.2	966	112	0.2932	5.337033653259277	1	0.377209	noncoding
NONCELT014084.2	966	112	0.2932	5.337033653259277	1	0.377209	noncoding
NONCELT014234.2	892	102	0.36894	10.264736747741697	1	0.218957	noncoding
NONCELT014275.2	230	32	0.43634999999999996	9.398926353454591	-1	0.0558084	noncoding
NONCELT014588.2	357	7	0.28358	8.500108146667483	1	0.00390901	noncoding
NONCELT014940.2	225	46	0.452	10.93997859954834	1	0.0772658	noncoding
NONCELT015170.2	444	148	0.4416899999999999	6.260496711730957	1	0.959115	coding
NONCELT015489.2	882	30	0.27740000000000004	9.822096824645993	1	0.013669	noncoding
NONCELT015591.2	561	58	0.4374	5.051986122131347	1	0.0999551	noncoding
NONCELT015592.2	672	58	0.33896000000000004	5.051986122131347	1	0.0417966	noncoding
NONCELT015594.2	405	45	0.34282	11.82919101715088	1	0.0234723	noncoding
NONCELT015723.2	1120	248	0.37909	7.076534080505371	1	0.999368	coding
NONCELT015806.2	483	36	0.39766999999999997	11.311767768859863	1	0.023635	noncoding
NONCELT015819.2	801	267	0.46169000000000004	9.67130527496338	1	0.999943	coding
NONCELT015820.2	886	260	0.43466000000000005	9.903713798522947	1	0.999747	coding
NONCELT015821.2	284	48	0.41509	10.187439155578613	-1	0.102791	noncoding
NONCELT015822.2	305	46	0.37267	8.80272274017334	1	0.0189122	noncoding
NONCELT015826.2	783	108	0.46064999999999995	10.664698600769043	1	0.713036	coding
NONCELT015827.2	2620	141	0.30744000000000005	10.053860664367676	1	0.292554	noncoding
NONCELT015829.2	438	146	0.42126	9.543013191223146	1	0.87964	coding
NONCELT015835.2	849	162	0.39417	9.890884590148925	1	0.883942	coding
NONCELT015843.2	429	98	0.43279999999999996	9.948906135559081	1	0.428743	noncoding
NONCELT015845.2	633	60	0.32388	8.932368659973147	1	0.0266329	noncoding
NONCELT015851.2	284	16	0.38039	5.2226167678832995	-1	0.0124118	noncoding
NONCELT016086.2	310	33	0.39702	9.782061958312983	1	0.0158931	noncoding
NONCELT016107.2	206	26	0.44483	4.556577491760254	-1	0.0165226	noncoding
NONCELT016121.2	297	34	0.43540999999999996	10.288847923278805	1	0.0291182	noncoding
NONCELT016158.2	224	48	0.45152000000000003	7.654188728332521	-1	0.0292694	noncoding
NONCELT016269.2	867	90	0.41248	9.516258811950681	1	0.246581	noncoding
NONCELT016483.2	232	44	0.48081999999999997	9.298549079895018	-1	0.0550257	noncoding
NONCELT016639.2	384	128	0.47736999999999996	8.975820350646973	1	0.90075	coding
NONCELT016874.2	423	141	0.46136	4.959452247619628	1	0.971739	coding
NONCELT016875.2	291	81	0.42844	4.0500284194946286	-1	0.0442011	noncoding
NONCELT016983.2	1132	70	0.26407	9.725781059265138	1	0.040299	noncoding
NONCELT016987.2	477	97	0.46936999999999995	6.036948966979979	1	0.510998	coding
NONCELT017165.2	504	52	0.41559	7.898940467834473	1	0.0327515	noncoding
NONCELT017352.2	933	86	0.29807000000000006	9.86026210784912	-1	0.169955	noncoding
NONCELT017481.2	248	60	0.40797000000000005	8.044445610046388	-1	0.0454876	noncoding
NONCELT017652.2	656	34	0.34514	4.177234077453612	1	0.0168916	noncoding
NONCELT017654.2	314	18	0.39271999999999996	5.114906883239747	1	0.00532772	noncoding
NONCELT017721.2	1527	499	0.49192	7.500268745422363	1	1	coding
NONCELT017723.2	511	50	0.44932999999999995	9.51703243255615	1	0.064587	noncoding
NONCELT017738.2	959	119	0.30763	9.722364234924317	1	0.17613	noncoding
NONCELT017763.2	696	18	0.39002000000000003	6.49791316986084	1	0.00357509	noncoding
NONCELT017764.2	952	30	0.28457	9.844209480285645	1	0.0129238	noncoding
NONCELT017773.2	351	49	0.39228999999999997	10.45517635345459	1	0.03674	noncoding
NONCELT017774.2	662	220	0.39249	8.626272773742677	-1	0.230451	noncoding
NONCELT017782.2	543	26	0.40658	4.535092353820801	1	0.0138394	noncoding
NONCELT017785.2	341	50	0.29554	9.512841987609864	1	0.0200954	noncoding
NONCELT017788.2	1127	250	0.32670000000000005	9.2992582321167	1	0.979339	coding
NONCELT017789.2	1075	309	0.42869	9.394284629821776	1	0.999983	coding
NONCELT017791.2	984	166	0.45013000000000003	9.098052406311037	1	0.97873	coding
NONCELT017792.2	977	162	0.43604000000000004	8.223409843444827	1	0.966626	coding
NONCELT017793.2	915	305	0.45982	8.759851264953614	1	0.999995	coding
NONCELT017796.2	1104	242	0.45876000000000006	5.530684089660644	1	0.999955	coding
NONCELT017797.2	432	93	0.33843	10.59262294769287	1	0.111326	noncoding
NONCELT017799.2	958	200	0.32141	8.774163246154785	1	0.88332	coding
NONCELT017802.2	849	161	0.37819	8.466971397399902	1	0.872927	coding
NONCELT017803.2	994	223	0.42979999999999996	9.133896827697757	1	0.998467	coding
NONCELT017804.2	672	224	0.41094	9.373783683776853	1	0.997029	coding
NONCELT017810.2	1002	152	0.45736	9.153301811218263	1	0.960065	coding
NONCELT017822.2	219	41	0.38848	5.263995552062987	-1	0.017762	noncoding
NONCELT017827.2	2302	82	0.28982	10.47638645172119	1	0.0570153	noncoding
NONCELT017830.2	208	40	0.36686	9.496402549743653	1	0.016499	noncoding
NONCELT017834.2	247	15	0.30639000000000005	4.17729091644287	1	0.00671317	noncoding
NONCELT017849.2	559	174	0.46371	8.733934974670408	1	0.99039	coding
NONCELT017850.2	1029	296	0.48572	8.219735145568851	1	0.999996	coding
NONCELT017885.2	969	142	0.42423000000000005	8.767136192321779	1	0.871976	coding
NONCELT017887.2	470	26	0.42816	5.265302848815917	1	0.010838	noncoding
NONCELT017888.2	576	192	0.41429	4.3144433975219725	1	0.999244	coding
NONCELT017892.2	928	259	0.35341	9.192627525329591	1	0.995642	coding
NONCELT017893.2	276	77	0.32655999999999996	9.921120262145994	1	0.0582243	noncoding
NONCELT017895.2	894	298	0.381	9.134670448303225	1	0.999799	coding
NONCELT017896.2	276	77	0.32655999999999996	9.921120262145994	1	0.0582243	noncoding
NONCELT017916.2	938	237	0.32506999999999997	8.652575874328615	1	0.97614	coding
NONCELT017919.2	995	257	0.37615	8.694351387023925	1	0.998657	coding
NONCELT017920.2	991	201	0.37362999999999996	9.033455085754394	1	0.972598	coding
NONCELT017921.2	1068	356	0.37551999999999996	9.31137828826904	1	0.99998	coding
NONCELT017922.2	1050	256	0.39314999999999994	9.172964668273927	1	0.999012	coding
NONCELT017924.2	996	332	0.45399	9.313763618469238	1	0.999998	coding
NONCELT017926.2	978	274	0.45185000000000003	9.434383964538572	1	0.999951	coding
NONCELT017927.2	1137	343	0.44131	9.441346549987792	1	0.999998	coding
NONCELT017928.2	950	96	0.3743099999999999	6.534744834899903	1	0.235549	noncoding
NONCELT017929.2	1095	365	0.37692	9.437800788879393	1	0.999986	coding
NONCELT017930.2	1056	232	0.40080000000000005	9.467262840270998	1	0.997061	coding
NONCELT017932.2	1032	287	0.3763	9.531924629211428	1	0.999417	coding
NONCELT017933.2	1000	214	0.35305	8.801239967346195	1	0.973816	coding
NONCELT017934.2	732	244	0.42147	9.021721839904785	-1	0.32209	noncoding
NONCELT017935.2	1122	374	0.4378599999999999	9.12609615325928	1	1	coding
NONCELT017936.2	1121	270	0.34665	9.492663383483887	1	0.995429	coding
NONCELT017937.2	947	176	0.35878999999999994	8.084029197692871	1	0.909956	coding
NONCELT017938.2	351	60	0.37375	4.635583686828612	1	0.0779736	noncoding
NONCELT017939.2	392	31	0.37607999999999997	4.645587348937989	1	0.0133989	noncoding
NONCELT017944.2	1058	236	0.43111	9.011213493347167	1	0.999318	coding
NONCELT017945.2	1005	305	0.4622	8.96440944671631	1	0.999995	coding
NONCELT017946.2	958	226	0.43702	6.8936262130737305	1	0.999591	coding
NONCELT017948.2	993	331	0.42253	9.528056526184084	1	0.999992	coding
NONCELT017949.2	922	36	0.36996999999999997	8.885177803039554	1	0.011735	noncoding
NONCELT017952.2	225	72	0.41000000000000003	9.988038444519042	-1	0.11362	noncoding
NONCELT017955.2	1002	208	0.47786	8.44801769256592	1	0.999076	coding
NONCELT017964.2	873	291	0.38477999999999996	8.987553596496582	1	0.999788	coding
NONCELT017967.2	693	93	0.43590999999999996	9.45462703704834	1	0.365056	noncoding
NONCELT017968.2	828	109	0.39159	6.815188407897949	1	0.440628	noncoding
NONCELT017970.2	797	143	0.39665	4.416185188293458	1	0.968886	coding
NONCELT017985.2	1066	175	0.39366	11.54191989898682	1	0.856733	coding
NONCELT017988.2	962	227	0.4343000000000001	9.272697257995606	1	0.998876	coding
NONCELT017991.2	894	74	0.35568999999999995	6.188879585266113	1	0.0717139	noncoding
NONCELT017992.2	6034	74	0.25198000000000004	6.188879585266113	1	0.091904	noncoding
NONCELT017993.2	1023	106	0.40957	10.772489738464355	1	0.396685	noncoding
NONCELT018003.2	948	255	0.43435	9.685810661315916	1	0.999704	coding
NONCELT018013.2	923	260	0.33022	9.386419486999511	1	0.987097	coding
NONCELT018014.2	999	333	0.42839000000000005	8.881438636779787	1	0.999997	coding
NONCELT018028.2	834	278	0.41742999999999997	9.88849925994873	1	0.999803	coding
NONCELT018048.2	615	205	0.4945	6.067073631286621	1	0.999155	coding
NONCELT018052.2	917	187	0.35831	9.322208976745607	1	0.913495	coding
NONCELT018053.2	236	25	0.39593	10.295036888122556	1	0.0125855	noncoding
NONCELT018054.2	964	69	0.30159	8.88395290374756	1	0.0338708	noncoding
NONCELT018057.2	218	11	0.39727999999999997	4.746192359924316	-1	0.00996876	noncoding
NONCELT018060.2	272	33	0.36333	8.254934883117677	-1	0.0581761	noncoding
NONCELT018066.2	1056	242	0.44098	8.274081993103028	1	0.999733	coding
NONCELT018067.2	1038	131	0.36739000000000005	9.32324047088623	1	0.513856	coding
NONCELT018069.2	1098	184	0.38317	7.74746150970459	1	0.970711	coding
NONCELT018086.2	379	60	0.3729	10.79718112945557	1	0.0494585	noncoding
NONCELT018090.2	723	228	0.43401999999999996	8.905549812316895	1	0.999065	coding
NONCELT018101.2	206	45	0.32895	8.430611228942873	-1	0.101771	noncoding
NONCELT018105.2	289	36	0.36884	8.044639015197756	1	0.0095432	noncoding
NONCELT018106.2	731	93	0.36932	10.979884529113772	1	0.152816	noncoding
NONCELT018107.2	1846	51	0.2979	11.271475028991699	1	0.0290143	noncoding
NONCELT018113.2	217	21	0.33517	5.274794960021972	-1	0.0221675	noncoding
NONCELT018123.2	225	17	0.41832	9.992422294616702	1	0.00928984	noncoding
NONCELT018126.2	221	45	0.39075	8.513968849182131	-1	0.0542189	noncoding
NONCELT018135.2	224	63	0.38567	8.627433204650881	1	0.0472223	noncoding
NONCELT018136.2	246	46	0.39499	11.835379981994631	1	0.0315375	noncoding
NONCELT018138.2	223	51	0.41103	9.922603034973143	-1	0.0951498	noncoding
NONCELT018139.2	225	27	0.43279999999999996	11.824484825134277	1	0.022606	noncoding
NONCELT018145.2	433	80	0.3336	6.713276100158691	1	0.0700061	noncoding
NONCELT018147.2	372	36	0.40513	10.151272392272947	1	0.0217586	noncoding
NONCELT018154.2	250	54	0.40093999999999996	9.35360507965088	1	0.0408205	noncoding
NONCELT018155.2	216	15	0.42504	7.975593376159668	-1	0.0234645	noncoding
NONCELT018164.2	380	25	0.42721	4.316091728210449	1	0.017674	noncoding
NONCELT018165.2	212	55	0.32947000000000004	11.012698936462403	1	0.032154	noncoding
NONCELT018166.2	204	61	0.42173	9.840019035339353	-1	0.0950249	noncoding
NONCELT018170.2	228	20	0.391	11.097023582458494	-1	0.141949	noncoding
NONCELT018195.2	215	37	0.41141	8.978850364685059	1	0.0173432	noncoding
NONCELT018201.2	281	37	0.35667	11.7542142868042	1	0.0190688	noncoding
NONCELT018203.2	1542	62	0.35022	9.071555900573731	1	0.0349771	noncoding
NONCELT018206.2	256	7	0.36324	5.274794960021972	-1	0.0127058	noncoding
NONCELT018212.2	278	34	0.29291	10.060178565979005	1	0.0147123	noncoding
NONCELT018213.2	211	26	0.36268	9.997450828552246	-1	0.120662	noncoding
NONCELT018219.2	363	41	0.43159000000000003	11.363020133972167	1	0.0435792	noncoding
NONCELT018220.2	205	47	0.43255	10.697513008117674	-1	0.119785	noncoding
NONCELT018223.2	201	34	0.39108	9.687744712829591	-1	0.0863928	noncoding
NONCELT018224.2	216	37	0.3672	10.956482505798338	1	0.0200606	noncoding
NONCELT018225.2	272	7	0.31977	5.587523078918457	1	1.37047e-05	noncoding
NONCELT018228.2	288	39	0.46682999999999997	8.000736045837403	1	0.0256658	noncoding
NONCELT018229.2	216	11	0.44565	11.000256538391113	1	0.0129098	noncoding
NONCELT018230.2	2525	115	0.25192000000000003	10.445183753967282	1	0.107662	noncoding
NONCELT018232.2	284	54	0.29668	5.4973764419555655	1	0.0295281	noncoding
NONCELT018234.2	368	63	0.34479	9.99035930633545	1	0.0408987	noncoding
NONCELT018238.2	206	7	0.45421	4.0500284194946286	1	0.00654098	noncoding
NONCELT018239.2	211	19	0.43419	11.999967765808105	1	0.015655	noncoding
NONCELT018240.2	331	62	0.32581000000000004	11.059696388244628	1	0.0390725	noncoding
NONCELT018241.2	214	15	0.32905	6.480634117126464	-1	0.0382666	noncoding
NONCELT018242.2	201	29	0.41491	11.539018821716308	1	0.0205061	noncoding
NONCELT018245.2	220	36	0.40956000000000004	11.999967765808105	1	0.0234756	noncoding
NONCELT018246.2	295	37	0.34815	10.165971183776854	1	0.0161084	noncoding
NONCELT018247.2	222	35	0.40436	10.324176597595212	1	0.0214811	noncoding
NONCELT018249.2	281	13	0.48035000000000005	8.500108146667483	1	0.00745345	noncoding
NONCELT018251.2	215	12	0.40801	6.490978813171386	1	0.00275431	noncoding
NONCELT018254.2	216	29	0.43218999999999996	8.023751258850098	1	0.0103699	noncoding
NONCELT018255.2	222	7	0.39046000000000003	5.748434257507324	-1	0.0117006	noncoding
NONCELT018263.2	209	37	0.38641000000000003	10.011311531066895	1	0.0188163	noncoding
NONCELT018264.2	209	49	0.41587999999999997	11.42149295806885	-1	0.157615	noncoding
NONCELT018265.2	221	0	0.44959999999999994	0.0	-1	0.0492382	noncoding
NONCELT018266.2	224	37	0.38503	11.554555702209473	1	0.0220053	noncoding
NONCELT018267.2	205	0	0.39557000000000003	0.0	-1	0.00361075	noncoding
NONCELT018269.2	221	41	0.40054	11.540566062927248	1	0.0291043	noncoding
NONCELT018272.2	279	49	0.29328	9.133381080627444	-1	0.166297	noncoding
NONCELT018273.2	536	92	0.3212	11.521096611022951	-1	0.15949	noncoding
NONCELT018274.2	201	17	0.27940000000000004	5.585420036315917	1	0.00645606	noncoding
NONCELT018278.2	221	5	0.40451	5.275022315979004	1	1.64955e-05	noncoding
NONCELT018279.2	357	39	0.40253	11.366630363464353	-1	0.154542	noncoding
NONCELT018287.2	321	107	0.31939	9.7955358505249	1	0.142164	noncoding
NONCELT018291.2	203	17	0.28831	6.486943244934082	1	0.0043113	noncoding
NONCELT018292.2	202	26	0.39955	8.608866310119634	1	0.00784512	noncoding
NONCELT018298.2	209	31	0.41184999999999994	4.7804662704467775	-1	0.0145245	noncoding
NONCELT018302.2	201	5	0.34251000000000004	6.49137668609619	1	7.02159e-06	noncoding
NONCELT018306.2	217	27	0.29537	9.352960395812985	1	0.00920169	noncoding
NONCELT018317.2	206	27	0.43943	4.0500284194946286	1	0.0259869	noncoding
NONCELT018320.2	218	26	0.30837	8.230372428894043	1	0.00588773	noncoding
NONCELT018331.2	999	81	0.40101999999999993	10.60512981414795	1	0.154699	noncoding
NONCELT018335.2	209	16	0.34963999999999995	10.834379386901855	1	0.00884352	noncoding
NONCELT018338.2	306	54	0.39449999999999996	9.510714530944824	1	0.0394625	noncoding
NONCELT018339.2	214	62	0.40909	9.691612815856931	-1	0.0940424	noncoding
NONCELT018340.2	214	49	0.3848	6.803536415100097	1	0.0206643	noncoding
NONCELT018347.2	272	41	0.37408	9.694900703430175	1	0.0190306	noncoding
NONCELT018353.2	234	52	0.34487	11.580343055725102	1	0.0302316	noncoding
NONCELT018360.2	203	9	0.40041	5.274794960021972	1	0.00294787	noncoding
NONCELT018362.2	213	24	0.40031	9.186760902404785	1	0.00858511	noncoding
NONCELT018365.2	220	16	0.46809	11.000256538391113	1	0.0248081	noncoding
NONCELT018368.2	396	80	0.37562	7.766502571105957	1	0.092905	noncoding
NONCELT018370.2	207	28	0.33953	10.277243614196774	-1	0.158919	noncoding
NONCELT018377.2	216	39	0.42976	11.999967765808105	1	0.0343727	noncoding
NONCELT018389.2	907	133	0.34846999999999995	8.464843940734863	1	0.471946	noncoding
NONCELT018393.2	264	32	0.39468000000000003	9.49653148651123	1	0.0136289	noncoding
NONCELT018394.2	203	33	0.36898	11.006509971618652	1	0.0174669	noncoding
NONCELT018395.2	213	19	0.41950000000000004	10.834379386901855	1	0.0131982	noncoding
NONCELT018403.2	354	27	0.36169000000000007	9.99261569976807	1	0.0106921	noncoding
NONCELT018404.2	540	27	0.36641	8.538402366638184	1	0.00675477	noncoding
NONCELT018406.2	344	30	0.39334	9.688131523132324	1	0.0130114	noncoding
NONCELT018411.2	316	38	0.35341999999999996	8.768876838684083	1	0.0115138	noncoding
NONCELT018416.2	585	140	0.29049	9.231437492370606	1	0.262227	noncoding
NONCELT018422.2	225	26	0.40799	9.09972858428955	1	0.00978873	noncoding
NONCELT018423.2	201	11	0.43966	5.587523078918457	1	0.00369028	noncoding
NONCELT018424.2	225	11	0.28307	5.060625648498534	-1	0.0506915	noncoding
NONCELT018425.2	344	28	0.36572000000000005	9.602904319763184	1	0.00995947	noncoding
NONCELT018426.2	202	0	0.39886	0.0	-1	0.0042193	noncoding
NONCELT018427.2	459	153	0.38928999999999997	11.75273151397705	1	0.653045	coding
NONCELT018428.2	471	63	0.33708000000000005	10.60925579071045	1	0.041821	noncoding
NONCELT018431.2	849	167	0.38656	5.695062446594237	1	0.977035	coding
NONCELT018434.2	595	140	0.42118000000000005	9.002445793151857	1	0.848048	coding
NONCELT018435.2	1030	187	0.42846	9.09727878570557	1	0.988542	coding
NONCELT018436.2	849	66	0.42583	7.938459587097168	1	0.0799271	noncoding
NONCELT018438.2	1037	161	0.36824	9.650417518615722	-1	0.178213	noncoding
NONCELT018439.2	1027	133	0.30058999999999997	9.11629695892334	1	0.251172	noncoding
NONCELT018440.2	943	197	0.42084999999999995	9.055696678161617	1	0.991878	coding
NONCELT018442.2	997	204	0.37948	8.979108238220217	1	0.980742	coding
NONCELT018443.2	1003	186	0.44687	9.172706794738769	1	0.992521	coding
NONCELT018444.2	963	167	0.4333000000000001	8.604998207092287	1	0.971755	coding
NONCELT018446.2	835	127	0.34775999999999996	11.344001960754394	1	0.276432	noncoding
NONCELT018447.2	1008	238	0.47326999999999997	9.87418727874756	1	0.99979	coding
NONCELT018453.2	940	276	0.40674	8.421456718444826	1	0.999874	coding
NONCELT018456.2	213	8	0.43753000000000003	9.500077247619632	-1	0.0459444	noncoding
NONCELT018462.2	637	190	0.42563	8.427000999450684	1	0.991221	coding
NONCELT018468.2	710	46	0.36436	10.07468395233154	1	0.0242954	noncoding
NONCELT018473.2	880	127	0.26429	8.986651039123537	1	0.16113	noncoding
NONCELT018478.2	489	163	0.32727	10.295939445495602	1	0.54962	coding
NONCELT018481.2	207	22	0.45381999999999995	9.186245155334472	1	0.0130933	noncoding
NONCELT018490.2	646	29	0.39625	8.938879966735843	1	0.00993397	noncoding
NONCELT018493.2	264	11	0.33904999999999996	8.497142601013184	1	0.00305514	noncoding
NONCELT018496.2	1018	339	0.42774999999999996	9.165099525451662	1	0.999997	coding
NONCELT018497.2	285	30	0.42383	11.555264854431151	-1	0.147135	noncoding
NONCELT018500.2	1404	61	0.33728	8.931272697448733	1	0.0298663	noncoding
NONCELT018501.2	2429	61	0.30669	8.931272697448733	1	0.0260068	noncoding
NONCELT018516.2	354	13	0.31814000000000003	7.975528907775878	1	0.00304804	noncoding
NONCELT018517.2	792	264	0.47975	8.063592720031735	1	0.999973	coding
NONCELT018519.2	460	45	0.35711000000000004	11.096959114074707	1	0.0258825	noncoding
NONCELT018525.2	912	234	0.42272	9.610382652282716	1	0.998686	coding
NONCELT018548.2	209	26	0.40016999999999997	4.556577491760254	1	0.0128575	noncoding
NONCELT018559.2	325	21	0.44370000000000004	5.2226167678832995	1	0.00842345	noncoding
NONCELT018560.2	201	14	0.45044999999999996	11.82919101715088	-1	0.136838	noncoding
NONCELT018562.2	248	38	0.40251	5.968969535827637	1	0.0147854	noncoding
NONCELT018564.2	210	12	0.40865	4.0500284194946286	1	0.00766852	noncoding
NONCELT018571.2	355	38	0.39177	8.609253120422366	1	0.0139561	noncoding
NONCELT018572.2	1046	38	0.32467999999999997	8.609253120422366	1	0.0102588	noncoding
NONCELT018575.2	298	43	0.4303100000000001	10.956482505798338	-1	0.129291	noncoding
NONCELT018576.2	223	57	0.41902	7.839500617980957	1	0.0447043	noncoding
NONCELT018578.2	299	54	0.41135	8.888788032531739	-1	0.0605536	noncoding
NONCELT018585.2	372	32	0.35084	6.507632637023924	1	0.00662529	noncoding
NONCELT018587.2	215	42	0.45367999999999997	9.056405830383298	-1	0.0495032	noncoding
NONCELT018590.2	372	32	0.35084	6.507632637023924	1	0.00662529	noncoding
NONCELT018592.2	215	42	0.45367999999999997	9.056405830383298	-1	0.0495032	noncoding
NONCELT018598.2	372	32	0.35084	6.507632637023924	1	0.00662529	noncoding
NONCELT018600.2	215	42	0.45367999999999997	9.056405830383298	-1	0.0495032	noncoding
NONCELT018602.2	372	32	0.35084	6.507632637023924	1	0.00662529	noncoding
NONCELT018604.2	215	42	0.45367999999999997	9.056405830383298	-1	0.0495032	noncoding
NONCELT018616.2	201	14	0.36596999999999996	10.266412925720214	1	0.00688767	noncoding
NONCELT018619.2	262	38	0.45993	7.933688926696778	1	0.0223042	noncoding
NONCELT018623.2	1011	269	0.41214999999999996	9.735322380065917	1	0.999653	coding
NONCELT018624.2	279	93	0.4624999999999999	5.49726276397705	1	0.5	coding
NONCELT018626.2	296	17	0.33370999999999995	10.000867652893067	-1	0.15217	noncoding
NONCELT018627.2	837	276	0.43035	9.673045921325684	1	0.999888	coding
NONCELT018629.2	263	24	0.3638	6.495639610290527	1	0.00445278	noncoding
NONCELT018643.2	225	28	0.35382	10.65541515350342	1	0.0131135	noncoding
NONCELT018652.2	249	27	0.35727	7.9998979568481445	-1	0.0534884	noncoding
NONCELT018654.2	279	55	0.45365	11.999967765808105	-1	0.180215	noncoding
NONCELT018657.2	215	38	0.34578	4.571128273010253	-1	0.018651	noncoding
NONCELT018662.2	350	62	0.41311	6.807060432434082	1	0.0576356	noncoding
NONCELT018664.2	337	26	0.38239999999999996	11.539018821716308	1	0.0143498	noncoding
NONCELT018665.2	300	3	0.3436699999999999	4.596478462219238	1	1.33537e-05	noncoding
NONCELT018671.2	202	23	0.35341999999999996	8.496820259094239	1	0.00530332	noncoding
NONCELT018675.2	209	21	0.42563999999999996	9.349672508239745	1	0.00961546	noncoding
NONCELT018681.2	206	16	0.47135000000000005	11.000063133239745	1	0.0265743	noncoding
NONCELT018683.2	225	20	0.36839	9.991971015930176	1	0.00809556	noncoding
NONCELT018695.2	314	104	0.43855	6.491660881042479	1	0.552953	coding
NONCELT018696.2	827	172	0.40823000000000004	9.362566184997558	1	0.952865	coding
NONCELT018697.2	1359	71	0.34445000000000003	8.737222862243652	1	0.0467019	noncoding
NONCELT018702.2	209	15	0.46577999999999997	5.27274875640869	1	0.00530633	noncoding
NONCELT018714.2	279	46	0.37815000000000004	10.620473289489745	1	0.0293534	noncoding
NONCELT018719.2	999	249	0.43338	8.882147789001465	1	0.99971	coding
NONCELT018720.2	297	8	0.37653000000000003	8.497787284851075	1	0.00265482	noncoding
NONCELT018727.2	256	26	0.40571	7.978558921813965	1	0.00696052	noncoding
NONCELT018734.2	752	227	0.44700999999999996	8.870414543151856	1	0.999333	coding
NONCELT018735.2	1246	54	0.30451000000000006	6.235032844543457	1	0.0213146	noncoding
NONCELT018736.2	1377	77	0.321	4.641665458679199	1	0.133013	noncoding
NONCELT018737.2	929	97	0.35685	9.406791496276856	1	0.159252	noncoding
NONCELT018743.2	978	326	0.40893	9.536179542541504	1	0.999981	coding
NONCELT018746.2	213	40	0.40373	10.292006874084471	-1	0.107735	noncoding
NONCELT018748.2	746	195	0.4544	8.8819543838501	1	0.996491	coding
NONCELT018749.2	773	77	0.35464000000000007	9.455980873107912	1	0.0716651	noncoding
NONCELT018751.2	1309	114	0.34643	9.734613227844235	1	0.246734	noncoding
NONCELT018754.2	260	53	0.36707999999999996	10.192338752746583	1	0.0336982	noncoding
NONCELT018761.2	225	9	0.37771999999999994	9.500077247619632	1	0.00417812	noncoding
NONCELT018763.2	297	46	0.42274	10.04438381195068	1	0.0417971	noncoding
NONCELT018770.2	222	37	0.37101000000000006	6.141475868225096	1	0.0103523	noncoding
NONCELT018772.2	249	83	0.38171000000000005	9.62604846954346	1	0.126273	noncoding
NONCELT018773.2	300	18	0.35722000000000004	10.288847923278805	1	0.00810374	noncoding
NONCELT018774.2	223	19	0.40275	8.631559181213383	1	0.00554491	noncoding
NONCELT018776.2	776	201	0.44411	8.677847480773927	1	0.996911	coding
NONCELT018779.2	479	31	0.33521999999999996	9.997450828552246	1	0.011968	noncoding
NONCELT018780.2	3031	57	0.30813999999999997	10.231793403625485	1	0.0292824	noncoding
NONCELT018784.2	414	65	0.40560999999999997	11.363020133972167	1	0.0823824	noncoding
NONCELT018793.2	280	6	0.37820999999999994	11.999967765808105	1	0.00655495	noncoding
NONCELT018794.2	359	17	0.36478	9.301901435852049	1	0.00544318	noncoding
NONCELT018797.2	207	42	0.38423999999999997	10.916060829162596	1	0.0268855	noncoding
NONCELT018799.2	247	25	0.36887	10.834250450134277	1	0.0125383	noncoding
NONCELT018809.2	262	16	0.3621	11.999967765808105	1	0.00935109	noncoding
NONCELT018810.2	260	76	0.41852999999999996	4.927110862731933	-1	0.0324231	noncoding
NONCELT018811.2	329	76	0.3973	6.032629203796386	-1	0.0331491	noncoding
NONCELT018819.2	278	45	0.27802	10.751086235046387	1	0.025896	noncoding
NONCELT018832.2	295	23	0.4226	4.307679557800294	1	0.0150673	noncoding
NONCELT018837.2	296	54	0.42177000000000003	9.599294090270995	-1	0.080364	noncoding
NONCELT018847.2	225	31	0.33011	10.463879585266113	1	0.0137163	noncoding
NONCELT018848.2	215	40	0.30857999999999997	4.935807228088377	1	0.0171667	noncoding
NONCELT018861.2	633	27	0.47839	11.844276618957519	1	0.0573054	noncoding
NONCELT018863.2	215	20	0.27597	6.071734428405762	1	0.00675036	noncoding
NONCELT018867.2	359	77	0.46442000000000005	9.37417049407959	-1	0.0859695	noncoding
NONCELT018868.2	359	37	0.41976	11.700254249572755	-1	0.158097	noncoding
NONCELT018875.2	351	31	0.32072999999999996	8.937590599060062	1	0.00847805	noncoding
NONCELT018876.2	284	73	0.27536	9.212354850769042	-1	0.171689	noncoding
NONCELT018877.2	567	58	0.30008	7.831313133239747	1	0.0207544	noncoding
NONCELT018878.2	349	47	0.33874000000000004	9.09914836883545	1	0.017447	noncoding
NONCELT018879.2	298	21	0.41121	9.693869209289552	-1	0.067955	noncoding
NONCELT018884.2	284	31	0.39677000000000007	5.097059440612792	1	0.0127871	noncoding
NONCELT018889.2	292	49	0.43335000000000007	9.429484367370605	-1	0.0679258	noncoding
NONCELT018890.2	364	42	0.38624	9.49814319610596	1	0.0206554	noncoding
NONCELT018893.2	346	16	0.45277999999999996	5.949757957458496	-1	0.0125304	noncoding
NONCELT018894.2	269	45	0.37596	9.77290744781494	1	0.023501	noncoding
NONCELT018895.2	217	33	0.43436	11.700254249572755	1	0.0307896	noncoding
NONCELT018896.2	279	32	0.36747	5.985793876647949	-1	0.0217268	noncoding
NONCELT018897.2	1499	258	0.44469000000000003	8.048764991760255	1	0.999916	coding
NONCELT018900.2	676	101	0.38065999999999994	4.716067695617675	1	0.548446	coding
NONCELT018901.2	507	157	0.39538	4.790356254577637	1	0.982376	coding
NONCELT018905.2	623	54	0.28573	9.444698905944826	1	0.022847	noncoding
NONCELT018906.2	1116	125	0.40073000000000003	9.644035148620606	1	0.605912	coding
NONCELT018910.2	203	14	0.43663	11.999967765808105	-1	0.146191	noncoding
NONCELT018912.2	214	22	0.32791	10.564772605895993	1	0.0105054	noncoding
NONCELT018913.2	217	16	0.44488	8.253581047058105	1	0.00573796	noncoding
NONCELT018915.2	202	13	0.39119	8.886338233947757	1	0.00415502	noncoding
NONCELT018927.2	215	48	0.32272999999999996	5.850744438171386	1	0.0170475	noncoding
NONCELT018932.2	368	39	0.43354000000000004	4.3793535232543945	1	0.0444617	noncoding
NONCELT018936.2	281	36	0.33677	4.413115882873536	1	0.0163386	noncoding
NONCELT018939.2	218	30	0.47468	9.302288246154784	-1	0.0466328	noncoding
NONCELT018960.2	2404	186	0.3867499999999999	4.81286449432373	1	0.996657	coding
NONCELT018962.2	281	7	0.40634000000000003	11.000256538391113	1	0.00711488	noncoding
NONCELT018969.2	366	49	0.39821000000000006	9.299322700500486	1	0.0306608	noncoding
NONCELT018970.2	321	53	0.4796	10.246169853210446	1	0.159267	noncoding
NONCELT018976.2	220	51	0.35641	10.875058937072755	1	0.0315544	noncoding
NONCELT018977.2	220	17	0.42902	11.397961997985842	1	0.0142968	noncoding
NONCELT018991.2	212	24	0.32869000000000004	10.277372550964351	1	0.0102443	noncoding
NONCELT018992.2	202	41	0.45044	7.866964149475098	1	0.0241461	noncoding
NONCELT018994.2	829	108	0.392	8.986651039123537	1	0.358483	noncoding
NONCELT018997.2	219	26	0.31727	4.584314918518066	-1	0.0237187	noncoding
NONCELT018999.2	283	7	0.42446999999999996	11.263674354553224	1	0.00854733	noncoding
NONCELT019000.2	208	20	0.39859999999999995	11.999967765808105	1	0.0115314	noncoding
NONCELT019007.2	209	39	0.4693399999999999	11.616316413879396	1	0.0814581	noncoding
NONCELT019010.2	374	27	0.389	9.744863700866699	-1	0.086455	noncoding
NONCELT019011.2	2401	43	0.25198000000000004	4.948368644714355	1	0.0640132	noncoding
NONCELT019014.2	287	75	0.46231	10.28098278045654	1	0.301749	noncoding
NONCELT019015.2	272	42	0.42937	9.744863700866699	1	0.0344967	noncoding
NONCELT019019.2	205	20	0.3005	10.032650566101072	1	0.00924085	noncoding
NONCELT019025.2	1710	84	0.35143	6.888055992126465	1	0.0958638	noncoding
NONCELT019026.2	1711	71	0.34275	5.500843620300292	1	0.0706863	noncoding
NONCELT019030.2	243	20	0.34946	8.939653587341311	-1	0.0871024	noncoding
NONCELT019032.2	231	32	0.44922	11.999967765808105	1	0.0356722	noncoding
NONCELT019039.2	220	18	0.43248	4.617054176330566	1	0.00927096	noncoding
NONCELT019040.2	249	16	0.33697	6.520250892639161	1	0.00277177	noncoding
NONCELT019043.2	220	18	0.34985	4.369065666198731	-1	0.0124245	noncoding
NONCELT019050.2	222	41	0.43746	9.302094841003417	-1	0.057985	noncoding
NONCELT019058.2	304	24	0.40787	4.0500284194946286	1	0.0170276	noncoding
NONCELT019062.2	202	3	0.43537999999999993	8.500108146667483	-1	0.0248354	noncoding
NONCELT019063.2	225	30	0.4153899999999999	7.88198528289795	1	0.00925267	noncoding
NONCELT019065.2	220	39	0.36976	10.736709785461429	1	0.0213735	noncoding
NONCELT019066.2	294	38	0.44501	8.099759483337401	1	0.0202707	noncoding
NONCELT019069.2	223	65	0.40144	9.18108768463135	1	0.0677136	noncoding
NONCELT019070.2	203	20	0.4348	6.515533256530762	1	0.00532372	noncoding
NONCELT019083.2	219	38	0.27951	9.624630165100097	1	0.0156228	noncoding
NONCELT019102.2	236	24	0.29585	9.034357643127443	1	0.0074332	noncoding
NONCELT019103.2	205	37	0.38237000000000004	5.342603874206542	-1	0.017372	noncoding
NONCELT019105.2	343	67	0.40576	11.999967765808105	1	0.0735362	noncoding
NONCELT019106.2	275	38	0.37359	11.999967765808105	1	0.0196	noncoding
NONCELT019110.2	204	46	0.40298	9.884631156921387	1	0.0320455	noncoding
NONCELT019112.2	219	43	0.37661999999999995	11.894175148010252	1	0.02433	noncoding
NONCELT019113.2	215	43	0.36214999999999997	11.70444469451904	-1	0.181512	noncoding
NONCELT019115.2	244	36	0.38305	10.53015308380127	-1	0.130506	noncoding
NONCELT019116.2	215	23	0.32492999999999994	10.032650566101072	1	0.0091637	noncoding
NONCELT019117.2	219	22	0.41582	5.971413612365722	1	0.00595893	noncoding
NONCELT019124.2	788	114	0.35761	9.389320564270019	1	0.28845	noncoding
NONCELT019129.2	621	101	0.46239	8.217091941833495	1	0.545928	coding
NONCELT019130.2	302	48	0.40554	11.184636116027832	1	0.0421244	noncoding
NONCELT019136.2	506	78	0.45341	6.234464454650879	1	0.214292	noncoding
NONCELT019138.2	306	41	0.42298	9.521287345886229	-1	0.068677	noncoding
NONCELT019142.2	210	42	0.4581	10.163327980041505	1	0.0603827	noncoding
NONCELT019144.2	968	178	0.39192000000000005	8.665985298156738	1	0.955661	coding
NONCELT019145.2	885	290	0.40947999999999996	9.084127235412598	1	0.999916	coding
NONCELT019146.2	628	95	0.35157000000000005	9.578212928771972	1	0.139331	noncoding
NONCELT019148.2	926	179	0.33498000000000006	9.56602840423584	1	0.777694	coding
NONCELT019149.2	996	207	0.39603	6.806662559509278	1	0.996624	coding
NONCELT019158.2	2828	73	0.26458000000000004	9.513293266296387	1	0.0419883	noncoding
NONCELT019159.2	2892	73	0.24797	9.513293266296387	1	0.0479279	noncoding
NONCELT019160.2	376	47	0.45517	11.999967765808105	1	0.0776292	noncoding
NONCELT019164.2	212	34	0.38042	4.677019309997559	1	0.0165595	noncoding
NONCELT019168.2	224	24	0.36476	8.496175575256348	1	0.00572627	noncoding
NONCELT019172.2	417	11	0.34425	8.517579078674316	1	0.00305049	noncoding
NONCELT019174.2	212	19	0.38504	7.977011680603027	1	0.00416675	noncoding
NONCELT019175.2	212	17	0.38769	6.49137668609619	1	0.0033251	noncoding
NONCELT019176.2	219	57	0.43235999999999997	11.255744743347169	1	0.0894078	noncoding
NONCELT019177.2	210	39	0.4545300000000001	9.785349845886227	-1	0.0696694	noncoding
NONCELT019178.2	205	5	0.43045	11.999967765808105	1	0.0081502	noncoding
NONCELT019179.2	208	0	0.38368	0.0	-1	1.34748e-05	noncoding
NONCELT019186.2	217	64	0.41408	10.367177009582516	-1	0.123211	noncoding
NONCELT019189.2	205	60	0.30798	9.147241783142093	1	0.0261147	noncoding
NONCELT019190.2	225	17	0.40401	7.977591896057128	1	0.00413572	noncoding
NONCELT019191.2	564	51	0.38715	9.037774467468264	1	0.0286486	noncoding
NONCELT019192.2	348	41	0.42864	4.7804662704467775	1	0.0379537	noncoding
NONCELT019194.2	313	30	0.43109	11.000127601623536	1	0.0259818	noncoding
NONCELT019203.2	255	20	0.42057	6.014611244201659	1	0.00534562	noncoding
NONCELT019204.2	287	5	0.40436	5.275022315979004	1	1.64636e-05	noncoding
NONCELT019216.2	241	25	0.41780999999999996	4.0500284194946286	1	0.0199825	noncoding
NONCELT019220.2	206	15	0.40944	6.691620445251465	1	0.00329881	noncoding
NONCELT019223.2	774	178	0.39172999999999997	9.504976844787599	1	0.942842	coding
NONCELT019224.2	729	189	0.39813	9.478157997131351	1	0.972377	coding
NONCELT019225.2	499	55	0.32913000000000003	5.086430549621581	1	0.0337492	noncoding
NONCELT019226.2	223	16	0.45365999999999995	9.992422294616702	1	0.0134389	noncoding
NONCELT019232.2	241	35	0.43895	10.060243034362792	-1	0.0802001	noncoding
NONCELT019234.2	215	59	0.32885	10.959576988220213	-1	0.181724	noncoding
NONCELT019239.2	312	24	0.35649	5.94572238922119	1	0.0047169	noncoding
NONCELT019240.2	213	0	0.42768	0.0	-1	0.0175815	noncoding
NONCELT019243.2	222	54	0.33977	11.0533784866333	1	0.0324226	noncoding
NONCELT019248.2	213	17	0.41132	5.890077018737792	1	0.00429565	noncoding
NONCELT019252.2	257	25	0.41296	11.724107551574708	1	0.0166252	noncoding
NONCELT019253.2	218	32	0.46037	11.417689323425293	1	0.0485929	noncoding
NONCELT019275.2	242	7	0.41390999999999994	8.344223594665529	-1	0.0278883	noncoding
NONCELT019276.2	402	81	0.32414999999999994	8.017884635925292	1	0.0582311	noncoding
NONCELT019278.2	499	44	0.35586	11.999967765808105	1	0.0224226	noncoding
NONCELT019279.2	360	66	0.39494	11.999967765808105	-1	0.180644	noncoding
NONCELT019280.2	1468	144	0.39854999999999996	11.999967765808105	1	0.583882	coding
NONCELT019289.2	1510	497	0.47246	7.490492439270019	1	1	coding
NONCELT019290.2	206	21	0.43998	4.902726936340332	1	0.00983419	noncoding
NONCELT019291.2	225	24	0.40593	10.90323162078857	-1	0.124664	noncoding
NONCELT019292.2	281	82	0.42294	8.662181663513184	-1	0.0695035	noncoding
NONCELT019310.2	221	25	0.45138000000000006	6.520876121520996	-1	0.0154414	noncoding
NONCELT019318.2	239	49	0.41401	4.56680850982666	1	0.0645738	noncoding
NONCELT019328.2	208	32	0.40449999999999997	10.44814929962158	-1	0.109416	noncoding
NONCELT019340.2	269	17	0.37351	10.318052101135251	1	0.00804528	noncoding
NONCELT019342.2	211	56	0.39630000000000004	9.509811973571779	-1	0.0889725	noncoding
NONCELT019350.2	349	41	0.28504	9.469003486633301	1	0.0156761	noncoding
NONCELT019352.2	1054	51	0.37814	10.118329048156735	1	0.033416	noncoding
NONCELT019371.2	1313	33	0.31422	7.803656196594239	1	0.00712622	noncoding
NONCELT019376.2	219	28	0.30702999999999997	9.486474418640139	1	0.00941503	noncoding
NONCELT019380.2	282	39	0.45283	9.428968620300292	1	0.0367253	noncoding
NONCELT019396.2	215	49	0.41869	11.379717445373537	1	0.051018	noncoding
NONCELT019405.2	215	40	0.44173	9.383196067810058	-1	0.059002	noncoding
NONCELT019411.2	232	59	0.44566	6.954216575622559	-1	0.0286602	noncoding
NONCELT019412.2	1053	351	0.39294	4.1397203445434565	1	1	coding
NONCELT019426.2	273	42	0.32983	8.120840644836427	1	0.011081	noncoding
NONCELT019434.2	454	77	0.37615	9.801338005065915	1	0.0937073	noncoding
NONCELT019436.2	820	74	0.36946999999999997	9.687615776062014	-1	0.123982	noncoding
NONCELT019437.2	224	54	0.4487900000000001	10.693967247009276	-1	0.123517	noncoding
NONCELT019438.2	849	197	0.42463999999999996	8.665598487854005	1	0.993509	coding
NONCELT019439.2	273	54	0.40325	10.032715034484863	1	0.0481529	noncoding
NONCELT019441.2	915	145	0.33172	9.172448921203614	1	0.482874	noncoding
NONCELT019444.2	1017	146	0.44526	8.685132408142092	1	0.931119	coding
NONCELT019458.2	1238	174	0.48170999999999997	7.828927803039552	1	0.992741	coding
NONCELT019460.2	582	50	0.33919	6.884702491760254	1	0.0158383	noncoding
NONCELT019462.2	303	23	0.30951	11.722947120666507	1	0.0147094	noncoding
NONCELT019463.2	216	32	0.35317999999999994	7.876569938659668	-1	0.0555441	noncoding
NONCELT019473.2	289	57	0.39192000000000005	5.956805992126465	1	0.0427491	noncoding
NONCELT019477.2	285	32	0.34428000000000003	10.916125297546387	1	0.0157031	noncoding
NONCELT019488.2	1104	261	0.46035	9.296163749694824	1	0.999927	coding
NONCELT019490.2	354	70	0.43175	4.822015571594237	1	0.218971	noncoding
NONCELT019491.2	215	48	0.41723	10.28098278045654	-1	0.106108	noncoding
NONCELT019493.2	272	29	0.37768999999999997	9.496467018127444	1	0.0106083	noncoding
NONCELT019494.2	217	19	0.48579	11.722947120666507	1	0.0482197	noncoding
NONCELT019497.2	996	169	0.42222	9.939816093444826	1	0.956818	coding
NONCELT019500.2	212	33	0.40235	11.344711112976075	1	0.0217301	noncoding
NONCELT019502.2	223	33	0.4484	9.68426342010498	-1	0.0629718	noncoding
NONCELT019510.2	263	36	0.42025	4.867770957946777	-1	0.0163897	noncoding
NONCELT019511.2	221	5	0.37539	8.500108146667483	1	1.56413e-05	noncoding
NONCELT019514.2	224	16	0.47776	11.263738822937015	1	0.0325514	noncoding
NONCELT019519.2	206	42	0.33247000000000004	9.408209800720215	1	0.0151491	noncoding
NONCELT019520.2	265	78	0.38098999999999994	10.138894462585448	-1	0.137325	noncoding
NONCELT019522.2	380	65	0.3563	8.589332389831544	1	0.0389987	noncoding
NONCELT019523.2	257	70	0.3443800000000001	4.0500284194946286	1	0.144846	noncoding
NONCELT019528.2	1199	220	0.33046	9.18224811553955	1	0.94632	coding
NONCELT019532.2	436	77	0.43359999999999993	6.416008186340332	-1	0.0346709	noncoding
NONCELT019535.2	1772	86	0.30422000000000005	9.89604206085205	1	0.065687	noncoding
NONCELT019544.2	455	69	0.39865	9.811395072937014	1	0.0869212	noncoding
NONCELT019545.2	1082	75	0.32722	11.07194538116455	1	0.057219	noncoding
NONCELT019553.2	225	17	0.46037	7.9752710342407225	1	0.00629468	noncoding
NONCELT019554.2	225	23	0.35989000000000004	10.032715034484863	-1	0.124123	noncoding
NONCELT019557.2	215	9	0.33259	11.999967765808105	1	0.00870657	noncoding
NONCELT019558.2	216	15	0.38742	8.521060371398928	-1	0.0431219	noncoding
NONCELT019569.2	225	27	0.42461	6.50723476409912	1	0.00781405	noncoding
NONCELT019576.2	269	30	0.43116000000000004	10.90323162078857	1	0.0256967	noncoding
NONCELT019577.2	558	47	0.28845	9.625984001159669	1	0.019229	noncoding
NONCELT019580.2	210	13	0.39809999999999995	9.496338081359863	-1	0.0640994	noncoding
NONCELT019582.2	217	31	0.40682999999999997	10.15597858428955	1	0.0174723	noncoding
NONCELT019586.2	1185	43	0.30889	10.543240165710447	1	0.0206774	noncoding
NONCELT019596.2	834	278	0.33457000000000003	8.907612800598145	1	0.996478	coding
NONCELT019601.2	608	77	0.41296	8.628722572326662	1	0.129259	noncoding
NONCELT019606.2	871	233	0.43465	5.076029014587401	1	0.99993	coding
NONCELT019607.2	1130	66	0.30418999999999996	9.300289726257322	-1	0.162123	noncoding
NONCELT019608.2	952	55	0.36482	9.402343177795409	1	0.0308594	noncoding
NONCELT019612.2	524	145	0.44194000000000006	4.311203575134278	1	0.986812	coding
NONCELT019629.2	269	47	0.43613999999999997	4.520768928527832	-1	0.0230081	noncoding
NONCELT019634.2	627	82	0.35011	9.416332817077638	1	0.0830429	noncoding
NONCELT019635.2	201	67	0.38305999999999996	4.960134315490721	1	0.108458	noncoding
NONCELT019636.2	227	65	0.44832000000000005	6.560777091979981	-1	0.0296041	noncoding
NONCELT019637.2	243	69	0.43720000000000003	5.758040046691894	1	0.139466	noncoding
NONCELT019638.2	203	67	0.38383	4.646439933776856	1	0.130077	noncoding
NONCELT019642.2	268	24	0.37642	9.688131523132324	1	0.00893644	noncoding
NONCELT019648.2	288	0	0.36249	0.0	-1	2.64598e-06	noncoding
NONCELT019653.2	606	53	0.33555	9.035775947570801	1	0.0217036	noncoding
NONCELT019657.2	987	137	0.44825	7.869929695129394	1	0.896734	coding
NONCELT019664.2	225	38	0.37182	9.493501472473145	-1	0.0954106	noncoding
NONCELT019674.2	215	56	0.46048000000000006	9.236143684387208	-1	0.063207	noncoding
NONCELT019682.2	607	57	0.39604000000000006	9.871028327941893	1	0.0495231	noncoding
NONCELT019686.2	225	47	0.40861000000000003	9.428130531311037	1	0.0319274	noncoding
NONCELT019687.2	348	25	0.37257	11.592334175109865	1	0.0133604	noncoding
NONCELT019688.2	265	18	0.41656	11.999967765808105	1	0.0121958	noncoding
NONCELT019691.2	395	62	0.44123	9.338261604309082	1	0.101052	noncoding
NONCELT019696.2	305	14	0.31399	8.497787284851075	1	0.00381096	noncoding
NONCELT019701.2	233	10	0.38231000000000004	8.344481468200684	1	0.00283431	noncoding
NONCELT019702.2	348	56	0.4195	9.895719718933105	1	0.0629096	noncoding
NONCELT019705.2	3743	823	0.40731999999999996	5.733371925354004	-1	0.999711	coding
NONCELT019717.2	222	0	0.40461	0.0	-1	0.00557196	noncoding
NONCELT019728.2	305	101	0.43110000000000004	9.51993350982666	-1	0.115657	noncoding
NONCELT019731.2	296	68	0.33691	10.118393516540525	1	0.0471421	noncoding
NONCELT019744.2	417	139	0.44508	4.866236305236816	1	0.969129	coding
NONCELT019745.2	886	41	0.45629	11.999967765808105	1	0.0613404	noncoding
NONCELT019747.2	208	56	0.38910999999999996	9.779225349426266	-1	0.104031	noncoding
NONCELT019749.2	432	123	0.44927000000000006	7.675048637390138	1	0.790689	coding
NONCELT019750.2	315	105	0.4273	9.684585762023925	1	0.488964	noncoding
NONCELT019751.2	1061	48	0.35292	5.9780069351196286	1	0.0180177	noncoding
NONCELT019754.2	1051	255	0.39018	9.694127082824707	-1	0.293826	noncoding
NONCELT019755.2	1045	180	0.41258	9.365402793884279	1	0.972228	coding
NONCELT019759.2	1076	184	0.42514	7.7315465927124025	1	0.989812	coding
NONCELT019762.2	1018	181	0.34067000000000003	9.038999366760255	1	0.844054	coding
NONCELT019763.2	1008	192	0.44359000000000004	9.09727878570557	1	0.994263	coding
NONCELT019764.2	909	211	0.44093	9.453724479675294	1	0.997659	coding
NONCELT019767.2	914	150	0.43349999999999994	10.00041637420654	1	0.920447	coding
NONCELT019769.2	1050	350	0.41689	9.248005867004395	1	0.999997	coding
NONCELT019770.2	1089	363	0.44068	7.952513694763184	1	1	coding
NONCELT019773.2	1061	238	0.32182	8.107495689392092	1	0.982245	coding
NONCELT019777.2	977	112	0.32670000000000005	5.472367286682128	1	0.398801	noncoding
NONCELT019779.2	1249	140	0.33972	6.384519386291504	1	0.685297	coding
NONCELT019780.2	1203	230	0.44043	10.015759849548338	1	0.99895	coding
NONCELT019783.2	236	51	0.41813	11.999967765808105	1	0.0472568	noncoding
NONCELT019784.2	1410	91	0.41744000000000003	6.184332466125488	1	0.320286	noncoding
NONCELT019785.2	1528	100	0.38524	9.697157096862792	1	0.254391	noncoding
NONCELT019786.2	1014	177	0.42398	9.128352546691897	1	0.977484	coding
NONCELT019788.2	306	38	0.36622	9.992035484313966	1	0.0172602	noncoding
NONCELT019792.2	1029	213	0.44473	8.694351387023925	1	0.99848	coding
NONCELT019793.2	993	331	0.44959	8.639424324035648	1	0.999999	coding
NONCELT019794.2	528	18	0.38586	10.675916099548338	1	0.00966054	noncoding
NONCELT019795.2	1019	176	0.43593000000000004	6.025069618225097	1	0.993721	coding
NONCELT019796.2	647	64	0.31626	10.903167152404784	1	0.0397644	noncoding
NONCELT019819.2	486	47	0.34243	5.464011955261231	1	0.0191676	noncoding
NONCELT019820.2	1255	91	0.36432	9.05498752593994	1	0.136675	noncoding
NONCELT019821.2	918	132	0.45043	6.3106287002563475	1	0.900884	coding
NONCELT019822.2	1412	104	0.34282999999999997	4.768871116638183	1	0.443639	noncoding
NONCELT019827.2	986	178	0.36509	8.276660728454594	1	0.924827	coding
NONCELT019828.2	2822	107	0.26773	6.212183570861816	1	0.228497	noncoding
NONCELT019831.2	522	70	0.46852	9.358698081970214	1	0.221618	noncoding
NONCELT019832.2	975	144	0.33182999999999996	9.732163429260254	1	0.444887	noncoding
NONCELT019834.2	875	188	0.42906999999999995	7.776708412170411	1	0.99255	coding
NONCELT019836.2	249	27	0.3475	11.000063133239745	1	0.0134428	noncoding
NONCELT019837.2	209	16	0.45424000000000003	9.693869209289552	-1	0.0519309	noncoding
NONCELT019839.2	390	130	0.39532999999999996	9.410853004455568	-1	0.142725	noncoding
NONCELT019843.2	902	206	0.40132999999999996	9.216351890563963	1	0.990367	coding
NONCELT019845.2	963	321	0.42122	9.2379487991333	1	0.999989	coding
NONCELT019846.2	855	285	0.39966	9.288234138488768	1	0.999811	coding
NONCELT019848.2	1401	54	0.3365	8.95744686126709	1	0.022356	noncoding
NONCELT019849.2	382	43	0.37351	9.698059654235841	1	0.0207428	noncoding
NONCELT019850.2	2659	120	0.29372	9.301514625549316	1	0.160946	noncoding
NONCELT019852.2	2378	169	0.34475	10.120456504821775	1	0.717294	coding
NONCELT019853.2	316	44	0.38286000000000003	7.754452705383301	-1	0.0412953	noncoding
NONCELT019854.2	1376	108	0.33682	7.741948127746583	1	0.202837	noncoding
NONCELT019855.2	1137	83	0.45565000000000005	9.77445468902588	1	0.34281	noncoding
NONCELT019856.2	390	130	0.47082	6.383723640441894	1	0.895442	coding
NONCELT019857.2	875	207	0.392	9.037452125549319	1	0.988576	coding
NONCELT019858.2	724	36	0.40917000000000003	9.515291786193849	-1	0.0708439	noncoding
NONCELT019861.2	838	155	0.33064	10.255324363708493	1	0.5	coding
NONCELT019862.2	251	25	0.42275999999999997	4.0500284194946286	-1	0.0146771	noncoding
NONCELT019870.2	355	78	0.36939	4.574197578430176	1	0.207041	noncoding
NONCELT019871.2	1043	240	0.43806	9.924150276184083	1	0.999354	coding
NONCELT019872.2	1163	169	0.42594000000000004	10.130964851379392	1	0.959125	coding
NONCELT019873.2	1087	172	0.43616000000000005	5.309978294372558	1	0.994983	coding
NONCELT019874.2	438	106	0.42632	4.306201744079591	1	0.821445	coding
NONCELT019876.2	1224	146	0.44819000000000003	6.960298347473144	1	0.944563	coding
NONCELT019877.2	573	191	0.36234	9.363081932067871	1	0.933466	coding
NONCELT019881.2	221	67	0.4206	7.740413475036622	1	0.0787446	noncoding
NONCELT019882.2	229	18	0.345	4.535092353820801	1	0.00532806	noncoding
NONCELT019888.2	395	25	0.29186	8.655670356750488	1	0.00702979	noncoding
NONCELT019889.2	533	25	0.38835000000000003	8.655670356750488	1	0.00703137	noncoding
NONCELT019891.2	558	92	0.37531	10.428486442565916	1	0.167572	noncoding
NONCELT019893.2	1256	109	0.30736	9.671047401428222	1	0.132691	noncoding
NONCELT019897.2	732	190	0.31930000000000003	9.373719215393066	1	0.785852	coding
NONCELT019899.2	224	45	0.34631999999999996	7.92182674407959	1	0.0130569	noncoding
NONCELT019901.2	954	30	0.40744	9.303642082214353	1	0.0128424	noncoding
NONCELT019904.2	1289	93	0.25917	9.363662147521975	1	0.0688926	noncoding
NONCELT019907.2	1166	226	0.37615	8.025556373596192	1	0.99563	coding
NONCELT019912.2	954	157	0.40905	9.42909755706787	1	0.906928	coding
NONCELT019913.2	206	33	0.38272	9.690710258483886	-1	0.0920589	noncoding
NONCELT019915.2	1115	128	0.32298000000000004	6.0092683792114245	1	0.52188	coding
NONCELT019917.2	1229	136	0.38211	8.691514778137208	1	0.66336	coding
NONCELT019918.2	681	110	0.32572	10.076618003845212	1	0.165458	noncoding
NONCELT019921.2	356	46	0.45496000000000003	11.459787178039551	1	0.0824372	noncoding
NONCELT019923.2	496	21	0.31822	11.733906745910645	1	0.0131766	noncoding
NONCELT019924.2	1391	41	0.26312	10.016855812072755	1	0.0222648	noncoding
NONCELT019936.2	819	273	0.41818999999999995	9.589172554016113	1	0.999799	coding
NONCELT019937.2	1074	358	0.40184	9.659636497497559	1	0.999994	coding
NONCELT019941.2	1100	121	0.39236	9.866515541076659	1	0.511138	coding
NONCELT019942.2	1180	135	0.37150000000000005	9.553714942932128	1	0.572957	coding
NONCELT019944.2	226	40	0.36455000000000004	7.799723625183106	-1	0.0495638	noncoding
NONCELT019945.2	1149	55	0.27667	9.591171073913571	1	0.025148	noncoding
NONCELT019950.2	685	156	0.4644	5.282184028625487	1	0.987346	coding
NONCELT019951.2	684	137	0.41201	9.224474906921387	1	0.791195	coding
NONCELT019952.2	975	238	0.44894	8.803367424011231	1	0.999673	coding
NONCELT019954.2	1073	218	0.34774	8.853394889831542	1	0.973067	coding
NONCELT019955.2	498	112	0.2813	6.693609809875488	1	0.207913	noncoding
NONCELT019956.2	717	79	0.45958999999999994	8.780287742614746	1	0.257188	noncoding
NONCELT019961.2	234	78	0.48838000000000004	6.527185249328612	1	0.205282	noncoding
NONCELT019963.2	360	19	0.42105	10.347191810607907	-1	0.0878078	noncoding
NONCELT019968.2	1171	170	0.34094	9.370237922668458	1	0.754228	coding
NONCELT019980.2	999	333	0.45010999999999995	9.363468742370607	1	0.999998	coding
NONCELT019981.2	702	170	0.42844	8.364982414245606	1	0.974538	coding
NONCELT019982.2	921	129	0.29107000000000005	5.346980476379394	1	0.583782	coding
NONCELT019987.2	993	122	0.45895	6.046782112121583	1	0.84513	coding
NONCELT019988.2	1334	66	0.33178	8.769457054138183	1	0.0345392	noncoding
NONCELT019989.2	386	94	0.47429999999999994	9.855749320983886	1	0.595412	coding
NONCELT019990.2	346	63	0.46281	6.511213493347167	1	0.0904916	noncoding
NONCELT019996.2	897	69	0.36294	11.49098987579346	1	0.0587349	noncoding
NONCELT019997.2	660	121	0.47742999999999997	4.1053895950317365	1	0.932525	coding
NONCELT020002.2	242	70	0.43458	6.0336523056030265	-1	0.0302454	noncoding
NONCELT020004.2	1927	118	0.30763	9.364242362976075	1	0.175735	noncoding
NONCELT020005.2	968	322	0.43968999999999997	9.817390632629394	1	0.999993	coding
NONCELT020006.2	327	109	0.42075	8.619696998596194	-1	0.0909026	noncoding
NONCELT020009.2	230	61	0.41337999999999997	6.508485221862792	-1	0.0279755	noncoding
NONCELT020010.2	1087	130	0.32152000000000003	10.130900382995605	1	0.268414	noncoding
NONCELT020011.2	216	33	0.44758	4.2520341873168945	1	0.0338325	noncoding
NONCELT020012.2	272	90	0.39294	4.176893043518065	1	0.521279	coding
NONCELT020013.2	1120	156	0.29749000000000003	9.462492179870608	1	0.387899	noncoding
NONCELT020014.2	1052	310	0.36994	9.58053379058838	1	0.999711	coding
NONCELT020015.2	975	139	0.43988	9.074908256530762	1	0.888529	coding
NONCELT020016.2	905	186	0.40769000000000005	9.262059974670407	1	0.977315	coding
NONCELT020017.2	1093	236	0.47225	8.891237831115724	1	0.999799	coding
NONCELT020018.2	236	33	0.44663	4.0500284194946286	1	0.0392659	noncoding
NONCELT020020.2	709	38	0.3991	8.841532707214355	1	0.015737	noncoding
NONCELT020022.2	592	58	0.38639999999999997	6.008131599426269	1	0.0421673	noncoding
NONCELT020024.2	871	206	0.39441	6.488989448547363	1	0.996964	coding
NONCELT020025.2	871	161	0.41801000000000005	5.691993141174316	1	0.98223	coding
NONCELT020026.2	306	50	0.43677999999999995	8.769972801208496	1	0.0437785	noncoding
NONCELT020028.2	348	78	0.40504	8.609962272644044	1	0.122737	noncoding
NONCELT020105.2	379	42	0.31325000000000003	4.654738426208497	1	0.0213223	noncoding
NONCELT020106.2	1024	221	0.4342	8.237850761413576	1	0.99891	coding
NONCELT020108.2	971	246	0.3618	9.897331428527831	1	0.99116	coding
NONCELT020110.2	1017	313	0.42978000000000005	9.172319984436037	1	0.999989	coding
NONCELT020112.2	1520	114	0.34162000000000003	10.233147239685056	1	0.224343	noncoding
NONCELT020113.2	891	58	0.38285	10.19723834991455	1	0.0475784	noncoding
NONCELT020114.2	1058	124	0.38865	9.32691516876221	1	0.539353	coding
NONCELT020116.2	302	56	0.43745	4.5414014816284185	-1	0.0273218	noncoding
NONCELT020117.2	452	149	0.45198	8.462780952453613	-1	0.14001	noncoding
NONCELT020118.2	1915	113	0.28334000000000004	9.583950614929197	1	0.119508	noncoding
NONCELT020120.2	1059	353	0.44726	9.238206672668458	1	0.999999	coding
NONCELT020121.2	1000	262	0.40848	6.396455574035645	1	0.999939	coding
NONCELT020123.2	390	130	0.43966	6.7415250778198255	-1	0.0795865	noncoding
NONCELT020124.2	1133	200	0.39012	9.519095420837402	1	0.979076	coding
NONCELT020126.2	273	91	0.4628	9.69464282989502	-1	0.115128	noncoding
NONCELT020128.2	315	11	0.36239	8.500108146667483	-1	0.0565754	noncoding
NONCELT020129.2	947	121	0.36824	6.949271583557128	1	0.5	coding
NONCELT020141.2	586	132	0.37150000000000005	7.6123552322387695	1	0.6161	coding
NONCELT020142.2	531	45	0.35092999999999996	9.014565849304201	1	0.0165984	noncoding
NONCELT020143.2	1663	53	0.3076	6.5113840103149405	1	0.0187609	noncoding
NONCELT020144.2	966	151	0.44236000000000003	6.887544441223145	1	0.957204	coding
NONCELT020145.2	973	95	0.42418000000000006	9.832476234436033	1	0.349502	noncoding
NONCELT020146.2	410	26	0.44755	9.976434135437014	1	0.0207892	noncoding
NONCELT020147.2	207	22	0.42116	10.564708137512206	1	0.014567	noncoding
NONCELT020149.2	611	77	0.35827000000000003	7.6107069015502935	1	0.066964	noncoding
NONCELT020152.2	892	242	0.39202000000000004	9.351864433288572	1	0.99769	coding
NONCELT020155.2	3088	128	0.29474999999999996	9.279401969909667	1	0.202147	noncoding
NONCELT020156.2	1289	121	0.34514	8.492758750915527	1	0.324244	noncoding
NONCELT020157.2	1259	115	0.41907	6.477451133728027	1	0.660173	coding
NONCELT020158.2	999	333	0.45267	10.030909919738768	1	0.999997	coding
NONCELT020159.2	937	169	0.36565	9.011600303649903	1	0.863678	coding
NONCELT020160.2	1161	77	0.35358	9.003348350524902	1	0.0675536	noncoding
NONCELT020161.2	1006	144	0.35040000000000004	9.72075252532959	1	0.547326	coding
NONCELT020162.2	939	187	0.46682	9.454433631896975	1	0.995713	coding
NONCELT020164.2	1133	201	0.40141000000000004	9.493501472473145	1	0.986187	coding
NONCELT020167.2	255	6	0.40717	5.27274875640869	1	0.00253942	noncoding
NONCELT020168.2	235	58	0.37099000000000004	9.923247718811034	-1	0.124139	noncoding
NONCELT020170.2	978	288	0.43991	9.074779319763184	1	0.999972	coding
NONCELT020172.2	892	142	0.41234	7.728420448303221	1	0.861975	coding
NONCELT020174.2	843	68	0.37536	10.953259086608885	1	0.0682361	noncoding
NONCELT020178.2	533	93	0.377	9.271150016784667	1	0.174646	noncoding
NONCELT020179.2	380	43	0.36332	10.231019783020017	-1	0.137127	noncoding
NONCELT020180.2	312	51	0.40607	6.6880395889282225	1	0.0286781	noncoding
NONCELT020181.2	341	110	0.38434999999999997	7.680164146423341	-1	0.0769751	noncoding
NONCELT020185.2	202	0	0.2812	0.0	-1	9.38741e-07	noncoding
NONCELT020186.2	202	0	0.22304000000000002	0.0	-1	0.0059797	noncoding
NONCELT020195.2	1849	97	0.34143	9.032294654846194	1	0.131365	noncoding
NONCELT020219.2	245	13	0.3547	11.999967765808105	-1	0.190074	noncoding
NONCELT020220.2	311	47	0.38149000000000005	8.93223972320557	1	0.0219022	noncoding
NONCELT020224.2	234	28	0.48223	8.365949440002442	1	0.0175786	noncoding
NONCELT020234.2	451	18	0.42352	5.274794960021972	1	0.00619242	noncoding
NONCELT020235.2	523	18	0.43185	5.274794960021972	1	0.00647048	noncoding
NONCELT020236.2	1501	147	0.31213	6.023705482482909	1	0.712926	coding
NONCELT020276.2	323	53	0.4296	8.506490516662598	-1	0.0463399	noncoding
NONCELT020277.2	288	72	0.46958	5.430079078674315	1	0.192054	noncoding
NONCELT020315.2	1001	57	0.39385000000000003	9.740221977233887	1	0.0472167	noncoding
NONCELT020316.2	209	21	0.45055000000000006	10.90323162078857	-1	0.103363	noncoding
NONCELT020317.2	639	213	0.30455	9.033132743835449	1	0.865283	coding
NONCELT020318.2	458	134	0.35667	5.67550983428955	1	0.761794	coding
NONCELT020321.2	768	62	0.49232000000000004	9.831186866760252	1	0.259596	noncoding
NONCELT020323.2	202	8	0.40853	4.0500284194946286	1	0.0058498	noncoding
NONCELT020325.2	239	27	0.44882000000000005	6.506041145324706	-1	0.0159336	noncoding
NONCELT020329.2	410	54	0.41722000000000004	7.776643943786622	1	0.0368529	noncoding
NONCELT020337.2	550	73	0.29982000000000003	10.068301582336424	-1	0.174227	noncoding
NONCELT020340.2	436	75	0.38752	5.691765785217284	1	0.126447	noncoding
NONCELT020347.2	2145	116	0.36280999999999997	7.693009757995606	1	0.363114	noncoding
NONCELT020351.2	243	48	0.35731	11.82919101715088	1	0.0266807	noncoding
NONCELT020352.2	521	131	0.38029999999999997	7.733592796325683	1	0.636242	coding
NONCELT020363.2	402	47	0.41313	5.052042961120605	1	0.0423197	noncoding
NONCELT020370.2	297	35	0.37013	11.999967765808105	-1	0.180264	noncoding
NONCELT020378.2	385	17	0.36861999999999995	4.0500284194946286	1	0.00728579	noncoding
NONCELT020383.2	264	0	0.32982999999999996	0.0	-1	5.81316e-07	noncoding
NONCELT020385.2	282	0	0.32487	0.0	-1	5.22461e-07	noncoding
NONCELT020390.2	233	64	0.38866999999999996	9.579115486145017	-1	0.10102	noncoding
NONCELT020391.2	224	29	0.44783999999999996	4.610233497619628	1	0.0202984	noncoding
NONCELT020392.2	481	79	0.35009999999999997	7.817968177795411	1	0.0673001	noncoding
NONCELT020393.2	248	65	0.46907	5.191923713684081	-1	0.0335382	noncoding
NONCELT020395.2	559	47	0.35001999999999994	8.020334434509277	1	0.0148355	noncoding
NONCELT020398.2	798	53	0.28852	9.59697322845459	1	0.0227773	noncoding
NONCELT020399.2	292	19	0.33584	5.897863960266113	1	0.00352363	noncoding
NONCELT020400.2	537	19	0.3448	5.897863960266113	1	0.00350532	noncoding
NONCELT020401.2	729	22	0.25419	4.480924797058106	1	0.0342421	noncoding
NONCELT020404.2	283	77	0.36155000000000004	5.004525566101075	1	0.144936	noncoding
NONCELT020406.2	245	52	0.43303	7.713585472106933	-1	0.0327855	noncoding
NONCELT020407.2	532	70	0.37256999999999996	7.6123552322387695	1	0.0547509	noncoding
NONCELT020408.2	245	77	0.3365	4.766711235046387	-1	0.0374088	noncoding
NONCELT020409.2	406	46	0.32953	9.519353294372557	1	0.018061	noncoding
NONCELT020431.2	687	48	0.44271	11.33471851348877	1	0.0717982	noncoding
NONCELT020478.2	348	58	0.43382000000000004	10.097118949890135	-1	0.100788	noncoding
NONCELT020486.2	415	74	0.41675	9.222411918640137	1	0.1268	noncoding
NONCELT020489.2	413	136	0.35948	10.459237861633298	-1	0.179257	noncoding
NONCELT020491.2	1749	507	0.39615	9.791732215881346	1	1	coding
NONCELT020514.2	511	101	0.37566	8.62453212738037	-1	0.0989682	noncoding
NONCELT020517.2	259	36	0.45866999999999997	11.451599693298341	1	0.0564786	noncoding
NONCELT020519.2	231	39	0.44411	9.223185539245605	1	0.030237	noncoding
NONCELT020520.2	480	92	0.33124	6.715890693664551	1	0.120012	noncoding
NONCELT020522.2	218	0	0.35924	0.0	-1	2.14613e-06	noncoding
NONCELT020558.2	969	173	0.39362	5.031865119934082	1	0.992032	coding
NONCELT020559.2	287	31	0.40791	11.82919101715088	1	0.0198454	noncoding
NONCELT020563.2	218	53	0.46118	10.118586921691893	-1	0.0941887	noncoding
NONCELT020567.2	987	329	0.41323999999999994	8.810845756530764	1	0.999993	coding
NONCELT020568.2	236	59	0.44151999999999997	9.099535179138183	-1	0.0629526	noncoding
NONCELT020577.2	424	15	0.39138	4.0500284194946286	1	0.00790379	noncoding
NONCELT020580.2	909	303	0.43027	9.555391120910645	1	0.999975	coding
NONCELT020584.2	604	86	0.37587000000000004	8.978914833068849	1	0.127097	noncoding
NONCELT020585.2	1670	58	0.25665000000000004	11.370369529724119	1	0.0458045	noncoding
NONCELT020586.2	2111	58	0.32027	11.370369529724119	1	0.0341941	noncoding
NONCELT020589.2	1119	120	0.34343999999999997	8.702667808532716	1	0.302849	noncoding
NONCELT020597.2	230	67	0.35474	11.999967765808105	-1	0.175289	noncoding
NONCELT020600.2	2713	220	0.27042000000000005	9.536630821228027	1	0.685351	coding
NONCELT020609.2	251	19	0.36951	10.289041328430173	1	0.00858681	noncoding
NONCELT020610.2	212	19	0.33673	10.289041328430173	1	0.00850872	noncoding
NONCELT020611.2	1011	274	0.44236000000000003	9.641263008117676	1	0.999923	coding
NONCELT020613.2	972	210	0.45153	9.448502540588382	1	0.998207	coding
NONCELT020615.2	651	42	0.33991000000000005	9.989714622497559	1	0.018132	noncoding
NONCELT020617.2	988	29	0.32235	9.30261058807373	-1	0.13823	noncoding
NONCELT020618.2	1244	29	0.29464	9.30261058807373	-1	0.170582	noncoding
NONCELT020620.2	267	89	0.4558	4.851912879943847	1	0.52085	coding
NONCELT020621.2	300	10	0.36135	4.0500284194946286	1	0.00443835	noncoding
NONCELT020631.2	873	56	0.36625	4.1777456283569325	1	0.0746391	noncoding
NONCELT020636.2	853	64	0.43445	5.635779380798339	-1	0.0272784	noncoding
NONCELT020637.2	206	46	0.32874	10.177446556091308	-1	0.167044	noncoding
NONCELT020642.2	402	8	0.38262	9.496338081359863	-1	0.0724292	noncoding
NONCELT020646.2	440	104	0.42037	6.040131950378417	1	0.544454	coding
NONCELT020648.2	877	167	0.39581	9.136346626281739	1	0.924971	coding
NONCELT020649.2	782	180	0.45476	11.192888069152833	1	0.985855	coding
NONCELT020650.2	428	79	0.41885999999999995	7.989325141906739	1	0.146216	noncoding
NONCELT020658.2	231	27	0.38556999999999997	9.842984580993651	-1	0.0931276	noncoding
NONCELT020669.2	213	18	0.389	5.270304679870605	1	0.00484426	noncoding
NONCELT020670.2	479	88	0.38134999999999997	4.883174324035645	1	0.322836	noncoding
NONCELT020671.2	444	98	0.42556000000000005	4.0500284194946286	-1	0.0582371	noncoding
NONCELT020673.2	1000	178	0.42374000000000006	9.846143531799317	1	0.974468	coding
NONCELT020680.2	224	28	0.34892	9.360438728332518	1	0.00875442	noncoding
NONCELT020686.2	209	24	0.38495999999999997	10.834250450134277	-1	0.137116	noncoding
NONCELT020687.2	297	5	0.37352	5.27274875640869	1	1.14754e-05	noncoding
NONCELT020696.2	371	86	0.45738	10.65541515350342	1	0.419282	noncoding
NONCELT020697.2	1347	52	0.31757	9.630754661560058	1	0.0223598	noncoding
NONCELT020700.2	328	9	0.32499	5.275022315979004	1	1.87215e-05	noncoding
NONCELT020701.2	225	13	0.40116	4.0500284194946286	1	0.00763276	noncoding
NONCELT020716.2	633	67	0.33637999999999996	9.59813365936279	1	0.0420795	noncoding
NONCELT020719.2	222	7	0.44331	9.30531826019287	-1	0.0393709	noncoding
NONCELT020721.2	441	147	0.49277000000000004	8.619116783142093	1	0.97052	coding
NONCELT020759.2	225	30	0.39114	9.580920600891112	1	0.012386	noncoding
NONCELT020761.2	217	16	0.40384	5.750594139099121	-1	0.0125675	noncoding
NONCELT020766.2	218	13	0.35029	4.0500284194946286	1	0.0051009	noncoding
NONCELT020773.2	3004	73	0.23373000000000002	10.063982200622558	1	0.063316	noncoding
NONCELT020774.2	5142	90	0.24582	10.100600242614743	1	0.0721112	noncoding
NONCELT020781.2	300	42	0.38545	9.51168155670166	1	0.0206009	noncoding
NONCELT020817.2	213	56	0.43326	4.698504447937012	1	0.106056	noncoding
NONCELT020818.2	430	61	0.42532000000000003	5.454860877990721	-1	0.0252929	noncoding
NONCELT020819.2	325	20	0.43015	8.841081428527833	-1	0.0375458	noncoding
NONCELT020830.2	659	23	0.34107000000000004	11.733906745910645	1	0.0125109	noncoding
NONCELT020831.2	659	23	0.33061	9.62843379974365	1	0.00782393	noncoding
NONCELT020832.2	711	23	0.34428000000000003	11.733906745910645	1	0.0124084	noncoding
NONCELT020834.2	437	25	0.26327	8.253645515441896	1	0.00908066	noncoding
NONCELT020837.2	2057	94	0.30954000000000004	10.415592765808103	1	0.0872256	noncoding
NONCELT020845.2	738	170	0.28766	10.307221412658688	1	0.374219	noncoding
NONCELT020868.2	340	73	0.43559000000000003	5.3288488388061515	1	0.205164	noncoding
NONCELT020869.2	573	33	0.37284	6.366728782653809	1	0.00794962	noncoding
NONCELT020871.2	464	43	0.36939	10.020272636413573	1	0.0218548	noncoding
NONCELT020872.2	851	43	0.32209	10.020272636413573	1	0.0182157	noncoding
NONCELT020874.2	220	39	0.45761	10.266412925720214	-1	0.0884988	noncoding
NONCELT020887.2	374	28	0.24731	10.255904579162596	1	0.0240528	noncoding
NONCELT020888.2	264	17	0.31968	8.366529655456542	1	0.00402118	noncoding
NONCELT020891.2	225	17	0.38789000000000007	10.000867652893067	1	0.00760192	noncoding
NONCELT020892.2	225	74	0.3564	9.35972957611084	-1	0.121329	noncoding
NONCELT020893.2	525	61	0.29372	4.99315776824951	-1	0.0633568	noncoding
NONCELT020896.2	213	8	0.38698999999999995	4.0500284194946286	1	0.0047696	noncoding
NONCELT020905.2	930	94	0.38494999999999996	7.997577095031738	1	0.19747	noncoding
NONCELT020907.2	216	4	0.34748	4.596478462219238	-1	0.0112787	noncoding
NONCELT020912.2	208	28	0.38193000000000005	4.0500284194946286	1	0.0167665	noncoding
NONCELT020919.2	644	83	0.39516	7.660270500183106	1	0.135705	noncoding
NONCELT020926.2	223	23	0.42582000000000003	8.254354667663574	1	0.00734692	noncoding
NONCELT020931.2	259	75	0.43001000000000006	11.453920555114745	-1	0.178337	noncoding
NONCELT020941.2	275	47	0.35065999999999997	9.065753746032716	1	0.0183233	noncoding
NONCELT020942.2	291	90	0.39572999999999997	10.032586097717285	1	0.203076	noncoding
NONCELT020944.2	206	36	0.42166000000000003	11.834348487854005	1	0.0283824	noncoding
NONCELT020945.2	359	17	0.40319	5.75320873260498	1	0.00423177	noncoding
NONCELT020946.2	348	49	0.41721	11.31357288360596	-1	0.153164	noncoding
NONCELT020947.2	220	51	0.39736999999999995	11.834348487854005	-1	0.174198	noncoding
NONCELT020949.2	217	12	0.4126500000000001	5.585420036315917	1	0.00344963	noncoding
NONCELT020952.2	263	39	0.34847	8.940040397644044	-1	0.096299	noncoding
NONCELT020967.2	2349	58	0.25978	9.15336627960205	1	0.0283773	noncoding
NONCELT020972.2	213	21	0.42992	10.834379386901855	1	0.0163115	noncoding
NONCELT020978.2	274	44	0.44326	11.999967765808105	-1	0.168606	noncoding
NONCELT020981.2	1365	60	0.30108	9.699284553527832	1	0.0286153	noncoding
NONCELT021008.2	287	26	0.42785	4.677076148986816	1	0.0149301	noncoding
NONCELT021016.2	219	58	0.38255	10.225088691711427	-1	0.128688	noncoding
NONCELT021019.2	203	39	0.27671	7.770992851257325	-1	0.147506	noncoding
NONCELT021033.2	205	8	0.40114	6.498254203796387	1	1.29453e-05	noncoding
NONCELT021038.2	377	25	0.26671	4.0500284194946286	1	0.0332087	noncoding
NONCELT021039.2	300	20	0.38663	5.750594139099121	1	0.0045649	noncoding
NONCELT021040.2	262	26	0.32828	10.297809028625483	1	0.0110483	noncoding
NONCELT021041.2	333	9	0.30806	5.275022315979004	1	0.00292367	noncoding
NONCELT021042.2	221	18	0.40893999999999997	11.008572959899901	1	0.0118168	noncoding
NONCELT021044.2	204	13	0.40696	8.94113636016846	1	0.00461446	noncoding
NONCELT021055.2	211	52	0.40296	10.851592445373537	1	0.0484199	noncoding
NONCELT021069.2	278	0	0.40152999999999994	0.0	-1	0.00479681	noncoding
NONCELT021071.2	296	15	0.36422000000000004	10.90323162078857	1	0.00860081	noncoding
NONCELT021076.2	755	50	0.24405	9.519095420837402	1	0.0312144	noncoding
NONCELT021078.2	204	29	0.42715000000000003	5.895135688781737	1	0.0102822	noncoding
NONCELT021086.2	254	26	0.44549	11.999967765808105	-1	0.153218	noncoding
NONCELT021089.2	217	56	0.45214	9.183215141296387	1	0.0832011	noncoding
NONCELT021090.2	202	35	0.29688000000000003	9.782190895080564	1	0.0135835	noncoding
NONCELT021106.2	209	34	0.43778	11.999967765808105	-1	0.160706	noncoding
NONCELT021111.2	224	8	0.29663	11.16600475311279	1	0.0105371	noncoding
NONCELT021113.2	474	33	0.35544	4.0500284194946286	1	0.0180983	noncoding
NONCELT021123.2	205	24	0.38727	4.0500284194946286	1	0.0136876	noncoding
NONCELT021128.2	283	32	0.39443	11.999967765808105	-1	0.171242	noncoding
NONCELT021142.2	210	29	0.3411	11.539018821716308	-1	0.190707	noncoding
NONCELT021143.2	201	39	0.4101	6.6952013015747065	1	0.014413	noncoding
NONCELT021144.2	201	55	0.41151	9.605676460266114	1	0.0510632	noncoding
NONCELT021146.2	208	18	0.35867000000000004	9.496338081359863	1	0.00607541	noncoding
NONCELT021148.2	243	15	0.47469000000000006	11.000127601623536	1	0.0271626	noncoding
NONCELT021151.2	219	20	0.43915	4.7834787368774405	1	0.00981879	noncoding
NONCELT021153.2	362	66	0.41620999999999997	6.543213844299316	1	0.078577	noncoding
NONCELT021160.2	264	16	0.38595	4.369065666198731	1	0.006554	noncoding
NONCELT021167.2	286	90	0.41506999999999994	9.250713539123534	-1	0.0964746	noncoding
NONCELT021175.2	213	13	0.40037	5.275022315979004	1	0.003814	noncoding
NONCELT021176.2	251	29	0.38642000000000004	10.132383155822755	1	0.0135629	noncoding
NONCELT021177.2	280	33	0.30184	11.000063133239745	1	0.0178146	noncoding
NONCELT021179.2	245	16	0.39916	9.369593238830568	1	0.00606957	noncoding
NONCELT021181.2	320	90	0.33338	9.6169584274292	-1	0.153881	noncoding
NONCELT021182.2	254	68	0.42091000000000006	8.76694278717041	1	0.093077	noncoding
NONCELT021183.2	280	47	0.41896	10.016340065002442	1	0.0415601	noncoding
NONCELT021189.2	225	15	0.42209	11.999967765808105	1	0.0113796	noncoding
NONCELT021192.2	217	44	0.36493	9.515549659729004	1	0.0195622	noncoding
NONCELT021211.2	277	21	0.43340999999999996	9.496467018127444	1	0.0110405	noncoding
NONCELT021216.2	213	57	0.35229	9.773100852966305	-1	0.133399	noncoding
NONCELT021218.2	896	31	0.26106	9.48924655914307	1	0.0152692	noncoding
NONCELT021219.2	259	28	0.41762	11.823904609680177	1	0.0194112	noncoding
NONCELT021230.2	219	10	0.35936	6.487341117858887	-1	0.0222879	noncoding
NONCELT021231.2	205	39	0.40305	5.821131324768066	-1	0.0182057	noncoding
NONCELT021240.2	268	45	0.36583999999999994	8.523832511901855	1	0.0161614	noncoding
NONCELT021241.2	201	34	0.41524	11.999967765808105	1	0.0230539	noncoding
NONCELT021245.2	263	14	0.32036	5.895363044738769	1	0.00287331	noncoding
NONCELT021260.2	204	47	0.32364	9.9476167678833	-1	0.163971	noncoding
NONCELT021262.2	231	53	0.35136	6.553046989440918	-1	0.0407604	noncoding
NONCELT021263.2	338	70	0.40392	11.860973930358885	-1	0.181903	noncoding
NONCELT021272.2	209	49	0.45114	10.277243614196774	-1	0.0985018	noncoding
NONCELT021276.2	247	16	0.41611	5.8980913162231445	1	0.00414504	noncoding
NONCELT021282.2	271	29	0.44667000000000007	6.49137668609619	-1	0.0164371	noncoding
NONCELT021291.2	248	18	0.42228	11.000127601623536	1	0.0133553	noncoding
NONCELT021298.2	485	120	0.3201	9.184440040588381	-1	0.159361	noncoding
NONCELT021299.2	1687	120	0.35301000000000005	9.184440040588381	-1	0.142755	noncoding
NONCELT021300.2	211	29	0.33436	5.711318397521972	1	0.00638785	noncoding
NONCELT021302.2	216	28	0.38451	7.835761451721192	-1	0.0358249	noncoding
NONCELT021319.2	220	40	0.41909	6.009609413146971	-1	0.0185243	noncoding
NONCELT021321.2	362	32	0.34603000000000006	11.763691139221194	1	0.016183	noncoding
NONCELT021327.2	253	15	0.40201000000000003	9.500335121154787	1	0.00617485	noncoding
NONCELT021328.2	235	39	0.3831	11.539018821716308	1	0.0234796	noncoding
NONCELT021332.2	218	23	0.33843999999999996	11.853689002990723	-1	0.193021	noncoding
NONCELT021338.2	221	25	0.45543	9.352960395812985	-1	0.0472476	noncoding
NONCELT021344.2	214	37	0.35637	11.555264854431151	1	0.0195006	noncoding
NONCELT021348.2	253	28	0.37398	6.8072309494018555	1	0.00574701	noncoding
NONCELT021375.2	202	32	0.34081	5.22210521697998	1	0.00893448	noncoding
NONCELT021381.2	211	0	0.26739	0.0	-1	1.98678e-06	noncoding
NONCELT021387.2	283	19	0.33238999999999996	6.019669914245605	1	0.00346844	noncoding
NONCELT021388.2	205	65	0.34819	8.685648155212402	-1	0.0997606	noncoding
NONCELT021394.2	202	30	0.35861	10.044319343566894	1	0.0121842	noncoding
NONCELT021397.2	202	30	0.35861	10.044319343566894	1	0.0121842	noncoding
NONCELT021400.2	288	12	0.31659	11.000256538391113	-1	0.203429	noncoding
NONCELT021402.2	340	18	0.3675	10.176350593566895	1	0.00790708	noncoding
NONCELT021412.2	209	30	0.44315	6.508314704895019	-1	0.0167795	noncoding
NONCELT021415.2	621	61	0.41857	10.388322639465333	-1	0.120423	noncoding
NONCELT021427.2	203	19	0.45206	4.677076148986816	1	0.00984522	noncoding
NONCELT021428.2	207	42	0.48894	6.014099693298339	-1	0.0196475	noncoding
NONCELT021446.2	273	35	0.44469	9.382809257507322	1	0.0259269	noncoding
NONCELT021447.2	216	59	0.37585	10.01073131561279	-1	0.124686	noncoding
NONCELT021448.2	202	27	0.44229999999999997	4.427211952209473	1	0.019907	noncoding
NONCELT021453.2	284	20	0.40849	7.976947212219238	1	0.00504539	noncoding
NONCELT021454.2	215	49	0.37121999999999994	8.160166358947755	1	0.0191772	noncoding
NONCELT021456.2	357	38	0.32597	5.957544898986817	1	0.00977376	noncoding
NONCELT021457.2	432	50	0.4155	9.300805473327635	1	0.0388564	noncoding
NONCELT021460.2	221	29	0.43359	8.27550029754639	1	0.0112153	noncoding
NONCELT021461.2	338	62	0.33958	9.499432563781738	1	0.0349429	noncoding
NONCELT021467.2	203	29	0.34447	11.466427421569826	-1	0.188719	noncoding
NONCELT021468.2	312	55	0.397	11.546110343933105	1	0.0486236	noncoding
NONCELT021479.2	256	76	0.42219999999999996	8.885886955261231	1	0.142713	noncoding
NONCELT021490.2	218	12	0.34902	4.0500284194946286	1	0.00477697	noncoding
NONCELT021496.2	216	48	0.47307000000000005	11.491763496398928	-1	0.156657	noncoding
NONCELT021501.2	279	37	0.26537	10.834250450134277	1	0.0256746	noncoding
NONCELT021502.2	473	59	0.37655	9.101469230651855	1	0.0385464	noncoding
NONCELT021504.2	267	56	0.4441	8.180731773376465	1	0.05803	noncoding
NONCELT021505.2	204	50	0.38494	11.703155326843262	1	0.0347154	noncoding
NONCELT021506.2	204	1	0.40947	5.275022315979004	-1	0.00898634	noncoding
NONCELT021511.2	296	27	0.32098	11.122166252136228	1	0.0142992	noncoding
NONCELT021517.2	430	69	0.43351000000000006	9.146919441223147	1	0.12324	noncoding
NONCELT021530.2	281	18	0.33859	9.693869209289552	1	0.0065523	noncoding
NONCELT021539.2	221	0	0.38060000000000005	0.0	-1	1.0369e-05	noncoding
NONCELT021552.2	300	12	0.32232	4.0500284194946286	-1	0.0140723	noncoding
NONCELT021555.2	226	36	0.43621999999999994	4.369065666198731	1	0.0371858	noncoding
NONCELT021556.2	331	45	0.35419	10.381746864318849	-1	0.152214	noncoding
NONCELT021560.2	202	40	0.38461	6.370650672912597	1	0.0130389	noncoding
NONCELT021561.2	284	18	0.31743	10.255969047546387	1	0.00861684	noncoding
NONCELT021572.2	215	36	0.36634	10.953259086608885	1	0.0192422	noncoding
NONCELT021579.2	443	30	0.32529	8.534276390075682	1	0.00720085	noncoding
NONCELT021589.2	212	27	0.38991	8.384516334533693	-1	0.0436387	noncoding
NONCELT021593.2	225	7	0.37387000000000004	9.349672508239745	1	0.00354631	noncoding
NONCELT021594.2	222	47	0.40243999999999996	9.301901435852049	1	0.0289967	noncoding
NONCELT021596.2	242	27	0.3679	11.999967765808105	1	0.0133653	noncoding
NONCELT021597.2	242	49	0.37413	9.692450904846194	1	0.0271498	noncoding
NONCELT021598.2	278	34	0.46404	7.76098918914795	1	0.0172101	noncoding
NONCELT021599.2	275	12	0.41876	9.369593238830568	1	0.00564441	noncoding
NONCELT021606.2	225	5	0.35454	5.275022315979004	1	1.02382e-05	noncoding
NONCELT021607.2	296	33	0.38783999999999996	5.09711627960205	1	0.013395	noncoding
NONCELT021611.2	225	9	0.34557000000000004	6.501948738098144	-1	0.0274584	noncoding
NONCELT021617.2	217	37	0.40352	6.493536567687988	1	0.0124298	noncoding
NONCELT021618.2	208	20	0.38273999999999997	5.820903968811035	-1	0.0152497	noncoding
NONCELT021623.2	278	89	0.4174	8.798854637145997	-1	0.0798051	noncoding
NONCELT021636.2	206	13	0.3545	11.263674354553224	1	0.00860697	noncoding
NONCELT021638.2	391	26	0.35263	7.95754222869873	1	0.00531358	noncoding
NONCELT021640.2	207	27	0.44212999999999997	4.505649757385254	-1	0.0166738	noncoding
NONCELT021646.2	208	20	0.36684	6.487682151794433	1	0.00358983	noncoding
NONCELT021657.2	281	84	0.39896	9.789862632751461	-1	0.118267	noncoding
NONCELT021658.2	305	66	0.44036000000000003	10.305996513366697	1	0.145746	noncoding
NONCELT021661.2	284	58	0.30577	11.999967765808105	-1	0.150837	noncoding
NONCELT021662.2	284	62	0.37579	10.976532173156738	1	0.0547233	noncoding
NONCELT021663.2	330	88	0.44226	9.055438804626462	1	0.317288	noncoding
NONCELT021672.2	223	16	0.39479	10.763012886047363	-1	0.121878	noncoding
NONCELT021674.2	210	23	0.3457	9.992422294616702	1	0.00886803	noncoding
NONCELT021686.2	223	40	0.44637000000000004	11.999967765808105	-1	0.165131	noncoding
NONCELT021695.2	251	11	0.37028	4.239586448669433	1	0.00449932	noncoding
NONCELT021696.2	223	26	0.35477	8.344997215270997	-1	0.0643243	noncoding
NONCELT021709.2	315	50	0.3274	9.49814319610596	-1	0.145031	noncoding
NONCELT021714.2	340	44	0.31078	9.897202491760254	1	0.018113	noncoding
NONCELT021722.2	287	10	0.35478	9.519997978210448	1	0.00433239	noncoding
NONCELT021723.2	214	43	0.38932999999999995	9.300998878479003	-1	0.0777498	noncoding
NONCELT021724.2	213	17	0.48292000000000007	11.999967765808105	1	0.0395993	noncoding
NONCELT021729.2	326	56	0.39831	10.024398612976075	1	0.0498333	noncoding
NONCELT021730.2	478	73	0.44128	10.690163612365723	-1	0.142918	noncoding
NONCELT021731.2	268	21	0.41800000000000004	9.301901435852049	1	0.00879518	noncoding
NONCELT021733.2	585	18	0.33992999999999995	9.50072193145752	1	0.00606551	noncoding
NONCELT021735.2	239	30	0.38677	4.655875205993653	1	0.0138103	noncoding
NONCELT021744.2	311	42	0.41381	9.77619533538818	1	0.0288603	noncoding
NONCELT021745.2	446	36	0.35702999999999996	9.067300987243652	1	0.011606	noncoding
NONCELT021763.2	274	42	0.37437	9.795922660827635	1	0.0204646	noncoding
NONCELT021764.2	224	15	0.40687999999999996	11.999967765808105	1	0.00999039	noncoding
NONCELT021779.2	224	26	0.35766000000000003	6.516442680358887	1	0.00486051	noncoding
NONCELT021780.2	207	51	0.36706	5.995342826843261	-1	0.0279335	noncoding
NONCELT021781.2	207	6	0.33994	5.275022315979004	1	1.16978e-05	noncoding
NONCELT021790.2	280	24	0.28336	4.0500284194946286	1	0.0187327	noncoding
NONCELT021791.2	321	29	0.41381	4.086689567565918	1	0.0245015	noncoding
NONCELT021794.2	266	34	0.42119	5.996252250671386	1	0.0132206	noncoding
NONCELT021802.2	289	3	0.46190000000000003	5.275022315979004	1	1.72949e-05	noncoding
NONCELT021807.2	220	21	0.42707000000000006	10.834443855285645	1	0.0157561	noncoding
NONCELT021808.2	207	21	0.3092	5.587238883972168	-1	0.0400905	noncoding
NONCELT021816.2	266	27	0.41263	7.978752326965332	1	0.00776213	noncoding
NONCELT021817.2	203	19	0.41459	11.698964881896973	-1	0.149315	noncoding
NONCELT021818.2	218	55	0.44788	8.47805995941162	-1	0.0446825	noncoding
NONCELT021819.2	287	49	0.43496000000000007	8.802916145324708	1	0.040894	noncoding
NONCELT021832.2	225	18	0.38880000000000003	8.34486827850342	1	0.00444031	noncoding
NONCELT021840.2	207	26	0.27730000000000005	6.03484592437744	1	0.00863321	noncoding
NONCELT021843.2	201	0	0.4747199999999999	0.0	-1	0.122178	noncoding
NONCELT021844.2	270	38	0.40664000000000006	8.884210777282718	1	0.0170201	noncoding
NONCELT021847.2	211	27	0.45056999999999997	5.380742835998535	1	0.0118431	noncoding
NONCELT021851.2	1230	52	0.27769	4.507013893127441	1	0.0627722	noncoding
NONCELT021852.2	2198	52	0.22328	4.507013893127441	1	0.379522	noncoding
NONCELT021855.2	203	12	0.32782	9.349672508239745	1	0.00461756	noncoding
NONCELT021859.2	272	52	0.36834	10.284850883483884	1	0.0331636	noncoding
NONCELT021861.2	448	17	0.39193	4.29813060760498	1	0.00772594	noncoding
NONCELT021872.2	250	48	0.29156000000000004	10.299936485290523	1	0.0232662	noncoding
NONCELT021881.2	252	35	0.28133	9.514260292053223	1	0.0136741	noncoding
NONCELT021882.2	209	20	0.35696	8.51873950958252	1	0.00465912	noncoding
NONCELT021886.2	300	70	0.43839	9.811330604553223	1	0.156739	noncoding
NONCELT021887.2	283	69	0.39020999999999995	11.226605033874513	-1	0.169341	noncoding
NONCELT021888.2	300	97	0.44622	10.34989948272705	-1	0.153369	noncoding
NONCELT021889.2	251	49	0.46096	11.44695796966553	1	0.106958	noncoding
NONCELT021895.2	211	27	0.34711000000000003	10.666761589050292	-1	0.166468	noncoding
NONCELT021898.2	540	48	0.37692	7.76098918914795	1	0.0181497	noncoding
NONCELT021902.2	206	24	0.3994	11.580343055725102	1	0.0145161	noncoding
NONCELT021918.2	224	28	0.38125	9.86728916168213	1	0.0116312	noncoding
NONCELT021919.2	218	22	0.40179	8.886982917785648	1	0.00704724	noncoding
NONCELT021921.2	215	8	0.35714	7.999833488464356	1	1.46812e-05	noncoding
NONCELT021928.2	217	11	0.30362	4.369065666198731	1	0.00508983	noncoding
NONCELT021929.2	264	56	0.36466	9.82602939605713	-1	0.124241	noncoding
NONCELT021930.2	207	23	0.41173	5.426100349426269	-1	0.0131657	noncoding
NONCELT021934.2	212	0	0.36899000000000004	0.0	-1	4.1624e-06	noncoding
NONCELT021937.2	334	33	0.39658000000000004	5.527785301208495	1	0.0119784	noncoding
NONCELT021938.2	330	23	0.34719	8.885371208190918	1	0.00596581	noncoding
NONCELT021942.2	224	44	0.42174999999999996	9.56873607635498	-1	0.0726129	noncoding
NONCELT021949.2	202	30	0.36271	11.700254249572755	1	0.0154372	noncoding
NONCELT021950.2	204	13	0.4424200000000001	11.000256538391113	1	0.0135638	noncoding
NONCELT021953.2	436	67	0.33285000000000003	9.05627689361572	1	0.037729	noncoding
NONCELT021966.2	217	36	0.3588	9.624823570251465	-1	0.1122	noncoding
NONCELT021973.2	219	15	0.42147999999999997	8.521060371398928	1	0.00488816	noncoding
NONCELT021982.2	285	38	0.42264999999999997	6.212751960754394	-1	0.0184471	noncoding
NONCELT021983.2	281	60	0.37649	8.257771492004395	1	0.035396	noncoding
NONCELT021985.2	384	17	0.36243000000000003	4.0500284194946286	-1	0.0101078	noncoding
NONCELT021988.2	371	41	0.32503000000000004	9.185407066345213	-1	0.13335	noncoding
NONCELT021992.2	257	28	0.43347	5.961580467224121	1	0.00980451	noncoding
NONCELT021994.2	216	30	0.42492	9.522705650329591	-1	0.0616085	noncoding
NONCELT022016.2	203	56	0.42913999999999997	11.999967765808105	-1	0.177491	noncoding
NONCELT022023.2	288	63	0.45523	10.847402000427245	1	0.174681	noncoding
NONCELT022024.2	223	48	0.42207	9.93852672576904	1	0.044569	noncoding
NONCELT022029.2	225	8	0.31728999999999996	10.000867652893067	1	0.00558438	noncoding
NONCELT022031.2	203	0	0.41569000000000006	0.0	-1	0.00965594	noncoding
NONCELT022041.2	322	29	0.37785	11.567513847351076	1	0.0157274	noncoding
NONCELT022047.2	272	43	0.41546	10.71788501739502	1	0.037382	noncoding
NONCELT022048.2	272	29	0.44441	11.698964881896973	-1	0.146241	noncoding
NONCELT022049.2	214	26	0.40153	11.724107551574708	-1	0.160318	noncoding
NONCELT022050.2	217	23	0.44297999999999993	8.52086696624756	1	0.00936559	noncoding
NONCELT022051.2	217	17	0.36321	4.862200736999512	-1	0.0128392	noncoding
NONCELT022052.2	259	73	0.33611	10.302708625793457	-1	0.167303	noncoding
NONCELT022058.2	223	37	0.32389	9.300998878479003	1	0.01195	noncoding
NONCELT022069.2	207	34	0.33853	9.591171073913571	1	0.0118436	noncoding
NONCELT022074.2	359	40	0.40586	5.938390159606934	1	0.0173966	noncoding
NONCELT022075.2	403	55	0.31864000000000003	8.450338554382327	1	0.0197877	noncoding
NONCELT022079.2	202	36	0.39438999999999996	7.998221778869628	1	0.0112197	noncoding
NONCELT022080.2	215	38	0.46102	9.057372856140137	-1	0.0464815	noncoding
NONCELT022085.2	214	15	0.39172999999999997	11.698964881896973	1	0.00967623	noncoding
NONCELT022092.2	449	56	0.4182	9.590010643005368	1	0.0580221	noncoding
NONCELT022095.2	212	24	0.4188700000000001	6.506041145324706	1	0.00622851	noncoding
NONCELT022100.2	214	40	0.37659	8.08609218597412	-1	0.0489926	noncoding
NONCELT022108.2	201	9	0.33973000000000003	4.0500284194946286	1	0.00394383	noncoding
NONCELT022119.2	203	27	0.43159	4.207017707824707	1	0.0224062	noncoding
NONCELT022120.2	210	23	0.35714	9.516645622253417	-1	0.103784	noncoding
NONCELT022121.2	432	57	0.39998	10.225088691711427	-1	0.117722	noncoding
NONCELT022128.2	413	31	0.45604	8.802013587951663	1	0.0191384	noncoding
NONCELT022129.2	273	22	0.42224	4.0500284194946286	1	0.0169222	noncoding
NONCELT022132.2	210	8	0.43263999999999997	10.834379386901855	1	0.00902134	noncoding
NONCELT022136.2	205	27	0.45444999999999997	8.537886619567871	-1	0.0315735	noncoding
NONCELT022142.2	224	46	0.33629000000000003	9.497885322570802	1	0.0183638	noncoding
NONCELT022144.2	212	19	0.41390000000000005	9.005862617492678	1	0.00684287	noncoding
NONCELT022149.2	211	28	0.37523999999999996	5.936002922058106	-1	0.0187938	noncoding
NONCELT022154.2	209	19	0.31109000000000003	5.98107624053955	-1	0.0446535	noncoding
NONCELT022159.2	341	20	0.37918999999999997	11.999967765808105	1	0.0107208	noncoding
NONCELT022160.2	341	57	0.34584000000000004	7.889721488952637	1	0.0230562	noncoding
NONCELT022163.2	221	62	0.37404000000000004	7.760136604309083	-1	0.0536416	noncoding
NONCELT022165.2	225	20	0.45437	5.587523078918457	1	0.00686968	noncoding
NONCELT022166.2	215	21	0.40003	8.023751258850098	1	0.00510865	noncoding
NONCELT022171.2	213	6	0.40094	8.500108146667483	1	0.00259492	noncoding
NONCELT022182.2	393	54	0.36456999999999995	6.696281242370605	-1	0.0371038	noncoding
NONCELT022193.2	293	38	0.34338	4.8610639572143555	1	0.0148759	noncoding
NONCELT022196.2	222	32	0.29734	9.862582969665528	-1	0.183449	noncoding
NONCELT022200.2	206	16	0.37288	5.8980913162231445	1	0.00318495	noncoding
NONCELT022204.2	349	32	0.37252	11.999967765808105	1	0.0159477	noncoding
NONCELT022210.2	225	32	0.40667000000000003	9.591106605529784	1	0.0154884	noncoding
NONCELT022219.2	520	20	0.40265	5.587466239929199	1	0.00538705	noncoding
NONCELT022220.2	227	35	0.3543	5.538073158264159	-1	0.0224985	noncoding
NONCELT022221.2	211	40	0.40567	6.678661155700684	-1	0.0222889	noncoding
NONCELT022232.2	251	21	0.4071000000000001	4.369065666198731	1	0.0111097	noncoding
NONCELT022237.2	346	55	0.41862	8.362532615661621	1	0.042685	noncoding
NONCELT022240.2	216	19	0.29896999999999996	8.18930606842041	1	0.00468373	noncoding
NONCELT022262.2	201	42	0.44311999999999996	5.212158393859862	1	0.0340742	noncoding
NONCELT022268.2	223	16	0.41695	10.000867652893067	1	0.00875581	noncoding
NONCELT022276.2	221	32	0.42965	10.450018882751461	-1	0.0974689	noncoding
NONCELT022278.2	208	19	0.37612	9.688324928283691	1	0.00710736	noncoding
NONCELT022280.2	220	39	0.41622000000000003	9.991971015930176	1	0.0270874	noncoding
NONCELT022281.2	224	44	0.38778	10.68062229156494	1	0.0293611	noncoding
NONCELT022285.2	211	36	0.44011	6.500073051452636	1	0.0152617	noncoding
NONCELT022286.2	915	224	0.45041	9.46590900421143	1	0.999148	coding
NONCELT022287.2	595	191	0.33973000000000003	8.329589271545409	-1	0.180821	noncoding
NONCELT022288.2	682	78	0.42741	7.806105995178223	1	0.152301	noncoding
NONCELT022292.2	671	78	0.42183	7.806105995178223	1	0.143153	noncoding
NONCELT022300.2	206	7	0.34676999999999997	4.0500284194946286	1	0.00349232	noncoding
NONCELT022308.2	262	25	0.41783	9.303964424133298	1	0.0108597	noncoding
NONCELT022311.2	411	45	0.26927	5.53830051422119	1	0.02911	noncoding
NONCELT022312.2	263	47	0.38734999999999997	9.51174602508545	1	0.0264888	noncoding
NONCELT022318.2	283	63	0.38589999999999997	10.444216728210446	-1	0.138816	noncoding
NONCELT022327.2	209	3	0.31814	5.275022315979004	1	1.08413e-05	noncoding
NONCELT022328.2	261	46	0.43596	8.611702919006351	-1	0.0438488	noncoding
NONCELT022348.2	350	47	0.36915999999999993	6.6933256149292	1	0.0164549	noncoding
NONCELT022353.2	288	19	0.32731	10.763012886047363	1	0.0101224	noncoding
NONCELT022356.2	285	18	0.38756999999999997	6.047805213928222	1	0.00377208	noncoding
NONCELT022361.2	212	23	0.33845000000000003	9.697028160095215	1	0.00797669	noncoding
NONCELT022404.2	224	17	0.32316999999999996	9.862582969665528	-1	0.159217	noncoding
NONCELT022405.2	217	14	0.36783	9.992422294616702	1	0.00625353	noncoding
NONCELT022413.2	366	10	0.37471	5.274794960021972	1	0.00267242	noncoding
NONCELT022431.2	217	16	0.32665	7.9536741256713865	1	0.00333911	noncoding
NONCELT022460.2	342	49	0.33392	9.005798149108887	-1	0.118846	noncoding
NONCELT022475.2	213	39	0.42156000000000005	11.999967765808105	1	0.0305511	noncoding
NONCELT022476.2	288	71	0.41645	9.846852684020995	-1	0.104635	noncoding
NONCELT022490.2	4071	83	0.31596	6.6952013015747065	1	0.0725387	noncoding
NONCELT022491.2	4597	83	0.29895000000000005	6.6952013015747065	1	0.0691977	noncoding
NONCELT022500.2	203	0	0.4112	0.0	-1	0.00771579	noncoding
NONCELT022512.2	244	16	0.41119	5.897579765319825	1	0.00401808	noncoding
NONCELT022515.2	223	22	0.3791	8.36614284515381	-1	0.0465282	noncoding
NONCELT022518.2	291	45	0.38541000000000003	6.698156929016113	1	0.0167062	noncoding
NONCELT022519.2	216	15	0.37044	11.16600475311279	1	0.00905327	noncoding
NONCELT022540.2	251	18	0.33341000000000004	4.556577491760254	1	0.00529973	noncoding
NONCELT022558.2	204	24	0.40776	10.545754432678223	1	0.0140238	noncoding
NONCELT022604.2	211	21	0.37068	4.369065666198731	1	0.0079308	noncoding
NONCELT022613.2	216	24	0.37555	4.136935234069824	-1	0.0112717	noncoding
NONCELT022614.2	220	21	0.36547	5.380742835998535	1	0.00481147	noncoding
NONCELT022625.2	316	27	0.37403000000000003	11.16600475311279	1	0.0143718	noncoding
NONCELT022630.2	316	54	0.46717	4.734767723083496	1	0.0904603	noncoding
NONCELT022637.2	275	29	0.35517	8.939266777038576	-1	0.0850666	noncoding
NONCELT022647.2	241	25	0.47796	10.105757713317868	-1	0.0681497	noncoding
NONCELT022648.2	211	31	0.36968999999999996	6.689631080627441	1	0.00670151	noncoding
NONCELT022670.2	279	62	0.36703	9.61966609954834	1	0.0443676	noncoding
NONCELT022681.2	336	30	0.36153	10.564772605895993	1	0.0141088	noncoding
NONCELT022687.2	236	49	0.45672	8.340291023254395	1	0.0464914	noncoding
NONCELT022691.2	209	24	0.33329	10.90323162078857	1	0.0120999	noncoding
NONCELT022697.2	212	7	0.40876	4.0500284194946286	1	0.0054787	noncoding
NONCELT022699.2	231	23	0.39833	6.500073051452636	-1	0.0174395	noncoding
NONCELT022713.2	424	55	0.31852	9.099212837219238	-1	0.141334	noncoding
NONCELT022714.2	688	54	0.30585	9.099212837219238	-1	0.154226	noncoding
NONCELT022715.2	235	36	0.26503000000000004	9.520771598815916	1	0.0165677	noncoding
NONCELT022724.2	428	28	0.39119000000000004	6.495071220397949	1	0.00656452	noncoding
NONCELT022726.2	202	17	0.44438999999999995	9.819775962829588	1	0.0115896	noncoding
NONCELT022727.2	271	58	0.47353	7.836728477478028	1	0.0797621	noncoding
NONCELT022735.2	221	0	0.41205	0.0	-1	0.00804964	noncoding
NONCELT022737.2	218	0	0.42040000000000005	0.0	-1	0.0122268	noncoding
NONCELT022740.2	249	6	0.42635999999999996	8.498431968688966	1	0.00301221	noncoding
NONCELT022746.2	224	48	0.41345	4.797120094299316	1	0.0522868	noncoding
NONCELT022749.2	220	9	0.40595000000000003	8.497787284851075	1	0.00313293	noncoding
NONCELT022781.2	203	0	0.46185	0.0	-1	0.080484	noncoding
NONCELT022785.2	221	0	0.37334	0.0	-1	5.77392e-06	noncoding
NONCELT022800.2	282	45	0.44832	10.708472633361815	1	0.0669361	noncoding
NONCELT022801.2	217	24	0.38024	7.975593376159668	1	0.0053282	noncoding
NONCELT022809.2	205	46	0.40160000000000007	4.895849418640137	-1	0.0183135	noncoding
NONCELT022818.2	341	2	0.34696	5.275022315979004	1	7.17479e-06	noncoding
NONCELT022826.2	201	10	0.36114999999999997	4.677076148986816	1	0.00320463	noncoding
NONCELT022836.2	630	59	0.34104	10.194917488098145	1	0.035536	noncoding
NONCELT022839.2	293	83	0.45605999999999997	6.400036430358887	-1	0.0395253	noncoding
NONCELT022845.2	202	42	0.42134	11.698964881896973	-1	0.160932	noncoding
NONCELT022846.2	202	13	0.37997	6.486943244934082	1	0.00252392	noncoding
NONCELT022861.2	222	17	0.32380000000000003	7.999833488464356	1	0.00356745	noncoding
NONCELT022867.2	224	4	0.31372	8.500108146667483	-1	0.10897	noncoding
NONCELT022884.2	729	94	0.39161999999999997	5.065059089660643	-1	0.0395796	noncoding
NONCELT022893.2	238	21	0.34237999999999996	11.999967765808105	1	0.0114644	noncoding
NONCELT022895.2	355	78	0.37363	10.477353477478026	1	0.0982564	noncoding
NONCELT022902.2	1515	104	0.29614	8.79782314300537	1	0.106209	noncoding
NONCELT022905.2	258	23	0.45728	6.801319694519043	1	0.00707803	noncoding
NONCELT022906.2	248	25	0.46323	10.763012886047363	1	0.0333779	noncoding
NONCELT022911.2	295	34	0.387	8.516676521301271	1	0.0106912	noncoding
NONCELT022912.2	211	32	0.46740000000000004	9.819840431213379	1	0.0369712	noncoding
NONCELT022913.2	216	28	0.40124	6.490637779235839	1	0.00705588	noncoding
NONCELT022917.2	222	17	0.43695	10.834379386901855	1	0.0147398	noncoding
NONCELT022923.2	329	61	0.35329	10.7315523147583	-1	0.168168	noncoding
NONCELT022932.2	228	16	0.29671000000000003	11.000127601623536	1	0.0121174	noncoding
NONCELT022937.2	337	49	0.41762000000000005	10.4639440536499	1	0.0488533	noncoding
NONCELT022946.2	354	52	0.27746	10.223605918884278	1	0.0268651	noncoding
NONCELT022968.2	675	111	0.41674000000000005	6.284994316101075	1	0.614197	coding
NONCELT022976.2	969	41	0.28912000000000004	6.224290275573731	1	0.01319	noncoding
NONCELT022977.2	338	28	0.35424	4.6580919265747065	1	0.00945685	noncoding
NONCELT022978.2	449	28	0.3515	4.6580919265747065	1	0.00933871	noncoding
NONCELT022990.2	214	15	0.28887	9.992486763000489	1	0.00866086	noncoding
NONCELT022991.2	215	41	0.45572	6.514055442810059	-1	0.0200478	noncoding
NONCELT022992.2	215	6	0.47640000000000005	9.500077247619632	1	0.00846089	noncoding
NONCELT022993.2	233	27	0.35368	7.848203849792481	1	0.00547585	noncoding
NONCELT022998.2	214	29	0.35145	5.970049476623536	1	0.0061394	noncoding
NONCELT023000.2	206	50	0.45556	6.37707347869873	-1	0.022941	noncoding
NONCELT023004.2	213	34	0.30129	6.5369047164917	1	0.00795045	noncoding
NONCELT023005.2	222	31	0.4584	7.722054481506347	-1	0.0231359	noncoding
NONCELT023008.2	493	78	0.38258	7.791342735290527	1	0.0910651	noncoding
NONCELT023009.2	280	75	0.37768999999999997	9.234789848327637	-1	0.101369	noncoding
NONCELT023010.2	217	8	0.3861	8.344739341735842	1	0.0025815	noncoding
NONCELT023025.2	221	35	0.40603	9.893850135803223	1	0.0195359	noncoding
NONCELT023029.2	308	66	0.30293000000000003	8.65766887664795	-1	0.146752	noncoding
NONCELT023030.2	308	37	0.32429	11.999967765808105	-1	0.180311	noncoding
NONCELT023032.2	220	34	0.37426	11.453146934509277	1	0.0187505	noncoding
NONCELT023034.2	225	72	0.43828	11.796634483337403	-1	0.188011	noncoding
NONCELT023036.2	212	8	0.47149	5.270532035827636	-1	0.0115781	noncoding
NONCELT023047.2	261	38	0.41414	9.624630165100097	-1	0.0737545	noncoding
NONCELT023053.2	355	26	0.40950000000000003	6.498254203796387	1	0.00661486	noncoding
NONCELT023057.2	309	49	0.41609999999999997	10.277372550964351	1	0.046486	noncoding
NONCELT023059.2	219	49	0.41466	9.700509452819823	1	0.0403803	noncoding
NONCELT023067.2	205	34	0.39175	6.806889915466309	1	0.00913291	noncoding
NONCELT023070.2	303	51	0.37006	10.315924644470211	1	0.0324178	noncoding
NONCELT023078.2	356	50	0.31614000000000003	9.624243354797361	-1	0.160383	noncoding
NONCELT023083.2	1921	82	0.30387	5.512950325012206	1	0.106426	noncoding
NONCELT023092.2	217	23	0.40449	5.573597526550292	1	0.00664889	noncoding
NONCELT023097.2	291	32	0.36355000000000004	9.496724891662598	1	0.0113859	noncoding
NONCELT023104.2	212	28	0.37426	11.999967765808105	1	0.0139876	noncoding
NONCELT023110.2	241	73	0.38164	8.6343957901001	1	0.0734353	noncoding
NONCELT023114.2	232	40	0.35973	8.978850364685059	1	0.0137492	noncoding
NONCELT023119.2	235	42	0.38736000000000004	9.624759101867674	-1	0.0907783	noncoding
NONCELT023133.2	203	26	0.44348000000000004	6.510019874572753	1	0.0081805	noncoding
NONCELT023134.2	215	0	0.45217999999999997	0.0	-1	0.0549615	noncoding
NONCELT023137.2	266	7	0.3937	5.275022315979004	1	1.85631e-05	noncoding
NONCELT023139.2	271	42	0.38386	9.500335121154787	-1	0.0883046	noncoding
NONCELT023140.2	267	88	0.40573	10.062177085876463	-1	0.130937	noncoding
NONCELT023161.2	203	32	0.3649	6.505984306335448	1	0.00703482	noncoding
NONCELT023170.2	2141	59	0.2886	10.21090564727783	1	0.0307302	noncoding
NONCELT023171.2	2110	56	0.33682	10.11536350250244	1	0.0307421	noncoding
NONCELT023175.2	203	33	0.31278	9.496724891662598	1	0.0110555	noncoding
NONCELT023176.2	290	18	0.38573999999999997	4.0500284194946286	1	0.00909692	noncoding
NONCELT023185.2	397	52	0.2949	8.551940727233887	1	0.0176889	noncoding
NONCELT023197.2	262	35	0.41213	9.185600471496581	1	0.0167254	noncoding
NONCELT023198.2	247	49	0.42501	9.055954551696775	-1	0.0584026	noncoding
NONCELT023199.2	293	20	0.35312000000000004	10.036647605895993	1	0.00802897	noncoding
NONCELT023205.2	250	27	0.29354	9.622953987121583	1	0.01025	noncoding
NONCELT023232.2	212	18	0.42782	10.171064186096192	1	0.0114362	noncoding
NONCELT023246.2	524	36	0.30288	5.981417274475096	1	0.00975086	noncoding
NONCELT023247.2	357	42	0.305	10.04438381195068	1	0.0177854	noncoding
NONCELT023248.2	675	54	0.25014000000000003	9.497756385803225	1	0.0307669	noncoding
NONCELT023249.2	394	94	0.44115	10.231793403625485	1	0.424705	noncoding
NONCELT023250.2	488	29	0.36934	11.000127601623536	1	0.0150154	noncoding
NONCELT023272.2	309	27	0.38307	8.210387229919434	1	0.00669612	noncoding
NONCELT023274.2	204	44	0.39449	10.419912147521973	1	0.0299989	noncoding
NONCELT023275.2	281	76	0.41837	11.425038719177245	-1	0.176896	noncoding
NONCELT023278.2	207	55	0.41272	5.285423851013182	-1	0.0221186	noncoding
NONCELT023294.2	338	56	0.43637	7.836599540710449	-1	0.0358375	noncoding
NONCELT023300.2	269	27	0.43376000000000003	9.522834587097169	1	0.0154445	noncoding
NONCELT023311.2	205	35	0.433	10.54859104156494	-1	0.103048	noncoding
NONCELT023337.2	292	42	0.38872	6.507575798034667	1	0.0148098	noncoding
NONCELT023338.2	217	38	0.38332	9.382809257507322	-1	0.0820727	noncoding
NONCELT023340.2	227	61	0.38199000000000005	10.255066490173338	1	0.0539258	noncoding
NONCELT023342.2	209	29	0.36902	9.992035484313966	-1	0.115263	noncoding
NONCELT023352.2	272	27	0.40168000000000004	11.875737190246582	-1	0.164403	noncoding
NONCELT023363.2	527	47	0.32907000000000003	5.193856239318847	1	0.0207247	noncoding
NONCELT023364.2	766	47	0.33831999999999995	5.193856239318847	1	0.0210928	noncoding
NONCELT023367.2	870	197	0.46695	9.223056602478025	1	0.997638	coding
NONCELT023368.2	274	52	0.43189	9.496402549743653	1	0.0555581	noncoding
NONCELT023375.2	204	12	0.46280999999999994	11.999967765808105	1	0.0190486	noncoding
NONCELT023376.2	262	26	0.36893999999999993	6.501948738098144	1	0.00510072	noncoding
NONCELT023378.2	254	29	0.3981	7.666750144958496	-1	0.0293927	noncoding
NONCELT023380.2	225	46	0.39053	9.515420722961426	1	0.026007	noncoding
NONCELT023384.2	336	50	0.38560000000000005	8.291552925109865	1	0.0231855	noncoding
NONCELT023397.2	586	69	0.35607	10.420943641662596	1	0.0586833	noncoding
NONCELT023398.2	640	56	0.25634	10.348803520202637	1	0.0360696	noncoding
NONCELT023411.2	756	126	0.45252000000000003	9.715014839172362	1	0.839009	coding
NONCELT023414.2	221	42	0.36963	11.275794410705569	1	0.0247174	noncoding
NONCELT023433.2	435	89	0.38134999999999997	5.490498924255371	1	0.260698	noncoding
NONCELT023434.2	603	94	0.44717	6.541963386535645	1	0.408088	noncoding
NONCELT023438.2	906	55	0.42596999999999996	10.173578453063964	1	0.0690781	noncoding
NONCELT023455.2	222	10	0.42203999999999997	8.344997215270997	1	0.00347539	noncoding
NONCELT023463.2	340	24	0.37981	4.434203147888184	1	0.0100037	noncoding
NONCELT023465.2	289	34	0.37004	4.556577491760254	-1	0.0147317	noncoding
NONCELT023467.2	208	30	0.34221999999999997	7.834665489196778	1	0.0061794	noncoding
NONCELT023468.2	223	36	0.3488	7.959089469909668	1	0.00858196	noncoding
NONCELT023476.2	213	33	0.39205999999999996	11.248395347595213	1	0.0200565	noncoding
NONCELT023479.2	209	31	0.34181	11.999967765808105	1	0.0152323	noncoding
NONCELT023481.2	340	30	0.3351	11.722947120666507	-1	0.191508	noncoding
NONCELT023486.2	224	18	0.45167	8.023364448547362	1	0.00634208	noncoding
NONCELT023488.2	241	25	0.37044	7.953480720520019	-1	0.043373	noncoding
NONCELT023489.2	249	0	0.4341	0.0	-1	0.0240882	noncoding
NONCELT023495.2	217	18	0.37966	7.954705619812011	1	0.00383685	noncoding
NONCELT023499.2	302	10	0.34271999999999997	9.496338081359863	1	0.00435625	noncoding
NONCELT023506.2	284	69	0.39632	10.116975212097167	-1	0.122791	noncoding
NONCELT023519.2	274	81	0.39019000000000004	10.04051570892334	-1	0.130505	noncoding
NONCELT023534.2	277	52	0.41065999999999997	9.486474418640139	1	0.0424818	noncoding
NONCELT023535.2	437	73	0.34625	10.354412269592284	1	0.0618908	noncoding
NONCELT023537.2	217	20	0.36282000000000003	11.012763404846194	1	0.0105848	noncoding
NONCELT023543.2	215	20	0.41696	10.277372550964351	1	0.0117032	noncoding
NONCELT023549.2	349	45	0.43742	10.664376258850098	1	0.0554006	noncoding
NONCELT023550.2	286	7	0.34902	5.75320873260498	1	1.00853e-05	noncoding
NONCELT023555.2	350	33	0.38042	7.958122444152832	1	0.00859661	noncoding
NONCELT023556.2	219	28	0.43732000000000004	5.988351631164551	-1	0.0152011	noncoding
NONCELT023557.2	220	21	0.42343000000000003	4.0500284194946286	-1	0.0136995	noncoding
NONCELT023558.2	210	39	0.35006000000000004	5.509881019592284	-1	0.0246726	noncoding
NONCELT023562.2	269	39	0.34177	6.038597297668456	1	0.0102542	noncoding
NONCELT023570.2	224	37	0.41772	5.002365684509278	1	0.0237751	noncoding
NONCELT023572.2	231	44	0.38327	9.185858345031736	1	0.0204442	noncoding
NONCELT023573.2	209	25	0.36041	7.9544477462768555	1	0.00515859	noncoding
NONCELT023583.2	210	19	0.4344	7.999446678161622	1	0.00580557	noncoding
NONCELT023589.2	225	0	0.45486	0.0	-1	0.0614008	noncoding
NONCELT023603.2	268	20	0.43831000000000003	11.834348487854005	1	0.0180127	noncoding
NONCELT023609.2	330	82	0.38920999999999994	11.539534568786621	-1	0.181702	noncoding
NONCELT023610.2	262	37	0.41907999999999995	9.494532966613772	-1	0.066693	noncoding
NONCELT023619.2	205	35	0.44370000000000004	5.582691764831543	1	0.0183443	noncoding
NONCELT023646.2	225	19	0.44394	7.9752710342407225	1	0.00622898	noncoding
NONCELT023652.2	273	59	0.37144	9.65402774810791	1	0.0408205	noncoding
NONCELT023653.2	231	48	0.45088000000000006	11.422459983825682	-1	0.15235	noncoding
NONCELT023662.2	222	22	0.36926000000000003	4.944674110412596	1	0.00623049	noncoding
NONCELT023663.2	294	19	0.40227	6.506041145324706	1	0.00408902	noncoding
NONCELT023684.2	225	16	0.4251500000000001	10.834379386901855	1	0.0121668	noncoding
NONCELT023685.2	205	29	0.43466000000000005	4.689353370666503	1	0.0187519	noncoding
NONCELT023689.2	224	1	0.3501	5.275022315979004	-1	0.0137361	noncoding
NONCELT023694.2	202	14	0.3272	10.318116569519038	1	0.00741495	noncoding
NONCELT023698.2	284	12	0.34557	5.8980913162231445	1	1.69076e-05	noncoding
NONCELT023717.2	276	25	0.3555	6.49035358428955	1	0.00457842	noncoding
NONCELT023718.2	203	16	0.48000000000000004	5.969367408752441	1	0.00439359	noncoding
NONCELT023723.2	415	11	0.37281000000000003	9.992422294616702	1	0.0055331	noncoding
NONCELT023741.2	585	86	0.37476	9.506330680847167	-1	0.120399	noncoding
NONCELT023749.2	426	47	0.44643	9.034228706359862	1	0.0453492	noncoding
NONCELT023750.2	485	47	0.46525999999999995	9.034228706359862	1	0.0586075	noncoding
NONCELT023767.2	229	26	0.32793	5.935377693176269	1	0.00518603	noncoding
NONCELT023768.2	284	29	0.40438999999999997	9.03442211151123	1	0.01089	noncoding
NONCELT023776.2	224	49	0.44928	6.085432624816893	-1	0.0220194	noncoding
NONCELT023778.2	1130	75	0.37386	11.568222999572757	1	0.0781039	noncoding
NONCELT023779.2	374	40	0.38997	9.236594963073731	1	0.0180012	noncoding
NONCELT023793.2	208	39	0.32779	9.508651542663575	-1	0.142456	noncoding
NONCELT023810.2	430	38	0.39035000000000003	8.536339378356931	1	0.0135596	noncoding
NONCELT023836.2	271	14	0.46336	11.712567710876463	1	0.0219319	noncoding
NONCELT023843.2	277	55	0.44487	9.695932197570801	1	0.0821371	noncoding
NONCELT023844.2	209	3	0.39014	5.275022315979004	1	1.0642e-05	noncoding
NONCELT023855.2	317	17	0.41735999999999995	11.711342811584473	-1	0.147196	noncoding
NONCELT023861.2	220	24	0.37468	6.037119483947753	1	0.00503101	noncoding
NONCELT023866.2	207	34	0.33599	4.635072135925292	-1	0.020203	noncoding
NONCELT023870.2	319	41	0.35729	10.294843482971189	1	0.020068	noncoding
NONCELT023871.2	1213	84	0.29502	9.840728187561034	1	0.0586002	noncoding
NONCELT023882.2	260	49	0.4198	8.885371208190918	1	0.0349435	noncoding
NONCELT023886.2	225	62	0.34049999999999997	7.8887544631957995	-1	0.0807341	noncoding
NONCELT023900.2	225	6	0.35687	8.500108146667483	1	1.69524e-05	noncoding
NONCELT023917.2	247	59	0.47387000000000007	10.167905235290526	-1	0.1023	noncoding
NONCELT023918.2	224	61	0.45691000000000004	10.015179634094238	-1	0.0973353	noncoding
NONCELT023919.2	212	38	0.38538	9.183859825134277	-1	0.0735136	noncoding
NONCELT023929.2	286	7	0.36582	8.500108146667483	-1	0.0524743	noncoding
NONCELT023936.2	1009	76	0.32665	7.965729713439941	1	0.0480294	noncoding
NONCELT023939.2	318	48	0.37998	10.303804588317867	1	0.0308546	noncoding
NONCELT023940.2	426	38	0.35772000000000004	9.034937858581543	1	0.0126237	noncoding
NONCELT023942.2	1706	59	0.27623	9.624114418029784	-1	0.176798	noncoding
NONCELT023943.2	770	21	0.29359999999999997	8.500108146667483	1	0.00574225	noncoding
NONCELT023946.2	224	20	0.4088	10.060178565979005	1	0.0101711	noncoding
NONCELT023949.2	270	53	0.38526	9.782319831848142	1	0.0364147	noncoding
NONCELT023953.2	414	49	0.36355	6.357122993469238	-1	0.0316213	noncoding
NONCELT023954.2	513	171	0.34750000000000003	10.326110649108884	1	0.731505	coding
NONCELT023965.2	714	67	0.37968	6.54389591217041	1	0.0568916	noncoding
NONCELT023966.2	2065	77	0.29294	10.04470615386963	1	0.0487366	noncoding
NONCELT023971.2	290	32	0.38598	10.739352989196778	-1	0.135698	noncoding
NONCELT023976.2	1158	139	0.34113000000000004	9.940138435363771	1	0.436041	noncoding
NONCELT023977.2	474	92	0.45592	6.044679069519043	1	0.423931	noncoding
NONCELT023980.2	225	24	0.38317999999999997	9.602904319763184	1	0.00895172	noncoding
NONCELT023985.2	243	3	0.36178999999999994	4.29813060760498	-1	0.00873222	noncoding
NONCELT023986.2	454	69	0.38870000000000005	8.989358711242676	1	0.0687067	noncoding
NONCELT023994.2	209	0	0.38553	0.0	-1	1.58282e-05	noncoding
NONCELT023997.2	212	28	0.37708	11.999967765808105	-1	0.177742	noncoding
NONCELT024006.2	285	20	0.40387999999999996	10.036647605895993	-1	0.0847092	noncoding
NONCELT024009.1	557	33	0.37347	5.956862831115722	1	0.00869529	noncoding
NONCELT024010.1	268	39	0.37099	10.289105796813963	-1	0.131181	noncoding
NONCELT024011.1	364	65	0.38336	11.999967765808105	-1	0.179727	noncoding
NONCELT024014.1	445	93	0.44892	8.743927574157716	-1	0.0791185	noncoding
NONCELT024015.1	445	43	0.44994999999999996	11.785610389709475	1	0.0620861	noncoding
NONCELT024016.1	432	43	0.42303	11.785610389709475	1	0.0391917	noncoding
NONCELT024017.1	432	43	0.42303	11.785610389709475	1	0.0391917	noncoding
NONCELT024018.1	2969	131	0.30003	9.813264656066895	1	0.217864	noncoding
NONCELT024019.1	2969	131	0.30003	9.813264656066895	1	0.217864	noncoding
NONCELT024020.1	465	35	0.33489	9.693869209289552	1	0.0126405	noncoding
NONCELT024021.1	465	35	0.33953	9.693869209289552	1	0.0127423	noncoding
NONCELT024022.1	449	68	0.41086999999999996	7.847043418884278	1	0.0749274	noncoding
NONCELT024023.1	4183	131	0.30379	10.226055717468263	1	0.216412	noncoding
NONCELT024024.1	1530	46	0.26684	9.300805473327635	1	0.0198615	noncoding
NONCELT024025.1	1530	45	0.26684	8.120002555847169	1	0.0160965	noncoding
NONCELT024026.1	2364	66	0.32252000000000003	9.7418981552124	1	0.0379644	noncoding
NONCELT024027.1	2210	66	0.36189	9.7418981552124	1	0.051027	noncoding
NONCELT024028.1	519	66	0.36966	9.7418981552124	1	0.054921	noncoding
NONCELT024029.1	519	66	0.40410999999999997	9.7418981552124	1	0.0804014	noncoding
NONCELT024030.1	1137	71	0.33066999999999996	9.77619533538818	1	0.0479493	noncoding
NONCELT024031.1	208	25	0.42122	8.365369224548342	1	0.00818351	noncoding
NONCELT024032.1	208	2	0.43144999999999994	5.27274875640869	-1	0.00932285	noncoding
NONCELT024033.1	561	113	0.33379	8.759980201721191	-1	0.139477	noncoding
NONCELT024034.1	567	108	0.32763	8.759980201721191	-1	0.141677	noncoding
NONCELT024036.1	861	68	0.29027	8.1404390335083	1	0.0307422	noncoding
NONCELT024038.1	744	150	0.37519	6.295623207092285	1	0.89151	coding
NONCELT024039.1	501	156	0.43027	9.779289817810056	1	0.937725	coding
NONCELT024040.1	533	27	0.4381	6.5283220291137685	1	0.00846966	noncoding
NONCELT024042.1	287	21	0.33242	10.637106132507324	1	0.0102701	noncoding
NONCELT024043.1	224	33	0.28252	10.024334144592284	1	0.0151638	noncoding
NONCELT024044.1	361	74	0.33755999999999997	8.689903068542481	1	0.0497439	noncoding
NONCELT024047.1	1045	224	0.49215	6.828034019470215	1	0.999731	coding
NONCELT024048.1	209	17	0.36115	9.102178382873536	-1	0.0801765	noncoding
NONCELT024050.1	685	75	0.45033	6.25236873626709	1	0.180004	noncoding
NONCELT024052.1	403	57	0.29272	10.2276029586792	1	0.0290787	noncoding
NONCELT024053.1	403	26	0.33884000000000003	6.013872337341308	1	0.0050381	noncoding
NONCELT024055.1	960	135	0.37142	8.907419395446777	-1	0.136193	noncoding
NONCELT024057.1	922	43	0.34535000000000005	11.422459983825682	1	0.0232576	noncoding
NONCELT024058.1	922	43	0.34535000000000005	11.422459983825682	1	0.0232576	noncoding
NONCELT024059.1	398	20	0.40295000000000003	9.187405586242676	1	0.00711818	noncoding
NONCELT024060.1	398	20	0.44084	9.187405586242676	1	0.0100188	noncoding
NONCELT024061.1	348	59	0.34970999999999997	9.747571372985838	-1	0.13549	noncoding
NONCELT024062.1	348	61	0.34812	10.051862144470213	-1	0.149179	noncoding
NONCELT024063.1	855	54	0.31248000000000004	10.299936485290523	1	0.0272943	noncoding
NONCELT024064.1	855	54	0.3536	10.299936485290523	1	0.0324689	noncoding
NONCELT024065.1	3224	77	0.28994000000000003	10.582630348205566	1	0.0508651	noncoding
NONCELT024066.1	3224	77	0.28994000000000003	10.582630348205566	1	0.0508651	noncoding
NONCELT024069.1	3317	104	0.28458000000000006	9.356506156921387	1	0.0957237	noncoding
NONCELT024070.1	3317	104	0.28458000000000006	9.356506156921387	1	0.0957237	noncoding
NONCELT024072.1	802	126	0.37881000000000004	7.15269832611084	1	0.602408	coding
NONCELT024073.1	1352	70	0.43164	7.884821891784668	1	0.105418	noncoding
NONCELT024074.1	3208	77	0.31228	11.35895862579346	1	0.0542725	noncoding
NONCELT024075.1	3208	88	0.31228	8.858230018615721	1	0.0702031	noncoding
NONCELT024079.1	479	60	0.28411000000000003	9.300160789489745	1	0.0266587	noncoding
NONCELT024080.1	479	20	0.25541	9.303577613830566	1	0.012012	noncoding
NONCELT024081.1	254	10	0.44229	9.519997978210448	-1	0.0463023	noncoding
NONCELT024082.1	659	34	0.31891	4.584314918518066	1	0.0137844	noncoding
NONCELT024083.1	507	38	0.35031999999999996	11.999967765808105	-1	0.183576	noncoding
NONCELT024084.1	256	26	0.34531	5.2738855361938475	1	0.00624658	noncoding
NONCELT024086.1	252	18	0.41259999999999997	4.427268791198731	1	0.00919199	noncoding
NONCELT024087.1	252	21	0.48313	5.538641548156736	1	0.00632804	noncoding
NONCELT024088.1	616	46	0.44877999999999996	5.194140434265136	1	0.0451177	noncoding
NONCELT024089.1	616	74	0.36412	9.101404762268068	-1	0.10554	noncoding
NONCELT024090.1	201	33	0.39053	5.937139701843263	1	0.00992447	noncoding
NONCELT024091.1	327	89	0.39087	9.469648170471192	1	0.17904	noncoding
NONCELT024092.1	791	55	0.38051	10.187568092346194	1	0.0409266	noncoding
NONCELT024093.1	791	55	0.31587	10.187568092346194	1	0.027757	noncoding
NONCELT024095.1	2137	67	0.31977	10.11259136199951	1	0.0408839	noncoding
NONCELT024096.1	289	32	0.44116999999999995	10.708408164978025	1	0.0317134	noncoding
NONCELT024097.1	289	31	0.43119999999999997	10.708408164978025	1	0.0261208	noncoding
NONCELT024098.1	279	23	0.41852999999999996	7.999059867858887	1	0.00648189	noncoding
NONCELT024099.1	279	34	0.4223	10.93997859954834	1	0.0276613	noncoding
NONCELT024100.1	568	16	0.27883	5.272294044494628	1	0.00712014	noncoding
NONCELT024101.1	568	26	0.28048	10.171064186096192	1	0.0135689	noncoding
NONCELT024102.1	631	37	0.35816	10.583210563659666	1	0.018316	noncoding
NONCELT024103.1	631	37	0.3656	10.583210563659666	1	0.0188917	noncoding
NONCELT024104.1	878	67	0.35068	8.957060050964355	1	0.0427077	noncoding
NONCELT024105.1	878	67	0.36866	8.957060050964355	1	0.0504048	noncoding
NONCELT024106.1	448	22	0.38167999999999996	5.587466239929199	1	0.00525615	noncoding
NONCELT024107.1	448	22	0.38167999999999996	5.587466239929199	1	0.00525615	noncoding
NONCELT024108.1	232	30	0.41948	11.722947120666507	1	0.0219864	noncoding
NONCELT024109.1	232	30	0.41332	11.722947120666507	1	0.020531	noncoding
NONCELT024110.1	970	38	0.32157	9.492727851867677	1	0.0131302	noncoding
NONCELT024111.1	970	38	0.32157	9.492727851867677	1	0.0131302	noncoding
NONCELT024112.1	1275	69	0.33072999999999997	9.21860828399658	1	0.0411683	noncoding
NONCELT024113.1	1275	69	0.33072999999999997	9.21860828399658	1	0.0411683	noncoding
NONCELT024114.1	2282	129	0.43827	9.116425895690917	1	0.814241	coding
NONCELT024115.1	357	31	0.33555999999999997	10.379877281188964	1	0.0134031	noncoding
NONCELT024116.1	357	68	0.30299	9.921829414367675	1	0.0381942	noncoding
NONCELT024117.1	246	29	0.39249999999999996	8.841919517517091	1	0.00939228	noncoding
NONCELT024118.1	246	31	0.41148	7.8138422012329105	1	0.00938569	noncoding
NONCELT024120.1	2959	83	0.32677	9.547719383239745	1	0.0693583	noncoding
NONCELT024121.1	2959	83	0.35772000000000004	9.547719383239745	1	0.0948083	noncoding
NONCELT024123.1	1549	336	0.4337500000000001	6.3476877212524405	1	1	coding
NONCELT024125.1	1613	109	0.48236	5.387961387634278	1	0.726967	coding
NONCELT024126.1	1013	35	0.44403	4.628478813171387	1	0.0299056	noncoding
NONCELT024127.1	3916	345	0.40991	6.791657066345214	1	0.999999	coding
NONCELT024128.1	882	77	0.30800000000000005	10.039419746398927	1	0.0519747	noncoding
NONCELT024129.1	210	41	0.44831	4.9627489089965815	1	0.0366693	noncoding
NONCELT024130.1	368	15	0.38186	11.165940284729004	-1	0.150586	noncoding
NONCELT024131.1	368	29	0.3482	9.778967475891111	1	0.0104928	noncoding
NONCELT024132.1	507	28	0.47122	11.999967765808105	1	0.0485885	noncoding
NONCELT024133.1	1739	97	0.37944	9.258965492248535	1	0.210272	noncoding
NONCELT024134.1	1739	97	0.38948	9.258965492248535	1	0.238404	noncoding
NONCELT024135.1	244	12	0.40156000000000003	8.344997215270997	1	0.00342462	noncoding
NONCELT024136.1	244	22	0.3891	5.75320873260498	1	0.00525128	noncoding
NONCELT024137.1	927	99	0.37564	6.574191093444825	1	0.26968	noncoding
NONCELT024138.1	279	15	0.42092999999999997	8.496433448791507	1	0.00482648	noncoding
NONCELT024139.1	279	15	0.40935	8.496433448791507	1	0.00444797	noncoding
NONCELT024140.1	299	27	0.39459	6.51973934173584	1	0.00630943	noncoding
NONCELT024141.1	302	27	0.36737	6.51973934173584	1	0.00535091	noncoding
NONCELT024142.1	412	43	0.3107	5.208691215515136	1	0.017425	noncoding
NONCELT024143.1	302	25	0.22328	9.628304862976073	1	0.033888	noncoding
NONCELT024144.1	302	25	0.22328	9.187405586242676	1	0.0295177	noncoding
NONCELT024145.1	1059	119	0.34928000000000003	9.746024131774899	1	0.296575	noncoding
NONCELT024146.1	1059	119	0.35416000000000003	9.746024131774899	1	0.315364	noncoding
NONCELT024147.1	520	57	0.35049	9.339357566833495	1	0.029831	noncoding
NONCELT024148.1	520	57	0.37099000000000004	9.339357566833495	1	0.0350294	noncoding
NONCELT024149.1	348	55	0.41176999999999997	10.160878181457516	-1	0.107974	noncoding
NONCELT024150.1	348	58	0.40561	10.533698844909669	-1	0.129669	noncoding
NONCELT024151.1	714	48	0.30162	9.39608974456787	1	0.0181732	noncoding
NONCELT024152.1	714	48	0.32293000000000005	10.407856559753416	1	0.0235403	noncoding
NONCELT024153.1	459	61	0.3489	9.098697090148928	1	0.0333405	noncoding
NONCELT024154.1	459	61	0.37429	9.048347282409669	1	0.041014	noncoding
NONCELT024156.1	1623	57	0.32979	4.233277320861816	1	0.0596098	noncoding
NONCELT024157.1	1623	54	0.28415	9.689420890808105	1	0.0242449	noncoding
NONCELT024158.1	957	140	0.38841	6.887828636169434	1	0.81841	coding
NONCELT024159.1	957	60	0.27435000000000004	9.252131843566893	1	0.027354	noncoding
NONCELT024160.1	753	176	0.44450999999999996	9.063432884216308	-1	0.208777	noncoding
NONCELT024161.1	2117	57	0.28726	8.906645774841309	1	0.0225447	noncoding
NONCELT024162.1	2117	57	0.29191	8.906645774841309	1	0.0223515	noncoding
NONCELT024163.1	2767	451	0.41820999999999997	4.095329093933105	-1	0.975221	coding
NONCELT024164.1	406	58	0.40671999999999997	4.260105323791504	-1	0.0230057	noncoding
NONCELT024166.1	302	24	0.40039	5.713421440124511	1	0.00654478	noncoding
NONCELT024167.1	302	25	0.41861000000000004	9.40028018951416	1	0.0113228	noncoding
NONCELT024168.1	306	85	0.42961	9.49111614227295	1	0.25228	noncoding
NONCELT024169.1	306	56	0.4065	5.3375452041625975	-1	0.0223395	noncoding
NONCELT024170.1	1613	67	0.36432	11.319439506530763	1	0.0573008	noncoding
NONCELT024171.1	1613	67	0.31455	11.319439506530763	1	0.0427538	noncoding
NONCELT024173.1	514	105	0.39210999999999996	9.782319831848142	1	0.327868	noncoding
NONCELT024175.1	278	31	0.44123	11.000256538391113	1	0.0316899	noncoding
NONCELT024176.1	278	16	0.37858	4.352013969421387	1	0.00620532	noncoding
NONCELT024177.1	400	37	0.32645	5.052213478088378	1	0.012702	noncoding
NONCELT024178.1	822	42	0.28876	9.782061958312983	1	0.0173284	noncoding
NONCELT024180.1	2728	40	0.23537	8.61163845062256	1	0.0257416	noncoding
NONCELT024181.1	2728	40	0.23537	8.61163845062256	1	0.0257416	noncoding
NONCELT024182.1	416	35	0.49059	9.99261569976807	1	0.0722944	noncoding
NONCELT024183.1	416	35	0.4528	9.99261569976807	1	0.0363934	noncoding
NONCELT024184.1	866	28	0.30151	7.916604804992676	1	0.00620938	noncoding
NONCELT024185.1	866	32	0.30616	9.693869209289552	1	0.0115959	noncoding
NONCELT024187.1	1344	146	0.44843000000000005	9.175736808776854	1	0.934864	coding
NONCELT024188.1	2675	62	0.31604	9.761883354187013	1	0.0322081	noncoding
NONCELT024189.1	2675	62	0.28686000000000006	9.761883354187013	1	0.0306381	noncoding
NONCELT024190.1	412	15	0.31553	5.2226167678832995	1	0.00377563	noncoding
NONCELT024191.1	412	15	0.30619	8.366465187072755	1	0.00398963	noncoding
NONCELT024193.1	386	37	0.37024999999999997	7.9547700881958	1	0.00997199	noncoding
NONCELT024194.1	3548	68	0.28498	6.887317085266114	1	0.0363289	noncoding
NONCELT024195.1	3548	68	0.31601	6.887317085266114	1	0.0350331	noncoding
NONCELT024196.1	440	11	0.30032000000000003	4.0500284194946286	1	0.00639314	noncoding
NONCELT024197.1	440	21	0.38729	6.505643272399902	1	0.00420645	noncoding
NONCELT024198.1	265	16	0.38114	11.263738822937015	1	0.00969027	noncoding
NONCELT024199.1	267	45	0.33602	7.981008720397949	1	0.0126359	noncoding
NONCELT024200.1	454	79	0.39055	9.919573020935058	1	0.122116	noncoding
NONCELT024201.1	454	47	0.40623	9.997450828552246	1	0.0356712	noncoding
NONCELT024202.1	219	56	0.43104000000000003	9.509683036804201	1	0.0674847	noncoding
NONCELT024203.1	219	26	0.36972	11.000127601623536	-1	0.158076	noncoding
NONCELT024204.1	403	27	0.28822000000000003	7.846334266662598	1	0.00656099	noncoding
NONCELT024205.1	1517	190	0.43424	4.700778007507323	1	0.999082	coding
NONCELT024206.1	232	12	0.32536	4.0500284194946286	1	0.00496357	noncoding
NONCELT024207.1	234	25	0.42984999999999995	11.333622550964353	1	0.020739	noncoding
NONCELT024212.1	1416	220	0.47424	9.69677028656006	1	0.999458	coding
NONCELT024214.1	2217	436	0.43415	6.278457832336425	1	1	coding
NONCELT024217.1	1414	137	0.30176000000000003	9.691548347473145	-1	0.162182	noncoding
NONCELT024219.1	1105	57	0.34192999999999996	8.57579402923584	1	0.0244258	noncoding
NONCELT024220.1	1105	57	0.32467999999999997	8.57579402923584	1	0.022342	noncoding
NONCELT024221.1	2329	95	0.33286	10.01982135772705	1	0.11311	noncoding
NONCELT024222.1	451	76	0.43341999999999997	10.381811332702636	1	0.201481	noncoding
NONCELT024224.1	2394	75	0.28742	7.703638648986817	1	0.0408207	noncoding
NONCELT024225.1	2394	75	0.28742	7.703638648986817	1	0.0408207	noncoding
NONCELT024227.1	300	55	0.40835	9.566930961608886	1	0.0487813	noncoding
NONCELT024228.1	300	55	0.40037999999999996	9.566930961608886	1	0.0445776	noncoding
NONCELT024229.1	1378	448	0.47217000000000003	5.253991889953612	-1	0.977301	coding
NONCELT024231.1	305	59	0.46526	11.58659648895264	1	0.17708	noncoding
NONCELT024232.1	305	51	0.46022	10.728715705871583	1	0.111207	noncoding
NONCELT024233.1	1000	156	0.46383	9.218350410461426	1	0.972662	coding
NONCELT024234.1	375	54	0.42412	5.818005180358887	1	0.0506496	noncoding
NONCELT024235.1	548	82	0.33755999999999997	10.28646259307861	1	0.0776591	noncoding
NONCELT024236.1	548	61	0.40771	9.899716758728026	1	0.0685222	noncoding
NONCELT024237.1	1790	169	0.44918	5.912073707580566	-1	0.152503	noncoding
NONCELT024238.1	494	94	0.29103999999999997	6.798705101013183	1	0.104212	noncoding
NONCELT024239.1	494	38	0.33107999999999993	9.779160881042479	1	0.014439	noncoding
NONCELT024240.1	1077	294	0.43064	10.127032279968262	-1	0.478975	noncoding
NONCELT024242.1	363	118	0.44813	8.092023277282717	-1	0.0865428	noncoding
NONCELT024246.1	245	28	0.34575999999999996	5.876663017272949	-1	0.0260495	noncoding
NONCELT024247.1	245	38	0.34657	9.690710258483886	-1	0.128728	noncoding
NONCELT024248.1	1139	150	0.45642	9.983590126037598	1	0.953916	coding
NONCELT024251.1	360	26	0.33186	9.303642082214353	1	0.0078005	noncoding
NONCELT024252.1	360	26	0.34809	9.303642082214353	1	0.00787253	noncoding
NONCELT024253.1	897	47	0.30372	10.101373863220214	1	0.0210466	noncoding
NONCELT024254.1	723	121	0.41770999999999997	6.065197944641112	-1	0.0642426	noncoding
NONCELT024255.1	220	45	0.47015999999999997	9.032939338684084	-1	0.0493653	noncoding
NONCELT024256.1	304	52	0.42210000000000003	9.841888618469238	1	0.0530441	noncoding
NONCELT024259.1	227	39	0.4577	4.996852302551268	-1	0.0207501	noncoding
NONCELT024261.1	525	94	0.42799	6.808310890197753	-1	0.0467872	noncoding
NONCELT024262.1	503	94	0.44277999999999995	6.808310890197753	-1	0.0474325	noncoding
NONCELT024263.1	523	94	0.43818	6.808310890197753	-1	0.0471564	noncoding
NONCELT024264.1	503	58	0.36779000000000006	11.000063133239745	1	0.0440147	noncoding
NONCELT024265.1	503	58	0.40586999999999995	11.000063133239745	1	0.0645538	noncoding
NONCELT024268.1	1642	526	0.43751999999999996	9.647516441345214	-1	0.910571	coding
NONCELT024269.1	1315	417	0.44283	8.426872062683106	-1	0.82783	coding
NONCELT024270.1	223	23	0.42813999999999997	11.000127601623536	-1	0.116706	noncoding
NONCELT024271.1	633	116	0.47908	7.874249076843262	1	0.778478	coding
NONCELT024272.1	633	116	0.47879	7.874249076843262	1	0.778004	coding
NONCELT024273.1	500	24	0.43762000000000006	5.752469825744629	1	0.00819697	noncoding
NONCELT024274.1	447	24	0.36828	5.752469825744629	1	0.00520601	noncoding
NONCELT024275.1	393	24	0.42391	5.752469825744629	1	0.00762643	noncoding
NONCELT024276.1	356	7	0.31348	8.500108146667483	1	0.00288571	noncoding
NONCELT024277.1	824	157	0.42923999999999995	9.229632377624512	1	0.941077	coding
NONCELT024278.1	899	115	0.39227000000000006	9.359278297424318	1	0.44572	noncoding
NONCELT024279.1	1197	267	0.38408000000000003	9.819066810607907	1	0.998694	coding
NONCELT024282.1	656	25	0.36824	6.804616355895996	-1	0.0267836	noncoding
NONCELT024283.1	262	18	0.44544999999999996	5.114906883239747	1	0.00726687	noncoding
NONCELT024284.1	256	58	0.42030999999999996	6.045645332336425	1	0.0579813	noncoding
NONCELT024285.1	211	24	0.39061	11.21964244842529	1	0.0137933	noncoding
NONCELT024286.1	392	32	0.27325	6.800864982604979	1	0.00988439	noncoding
NONCELT024287.1	1843	66	0.29368	9.09850368499756	1	0.0309663	noncoding
NONCELT024288.1	315	34	0.32279	11.999967765808105	1	0.017435	noncoding
NONCELT024289.1	1242	102	0.41093999999999997	10.60925579071045	1	0.363182	noncoding
NONCELT024290.1	1749	90	0.31829	10.30309543609619	1	0.0838748	noncoding
NONCELT024291.1	496	48	0.37982000000000005	11.999967765808105	1	0.0285227	noncoding
NONCELT024292.1	286	11	0.39666	8.500108146667483	-1	0.0372004	noncoding
NONCELT024293.1	286	62	0.42985999999999996	6.229178428649903	1	0.0756449	noncoding
NONCELT024294.1	286	62	0.35619999999999996	6.705659675598144	1	0.0336852	noncoding
NONCELT024295.1	333	59	0.34674	10.407921028137206	1	0.0379265	noncoding
NONCELT024296.1	291	49	0.41967000000000004	6.695826530456543	1	0.0287297	noncoding
NONCELT024297.1	291	76	0.41426	8.83798694610596	1	0.128202	noncoding
NONCELT024298.1	703	154	0.38798999999999995	9.801789283752441	1	0.819681	coding
NONCELT024302.1	1299	107	0.46458	7.1396821975708	1	0.624537	coding
NONCELT024304.1	247	37	0.40762999999999994	9.694256019592284	1	0.0206658	noncoding
NONCELT024305.1	631	71	0.46212000000000003	9.346320152282715	1	0.211045	noncoding
NONCELT024306.1	787	46	0.34237	4.196388816833497	1	0.0337873	noncoding
NONCELT024308.1	323	37	0.46181	4.493088340759278	1	0.0358532	noncoding
NONCELT024310.1	1724	196	0.39809	7.700285148620606	1	0.990165	coding
NONCELT024312.1	748	24	0.31033	9.961606407165526	1	0.0096694	noncoding
NONCELT024313.1	748	53	0.33591	8.892011451721192	1	0.0210963	noncoding
NONCELT024314.1	270	22	0.34604999999999997	5.8949083328247065	1	0.00415578	noncoding
NONCELT024315.1	270	20	0.33829999999999993	10.347191810607907	1	0.00897272	noncoding
NONCELT024316.1	437	78	0.34132999999999997	9.991777610778808	-1	0.156627	noncoding
NONCELT024318.1	1040	161	0.44653000000000004	8.691192436218262	1	0.970101	coding
NONCELT024319.1	1034	159	0.44188	8.691192436218262	1	0.962837	coding
NONCELT024320.1	473	24	0.28234000000000004	9.500012779235842	1	0.00980851	noncoding
NONCELT024321.1	364	43	0.41542999999999997	9.300160789489745	1	0.027111	noncoding
NONCELT024322.1	424	92	0.38599	10.325981712341306	1	0.192635	noncoding
NONCELT024323.1	605	69	0.37566	9.517548179626463	1	0.0642635	noncoding
NONCELT024325.1	215	0	0.36180999999999996	0.0	-1	2.53011e-06	noncoding
NONCELT024327.1	1072	134	0.32538	7.671297264099122	1	0.422926	noncoding
NONCELT024328.1	1185	113	0.39931	9.3911901473999	1	0.454266	noncoding
NONCELT024329.1	1199	157	0.41170999999999996	9.465844535827639	1	0.911931	coding
NONCELT024330.1	677	115	0.44489	9.33420009613037	1	0.699013	coding
NONCELT024331.1	726	115	0.45919	9.33420009613037	1	0.758363	coding
NONCELT024332.1	259	27	0.39217	10.346933937072752	1	0.0136225	noncoding
NONCELT024333.1	259	13	0.4127	5.837444114685058	-1	0.0118824	noncoding
NONCELT024334.1	982	280	0.43698	5.3208345413208	1	0.999996	coding
NONCELT024335.1	631	169	0.46321	9.816036796569822	1	0.986622	coding
NONCELT024336.1	792	202	0.42484	9.231437492370606	1	0.994186	coding
NONCELT024337.1	268	5	0.44438	5.275022315979004	1	0.00280689	noncoding
NONCELT024341.1	617	71	0.41628	5.548872566223144	1	0.144927	noncoding
NONCELT024342.1	277	17	0.36624	11.999967765808105	1	0.00961234	noncoding
NONCELT024343.1	277	20	0.41042	11.000063133239745	1	0.0130552	noncoding
NONCELT024344.1	427	39	0.42141999999999996	6.49791316986084	1	0.0162298	noncoding
NONCELT024345.1	652	143	0.46219	6.816836738586425	1	0.943683	coding
NONCELT024346.1	2234	168	0.40188	9.955352973937988	1	0.92481	coding
NONCELT024347.1	480	27	0.48026	6.688437461853028	1	0.00926236	noncoding
NONCELT024348.1	594	146	0.36939	9.582403373718261	1	0.677192	coding
NONCELT024349.1	2246	48	0.30693000000000004	9.46449069976807	1	0.0184534	noncoding
NONCELT024350.1	2246	35	0.30693000000000004	8.884790992736818	1	0.00996169	noncoding
NONCELT024351.1	439	29	0.35713	8.363950920104983	1	0.00686657	noncoding
NONCELT024352.1	829	80	0.3322	10.369239997863769	1	0.069494	noncoding
NONCELT024354.1	882	30	0.27275	9.822096824645993	1	0.0143523	noncoding
NONCELT024355.1	672	58	0.3719	5.051986122131347	1	0.0542694	noncoding
NONCELT024356.1	515	54	0.37807	5.051986122131347	-1	0.021606	noncoding
NONCELT024357.1	405	45	0.34138	11.82919101715088	1	0.0234292	noncoding
NONCELT024358.1	1120	178	0.37909	8.117939567565916	1	0.948125	coding
NONCELT024360.1	246	46	0.43681999999999993	6.811152839660645	-1	0.0229629	noncoding
NONCELT024361.1	1173	87	0.45858	9.236852836608886	1	0.377135	noncoding
NONCELT024362.1	304	19	0.42877	9.697028160095215	1	0.010211	noncoding
NONCELT024363.1	802	23	0.3195	9.261608695983885	1	0.00697292	noncoding
NONCELT024364.1	351	60	0.37375	4.635583686828612	1	0.0779736	noncoding
NONCELT024365.1	351	60	0.38914000000000004	4.635583686828612	1	0.0928606	noncoding
NONCELT024367.1	256	44	0.44825	9.862647438049319	1	0.0518188	noncoding
NONCELT024369.1	479	31	0.3417	9.997450828552246	1	0.0120438	noncoding
NONCELT024370.1	479	31	0.30466000000000004	9.997450828552246	1	0.0125003	noncoding
NONCELT024371.1	1499	256	0.44469000000000003	8.052697563171385	-1	0.3787	noncoding
NONCELT024372.1	229	7	0.31776	5.75320873260498	1	1.31835e-05	noncoding
NONCELT024373.1	374	25	0.37744	9.42980670928955	-1	0.0818598	noncoding
NONCELT024374.1	374	33	0.38732	9.899652290344235	-1	0.0973371	noncoding
NONCELT024376.1	774	178	0.39477	9.519095420837402	1	0.947235	coding
NONCELT024378.1	349	54	0.31095	9.594974708557128	1	0.0234166	noncoding
NONCELT024381.1	1017	144	0.4314	7.788119316101073	-1	0.108019	noncoding
NONCELT024382.1	449	53	0.48462	5.214431953430174	-1	0.0273159	noncoding
NONCELT024383.1	1104	259	0.44469000000000003	9.526960563659667	-1	0.427656	noncoding
NONCELT024385.1	380	72	0.3563	8.362661552429202	1	0.0524944	noncoding
NONCELT024386.1	380	65	0.33274000000000004	7.718303108215332	1	0.0306765	noncoding
NONCELT024387.1	257	35	0.31568	6.4798383712768555	1	0.00774548	noncoding
NONCELT024388.1	257	70	0.41338	4.351445579528809	1	0.248832	noncoding
NONCELT024389.1	269	30	0.40710999999999997	10.90323162078857	1	0.0195144	noncoding
NONCELT024390.1	269	14	0.38616999999999996	7.846914482116699	1	0.00309244	noncoding
NONCELT024391.1	952	55	0.36097	9.097343254089356	1	0.0281056	noncoding
NONCELT024392.1	524	124	0.42684000000000005	4.0500284194946286	1	0.950342	coding
NONCELT024393.1	288	0	0.40834000000000004	0.0	-1	0.00669458	noncoding
NONCELT024394.1	305	35	0.35007	8.841919517517091	1	0.0101228	noncoding
NONCELT024395.1	229	8	0.35012	8.497787284851075	1	0.00261664	noncoding
NONCELT024396.1	229	18	0.41711	8.494177055358886	1	0.00554886	noncoding
NONCELT024397.1	356	46	0.44673000000000007	11.459787178039551	1	0.0700813	noncoding
NONCELT024398.1	356	46	0.47097000000000006	11.459787178039551	1	0.117071	noncoding
NONCELT024400.1	592	58	0.35919999999999996	6.008131599426269	1	0.0327169	noncoding
NONCELT024401.1	871	206	0.39398	6.488989448547363	1	0.996928	coding
NONCELT024402.1	273	88	0.44547	9.951226997375485	-1	0.122123	noncoding
NONCELT024403.1	273	26	0.34752	9.788444328308103	1	0.00931831	noncoding
NONCELT024404.1	451	65	0.43861	4.328709983825685	1	0.228617	noncoding
NONCELT024405.1	451	18	0.43838	5.274794960021972	1	0.0066375	noncoding
NONCELT024407.1	481	99	0.36034	9.070588874816895	1	0.178172	noncoding
NONCELT024410.1	212	8	0.30899	4.0500284194946286	1	0.00467638	noncoding
NONCELT024411.1	988	46	0.39204	9.430902671813964	1	0.0258117	noncoding
NONCELT024412.1	988	40	0.33106	9.698317527770996	-1	0.146613	noncoding
NONCELT024413.1	300	0	0.41216	0.0	-1	0.00809389	noncoding
NONCELT024414.1	1410	101	0.27435000000000004	9.356699562072755	1	0.0842465	noncoding
NONCELT024415.1	231	6	0.38173999999999997	8.521060371398928	-1	0.0426896	noncoding
NONCELT024416.1	224	21	0.4326	11.999967765808105	-1	0.152317	noncoding
NONCELT024417.1	297	10	0.35226	10.834379386901855	1	0.00710072	noncoding
NONCELT024418.1	220	40	0.3007	11.101214027404783	1	0.0217179	noncoding
NONCELT024419.1	894	74	0.30781	6.188879585266113	1	0.0550399	noncoding
NONCELT024420.1	236	25	0.43966	11.006445503234861	1	0.0232507	noncoding
NONCELT024421.1	731	93	0.36656	10.770491218566896	1	0.151761	noncoding
NONCELT024422.1	372	46	0.34909	6.892148399353029	1	0.0134641	noncoding
NONCELT024423.1	1542	62	0.35022	9.071555900573731	1	0.0349771	noncoding
NONCELT024424.1	270	32	0.40062	9.49653148651123	1	0.0142772	noncoding
NONCELT024425.1	354	27	0.35123000000000004	8.538402366638184	1	0.00644888	noncoding
NONCELT024426.1	1410	61	0.33728	8.931272697448733	1	0.0298663	noncoding
NONCELT024427.1	355	38	0.39243000000000006	8.609253120422366	1	0.0140284	noncoding
NONCELT024428.1	355	38	0.38948000000000005	8.609253120422366	1	0.013712	noncoding
NONCELT024433.1	280	6	0.35566	11.999967765808105	1	0.00695399	noncoding
NONCELT024434.1	280	13	0.37151	5.2226167678832995	1	0.00322387	noncoding
NONCELT024435.1	281	17	0.35684000000000005	5.584737968444824	1	0.00343663	noncoding
NONCELT024436.1	281	17	0.3974	5.584737968444824	1	0.0042921	noncoding
NONCELT024437.1	281	7	0.40572	11.000256538391113	1	0.00708927	noncoding
NONCELT024438.1	1710	75	0.35370999999999997	6.244411277770996	1	0.0729623	noncoding
NONCELT024440.1	2828	73	0.26458000000000004	9.513293266296387	1	0.0419883	noncoding
NONCELT024441.1	2828	73	0.24797	9.513293266296387	1	0.0479279	noncoding
NONCELT024442.1	241	36	0.39267	10.060243034362792	-1	0.102073	noncoding
NONCELT024443.1	241	28	0.37599000000000005	10.480447959899902	-1	0.130631	noncoding
NONCELT024444.1	1468	138	0.39854999999999996	11.999967765808105	1	0.527152	coding
NONCELT024445.1	1510	274	0.47184000000000004	8.538015556335449	1	0.999981	coding
NONCELT024446.1	232	32	0.40105	11.453146934509277	1	0.020516	noncoding
NONCELT024447.1	232	53	0.36707	6.239807319641113	-1	0.030825	noncoding
NONCELT024448.1	454	39	0.40846	10.014083671569825	1	0.025059	noncoding
NONCELT024450.1	436	78	0.43278999999999995	6.690313148498535	1	0.173173	noncoding
NONCELT024451.1	436	65	0.37568	6.26845417022705	-1	0.0335029	noncoding
NONCELT024453.1	477	52	0.38484999999999997	9.745766258239744	1	0.034411	noncoding
NONCELT024454.1	952	55	0.38253	9.930016899108885	1	0.0399247	noncoding
NONCELT024455.1	952	55	0.36202999999999996	9.298291206359863	1	0.0295452	noncoding
NONCELT024456.1	268	24	0.40349	9.688131523132324	1	0.0104656	noncoding
NONCELT024457.1	268	24	0.36695999999999995	9.688131523132324	1	0.00863296	noncoding
NONCELT024458.1	606	71	0.32935000000000003	8.854555320739745	1	0.0420081	noncoding
NONCELT024459.1	606	53	0.33467	9.035775947570801	1	0.021612	noncoding
NONCELT024460.1	633	65	0.38338000000000005	8.962539863586429	1	0.053422	noncoding
NONCELT024461.1	486	23	0.37146	7.846334266662598	1	0.00472732	noncoding
NONCELT024462.1	486	81	0.41338	4.978322792053221	1	0.306673	noncoding
NONCELT024463.1	395	56	0.30422000000000005	9.766267204284667	1	0.0256866	noncoding
NONCELT024464.1	395	24	0.31064	9.30383548736572	1	0.00756377	noncoding
NONCELT024465.1	954	30	0.42137	7.899391746520997	1	0.00975366	noncoding
NONCELT024466.1	496	32	0.32155	10.118586921691893	1	0.0129096	noncoding
NONCELT024467.1	503	43	0.29807	9.806688880920408	1	0.0173969	noncoding
NONCELT024468.1	226	43	0.38161999999999996	7.799723625183106	-1	0.0421919	noncoding
NONCELT024469.1	379	42	0.33659	4.654738426208497	1	0.0203966	noncoding
NONCELT024470.1	1024	221	0.4342	8.56006374359131	1	0.998775	coding
NONCELT024471.1	315	13	0.32988000000000006	7.975528907775878	-1	0.0718975	noncoding
NONCELT024472.1	255	6	0.39384	8.500108146667483	1	1.91802e-05	noncoding
NONCELT024473.1	255	6	0.40612000000000004	8.500108146667483	1	0.00266092	noncoding
NONCELT024476.1	1665	119	0.33692	10.084676551818848	1	0.246643	noncoding
NONCELT024477.1	244	3	0.3499	5.275022315979004	1	8.0425e-06	noncoding
NONCELT024478.1	292	19	0.37568	5.897863960266113	1	0.00386723	noncoding
NONCELT024479.1	292	28	0.36022	4.0500284194946286	1	0.0137109	noncoding
NONCELT024480.1	1313	194	0.44670000000000004	8.987295722961427	1	0.995388	coding
NONCELT024481.1	1765	40	0.26066	5.935377693176269	1	0.0236552	noncoding
NONCELT024483.1	1670	65	0.31862999999999997	10.793377494812013	1	0.0410334	noncoding
NONCELT024484.1	1670	58	0.26130000000000003	11.370369529724119	1	0.0431579	noncoding
NONCELT024485.1	402	28	0.37114	7.800432777404786	-1	0.0411202	noncoding
NONCELT024486.1	1606	184	0.30768000000000006	9.187470054626463	1	0.697718	coding
NONCELT024487.1	440	22	0.38215000000000005	8.00028476715088	1	0.0048583	noncoding
NONCELT024488.1	1124	35	0.36434999999999995	11.999967765808105	1	0.0172458	noncoding
NONCELT024489.1	1340	78	0.34437000000000006	10.097183418273925	1	0.0713918	noncoding
NONCELT024490.1	776	41	0.33187	4.483709907531738	1	0.0209388	noncoding
NONCELT024491.1	829	41	0.35136	4.483709907531738	1	0.0223674	noncoding
NONCELT024492.1	979	41	0.35076999999999997	4.483709907531738	1	0.0222889	noncoding
NONCELT024493.1	209	4	0.3515	5.275022315979004	1	9.04813e-06	noncoding
NONCELT024494.1	3004	73	0.23373000000000002	10.063982200622558	1	0.063316	noncoding
NONCELT024496.1	2057	94	0.30954000000000004	10.415592765808103	1	0.0872256	noncoding
NONCELT024497.1	2057	94	0.30954000000000004	10.415592765808103	1	0.0872256	noncoding
NONCELT024498.1	340	73	0.42993000000000003	4.8854478836059565	1	0.245103	noncoding
NONCELT024499.1	340	49	0.43467	6.896297645568848	1	0.0318794	noncoding
NONCELT024500.1	464	43	0.34889	10.020272636413573	1	0.0196214	noncoding
NONCELT024501.1	464	43	0.38105999999999995	10.020272636413573	1	0.0236877	noncoding
NONCELT024503.1	485	126	0.35546	9.409370231628419	-1	0.15157	noncoding
NONCELT024504.1	1230	52	0.27769	4.507013893127441	1	0.0627722	noncoding
NONCELT024505.1	1230	52	0.25074	4.507013893127441	1	0.134979	noncoding
NONCELT024506.1	895	97	0.33030000000000004	4.840374565124511	1	0.307232	noncoding
NONCELT024507.1	4071	83	0.30387	6.6952013015747065	1	0.0696489	noncoding
NONCELT024508.1	4071	83	0.33646	6.6952013015747065	1	0.082988	noncoding
NONCELT024509.1	316	54	0.41884	4.547369575500488	1	0.0932056	noncoding
NONCELT024510.1	316	54	0.36568	5.983463478088378	1	0.0277401	noncoding
NONCELT024511.1	236	58	0.47586	8.323077964782716	-1	0.0421167	noncoding
NONCELT024512.1	235	39	0.36625	9.185600471496581	-1	0.0886312	noncoding
NONCELT024513.1	488	29	0.36934	11.000127601623536	1	0.0150154	noncoding
NONCELT024515.1	527	47	0.33186000000000004	5.193856239318847	1	0.0207835	noncoding
NONCELT024516.1	527	47	0.31596	5.193856239318847	1	0.0211136	noncoding
NONCELT024517.1	870	198	0.46946999999999994	8.86512813568115	1	0.997956	coding
NONCELT024518.1	756	103	0.45544999999999997	9.00360622406006	1	0.580195	coding
NONCELT024519.1	426	47	0.43622000000000005	9.034228706359862	1	0.0397513	noncoding
NONCELT024520.1	426	45	0.40795	9.792957115173337	1	0.0314915	noncoding
NONCELT024522.1	281	36	0.30250000000000005	11.568867683410648	-1	0.182925	noncoding
NONCELT024523.1	229	26	0.26351	4.316091728210449	1	0.0321563	noncoding
NONCELT024524.1	229	43	0.26872	9.673884010314943	1	0.0198679	noncoding
NONCELT024525.1	430	38	0.40333	8.536339378356931	1	0.0150815	noncoding
NONCELT024526.1	430	38	0.383	8.536339378356931	1	0.0128453	noncoding
NONCELT024527.1	770	21	0.29359999999999997	8.500108146667483	1	0.00574225	noncoding
NONCELT024528.1	714	67	0.38148	6.54389591217041	1	0.0579694	noncoding
NONCELT024529.1	714	67	0.31813	6.54389591217041	1	0.0361384	noncoding
NONCELT024530.1	820	148	0.42394000000000004	9.789862632751461	-1	0.183421	noncoding
NONCELT024531.1	425	84	0.38405	5.173621559143065	-1	0.0342242	noncoding
NONCELT024532.1	659	23	0.33061	9.62843379974365	1	0.00782393	noncoding
NONCELT024535.1	359	40	0.39601	5.938390159606934	1	0.0159695	noncoding
NONCELT024536.1	359	55	0.29944	8.450338554382327	1	0.0193465	noncoding
NONCELT024537.1	424	57	0.34162000000000003	9.099212837219238	-1	0.117379	noncoding
NONCELT024538.1	424	40	0.28475	9.251164817810057	1	0.0143401	noncoding
NONCELT024539.1	270	55	0.45399999999999996	9.862518501281738	1	0.0992144	noncoding
NONCELT024540.1	1515	104	0.29614	8.79782314300537	1	0.106209	noncoding
NONCELT024541.1	1515	100	0.30079	9.044930458068848	1	0.096125	noncoding
NONCELT024542.1	337	49	0.40796	10.4639440536499	1	0.0434064	noncoding
NONCELT024543.1	337	62	0.43434	11.127259254455566	1	0.115384	noncoding
NONCELT024544.1	338	28	0.33304999999999996	4.6580919265747065	1	0.00904246	noncoding
NONCELT024545.1	338	71	0.40804	6.515874290466309	1	0.096775	noncoding
NONCELT024546.1	344	54	0.4662	9.057050514221192	1	0.0876804	noncoding
NONCELT024549.1	357	23	0.27647	11.000256538391113	1	0.0177806	noncoding
NONCELT024550.1	524	36	0.2807	5.981417274475096	1	0.0128488	noncoding
NONCELT024551.1	524	54	0.30047999999999997	9.497756385803225	1	0.0226647	noncoding
NONCELT024552.1	357	54	0.38901	9.497756385803225	1	0.0372444	noncoding
NONCELT024553.1	586	69	0.33557000000000003	10.420943641662596	1	0.0498231	noncoding
NONCELT024554.1	586	27	0.36250000000000004	4.529692649841309	1	0.00996939	noncoding
NONCELT024556.1	319	41	0.3477	10.13882999420166	1	0.0186095	noncoding
NONCELT024557.1	319	41	0.42594	7.705457496643067	1	0.0187621	noncoding
NONCELT024558.1	286	0	0.39868	0.0	-1	0.00418319	noncoding
NONCELT024559.1	318	38	0.41284	9.034937858581543	1	0.0188467	noncoding
NONCELT024560.1	318	41	0.35987	10.022400093078613	1	0.0190676	noncoding
NONCELT024562.1	302	18	0.30430999999999997	5.750821495056152	1	0.004213	noncoding
NONCELT024563.1	230	38	0.39227	8.65489673614502	1	0.0141722	noncoding
NONCELT024564.1	299	8	0.42805000000000004	10.000867652893067	1	0.00645842	noncoding
NONCELT024565.1	441	20	0.42013999999999996	10.306189918518065	1	0.0121761	noncoding
NONCELT024566.1	224	13	0.47953	4.0500284194946286	1	0.00745453	noncoding
NONCELT024567.1	445	43	0.44994999999999996	11.785610389709475	1	0.0620861	noncoding
NONCELT024568.1	432	43	0.42716	11.785610389709475	1	0.0416251	noncoding
NONCELT024569.1	370	44	0.40133	9.689485359191895	-1	0.0859351	noncoding
NONCELT024570.1	934	100	0.42216	9.622309303283693	1	0.39739	noncoding
NONCELT024571.1	232	66	0.33039999999999997	11.116815376281735	-1	0.180268	noncoding
NONCELT024572.1	288	19	0.35155000000000003	5.986305427551269	1	0.003471	noncoding
NONCELT024573.1	267	89	0.38364	11.891274070739744	1	0.123606	noncoding
NONCELT024574.1	969	41	0.39646	5.639360237121582	1	0.0189	noncoding
NONCELT024575.1	261	28	0.37493	9.626564216613769	1	0.01043	noncoding
NONCELT024576.1	361	44	0.47548999999999997	6.027286338806152	1	0.0286933	noncoding
NONCELT024577.1	276	3	0.42980999999999997	5.275022315979004	1	1.68009e-05	noncoding
NONCELT024578.1	204	0	0.26683999999999997	0.0	-1	2.05795e-06	noncoding
NONCELT024579.1	414	17	0.36056999999999995	9.992422294616702	-1	0.119239	noncoding
NONCELT024580.1	414	52	0.36948000000000003	4.761766242980956	-1	0.0204623	noncoding
NONCELT024581.1	299	0	0.4374	0.0	-1	0.0282267	noncoding
NONCELT024582.1	370	13	0.37468999999999997	4.0500284194946286	1	0.00591882	noncoding
NONCELT024583.1	374	13	0.39691999999999994	4.0500284194946286	1	0.00731765	noncoding
NONCELT024584.1	372	13	0.4555	4.0500284194946286	1	0.00984756	noncoding
NONCELT024585.1	372	16	0.29871	9.992422294616702	-1	0.19025	noncoding
NONCELT024586.1	370	45	0.39918	5.189024925231932	-1	0.0184182	noncoding
NONCELT024587.1	374	46	0.35472	5.189024925231932	-1	0.0232242	noncoding
NONCELT024588.1	302	13	0.44248000000000004	4.0500284194946286	1	0.0100577	noncoding
NONCELT024589.1	302	22	0.28875999999999996	11.999967765808105	1	0.0180791	noncoding
NONCELT024590.1	302	41	0.38824000000000003	9.417493247985842	1	0.0195805	noncoding
NONCELT024591.1	305	25	0.31193000000000004	11.999967765808105	-1	0.184076	noncoding
NONCELT024592.1	744	150	0.37519	6.295623207092285	1	0.89151	coding
NONCELT024593.1	501	156	0.43531	9.779289817810056	1	0.942738	coding
NONCELT024594.1	513	156	0.42571999999999993	9.779289817810056	1	0.93034	coding
NONCELT024595.1	338	40	0.28322	7.924083137512207	1	0.0112855	noncoding
NONCELT024596.1	282	46	0.43413	6.5407697677612315	1	0.0274303	noncoding
NONCELT024597.1	253	9	0.32430000000000003	9.006700706481933	-1	0.117309	noncoding
NONCELT024598.1	276	32	0.45292	5.938105964660645	-1	0.0165146	noncoding
NONCELT024599.1	1045	224	0.47779999999999995	6.58493366241455	1	0.99975	coding
NONCELT024600.1	326	25	0.41863	11.711342811584473	1	0.0176604	noncoding
NONCELT024601.1	685	75	0.45033	9.995065498352051	1	0.240333	noncoding
NONCELT024602.1	374	40	0.33903	10.01704921722412	1	0.0169069	noncoding
NONCELT024603.1	372	14	0.40877	5.27274875640869	1	0.00432447	noncoding
NONCELT024604.1	370	45	0.38768	10.367177009582516	1	0.0292446	noncoding
NONCELT024605.1	302	55	0.31494	11.130998420715333	1	0.0313198	noncoding
NONCELT024606.1	411	70	0.40157	10.225088691711427	1	0.0985242	noncoding
NONCELT024607.1	411	66	0.31987	6.5369047164917	1	0.0346569	noncoding
NONCELT024608.1	411	66	0.31987	6.5369047164917	1	0.0346569	noncoding
NONCELT024609.1	302	14	0.38905999999999996	5.27274875640869	1	0.00375589	noncoding
NONCELT024610.1	411	14	0.46653	5.27274875640869	1	0.00493622	noncoding
NONCELT024611.1	374	20	0.38903999999999994	4.529692649841309	1	0.00795475	noncoding
NONCELT024612.1	372	8	0.35143	8.500108146667483	1	0.00261546	noncoding
NONCELT024613.1	370	21	0.39825	11.263738822937015	1	0.0127837	noncoding
NONCELT024614.1	1203	76	0.39233	6.057695198059082	1	0.122953	noncoding
NONCELT024615.1	551	129	0.40512	8.414300727844239	1	0.696946	coding
NONCELT024616.1	495	60	0.37044	4.145972633361816	1	0.100774	noncoding
NONCELT024617.1	960	136	0.39192	9.152850532531737	1	0.699055	coding
NONCELT024618.1	234	28	0.41801999999999995	8.538402366638184	-1	0.0376844	noncoding
NONCELT024619.1	269	16	0.39915999999999996	7.720121955871583	-1	0.0257167	noncoding
NONCELT024620.1	303	62	0.39249	5.411435890197754	1	0.0719588	noncoding
NONCELT024621.1	471	79	0.45233999999999996	11.698964881896973	-1	0.197676	noncoding
NONCELT024622.1	576	88	0.41102000000000005	9.18224811553955	1	0.21789	noncoding
NONCELT024623.1	1808	340	0.39597	8.47960720062256	1	0.999994	coding
NONCELT024624.1	1718	206	0.38147	8.431578254699708	1	0.987126	coding
NONCELT024625.1	855	54	0.30535	10.299936485290523	1	0.0270628	noncoding
NONCELT024626.1	418	20	0.33371	6.504165458679199	1	0.00344168	noncoding
NONCELT024627.1	215	8	0.40052000000000004	5.275022315979004	1	0.00276511	noncoding
NONCELT024628.1	269	52	0.37685	9.098181343078615	1	0.0278168	noncoding
NONCELT024629.1	217	32	0.41172999999999993	8.516676521301271	1	0.0116457	noncoding
NONCELT024630.1	238	4	0.29057	5.274794960021972	1	0.00304275	noncoding
NONCELT024631.1	289	32	0.42354	10.708408164978025	1	0.0248019	noncoding
NONCELT024632.1	203	14	0.4452	5.978916358947754	1	0.00409247	noncoding
NONCELT024633.1	922	77	0.40186000000000005	10.21155033111572	1	0.132537	noncoding
NONCELT024634.1	354	46	0.46660999999999997	9.148144340515138	1	0.0591175	noncoding
NONCELT024635.1	356	17	0.35975	9.496724891662598	1	0.00582396	noncoding
NONCELT024636.1	361	27	0.43583999999999995	7.977398490905762	1	0.00940366	noncoding
NONCELT024637.1	516	37	0.36763	7.956833076477051	1	0.00982686	noncoding
NONCELT024638.1	487	35	0.43111000000000005	10.736709785461429	1	0.0317189	noncoding
NONCELT024639.1	1629	357	0.4529	5.427464485168456	1	1	coding
NONCELT024640.1	323	20	0.37213999999999997	9.49311466217041	1	0.00683414	noncoding
NONCELT024641.1	279	15	0.41589	8.496433448791507	1	0.00465093	noncoding
NONCELT024642.1	692	41	0.3052	10.815490150451662	1	0.0208548	noncoding
NONCELT024643.1	376	70	0.42806999999999995	11.356122016906738	1	0.140586	noncoding
NONCELT024644.1	806	120	0.38634	7.796629142761231	1	0.516366	coding
NONCELT024645.1	293	42	0.30055	9.005798149108887	1	0.0134432	noncoding
NONCELT024646.1	756	87	0.32304	5.9117326736450195	1	0.117411	noncoding
NONCELT024647.1	316	40	0.37794000000000005	4.828438377380371	1	0.0217057	noncoding
NONCELT024648.1	550	43	0.37445	4.571128273010253	1	0.0291395	noncoding
NONCELT024649.1	376	69	0.43623	9.267733192443849	-1	0.0763466	noncoding
NONCELT024650.1	264	30	0.40639	6.808367729187012	1	0.00802492	noncoding
NONCELT024651.1	753	180	0.47467	7.990098762512207	1	0.994582	coding
NONCELT024652.1	240	13	0.42437	4.0500284194946286	1	0.00932849	noncoding
NONCELT024653.1	326	49	0.43698000000000004	6.538212013244629	1	0.0337303	noncoding
NONCELT024654.1	260	42	0.37299	8.655412483215333	1	0.0150713	noncoding
NONCELT024655.1	360	41	0.39634	10.446408653259276	1	0.0268418	noncoding
NONCELT024656.1	270	51	0.35985	9.443860816955567	1	0.0252237	noncoding
NONCELT024657.1	1809	436	0.47042999999999996	6.542190742492676	1	1	coding
NONCELT024658.1	208	19	0.42264	9.992422294616702	1	0.0107022	noncoding
NONCELT024659.1	212	40	0.43868	10.024334144592284	1	0.0383614	noncoding
NONCELT024660.1	227	45	0.4393000000000001	10.024334144592284	1	0.0498242	noncoding
NONCELT024661.1	210	18	0.30818	4.749830055236816	1	0.00580298	noncoding
NONCELT024662.1	208	24	0.37568	4.0500284194946286	1	0.0121555	noncoding
NONCELT024663.1	202	45	0.33264	10.22006015777588	-1	0.165138	noncoding
NONCELT024664.1	204	22	0.33078	11.999967765808105	1	0.0124044	noncoding
NONCELT024665.1	204	24	0.44998000000000005	4.677076148986816	-1	0.016074	noncoding
NONCELT024666.1	3191	94	0.30535	11.744350624084472	1	0.0715477	noncoding
NONCELT024667.1	1416	344	0.47424	9.526251411437986	1	1	coding
NONCELT024668.1	629	71	0.42075	5.7217199325561525	1	0.14041	noncoding
NONCELT024669.1	2217	436	0.43415	6.572429084777832	1	1	coding
NONCELT024670.1	1414	139	0.30362	9.576149940490723	1	0.284738	noncoding
NONCELT024671.1	213	60	0.45002000000000003	9.5886568069458	-1	0.0791859	noncoding
NONCELT024672.1	207	44	0.37579	9.09972858428955	1	0.018895	noncoding
NONCELT024673.1	204	58	0.44998000000000005	9.691677284240722	-1	0.0814822	noncoding
NONCELT024674.1	1378	450	0.47422000000000003	5.464978218078613	1	1	coding
NONCELT024675.1	375	54	0.40158000000000005	6.252084541320801	1	0.036003	noncoding
NONCELT024676.1	1077	297	0.45106	10.049090003967283	1	0.99998	coding
NONCELT024677.1	202	11	0.38098	11.999967765808105	-1	0.174384	noncoding
NONCELT024678.1	204	11	0.34551999999999994	11.999967765808105	-1	0.194901	noncoding
NONCELT024679.1	204	11	0.34551999999999994	11.999967765808105	-1	0.194901	noncoding
NONCELT024680.1	363	88	0.46199	4.826051139831542	1	0.5	coding
NONCELT024681.1	292	46	0.33197	9.890949058532716	1	0.0200096	noncoding
NONCELT024682.1	723	124	0.42144000000000004	6.727940559387207	1	0.765984	coding
NONCELT024683.1	304	52	0.42518	9.513422203063964	1	0.0510634	noncoding
NONCELT024684.1	525	97	0.41593	6.292553901672363	1	0.392451	noncoding
NONCELT024685.1	503	97	0.36731	6.292553901672363	1	0.243637	noncoding
NONCELT024686.1	523	97	0.42667	6.292553901672363	1	0.425375	noncoding
NONCELT024687.1	1315	420	0.44007999999999997	8.44324703216553	1	1	coding
NONCELT024688.1	223	25	0.42145	11.000127601623536	-1	0.121106	noncoding
NONCELT024689.1	500	24	0.45563000000000003	5.752469825744629	1	0.00853109	noncoding
NONCELT024690.1	447	24	0.40132	5.752469825744629	1	0.00650778	noncoding
NONCELT024691.1	393	24	0.47982	5.752469825744629	1	0.0077149	noncoding
NONCELT024692.1	899	246	0.40985	9.489375495910647	1	0.998948	coding
NONCELT024693.1	1197	267	0.38408000000000003	9.819066810607907	1	0.998694	coding
NONCELT024694.1	310	51	0.40164	9.785672187805172	1	0.0391508	noncoding
NONCELT024695.1	366	29	0.38266	6.525025367736816	1	0.0065542	noncoding
NONCELT024696.1	211	24	0.38689	10.582501411437985	1	0.0122706	noncoding
NONCELT024697.1	264	20	0.35438000000000003	11.16600475311279	1	0.0108155	noncoding
NONCELT024698.1	204	17	0.32387	5.579679298400878	1	0.00355011	noncoding
NONCELT024699.1	202	11	0.30586	8.51873950958252	1	0.00359742	noncoding
NONCELT024700.1	208	27	0.46920999999999996	10.160878181457516	1	0.0337205	noncoding
NONCELT024701.1	209	27	0.46920999999999996	10.160878181457516	1	0.0337205	noncoding
NONCELT024702.1	204	27	0.45577	10.160878181457516	1	0.0266547	noncoding
NONCELT024703.1	703	161	0.37134	9.915898323059082	1	0.798113	coding
NONCELT024704.1	1299	112	0.45774	8.065913581848143	1	0.684534	coding
NONCELT024705.1	631	99	0.45681	9.655059242248537	1	0.559732	coding
NONCELT024706.1	787	154	0.33988999999999997	9.722428703308104	1	0.586142	coding
NONCELT024707.1	323	22	0.46181	5.752754020690918	1	0.00741837	noncoding
NONCELT024708.1	396	40	0.36975	9.184697914123536	-1	0.0861079	noncoding
NONCELT024709.1	748	24	0.31185999999999997	9.961606407165526	1	0.00961033	noncoding
NONCELT024710.1	437	63	0.35618	10.022077751159667	1	0.0448579	noncoding
NONCELT024711.1	473	24	0.28141	5.750821495056152	1	0.00801963	noncoding
NONCELT024712.1	202	16	0.37136	11.999967765808105	1	0.00927586	noncoding
NONCELT024713.1	204	32	0.39297	11.999967765808105	1	0.0175258	noncoding
NONCELT024714.1	204	17	0.32387	11.165940284729004	1	0.0106812	noncoding
NONCELT024715.1	364	105	0.43755	6.102939033508299	1	0.600169	coding
NONCELT024716.1	424	119	0.40398000000000006	9.715466117858885	1	0.549382	coding
NONCELT024717.1	1072	232	0.35956	6.996050071716309	1	0.997182	coding
NONCELT024718.1	1185	232	0.42774999999999996	6.996050071716309	1	0.999634	coding
NONCELT024719.1	1199	316	0.43146999999999996	8.393348503112794	1	0.999995	coding
NONCELT024720.1	726	207	0.46595	8.596101570129395	1	0.998736	coding
NONCELT024721.1	205	14	0.40902	4.0500284194946286	1	0.00880596	noncoding
NONCELT024722.1	204	32	0.3367	10.126065254211426	1	0.012927	noncoding
NONCELT024723.1	1918	537	0.42617	9.018369483947755	1	1	coding
NONCELT024724.1	982	301	0.43950000000000006	6.517238426208496	1	0.999997	coding
NONCELT024725.1	248	23	0.43267	4.556577491760254	1	0.0135167	noncoding
NONCELT024726.1	268	5	0.44017999999999996	5.275022315979004	1	0.00278681	noncoding
NONCELT024727.1	992	217	0.32982	5.9660139083862305	1	0.993052	coding
NONCELT024728.1	617	119	0.41628	9.963475990295407	1	0.608518	coding
NONCELT024729.1	427	39	0.43912999999999996	6.49791316986084	1	0.0183679	noncoding
NONCELT024730.1	2246	48	0.30693000000000004	9.302159309387207	1	0.0177202	noncoding
NONCELT024731.1	439	57	0.37988	10.177446556091308	1	0.0442051	noncoding
NONCELT024732.1	246	43	0.44378999999999996	6.811152839660645	-1	0.0217891	noncoding
NONCELT024733.1	1173	294	0.46228	9.045059394836425	1	0.999991	coding
NONCELT024734.1	729	47	0.35617999999999994	4.3690088272094725	1	0.0353949	noncoding
NONCELT024735.1	306	21	0.32320000000000004	11.172193717956542	1	0.0120426	noncoding
NONCELT024736.1	294	22	0.38284	9.819711494445798	1	0.008777	noncoding
NONCELT024737.1	303	24	0.38498	9.992035484313966	1	0.010292	noncoding
NONCELT024738.1	306	32	0.38227999999999995	11.999967765808105	1	0.0165321	noncoding
NONCELT024739.1	1386	215	0.40225	6.902777290344238	1	0.998122	coding
NONCELT024740.1	1698	172	0.45414	7.64481029510498	1	0.988284	coding
NONCELT024741.1	258	26	0.42210000000000003	8.939653587341311	1	0.0104825	noncoding
NONCELT024742.1	260	32	0.39794	9.800177574157715	1	0.0153431	noncoding
NONCELT024743.1	1155	48	0.45768	11.467910194396975	1	0.0952693	noncoding
NONCELT024744.1	1071	48	0.4304	11.467910194396975	1	0.0575082	noncoding
NONCELT024745.1	997	186	0.43748000000000004	8.79672718048096	1	0.991081	coding
NONCELT024746.1	1003	273	0.42208999999999997	7.098587608337403	1	0.999964	coding
NONCELT024747.1	302	17	0.39067	11.075168800354003	1	0.0102088	noncoding
NONCELT024748.1	300	53	0.34173	9.918477058410645	1	0.0271962	noncoding
NONCELT024749.1	302	48	0.3264	10.07558650970459	1	0.0220931	noncoding
NONCELT024750.1	298	28	0.3651	9.187147712707517	1	0.00864707	noncoding
NONCELT024751.1	247	21	0.39414	11.999967765808105	1	0.0116978	noncoding
NONCELT024752.1	251	66	0.42559	9.777226829528807	1	0.107488	noncoding
NONCELT024753.1	1229	160	0.37214	9.12616062164307	1	0.82605	coding
NONCELT024754.1	1064	160	0.40162	9.12616062164307	1	0.90918	coding
NONCELT024755.1	312	10	0.37561	5.27274875640869	1	0.00268718	noncoding
NONCELT024756.1	256	44	0.44825	9.862647438049319	1	0.0518188	noncoding
NONCELT024757.1	1985	511	0.4369	8.429966545104982	1	1	coding
NONCELT024758.1	971	221	0.45836	9.161102485656738	1	0.999263	coding
NONCELT024759.1	583	85	0.44941	9.643261528015138	1	0.333551	noncoding
NONCELT024760.1	669	95	0.37955	10.426810264587399	1	0.196356	noncoding
NONCELT024761.1	952	55	0.36482	9.402343177795409	1	0.0308594	noncoding
NONCELT024762.1	1006	335	0.43967	8.394315528869633	-1	0.618842	coding
NONCELT024763.1	386	80	0.40738	5.774807548522949	1	0.197303	noncoding
NONCELT024764.1	1040	199	0.40574	8.322046470642093	1	0.991286	coding
NONCELT024765.1	964	265	0.46024	6.0885019302368155	1	0.999986	coding
NONCELT024766.1	984	178	0.47169	5.119851875305175	1	0.997345	coding
NONCELT024767.1	1051	285	0.38061	9.368626213073732	1	0.999538	coding
NONCELT024768.1	310	57	0.38516000000000006	9.16806507110596	1	0.0385891	noncoding
NONCELT024769.1	318	57	0.41023	9.16806507110596	1	0.0505067	noncoding
NONCELT024770.1	340	57	0.35292	9.16806507110596	1	0.0293196	noncoding
NONCELT024771.1	1555	107	0.34343	8.408820915222172	1	0.198034	noncoding
NONCELT024772.1	254	31	0.46269999999999994	9.369593238830568	1	0.026641	noncoding
NONCELT024773.1	354	70	0.43089000000000005	5.012710380554199	1	0.197435	noncoding
NONCELT024774.1	809	208	0.4429	9.190242195129393	1	0.997577	coding
NONCELT024775.1	841	113	0.33682	10.24391345977783	1	0.204804	noncoding
NONCELT024776.1	304	33	0.41813999999999996	9.122356986999513	1	0.0156521	noncoding
NONCELT024777.1	1007	263	0.42499	8.738318824768069	1	0.999837	coding
NONCELT024778.1	668	17	0.31128	11.263738822937015	1	0.0117815	noncoding
NONCELT024779.1	1156	277	0.42315	4.904886817932128	1	0.999996	coding
NONCELT024780.1	243	2	0.43665	5.275022315979004	1	1.54062e-05	noncoding
NONCELT024781.1	385	39	0.39397	10.46123638153076	1	0.0241384	noncoding
NONCELT024782.1	1156	277	0.42315	4.904886817932128	1	0.999996	coding
NONCELT024783.1	243	2	0.43665	5.275022315979004	1	1.54062e-05	noncoding
NONCELT024784.1	385	39	0.39397	10.46123638153076	1	0.0241384	noncoding
NONCELT024785.1	224	71	0.37139	9.42638988494873	-1	0.110608	noncoding
NONCELT024786.1	227	29	0.41011000000000003	11.000063133239745	1	0.0194157	noncoding
NONCELT024787.1	779	217	0.37926000000000004	7.649868965148926	1	0.994839	coding
NONCELT024788.1	226	38	0.33972	6.210933113098144	1	0.0093092	noncoding
NONCELT024789.1	767	141	0.34892999999999996	8.454271125793461	1	0.567636	coding
NONCELT024790.1	910	112	0.29800000000000004	6.256517982482911	1	0.255983	noncoding
NONCELT024791.1	228	29	0.44791	11.000063133239745	1	0.0321752	noncoding
NONCELT024792.1	224	16	0.34942	11.999967765808105	1	0.00966479	noncoding
NONCELT024793.1	229	16	0.42657000000000006	11.999967765808105	1	0.0124748	noncoding
NONCELT024794.1	227	16	0.31284999999999996	11.999967765808105	1	0.0122114	noncoding
NONCELT024795.1	967	232	0.44577	9.399184226989746	1	0.999382	coding
NONCELT024796.1	1475	264	0.35259	6.351495933532715	1	0.999641	coding
NONCELT024797.1	973	251	0.32135	8.835601615905762	1	0.982295	coding
NONCELT024798.1	339	32	0.31226	10.294907951354979	1	0.0138509	noncoding
NONCELT024799.1	333	32	0.38981	10.294907951354979	1	0.0165483	noncoding
NONCELT024800.1	332	25	0.34914000000000006	10.289041328430173	1	0.0105724	noncoding
NONCELT024801.1	316	40	0.3835	7.731262397766113	1	0.0123834	noncoding
NONCELT024802.1	841	149	0.39091000000000004	9.191789436340333	1	0.812653	coding
NONCELT024803.1	485	50	0.45729000000000003	4.427211952209473	1	0.0891786	noncoding
NONCELT024804.1	278	77	0.4617	4.668493461608887	-1	0.0466211	noncoding
NONCELT024805.1	1091	335	0.45755	9.256193351745605	1	0.999999	coding
NONCELT024806.1	1147	178	0.38764	6.632848930358888	1	0.978875	coding
NONCELT024807.1	1067	148	0.34281	9.653060722351075	1	0.548743	coding
NONCELT024808.1	256	2	0.40738	5.275022315979004	1	1.15633e-05	noncoding
NONCELT024809.1	445	81	0.39097000000000004	10.840890693664551	1	0.133866	noncoding
NONCELT024810.1	325	21	0.41709	8.344739341735842	1	0.00626832	noncoding
NONCELT024811.1	203	13	0.26535000000000003	7.975980186462403	1	0.00566106	noncoding
NONCELT024812.1	262	20	0.41817000000000004	9.035582542419434	1	0.00755931	noncoding
NONCELT024813.1	477	52	0.41042999999999996	9.745766258239744	1	0.0449371	noncoding
NONCELT024814.1	1485	137	0.34713	9.30054759979248	1	0.47555	noncoding
NONCELT024815.1	868	198	0.38583999999999996	6.489898872375488	1	0.993825	coding
NONCELT024816.1	441	27	0.32365	9.427872657775882	1	0.00853464	noncoding
NONCELT024817.1	886	89	0.41264999999999996	11.321051216125486	1	0.224344	noncoding
NONCELT024818.1	403	42	0.39287	4.992987251281736	1	0.0261316	noncoding
NONCELT024819.1	548	58	0.40476	10.24668560028076	1	0.0607732	noncoding
NONCELT024820.1	281	27	0.36288000000000004	4.512527275085449	1	0.010087	noncoding
NONCELT024821.1	968	50	0.26325000000000004	6.804957389831543	1	0.023566	noncoding
NONCELT024822.1	820	149	0.41134	9.789862632751461	1	0.865381	coding
NONCELT024823.1	425	85	0.38157	5.173621559143065	1	0.247848	noncoding
NONCELT024824.1	270	68	0.45116	9.428839683532715	1	0.159856	noncoding
