#ID	transcript_length	peptide_length	Fickett_score	pI	ORF_integrity	coding_probability	label
NONATHT000001	272	13	0.37026	5.380174446105957	-1	0.0133885	noncoding
NONATHT000002	207	42	0.44788	9.693288993835449	-1	0.0694929	noncoding
NONATHT000003	283	30	0.46126	4.504115104675294	1	0.0223217	noncoding
NONATHT000004	1399	83	0.33887999999999996	9.660861396789553	1	0.0784342	noncoding
NONATHT000005	840	18	0.40029000000000003	8.253387641906738	1	0.00460161	noncoding
NONATHT000006	463	60	0.35671	4.749147987365721	1	0.0617213	noncoding
NONATHT000007	249	29	0.39905	5.986078071594237	1	0.00817228	noncoding
NONATHT000008	233	41	0.44793	7.688519477844238	1	0.0227996	noncoding
NONATHT000009	3076	84	0.37790999999999997	9.623405265808106	1	0.125563	noncoding
NONATHT000010	3052	84	0.38162999999999997	9.623405265808106	1	0.131408	noncoding
NONATHT000011	2952	84	0.37907	9.623405265808106	1	0.127349	noncoding
NONATHT000012	2952	84	0.37907	9.623405265808106	1	0.127349	noncoding
NONATHT000013	1256	66	0.36685	8.204649543762208	1	0.0432043	noncoding
NONATHT000014	1012	69	0.28459	8.68442325592041	1	0.0326613	noncoding
NONATHT000015	451	52	0.38483000000000006	10.637106132507324	1	0.0397146	noncoding
NONATHT000016	468	18	0.40637	9.626499748229982	1	0.0077545	noncoding
NONATHT000017	233	17	0.41719	11.165940284729004	1	0.0123856	noncoding
NONATHT000018	275	36	0.40348	5.302589225769043	1	0.0169418	noncoding
NONATHT000019	474	54	0.35475	8.657797813415527	1	0.0235496	noncoding
NONATHT000020	502	56	0.46158	6.0144975662231435	-1	0.0253123	noncoding
NONATHT000021	1200	130	0.40879	6.355929374694824	-1	0.0728714	noncoding
NONATHT000022	2518	90	0.32979	10.432612419128414	1	0.0933546	noncoding
NONATHT000023	499	49	0.37515	10.032715034484863	1	0.0294566	noncoding
NONATHT000024	319	21	0.30724999999999997	5.587466239929199	1	0.00497366	noncoding
NONATHT000025	862	29	0.30433999999999994	8.841919517517091	1	0.00795827	noncoding
NONATHT000026	304	57	0.3497	7.837373161315918	1	0.0235668	noncoding
NONATHT000027	422	56	0.42491000000000007	7.827831840515139	1	0.0448933	noncoding
NONATHT000028	331	32	0.40981	9.819840431213379	1	0.0171121	noncoding
NONATHT000029	289	32	0.37499	10.886727714538573	-1	0.150896	noncoding
NONATHT000030	278	31	0.33174	5.873707389831543	-1	0.033352	noncoding
NONATHT000031	460	38	0.43520000000000003	9.987909507751464	1	0.0326422	noncoding
NONATHT000032	1014	35	0.40998	10.032715034484863	1	0.021091	noncoding
NONATHT000033	225	11	0.30771000000000004	5.969367408752441	-1	0.0442193	noncoding
NONATHT000034	206	13	0.44412999999999997	11.999967765808105	1	0.0139905	noncoding
NONATHT000035	262	55	0.35726	7.633897209167481	1	0.0222791	noncoding
NONATHT000036	373	15	0.32098000000000004	4.369065666198731	1	0.00517859	noncoding
NONATHT000037	298	64	0.39459	10.562645149230956	1	0.0718682	noncoding
NONATHT000038	207	16	0.34925000000000006	8.498431968688966	1	0.00380501	noncoding
NONATHT000039	806	46	0.43663	9.995129966735842	1	0.0499818	noncoding
NONATHT000040	655	78	0.31966999999999995	11.293652153015138	1	0.0581756	noncoding
NONATHT000041	252	28	0.43134	6.879757499694825	-1	0.0180001	noncoding
NONATHT000042	2703	52	0.29182	8.458848381042483	1	0.0175925	noncoding
NONATHT000043	1099	23	0.39636	9.30654315948486	1	0.00828827	noncoding
NONATHT000044	231	70	0.44992999999999994	9.236594963073731	-1	0.0748315	noncoding
NONATHT000045	512	44	0.40646	9.62669315338135	1	0.028305	noncoding
NONATHT000046	350	33	0.40698	6.2047945022583	1	0.0105639	noncoding
NONATHT000047	244	13	0.31270000000000003	6.490637779235839	1	0.00268406	noncoding
NONATHT000048	317	21	0.3922399999999999	5.962092018127441	1	0.00476482	noncoding
NONATHT000049	238	44	0.38145	9.694900703430175	1	0.0229711	noncoding
NONATHT000050	223	30	0.44010000000000005	9.26193103790283	-1	0.0500631	noncoding
NONATHT000051	348	19	0.37268	4.0500284194946286	-1	0.010186	noncoding
NONATHT000052	348	8	0.33282999999999996	5.27274875640869	1	1.54198e-05	noncoding
NONATHT000053	829	54	0.33145	9.076068687438966	1	0.0223597	noncoding
NONATHT000054	368	41	0.36929	11.263738822937015	1	0.0237976	noncoding
NONATHT000055	411	28	0.39786	11.000127601623536	1	0.0167527	noncoding
NONATHT000056	860	53	0.31001	5.993182945251465	-1	0.0616359	noncoding
NONATHT000057	451	69	0.437	11.229763984680176	1	0.159851	noncoding
NONATHT000058	368	75	0.41685	4.676337242126464	-1	0.0322306	noncoding
NONATHT000059	360	53	0.43013999999999997	6.5292882919311515	1	0.0411028	noncoding
NONATHT000060	360	28	0.3200299999999999	9.102694129943849	-1	0.132643	noncoding
NONATHT000061	304	61	0.42924	5.464921379089356	-1	0.0256062	noncoding
NONATHT000062	247	21	0.35807	4.306201744079591	-1	0.0119312	noncoding
NONATHT000063	331	73	0.36141999999999996	8.907097053527831	-1	0.100185	noncoding
NONATHT000064	257	21	0.34204999999999997	5.937878608703613	1	0.00388525	noncoding
NONATHT000065	415	28	0.45123	10.255904579162596	1	0.0269619	noncoding
NONATHT000066	247	42	0.40939000000000003	6.713446617126464	1	0.0171463	noncoding
NONATHT000069	2344	134	0.36822	11.73854846954346	1	0.366423	noncoding
NONATHT000068	2336	134	0.36822	11.73854846954346	1	0.366423	noncoding
NONATHT000067	2379	134	0.36822	11.73854846954346	1	0.366423	noncoding
NONATHT000070	298	40	0.367	9.03596935272217	1	0.0145334	noncoding
NONATHT000071	367	35	0.38892	7.921697807312012	-1	0.0382399	noncoding
NONATHT000072	472	35	0.33080000000000004	9.15007839202881	1	0.0106162	noncoding
NONATHT000073	477	16	0.3792	6.505302238464354	1	0.0029974	noncoding
NONATHT000074	384	21	0.4513	9.304415702819824	1	0.0126282	noncoding
NONATHT000075	227	14	0.41317	9.496338081359863	1	0.00631975	noncoding
NONATHT000076	314	57	0.32133	9.389836311340332	1	0.0256589	noncoding
NONATHT000077	248	26	0.32935000000000003	4.0500284194946286	1	0.0111155	noncoding
NONATHT000078	249	20	0.41423	8.537886619567871	-1	0.0354992	noncoding
NONATHT000079	230	24	0.36839	9.49311466217041	1	0.00810013	noncoding
NONATHT000080	206	0	0.37788999999999995	0.0	-1	8.288e-06	noncoding
NONATHT000081	2193	50	0.32497000000000004	6.134200477600097	1	0.017424	noncoding
NONATHT000082	249	38	0.41895	11.01282787322998	-1	0.131893	noncoding
NONATHT000083	396	14	0.37894	4.746192359924316	1	0.00442705	noncoding
NONATHT000084	1447	53	0.42735	10.666697120666505	1	0.0688314	noncoding
NONATHT000085	402	26	0.34043	8.517063331604007	-1	0.0837405	noncoding
NONATHT000086	238	19	0.37317999999999996	9.82448215484619	1	0.0073994	noncoding
NONATHT000087	600	20	0.3088	4.3962915420532225	1	0.00763113	noncoding
NONATHT000088	291	31	0.29349	4.677076148986816	1	0.0147934	noncoding
NONATHT000089	881	51	0.37265000000000004	9.781739616394038	1	0.0298843	noncoding
NONATHT000090	995	58	0.35540000000000005	10.708408164978025	1	0.0398752	noncoding
NONATHT000091	590	45	0.38041	5.794132804870605	-1	0.0219286	noncoding
NONATHT000092	885	88	0.32121	9.793730735778805	1	0.0794941	noncoding
NONATHT000093	918	43	0.31979	9.76858806610107	1	0.0169806	noncoding
NONATHT000094	955	127	0.40792999999999996	9.37204303741455	1	0.666683	coding
NONATHT000095	207	44	0.40187	9.21403102874756	-1	0.0685084	noncoding
NONATHT000096	233	6	0.37644999999999995	5.752981376647949	1	1.00754e-05	noncoding
NONATHT000097	209	27	0.32261999999999996	11.999967765808105	1	0.0147065	noncoding
NONATHT000098	275	12	0.35273	9.51658115386963	-1	0.104391	noncoding
NONATHT000099	643	28	0.27366	9.697157096862792	1	0.0128999	noncoding
NONATHT000100	696	47	0.42387	10.13882999420166	1	0.0454788	noncoding
NONATHT000101	403	79	0.37786000000000003	6.234634971618653	1	0.116105	noncoding
NONATHT000102	475	45	0.30467	9.806624412536618	1	0.0183108	noncoding
NONATHT000103	303	15	0.34074	8.345384025573733	1	0.00346843	noncoding
NONATHT000104	557	34	0.3615	9.693869209289552	1	0.0130898	noncoding
NONATHT000105	1030	60	0.4298	9.922860908508298	1	0.0883016	noncoding
NONATHT000106	280	57	0.30347	10.023044776916507	1	0.0279306	noncoding
NONATHT000107	1174	74	0.33828	4.967693901062011	1	0.103278	noncoding
NONATHT000108	229	36	0.37073	11.623085594177248	1	0.019563	noncoding
NONATHT000109	518	92	0.3925	9.872833442687988	1	0.209187	noncoding
NONATHT000110	339	36	0.28762	10.637106132507324	1	0.0190886	noncoding
NONATHT000111	495	37	0.47009	10.693838310241699	1	0.068741	noncoding
NONATHT000112	765	58	0.33763	6.391169548034668	1	0.0256775	noncoding
NONATHT000113	283	35	0.44018999999999997	11.000063133239745	1	0.0376542	noncoding
NONATHT000114	468	24	0.26958	4.427837181091309	1	0.0219284	noncoding
NONATHT000115	432	10	0.3569	4.0500284194946286	1	0.00433841	noncoding
NONATHT000116	251	64	0.38315	9.666792488098146	1	0.0571017	noncoding
NONATHT000117	577	21	0.37146	4.136935234069824	1	0.00914095	noncoding
NONATHT000118	246	28	0.34291	9.78528537750244	-1	0.133791	noncoding
NONATHT000119	481	59	0.39847	9.693224525451662	1	0.0540068	noncoding
NONATHT000120	344	63	0.4496	10.277243614196774	-1	0.111851	noncoding
NONATHT000121	438	32	0.30712	9.580856132507321	-1	0.167023	noncoding
NONATHT000122	800	53	0.36132	10.760369682312014	1	0.0347061	noncoding
NONATHT000123	599	49	0.43863	7.953738594055175	1	0.0351574	noncoding
NONATHT000124	676	28	0.3881	9.87360706329346	1	0.0121214	noncoding
NONATHT000125	595	22	0.32908	7.999833488464356	1	0.00440218	noncoding
NONATHT000126	358	36	0.42519999999999997	5.425304603576659	-1	0.0165913	noncoding
NONATHT000127	203	29	0.42132000000000003	5.752981376647949	1	0.0103639	noncoding
NONATHT000128	280	31	0.37801	9.303577613830566	1	0.0109684	noncoding
NONATHT000129	276	14	0.41483000000000003	5.75320873260498	1	0.00376867	noncoding
NONATHT000130	1053	96	0.40128	6.389521217346191	1	0.324615	noncoding
NONATHT000131	346	36	0.41682	11.0533784866333	-1	0.133211	noncoding
NONATHT000132	434	46	0.28607	9.184504508972168	1	0.0168534	noncoding
NONATHT000133	593	43	0.35836	6.497287940979004	1	0.0125807	noncoding
NONATHT000134	409	64	0.3669899999999999	4.628421974182129	1	0.0917238	noncoding
NONATHT000135	361	25	0.37744	5.270077323913574	1	0.00690424	noncoding
NONATHT000136	206	3	0.41144000000000003	5.275022315979004	1	1.38554e-05	noncoding
NONATHT000137	522	71	0.41872000000000004	8.220895576477051	1	0.0985004	noncoding
NONATHT000138	305	87	0.44521999999999995	5.998980522155762	1	0.337839	noncoding
NONATHT000139	726	28	0.32282999999999995	6.497856330871582	1	0.00532866	noncoding
NONATHT000140	379	11	0.42456999999999995	5.969367408752441	1	0.00309574	noncoding
NONATHT000141	429	54	0.42186	5.968799018859863	1	0.0471803	noncoding
NONATHT000142	243	57	0.33278	8.93017673492432	1	0.0246747	noncoding
NONATHT000143	285	25	0.36583	5.894680976867675	1	0.00525903	noncoding
NONATHT000144	248	21	0.35673	8.521060371398928	1	0.00488865	noncoding
NONATHT000145	687	42	0.34023	9.555777931213381	1	0.0161509	noncoding
NONATHT000146	222	27	0.37937	5.711545753479004	1	0.00675856	noncoding
NONATHT000147	280	35	0.39558000000000004	10.296970939636228	1	0.0197763	noncoding
NONATHT000148	667	46	0.36460000000000004	9.65396327972412	1	0.0220589	noncoding
NONATHT000149	206	22	0.45767	11.698964881896973	1	0.0284084	noncoding
NONATHT000150	569	36	0.31797	7.797144889831544	1	0.00805609	noncoding
NONATHT000151	448	39	0.38905	9.398732948303223	-1	0.0793178	noncoding
NONATHT000152	379	51	0.36856999999999995	11.012698936462403	1	0.0342132	noncoding
NONATHT000153	558	25	0.34162000000000003	11.999967765808105	1	0.0128711	noncoding
NONATHT000154	334	33	0.33182	10.461171913146973	1	0.0146601	noncoding
NONATHT000155	698	29	0.33282	10.918575096130368	1	0.01425	noncoding
NONATHT000156	516	67	0.42041999999999996	9.51445369720459	1	0.100258	noncoding
NONATHT000157	506	57	0.31558	5.979882621765137	-1	0.0581261	noncoding
NONATHT000158	684	60	0.34305	9.784705162048336	-1	0.143269	noncoding
NONATHT000159	311	34	0.4340200000000001	6.809106636047363	1	0.0125887	noncoding
NONATHT000160	264	18	0.35245000000000004	10.93997859954834	1	0.00970276	noncoding
NONATHT000161	628	72	0.36534	10.051926612854004	1	0.0697351	noncoding
NONATHT000162	323	28	0.39627999999999997	7.975786781311035	1	0.00728334	noncoding
NONATHT000163	532	50	0.44032	8.655928230285646	1	0.0443394	noncoding
NONATHT000164	609	76	0.36	10.81903591156006	-1	0.170125	noncoding
NONATHT000165	496	73	0.41486999999999996	5.6684049606323255	-1	0.0301869	noncoding
NONATHT000166	265	14	0.38555	4.0500284194946286	1	0.00698206	noncoding
NONATHT000167	553	52	0.42351	10.847402000427245	1	0.0630411	noncoding
NONATHT000168	721	54	0.37863	11.070140266418456	1	0.0413437	noncoding
NONATHT000169	227	0	0.37914000000000003	0.0	-1	9.18298e-06	noncoding
NONATHT000170	1415	73	0.36027	10.516743659973145	1	0.0709365	noncoding
NONATHT000171	1393	73	0.35655	10.516743659973145	1	0.0684575	noncoding
NONATHT000172	422	50	0.39005	7.975528907775878	1	0.0230833	noncoding
NONATHT000173	301	64	0.45603	4.451254844665528	1	0.203353	noncoding
NONATHT000174	475	50	0.40986999999999996	8.02420253753662	1	0.0280582	noncoding
NONATHT000175	292	26	0.41359	10.052313423156736	-1	0.0833683	noncoding
NONATHT000176	4337	93	0.31	7.650096321105957	1	0.0883247	noncoding
NONATHT000177	786	63	0.37471	8.608866310119634	1	0.0421792	noncoding
NONATHT000178	344	27	0.31113	10.736709785461429	1	0.0136131	noncoding
NONATHT000179	454	34	0.26347000000000004	10.762883949279786	-1	0.171483	noncoding
NONATHT000180	244	24	0.44761	11.999967765808105	1	0.0242675	noncoding
NONATHT000181	442	38	0.44881999999999994	4.8263353347778315	1	0.0325038	noncoding
NONATHT000182	882	90	0.38203999999999994	11.409243965148928	1	0.148574	noncoding
NONATHT000183	244	23	0.36463999999999996	7.7995302200317385	1	0.00456891	noncoding
NONATHT000184	244	18	0.33561	8.518997383117675	-1	0.08595	noncoding
NONATHT000185	289	80	0.47855	4.062760353088379	-1	0.0686721	noncoding
NONATHT000186	1273	66	0.33031	7.668796348571779	1	0.0316588	noncoding
NONATHT000187	499	14	0.29218999999999995	8.344739341735842	1	0.00430473	noncoding
NONATHT000188	431	54	0.44294000000000006	9.15820140838623	1	0.065408	noncoding
NONATHT000189	866	57	0.29239	11.516519355773926	1	0.03392	noncoding
NONATHT000190	222	28	0.34819	11.097023582458494	-1	0.179598	noncoding
NONATHT000191	877	65	0.27883	9.756725883483885	1	0.0336813	noncoding
NONATHT000192	612	71	0.38655999999999996	5.095922660827636	1	0.131687	noncoding
NONATHT000193	729	60	0.33534	9.695158576965333	1	0.0326636	noncoding
NONATHT000194	279	15	0.30457	5.274794960021972	1	0.00418137	noncoding
NONATHT000195	553	80	0.41223	8.637232398986818	-1	0.0696815	noncoding
NONATHT000196	337	39	0.42576	7.723248100280761	1	0.0166937	noncoding
NONATHT000197	281	30	0.35974	8.517063331604007	1	0.00757594	noncoding
NONATHT000198	345	50	0.46054	9.103209877014159	1	0.0662981	noncoding
NONATHT000199	579	29	0.35828000000000004	7.788183784484862	1	0.00607613	noncoding
NONATHT000200	205	33	0.43873000000000006	6.505643272399902	1	0.0125026	noncoding
NONATHT000201	306	101	0.45720000000000005	10.469423866271974	-1	0.168742	noncoding
NONATHT000202	237	19	0.34495000000000003	5.2226167678832995	-1	0.0183388	noncoding
NONATHT000203	316	36	0.39149	9.520771598815916	1	0.0162676	noncoding
NONATHT000204	550	31	0.33858	8.189692878723147	1	0.00692692	noncoding
NONATHT000205	1835	97	0.35048	9.478996086120606	1	0.147559	noncoding
NONATHT000206	902	64	0.38832	4.436874580383301	-1	0.0233491	noncoding
NONATHT000207	606	55	0.41364	7.848526191711426	1	0.0378142	noncoding
NONATHT000208	642	53	0.36779	10.755985832214353	1	0.0362889	noncoding
NONATHT000209	552	58	0.46225000000000005	4.0500284194946286	1	0.180009	noncoding
NONATHT000210	283	0	0.34471	0.0	-1	9.79951e-07	noncoding
NONATHT000211	330	26	0.4536	6.013133430480956	1	0.00911673	noncoding
NONATHT000212	1594	59	0.40246000000000004	10.543691444396973	1	0.0637702	noncoding
NONATHT000213	521	54	0.34998	4.451254844665528	1	0.048744	noncoding
NONATHT000214	968	56	0.27511	10.085385704040526	1	0.0290315	noncoding
NONATHT000215	332	22	0.35096	9.103209877014159	1	0.00618893	noncoding
NONATHT000216	671	54	0.33974	10.413400840759277	-1	0.166527	noncoding
NONATHT000217	373	26	0.354	9.428839683532715	1	0.00831388	noncoding
NONATHT000218	218	49	0.44926	7.856133460998535	-1	0.0319945	noncoding
NONATHT000219	533	20	0.31109	9.693869209289552	1	0.00761919	noncoding
NONATHT000220	323	48	0.37811000000000006	9.394735908508299	1	0.0249625	noncoding
NONATHT000221	390	7	0.34781	8.366465187072755	-1	0.0635125	noncoding
NONATHT000222	778	57	0.35629	8.936559104919436	1	0.0287283	noncoding
NONATHT000223	731	62	0.34184	6.890159034729005	1	0.0295308	noncoding
NONATHT000224	283	18	0.30036	8.34403018951416	1	0.00464874	noncoding
NONATHT000225	210	66	0.34395	8.987037849426269	-1	0.114924	noncoding
NONATHT000226	406	19	0.33905	8.023364448547362	1	0.00380914	noncoding
NONATHT000227	814	184	0.35194	10.32372531890869	1	0.835664	coding
NONATHT000228	481	26	0.40116	7.728875160217284	1	0.00643139	noncoding
NONATHT000229	298	23	0.30672999999999995	5.937594413757325	1	0.0050284	noncoding
NONATHT000230	205	45	0.39782	8.71130657196045	-1	0.0560865	noncoding
NONATHT000231	211	33	0.36472	9.302288246154784	1	0.0112567	noncoding
NONATHT000232	264	45	0.40783	8.886531639099122	-1	0.0567664	noncoding
NONATHT000233	563	72	0.46045	11.999967765808105	1	0.237057	noncoding
NONATHT000234	234	18	0.37917	5.060625648498534	1	0.00493124	noncoding
NONATHT000235	887	23	0.38848000000000005	5.823063850402832	1	0.00545144	noncoding
NONATHT000236	450	39	0.37515000000000004	7.9171850204467775	-1	0.0457527	noncoding
NONATHT000237	942	11	0.30261	8.521060371398928	1	0.00369516	noncoding
NONATHT000238	329	45	0.45207	9.601679420471193	1	0.0532266	noncoding
NONATHT000239	272	25	0.40397	11.263674354553224	1	0.015752	noncoding
NONATHT000240	261	62	0.39898999999999996	10.200461769104006	-1	0.120455	noncoding
NONATHT000241	655	32	0.42164999999999997	10.432676887512205	1	0.0229206	noncoding
NONATHT000242	484	45	0.32900999999999997	4.436874580383301	1	0.0269877	noncoding
NONATHT000243	240	33	0.40121	5.265302848815917	1	0.0139518	noncoding
NONATHT000244	622	37	0.39894	11.000127601623536	1	0.0247671	noncoding
NONATHT000245	1421	62	0.35201	4.6634916305542	1	0.0696536	noncoding
NONATHT000246	1117	69	0.32077	9.298484611511231	1	0.0390334	noncoding
NONATHT000247	688	30	0.32755	9.18650302886963	1	0.00879197	noncoding
NONATHT000248	1005	70	0.40249999999999997	10.1739652633667	1	0.0992604	noncoding
NONATHT000249	374	25	0.37387	4.0500284194946286	1	0.01274	noncoding
NONATHT000250	352	75	0.4688	9.512841987609864	-1	0.0896138	noncoding
NONATHT000251	370	34	0.32985	9.846272468566895	-1	0.152742	noncoding
NONATHT000252	367	35	0.40141	10.055988121032716	1	0.019577	noncoding
NONATHT000253	315	62	0.42401	9.873542594909669	-1	0.0965741	noncoding
NONATHT000254	229	46	0.45504	8.404888343811038	1	0.0391359	noncoding
NONATHT000255	361	39	0.3772	11.418656349182129	1	0.0229207	noncoding
NONATHT000256	414	47	0.37754999999999994	6.689176368713379	1	0.0175832	noncoding
NONATHT000257	414	42	0.37881	9.819002342224117	1	0.0212293	noncoding
NONATHT000258	964	31	0.31148000000000003	9.099664115905764	1	0.00906657	noncoding
NONATHT000259	695	23	0.38298000000000004	8.181440925598146	1	0.00537754	noncoding
NONATHT000260	593	37	0.30943	7.7373441696167	1	0.00850459	noncoding
NONATHT000261	501	27	0.29681	11.772716712951663	1	0.0179494	noncoding
NONATHT000262	643	67	0.50588	9.49749851226807	1	0.338799	noncoding
NONATHT000263	271	28	0.41802	8.020334434509277	1	0.00866081	noncoding
NONATHT000264	472	28	0.34102	11.999967765808105	1	0.0140248	noncoding
NONATHT000265	242	30	0.43073	5.738032722473145	1	0.0117906	noncoding
NONATHT000266	231	19	0.40626	9.385968208312985	1	0.00744644	noncoding
NONATHT000267	1988	50	0.28282	6.103905296325682	1	0.0221238	noncoding
NONATHT000268	1957	50	0.28282	6.103905296325682	1	0.0221238	noncoding
NONATHT000269	297	26	0.32198	7.799207878112794	1	0.00512918	noncoding
NONATHT000270	315	37	0.38428	6.215309715270995	1	0.0112273	noncoding
NONATHT000271	425	56	0.40609	7.857293891906738	-1	0.040817	noncoding
NONATHT000272	461	51	0.33983	9.369464302062987	1	0.0220274	noncoding
NONATHT000273	477	38	0.3882899999999999	10.182410621643069	1	0.020814	noncoding
NONATHT000274	202	14	0.44526	5.2226167678832995	1	0.00527393	noncoding
NONATHT000275	239	51	0.35038	6.686675453186036	-1	0.0423732	noncoding
NONATHT000276	1418	57	0.42363999999999996	11.999967765808105	1	0.065106	noncoding
NONATHT000277	314	42	0.43696	9.498852348327638	1	0.0353978	noncoding
NONATHT000278	338	31	0.3278	9.382615852355958	1	0.00975712	noncoding
NONATHT000279	235	26	0.25653000000000004	5.587238883972168	-1	0.118069	noncoding
NONATHT000280	300	50	0.43050999999999995	4.1282957077026365	1	0.105423	noncoding
NONATHT000281	638	60	0.38075000000000003	11.162523460388183	1	0.052629	noncoding
NONATHT000282	220	21	0.31343	8.365046882629397	1	0.00486896	noncoding
NONATHT000283	212	23	0.41219	6.694178199768066	1	0.00549426	noncoding
NONATHT000284	209	10	0.32813000000000003	4.29813060760498	1	0.00383189	noncoding
NONATHT000285	214	9	0.31226	5.275022315979004	1	0.00278125	noncoding
NONATHT000286	444	60	0.41537999999999997	5.302873420715332	1	0.0848317	noncoding
NONATHT000287	511	35	0.44302	6.882656288146973	1	0.0141862	noncoding
NONATHT000288	1140	36	0.24582	11.000063133239745	1	0.0371481	noncoding
NONATHT000289	241	23	0.41453	9.101340293884277	1	0.00882182	noncoding
NONATHT000290	391	40	0.36628000000000005	10.05224895477295	1	0.0190661	noncoding
NONATHT000291	373	12	0.33228	4.352013969421387	1	0.00412004	noncoding
NONATHT000292	524	56	0.41447999999999996	9.032874870300294	1	0.0490177	noncoding
NONATHT000293	418	56	0.44758	9.032874870300294	1	0.0747643	noncoding
NONATHT000294	722	50	0.35209999999999997	10.589012718200681	1	0.0289165	noncoding
NONATHT000295	1064	45	0.32355	10.121810340881346	1	0.0200426	noncoding
NONATHT000296	312	30	0.38454000000000005	5.930546379089355	1	0.00790438	noncoding
NONATHT000297	324	54	0.33355	6.790747642517089	-1	0.0567963	noncoding
NONATHT000298	432	90	0.28814	9.964571952819824	-1	0.166062	noncoding
NONATHT000299	223	55	0.32962	10.379877281188964	-1	0.172268	noncoding
NONATHT000300	684	28	0.46099	11.88830852508545	1	0.039136	noncoding
NONATHT000301	1037	117	0.44405	7.680789375305176	1	0.707685	coding
NONATHT000302	352	37	0.38758000000000004	4.164502143859862	1	0.0295414	noncoding
NONATHT000303	342	20	0.47581999999999997	5.823348045349121	1	0.00601846	noncoding
NONATHT000304	1201	78	0.35625	8.771906852722168	1	0.0708897	noncoding
NONATHT000305	309	29	0.36178	11.364825248718262	1	0.0151145	noncoding
NONATHT000306	608	34	0.39585999999999993	8.180602836608887	-1	0.0399906	noncoding
NONATHT000307	303	34	0.32808000000000004	10.903167152404784	-1	0.187595	noncoding
NONATHT000308	1471	75	0.36034	10.675851631164551	1	0.0763982	noncoding
NONATHT000309	625	75	0.35981	10.675851631164551	1	0.0759996	noncoding
NONATHT000310	338	54	0.44096	11.999967765808105	1	0.0779664	noncoding
NONATHT000311	432	78	0.37575000000000003	9.148144340515138	1	0.0910221	noncoding
NONATHT000312	245	24	0.41648999999999997	4.677076148986816	1	0.0120881	noncoding
NONATHT000313	1432	45	0.36983999999999995	10.595524024963382	1	0.0265427	noncoding
NONATHT000314	244	44	0.40249999999999997	10.292006874084471	1	0.0316891	noncoding
NONATHT000315	343	17	0.43924	5.823348045349121	1	0.00509247	noncoding
NONATHT000316	204	62	0.35268	9.518902015686034	-1	0.125013	noncoding
NONATHT000317	205	23	0.45099	5.701030540466309	1	0.00808504	noncoding
NONATHT000318	460	23	0.27986	5.701030540466309	1	0.00805388	noncoding
NONATHT000319	689	20	0.35407999999999995	9.519997978210448	1	0.00664585	noncoding
NONATHT000320	1664	95	0.43043000000000003	9.629207420349118	1	0.37104	noncoding
NONATHT000321	447	12	0.42717	5.587750434875488	1	0.00374694	noncoding
NONATHT000322	297	39	0.36548	10.097505760192867	1	0.0184144	noncoding
NONATHT000323	1147	99	0.31828999999999996	7.6936918258667	1	0.118835	noncoding
NONATHT000324	491	54	0.32725000000000004	9.183021736145019	1	0.0224632	noncoding
NONATHT000325	223	8	0.37583	5.275022315979004	-1	0.0115033	noncoding
NONATHT000326	1605	62	0.32948	11.109401512145993	1	0.039664	noncoding
NONATHT000327	281	45	0.29939	8.957769203186036	-1	0.155414	noncoding
NONATHT000328	246	25	0.45535	9.697028160095215	-1	0.0571468	noncoding
NONATHT000329	465	29	0.34244	9.976563072204591	1	0.0110945	noncoding
NONATHT000330	579	24	0.41833	9.496338081359863	1	0.0110942	noncoding
NONATHT000331	1332	74	0.38012999999999997	8.891108894348147	1	0.0777657	noncoding
NONATHT000332	346	20	0.36589	10.834250450134277	1	0.0102693	noncoding
NONATHT000333	1141	53	0.31074	9.302159309387207	1	0.0211753	noncoding
NONATHT000334	1063	37	0.43995999999999996	11.999967765808105	1	0.037347	noncoding
NONATHT000335	258	38	0.39205	6.517238426208496	1	0.0119841	noncoding
NONATHT000336	282	24	0.40668	10.693838310241699	1	0.0143587	noncoding
NONATHT000337	790	37	0.35444	10.639878273010254	1	0.0182693	noncoding
NONATHT000338	246	78	0.40415	9.850140571594238	-1	0.114311	noncoding
NONATHT000339	879	53	0.33628	5.740817832946779	1	0.0235722	noncoding
NONATHT000340	253	67	0.38603	9.69251537322998	-1	0.109086	noncoding
NONATHT000341	488	7	0.45769	5.275022315979004	1	0.00318565	noncoding
NONATHT000342	380	17	0.30769	4.369065666198731	1	0.00665579	noncoding
NONATHT000343	346	0	0.40234000000000003	0.0	-1	0.00498867	noncoding
NONATHT000344	247	73	0.36939	10.680751228332518	1	0.0778568	noncoding
NONATHT000345	251	21	0.40293	6.50155086517334	-1	0.0164705	noncoding
NONATHT000346	312	22	0.39427999999999996	5.27252140045166	1	0.00649692	noncoding
NONATHT000347	623	55	0.36129	9.236852836608886	1	0.0290027	noncoding
NONATHT000348	246	82	0.31613	9.968053245544432	1	0.0635476	noncoding
NONATHT000349	764	74	0.45921	9.652931785583494	1	0.247575	noncoding
NONATHT000350	205	14	0.42116000000000003	9.500012779235842	1	0.00675016	noncoding
NONATHT000351	358	48	0.36315000000000003	10.641747856140139	1	0.0287705	noncoding
NONATHT000352	212	39	0.40041	5.823063850402832	-1	0.0183539	noncoding
NONATHT000353	372	12	0.33284	7.95335178375244	1	0.0027288	noncoding
NONATHT000354	869	27	0.30845	5.940947914123535	1	0.00603967	noncoding
NONATHT000355	312	15	0.36040000000000005	7.999253273010254	-1	0.0466476	noncoding
NONATHT000356	7602	92	0.31204	10.067914772033692	1	0.083959	noncoding
NONATHT000357	5006	92	0.34547000000000005	10.067914772033692	1	0.11783	noncoding
NONATHT000358	4996	92	0.34547000000000005	10.067914772033692	1	0.11783	noncoding
NONATHT000359	7579	92	0.31204	10.067914772033692	1	0.083959	noncoding
NONATHT000362	4985	92	0.34547000000000005	10.067914772033692	1	0.11783	noncoding
NONATHT000363	4985	92	0.34547000000000005	10.067914772033692	1	0.11783	noncoding
NONATHT000360	4985	92	0.34547000000000005	10.067914772033692	1	0.11783	noncoding
NONATHT000361	4985	92	0.34547000000000005	10.067914772033692	1	0.11783	noncoding
NONATHT000364	224	21	0.44389	6.688437461853028	1	0.00588319	noncoding
NONATHT000365	1050	89	0.30023	9.69735050201416	1	0.0691338	noncoding
NONATHT000366	1790	70	0.32118	10.047736167907715	1	0.0450564	noncoding
NONATHT000367	907	34	0.40704	9.782190895080564	1	0.0181861	noncoding
NONATHT000368	447	15	0.37429	6.688096427917481	1	0.00274491	noncoding
NONATHT000370	986	53	0.35287999999999997	9.343483543395994	1	0.0256417	noncoding
NONATHT000369	829	53	0.3509	9.343483543395994	1	0.0253164	noncoding
NONATHT000371	849	59	0.43588	9.754662895202635	1	0.0887935	noncoding
NONATHT000372	897	53	0.36041000000000006	6.683890342712403	1	0.0215043	noncoding
NONATHT000373	813	52	0.39744	9.481316947937014	1	0.0367306	noncoding
NONATHT000374	3924	156	0.31620000000000004	9.74737796783447	1	0.466979	noncoding
NONATHT000375	451	56	0.44328999999999996	6.698668479919434	1	0.0530037	noncoding
NONATHT000376	288	23	0.36068000000000006	4.526964378356933	1	0.00770302	noncoding
NONATHT000377	334	33	0.36964	4.783421897888183	1	0.0133649	noncoding
NONATHT000378	210	21	0.28249	8.886660575866703	-1	0.17077	noncoding
NONATHT000379	205	13	0.41247	8.540143013000488	-1	0.0334588	noncoding
NONATHT000380	2121	100	0.33219	10.340100288391113	1	0.130565	noncoding
NONATHT000381	1483	123	0.35999000000000003	10.299743080139159	1	0.357412	noncoding
NONATHT000382	1483	123	0.35999000000000003	10.299743080139159	1	0.357412	noncoding
NONATHT000383	1483	123	0.35999000000000003	10.299743080139159	1	0.357412	noncoding
NONATHT000384	1401	62	0.35999000000000003	10.264801216125484	1	0.0459742	noncoding
NONATHT000385	880	95	0.33008000000000004	10.04051570892334	1	0.109761	noncoding
NONATHT000386	471	40	0.37290999999999996	5.380401802062988	-1	0.0193583	noncoding
NONATHT000387	240	24	0.42172	9.305060386657715	1	0.0106867	noncoding
NONATHT000388	313	25	0.37941	9.103209877014159	1	0.00775619	noncoding
NONATHT000389	319	38	0.29271	8.03999729156494	-1	0.13278	noncoding
NONATHT000390	417	21	0.39754999999999996	5.584965324401855	1	0.00553504	noncoding
NONATHT000391	1422	86	0.30374999999999996	9.97791690826416	1	0.0658208	noncoding
NONATHT000393	600	34	0.40140999999999993	11.711342811584473	1	0.0216048	noncoding
NONATHT000392	600	34	0.40140999999999993	11.711342811584473	1	0.0216048	noncoding
NONATHT000394	347	37	0.34509999999999996	7.824866294860841	1	0.00871262	noncoding
NONATHT000395	429	37	0.36909000000000003	10.01704921722412	1	0.0169063	noncoding
NONATHT000396	641	32	0.3418	11.999967765808105	-1	0.186373	noncoding
NONATHT000397	235	48	0.42071	9.300741004943848	-1	0.0663672	noncoding
NONATHT000398	297	54	0.45433999999999997	9.032294654846194	-1	0.0563517	noncoding
NONATHT000399	381	31	0.34858999999999996	10.289041328430173	1	0.0132646	noncoding
NONATHT000400	531	39	0.41512	8.273759651184086	1	0.0166894	noncoding
NONATHT000401	496	2	0.40379	5.275022315979004	1	1.10622e-05	noncoding
NONATHT000402	1750	55	0.36654	9.395187187194825	1	0.0312374	noncoding
NONATHT000403	1187	55	0.38263	9.395187187194825	1	0.0359261	noncoding
NONATHT000404	292	41	0.47324999999999995	10.089576148986815	1	0.0737506	noncoding
NONATHT000405	292	41	0.44638	11.437158775329593	1	0.0557424	noncoding
NONATHT000406	292	23	0.45489	11.999967765808105	1	0.0267116	noncoding
NONATHT000407	292	41	0.4589	10.089576148986815	1	0.0568365	noncoding
NONATHT000408	292	41	0.4589	10.089576148986815	1	0.0568365	noncoding
NONATHT000409	891	32	0.36028	9.695158576965333	-1	0.112045	noncoding
NONATHT000410	329	2	0.35636	5.275022315979004	1	7.18396e-06	noncoding
NONATHT000411	1438	94	0.33203	10.082033348083492	1	0.108546	noncoding
NONATHT000412	409	46	0.36245	6.692075157165529	1	0.0148426	noncoding
NONATHT000413	581	25	0.35340000000000005	9.800048637390137	1	0.00906315	noncoding
NONATHT000414	1694	33	0.35324	6.514964866638183	1	0.00705202	noncoding
NONATHT000415	284	45	0.40185	9.871673011779784	-1	0.0936426	noncoding
NONATHT000416	722	31	0.37523	9.199847984313966	1	0.0104553	noncoding
NONATHT000417	337	37	0.29498	5.509539985656737	1	0.0130862	noncoding
NONATHT000418	1027	70	0.3333	9.346255683898928	1	0.0443933	noncoding
NONATHT000419	1343	79	0.33757000000000004	10.074877357482908	1	0.06933	noncoding
NONATHT000420	405	81	0.36384	5.8903612136840815	1	0.124207	noncoding
NONATHT000421	735	117	0.3692	9.805592918395995	1	0.353365	noncoding
NONATHT000422	967	41	0.37332	8.84275760650635	1	0.0150617	noncoding
NONATHT000423	645	65	0.29507999999999995	10.060371971130369	1	0.0351655	noncoding
NONATHT000424	476	35	0.43463999999999997	10.282916831970212	1	0.0302317	noncoding
NONATHT000425	350	7	0.33786000000000005	8.49804515838623	-1	0.0782834	noncoding
NONATHT000426	540	82	0.43886	8.960541343688966	1	0.234819	noncoding
NONATHT000427	636	73	0.40935000000000005	10.841406440734861	1	0.12563	noncoding
NONATHT000428	1771	55	0.32484999999999997	4.93495464324951	1	0.036177	noncoding
NONATHT000429	863	37	0.37363	11.999967765808105	1	0.0189512	noncoding
NONATHT000430	219	5	0.43315	4.0500284194946286	1	0.00565693	noncoding
NONATHT000431	4524	279	0.33555	9.249230766296385	1	0.99571	coding
NONATHT000432	930	60	0.41012	11.490216255187988	1	0.070143	noncoding
NONATHT000433	2293	87	0.32474	9.507168769836426	1	0.0780614	noncoding
NONATHT000434	221	41	0.43017	11.625535392761233	-1	0.155985	noncoding
NONATHT000435	968	50	0.42774999999999996	9.218414878845213	1	0.0441109	noncoding
NONATHT000436	1082	44	0.35299	9.69612560272217	1	0.0191785	noncoding
NONATHT000437	1246	41	0.35056	8.384000587463383	1	0.0119123	noncoding
NONATHT000438	2110	70	0.33114	9.69683475494385	1	0.0459296	noncoding
NONATHT000439	1704	46	0.34463	11.999967765808105	1	0.0232659	noncoding
NONATHT000440	524	44	0.38105999999999995	9.691097068786618	1	0.0228801	noncoding
NONATHT000441	1417	38	0.29196	8.888336753845216	1	0.0117329	noncoding
NONATHT000442	779	24	0.35522	5.587750434875488	1	0.00514968	noncoding
NONATHT000443	521	79	0.46618	5.517156410217283	1	0.272658	noncoding
NONATHT000444	984	95	0.31744	6.002447700500488	1	0.15769	noncoding
NONATHT000445	1625	66	0.33513000000000004	8.780352210998537	1	0.0353832	noncoding
NONATHT000446	1311	77	0.29367	9.826093864440917	1	0.0476831	noncoding
NONATHT000447	274	20	0.38769000000000003	6.690085792541503	1	0.00391879	noncoding
NONATHT000448	209	22	0.36857	11.722947120666507	1	0.0118225	noncoding
NONATHT000449	728	53	0.4283600000000001	5.780718803405762	1	0.0498286	noncoding
NONATHT000451	637	31	0.34908000000000006	7.89913387298584	1	0.00665938	noncoding
NONATHT000450	540	31	0.36474	7.89913387298584	1	0.00704265	noncoding
NONATHT000452	790	44	0.45056	4.0500284194946286	1	0.0804155	noncoding
NONATHT000453	1176	58	0.42942	10.286398124694824	1	0.0851273	noncoding
NONATHT000454	1500	58	0.33515999999999996	8.593522834777833	1	0.0245854	noncoding
NONATHT000455	2077	65	0.33246	8.978205680847168	-1	0.125685	noncoding
NONATHT000456	564	80	0.4547	8.533180427551269	1	0.243261	noncoding
NONATHT000457	1888	89	0.35073000000000004	9.946327400207519	1	0.112296	noncoding
NONATHT000458	395	17	0.31103	7.916217994689941	1	0.0037141	noncoding
NONATHT000459	1460	59	0.31207	9.39976444244385	1	0.0267466	noncoding
NONATHT000460	1302	65	0.38917	9.496402549743653	1	0.0620214	noncoding
NONATHT000461	1317	49	0.29372	6.382700538635253	1	0.0173068	noncoding
NONATHT000462	1802	60	0.34924	6.80035343170166	1	0.0283417	noncoding
NONATHT000463	972	74	0.38911999999999997	10.036776542663574	1	0.0984007	noncoding
NONATHT000464	846	42	0.3005	8.253516578674319	1	0.0114717	noncoding
NONATHT000465	1018	75	0.41669999999999996	9.431611824035645	1	0.136689	noncoding
NONATHT000466	480	26	0.40835	10.318052101135251	1	0.0146007	noncoding
NONATHT000467	490	50	0.36334999999999995	6.7789819717407225	1	0.0184185	noncoding
NONATHT000468	603	40	0.41418	4.4791059494018555	1	0.0385403	noncoding
NONATHT000469	2196	80	0.38159999999999994	9.510263252258301	1	0.110177	noncoding
NONATHT000470	3924	45	0.27583	6.5055864334106435	1	0.0172289	noncoding
NONATHT000471	885	79	0.38419000000000003	5.517156410217283	1	0.162311	noncoding
NONATHT000472	531	79	0.45437	5.754061317443848	1	0.255252	noncoding
NONATHT000473	645	31	0.34824	9.353734016418457	1	0.00990551	noncoding
NONATHT000474	459	24	0.40333	5.587238883972168	1	0.00699081	noncoding
NONATHT000475	568	51	0.3954	5.976472282409667	1	0.0306941	noncoding
NONATHT000476	821	87	0.35776	10.199623680114744	1	0.113885	noncoding
NONATHT000477	762	26	0.33401	9.785349845886227	1	0.00925066	noncoding
NONATHT000478	408	78	0.35274999999999995	6.801206016540527	1	0.0734573	noncoding
NONATHT000479	762	26	0.33401	9.785349845886227	1	0.00925066	noncoding
NONATHT000480	588	59	0.29059999999999997	7.664874458312989	1	0.0220763	noncoding
NONATHT000481	588	59	0.29059999999999997	7.664874458312989	1	0.0220763	noncoding
NONATHT000482	642	84	0.30633	11.561518287658693	1	0.0604731	noncoding
NONATHT000483	1308	38	0.38037	9.515420722961426	1	0.0164788	noncoding
NONATHT000484	3456	57	0.33202	10.377040672302243	1	0.0324483	noncoding
NONATHT000485	582	50	0.41675999999999996	6.013360786437987	1	0.0347791	noncoding
NONATHT000486	529	50	0.40759	6.013360786437987	1	0.0320387	noncoding
NONATHT000487	1044	88	0.39722	8.0084077835083	1	0.17468	noncoding
NONATHT000488	453	151	0.40003999999999995	9.880505180358885	1	0.839865	coding
NONATHT000489	1020	107	0.358	8.617311668395995	1	0.234292	noncoding
NONATHT000490	912	304	0.279	11.548044395446777	1	0.770998	coding
NONATHT000491	486	62	0.35248	10.640136146545409	1	0.0448813	noncoding
NONATHT000492	537	179	0.42579	8.715883827209474	1	0.982444	coding
NONATHT000493	1206	218	0.37328	8.389931678771976	-1	0.213274	noncoding
NONATHT000494	582	79	0.38595	6.005346488952636	1	0.13694	noncoding
NONATHT000495	627	87	0.34685	11.255615806579591	1	0.0935975	noncoding
NONATHT000496	2477	71	0.34889	9.098954963684083	1	0.0507794	noncoding
NONATHT000497	544	65	0.4413	8.47805995941162	1	0.0975147	noncoding
NONATHT000498	810	76	0.44599999999999995	6.697304344177247	1	0.171631	noncoding
NONATHT000499	360	76	0.44241	9.9476167678833	-1	0.109364	noncoding
NONATHT000500	4521	79	0.36851	6.698895835876464	1	0.0928208	noncoding
NONATHT000501	234	78	0.33781	10.25919246673584	1	0.0679307	noncoding
NONATHT000502	3829	88	0.31997	9.063561820983885	1	0.0754798	noncoding
NONATHT000503	364	90	0.45183000000000006	11.344001960754394	1	0.420407	noncoding
NONATHT000504	632	28	0.36408999999999997	6.689801597595214	1	0.00550372	noncoding
NONATHT000505	570	35	0.36863	9.510005378723147	-1	0.0974413	noncoding
NONATHT000506	614	48	0.35814999999999997	8.46374797821045	1	0.0175487	noncoding
NONATHT000507	509	26	0.41550000000000004	7.823125648498536	1	0.00726013	noncoding
NONATHT000508	997	38	0.3735	9.693869209289552	1	0.0165832	noncoding
NONATHT000509	1179	76	0.31871	11.167036247253417	1	0.0555719	noncoding
NONATHT000510	333	41	0.38759999999999994	5.464239311218263	1	0.018686	noncoding
NONATHT000511	682	70	0.35589000000000004	10.96757106781006	1	0.0610767	noncoding
NONATHT000512	1154	68	0.34287	5.97277774810791	1	0.0503737	noncoding
NONATHT000513	1267	108	0.34184	9.6918062210083	1	0.193088	noncoding
NONATHT000514	370	57	0.37905000000000005	8.820322608947755	-1	0.0755854	noncoding
NONATHT000515	1052	67	0.37097	7.67499179840088	1	0.0461938	noncoding
NONATHT000516	1598	43	0.36463	10.176221656799317	1	0.0219998	noncoding
NONATHT000517	453	100	0.3954	9.021721839904785	1	0.285064	noncoding
NONATHT000518	2121	81	0.37168	7.960830116271973	1	0.0928997	noncoding
NONATHT000519	318	69	0.39143	9.352251243591308	-1	0.093827	noncoding
NONATHT000520	945	32	0.48139	4.3962915420532225	1	0.0213982	noncoding
NONATHT000521	426	37	0.35348	4.7486364364624025	-1	0.018098	noncoding
NONATHT000522	217	21	0.38627	9.349672508239745	-1	0.0703421	noncoding
NONATHT000523	318	23	0.34307	8.275629234313968	-1	0.071655	noncoding
NONATHT000524	250	12	0.28808	5.587750434875488	1	0.00424072	noncoding
NONATHT000525	383	8	0.46299	11.16600475311279	1	0.0155376	noncoding
NONATHT000526	1109	93	0.43528	9.803981208801268	1	0.372401	noncoding
NONATHT000527	480	18	0.38028	4.369065666198731	1	0.00709385	noncoding
NONATHT000528	687	71	0.39910999999999996	6.122321128845214	1	0.0982605	noncoding
NONATHT000529	465	85	0.4061	9.137764930725101	1	0.179554	noncoding
NONATHT000530	1036	39	0.43122	11.435418128967285	1	0.0394676	noncoding
NONATHT000531	543	73	0.41574	7.763319587707521	1	0.103045	noncoding
NONATHT000532	515	30	0.45184	9.186760902404785	1	0.0200434	noncoding
NONATHT000533	2301	50	0.30234	8.687904548645019	1	0.0166563	noncoding
NONATHT000534	688	96	0.35143	9.265992546081542	1	0.143163	noncoding
NONATHT000535	643	45	0.2963	8.31128025054932	1	0.0131536	noncoding
NONATHT000536	794	29	0.31135999999999997	6.16506404876709	1	0.00621398	noncoding
NONATHT000537	1059	50	0.38742	5.161173820495604	1	0.0372993	noncoding
NONATHT000538	359	6	0.34273	5.275022315979004	1	1.15694e-05	noncoding
NONATHT000539	513	55	0.35192	9.589043617248535	1	0.0292059	noncoding
NONATHT000540	414	43	0.47313	6.688721656799316	1	0.0262729	noncoding
NONATHT000541	2264	100	0.40378000000000003	9.72133274078369	1	0.320571	noncoding
NONATHT000542	666	31	0.38055999999999995	6.51610164642334	1	0.00727943	noncoding
NONATHT000543	3003	108	0.30705	7.760022926330567	1	0.149998	noncoding
NONATHT000544	1047	29	0.38098	9.984299278259279	1	0.0125932	noncoding
NONATHT000545	710	127	0.35205	9.351606559753417	1	0.391793	noncoding
NONATHT000546	233	13	0.37188	11.999967765808105	1	0.00837802	noncoding
NONATHT000547	702	59	0.3628100000000001	8.719300651550292	1	0.0318813	noncoding
NONATHT000548	349	35	0.38194	9.186245155334472	1	0.0131159	noncoding
NONATHT000549	783	73	0.41731	6.03302707672119	-1	0.031055	noncoding
NONATHT000550	597	160	0.31481000000000003	10.440026283264157	1	0.438694	noncoding
NONATHT000551	2893	59	0.35019000000000006	4.0549165725708	1	0.082342	noncoding
NONATHT000552	510	41	0.40981999999999996	9.843177986145019	1	0.0267835	noncoding
NONATHT000553	1400	120	0.33502	5.741613578796388	1	0.493248	noncoding
NONATHT000554	494	101	0.45472999999999997	10.528799247741699	-1	0.171154	noncoding
NONATHT000555	491	42	0.32212999999999997	7.866512870788575	1	0.0105757	noncoding
NONATHT000556	2523	63	0.3499	6.726064872741699	1	0.0336779	noncoding
NONATHT000557	267	38	0.33165000000000006	6.8017175674438475	1	0.00851551	noncoding
NONATHT000558	390	29	0.43801000000000007	10.345773506164548	1	0.0238882	noncoding
NONATHT000559	385	36	0.41703	8.189692878723147	1	0.0140833	noncoding
NONATHT000560	591	76	0.33814	9.647000694274901	1	0.0601482	noncoding
NONATHT000561	218	47	0.43781000000000003	7.923760795593263	-1	0.0327694	noncoding
NONATHT000562	714	42	0.29635	9.298484611511231	1	0.0146873	noncoding
NONATHT000563	382	35	0.33781	10.446408653259276	1	0.0157108	noncoding
NONATHT000564	372	34	0.45231	5.268315315246581	1	0.0198319	noncoding
NONATHT000565	358	30	0.47265999999999997	9.034164237976075	-1	0.0405148	noncoding
NONATHT000566	794	73	0.3911	10.068301582336424	1	0.0969091	noncoding
NONATHT000567	328	33	0.44271	5.934922981262207	1	0.0142846	noncoding
NONATHT000568	557	36	0.38738	9.522834587097169	1	0.0157864	noncoding
NONATHT000569	709	49	0.32633	11.224735450744628	1	0.0269655	noncoding
NONATHT000570	211	10	0.40369999999999995	7.999059867858887	1	0.00279412	noncoding
NONATHT000571	952	42	0.35764	4.889312934875488	1	0.0200289	noncoding
NONATHT000572	278	25	0.29652	9.98436374664307	1	0.0108125	noncoding
NONATHT000574	2466	93	0.34238	9.9193151473999	1	0.117478	noncoding
NONATHT000573	2466	93	0.34238	9.9193151473999	1	0.117478	noncoding
NONATHT000575	1019	72	0.32725	10.073781394958495	1	0.0502286	noncoding
NONATHT000576	347	43	0.43214	11.015148735046388	-1	0.131551	noncoding
NONATHT000577	255	72	0.37222999999999995	9.301836967468262	-1	0.105797	noncoding
NONATHT000578	259	25	0.32139	9.006700706481933	1	0.0068448	noncoding
NONATHT000579	1103	71	0.34195	8.858230018615721	1	0.0463671	noncoding
NONATHT000580	405	40	0.41459999999999997	9.301836967468262	1	0.0230295	noncoding
NONATHT000581	1173	57	0.42301	9.741833686828613	1	0.0670262	noncoding
NONATHT000582	396	30	0.33236	9.304028892517088	1	0.0091463	noncoding
NONATHT000583	274	27	0.44741000000000003	8.210451698303224	1	0.0111409	noncoding
NONATHT000584	702	28	0.33499	9.69619007110596	1	0.0096775	noncoding
NONATHT000585	680	31	0.34919000000000006	9.211452293395993	1	0.00947942	noncoding
NONATHT000586	305	28	0.36804000000000003	7.916927146911622	1	0.00613937	noncoding
NONATHT000587	1348	46	0.30548000000000003	11.0533784866333	1	0.0246921	noncoding
NONATHT000588	207	22	0.37095	5.451677894592284	1	0.00514022	noncoding
NONATHT000589	282	10	0.32854	9.500077247619632	1	0.00454908	noncoding
NONATHT000590	796	66	0.30201	10.60654811859131	1	0.0394677	noncoding
NONATHT000591	1236	68	0.27180000000000004	6.79228229522705	1	0.0415014	noncoding
NONATHT000592	249	24	0.31944	9.984299278259279	1	0.00944988	noncoding
NONATHT000593	361	31	0.36274999999999996	5.302361869812012	1	0.00891431	noncoding
NONATHT000594	240	32	0.39141	10.182410621643069	1	0.0162667	noncoding
NONATHT000595	486	24	0.35414999999999996	8.274533271789554	1	0.00522488	noncoding
NONATHT000596	787	54	0.40293	8.932175254821779	1	0.0380618	noncoding
NONATHT000597	430	52	0.44908	10.7303918838501	1	0.0945634	noncoding
NONATHT000598	647	60	0.39021	9.49382381439209	-1	0.0942628	noncoding
NONATHT000599	298	27	0.34118	10.834379386901855	1	0.0130448	noncoding
NONATHT000600	1744	122	0.36658999999999997	9.754727363586426	1	0.397163	noncoding
NONATHT000601	1695	122	0.39529	9.754727363586426	1	0.540542	coding
NONATHT000602	1682	122	0.39529	9.754727363586426	1	0.540542	coding
NONATHT000603	1286	69	0.27244	8.89007740020752	1	0.0341736	noncoding
NONATHT000604	275	35	0.37527	8.023751258850098	1	0.00936809	noncoding
NONATHT000605	1480	47	0.32413000000000003	11.324210166931152	1	0.0254914	noncoding
NONATHT000606	221	6	0.44328	5.275022315979004	1	0.00299835	noncoding
NONATHT000607	203	15	0.40537	5.8228364944458	1	0.0037049	noncoding
NONATHT000608	991	52	0.34524999999999995	10.80652904510498	1	0.0306876	noncoding
NONATHT000609	1268	39	0.40837999999999997	11.480223655700684	1	0.0292636	noncoding
NONATHT000610	369	83	0.47544000000000003	10.000803184509277	1	0.458905	noncoding
NONATHT000611	978	132	0.39359999999999995	8.537822151184084	1	0.678357	coding
NONATHT000612	292	61	0.26413000000000003	9.01991672515869	1	0.0290152	noncoding
NONATHT000613	947	69	0.26715	9.428968620300292	1	0.0370881	noncoding
NONATHT000614	591	19	0.38087	11.999967765808105	1	0.0103841	noncoding
NONATHT000615	387	66	0.42499000000000003	10.519967079162598	1	0.117152	noncoding
NONATHT000616	1428	35	0.31154000000000004	8.253581047058105	1	0.00843718	noncoding
NONATHT000617	1466	35	0.27976	8.253581047058105	1	0.0101249	noncoding
NONATHT000618	2074	106	0.30307	6.5346879959106445	1	0.188469	noncoding
NONATHT000619	295	30	0.42656000000000005	10.306189918518065	1	0.0213661	noncoding
NONATHT000620	286	61	0.45665	9.380488395690918	1	0.121723	noncoding
NONATHT000621	292	46	0.43973	5.207383918762206	1	0.0437814	noncoding
NONATHT000622	620	50	0.32275999999999994	7.906160926818847	1	0.0151367	noncoding
NONATHT000623	721	55	0.31684000000000007	9.781675148010251	1	0.0255981	noncoding
NONATHT000624	721	55	0.31684000000000007	9.781675148010251	1	0.0255981	noncoding
NONATHT000625	396	25	0.40349	9.628304862976073	1	0.0107743	noncoding
NONATHT000626	1233	57	0.4078	6.021261405944824	1	0.0490183	noncoding
NONATHT000627	621	94	0.33772	10.810655021667483	1	0.111962	noncoding
NONATHT000628	839	39	0.37005	9.993905067443851	1	0.0183977	noncoding
NONATHT000629	554	29	0.32711	8.000349235534667	1	0.00605055	noncoding
NONATHT000630	248	68	0.41977000000000003	4.229469108581543	-1	0.030778	noncoding
NONATHT000631	298	30	0.41279	9.998095512390137	-1	0.0839626	noncoding
NONATHT000632	312	39	0.44802	9.185600471496581	1	0.0314227	noncoding
NONATHT000633	249	26	0.45592	7.978623390197754	1	0.0105341	noncoding
NONATHT000634	386	37	0.39597	10.277372550964351	1	0.0216243	noncoding
NONATHT000635	348	49	0.4217000000000001	10.517904090881348	1	0.0519589	noncoding
NONATHT000636	902	117	0.32998000000000005	9.743187522888181	1	0.218676	noncoding
NONATHT000637	226	43	0.37751	4.496839714050293	-1	0.016495	noncoding
NONATHT000638	323	13	0.34129000000000004	8.496820259094239	1	0.00332934	noncoding
NONATHT000639	456	73	0.36195	8.140503501892091	1	0.0573709	noncoding
NONATHT000640	1330	70	0.35134	11.999967765808105	1	0.0475796	noncoding
NONATHT000641	219	25	0.43576000000000004	8.275629234313968	1	0.00906345	noncoding
NONATHT000642	249	24	0.41614	11.000127601623536	1	0.016482	noncoding
NONATHT000643	1013	68	0.31077	5.1453157424926745	1	0.0648308	noncoding
NONATHT000644	267	30	0.35416000000000003	9.184504508972168	1	0.00911755	noncoding
NONATHT000645	716	84	0.35472	5.660447502136231	1	0.144041	noncoding
NONATHT000646	345	0	0.41433000000000003	0.0	-1	0.00902057	noncoding
NONATHT000647	1188	50	0.31915000000000004	10.7303918838501	1	0.0263058	noncoding
NONATHT000648	349	50	0.44378	11.122166252136228	1	0.0805129	noncoding
NONATHT000649	881	40	0.40866	6.696679115295409	1	0.0151312	noncoding
NONATHT000650	334	46	0.39879	6.389748573303222	1	0.0209904	noncoding
NONATHT000651	241	14	0.39224000000000003	4.0500284194946286	1	0.00746173	noncoding
NONATHT000652	1815	58	0.34224	9.236594963073731	1	0.0288262	noncoding
NONATHT000653	1815	58	0.34224	9.236594963073731	1	0.0288262	noncoding
NONATHT000654	382	86	0.40464	11.061501502990723	1	0.188518	noncoding
NONATHT000656	856	56	0.37817	10.060243034362792	1	0.0409525	noncoding
NONATHT000655	856	56	0.37817	10.060243034362792	1	0.0409525	noncoding
NONATHT000657	368	42	0.28576	11.043579292297363	1	0.0244396	noncoding
NONATHT000658	294	31	0.37265	5.058522605895996	-1	0.0156571	noncoding
NONATHT000659	594	38	0.35033	4.749147987365721	1	0.0161768	noncoding
NONATHT000660	488	21	0.35523000000000005	7.935365104675293	1	0.00414702	noncoding
NONATHT000661	217	33	0.32126	10.052184486389159	1	0.0130854	noncoding
NONATHT000662	734	49	0.30695	9.338777351379395	1	0.0185087	noncoding
NONATHT000663	1015	56	0.3081	9.182119178771973	-1	0.154801	noncoding
NONATHT000664	3778	71	0.32615000000000005	11.084065437316895	1	0.0506718	noncoding
NONATHT000665	416	23	0.33831999999999995	11.000127601623536	1	0.011842	noncoding
NONATHT000666	551	47	0.41824	10.680686759948731	1	0.0462241	noncoding
NONATHT000667	746	39	0.3902	11.491763496398928	1	0.0247932	noncoding
NONATHT000668	1263	147	0.41746	9.575827598571777	1	0.874803	coding
NONATHT000669	1024	147	0.44128	9.575827598571777	1	0.926467	coding
NONATHT000670	490	44	0.44717000000000007	10.845919227600099	1	0.0637481	noncoding
NONATHT000671	413	18	0.48332	11.712567710876463	1	0.0430097	noncoding
NONATHT000672	309	19	0.40902	5.971697807312012	-1	0.0135437	noncoding
NONATHT000673	494	61	0.42856	4.0500284194946286	-1	0.0305853	noncoding
NONATHT000674	558	121	0.39274	6.041893959045409	-1	0.0627657	noncoding
NONATHT000675	204	14	0.41246	10.000867652893067	1	0.00763965	noncoding
NONATHT000676	366	40	0.31608	9.035453605651856	1	0.0123778	noncoding
NONATHT000677	526	41	0.30765	4.867770957946777	1	0.0188565	noncoding
NONATHT000678	223	12	0.3905799999999999	5.927136039733886	1	0.00272435	noncoding
NONATHT000679	812	100	0.36658	10.577730751037596	1	0.194685	noncoding
NONATHT000680	1150	94	0.32326999999999995	7.864514350891112	1	0.0996723	noncoding
NONATHT000681	1323	44	0.35602999999999996	10.036647605895993	1	0.0211857	noncoding
NONATHT000682	869	60	0.3094	10.411208915710446	1	0.0330718	noncoding
NONATHT000683	268	51	0.34358	9.359149360656737	1	0.0224018	noncoding
NONATHT000684	307	35	0.42996999999999996	5.376650428771973	-1	0.0164995	noncoding
NONATHT000685	330	12	0.38286	8.366529655456542	1	0.00317542	noncoding
NONATHT000686	330	17	0.33374	9.186696434020995	1	0.00518984	noncoding
NONATHT000687	1835	202	0.35921000000000003	10.850689888000488	1	0.903874	coding
NONATHT000688	417	39	0.37501000000000007	9.891787147521974	1	0.0184623	noncoding
NONATHT000689	404	99	0.38817	6.0063695907592765	-1	0.0466732	noncoding
NONATHT000690	809	46	0.32472	5.402114295959472	-1	0.0368255	noncoding
NONATHT000691	303	45	0.31256	8.66037654876709	1	0.0136768	noncoding
NONATHT000692	963	35	0.41454	10.664376258850098	1	0.0254762	noncoding
NONATHT000693	1066	32	0.27784000000000003	10.877960014343262	-1	0.185054	noncoding
NONATHT000694	2273	50	0.3277	5.632141685485839	1	0.020433	noncoding
NONATHT000696	1289	50	0.38573	4.834576988220214	1	0.0435159	noncoding
NONATHT000695	1272	50	0.38573	4.834576988220214	1	0.0435159	noncoding
NONATHT000697	471	42	0.34025	4.0500284194946286	1	0.0288245	noncoding
NONATHT000698	248	16	0.27723	8.500108146667483	1	0.00578563	noncoding
NONATHT000699	317	19	0.43732000000000004	7.999833488464356	1	0.00594424	noncoding
NONATHT000700	488	81	0.41225	6.81723461151123	1	0.163078	noncoding
NONATHT000701	887	28	0.35359	4.895735740661621	-1	0.0166461	noncoding
NONATHT000702	250	37	0.40105999999999997	6.224460792541504	1	0.0128369	noncoding
NONATHT000703	1100	29	0.39165000000000005	11.000063133239745	1	0.0167365	noncoding
NONATHT000704	1990	89	0.42633	5.368351936340332	1	0.403953	noncoding
NONATHT000705	388	41	0.3536	11.617025566101074	1	0.0219239	noncoding
NONATHT000706	716	37	0.39857	9.021012687683104	1	0.0156401	noncoding
NONATHT000707	1205	54	0.35235	6.702476692199707	1	0.0213956	noncoding
NONATHT000708	721	27	0.39080000000000004	10.277372550964351	1	0.0132573	noncoding
NONATHT000710	1178	53	0.28978000000000004	9.933240318298338	1	0.0245551	noncoding
NONATHT000709	1176	53	0.28978000000000004	9.933240318298338	1	0.0245551	noncoding
NONATHT000711	507	50	0.39042	6.11203327178955	1	0.0264529	noncoding
NONATHT000712	381	66	0.41875999999999997	8.435252952575684	1	0.0778445	noncoding
NONATHT000713	302	14	0.40764	6.50155086517334	1	0.00310826	noncoding
NONATHT000716	950	40	0.35214	9.225119590759277	1	0.0141931	noncoding
NONATHT000715	950	40	0.35214	9.225119590759277	1	0.0141931	noncoding
NONATHT000714	950	40	0.35214	9.225119590759277	1	0.0141931	noncoding
NONATHT000717	248	37	0.39769	9.035904884338382	1	0.0155915	noncoding
NONATHT000718	1562	56	0.32108000000000003	9.773100852966305	1	0.0268036	noncoding
NONATHT000719	242	14	0.37216	5.823063850402832	1	0.00286356	noncoding
NONATHT000720	495	39	0.39396000000000003	10.847337532043458	-1	0.138307	noncoding
NONATHT000721	606	74	0.27837	9.402729988098145	1	0.0409036	noncoding
NONATHT000722	539	65	0.31471000000000005	9.237497520446777	1	0.0324241	noncoding
NONATHT000723	1053	49	0.40609000000000006	8.18930606842041	1	0.0261977	noncoding
NONATHT000724	625	66	0.3398	6.374913597106934	1	0.0394931	noncoding
NONATHT000725	1161	45	0.35509	6.706966972351075	-1	0.0377943	noncoding
NONATHT000726	1550	84	0.34848	10.299743080139159	1	0.0927048	noncoding
NONATHT000727	354	41	0.37004000000000004	9.782061958312983	1	0.0189799	noncoding
NONATHT000728	526	60	0.36639	5.241714668273924	1	0.0526564	noncoding
NONATHT000729	228	24	0.45881	11.105404472351072	1	0.0312946	noncoding
NONATHT000730	5499	70	0.31192	10.004800224304201	1	0.0426072	noncoding
NONATHT000731	448	47	0.38466999999999996	11.553846549987792	-1	0.171452	noncoding
NONATHT000732	444	0	0.37301	0.0	-1	5.62871e-06	noncoding
NONATHT000733	248	36	0.44927	11.493117332458496	1	0.0467183	noncoding
NONATHT000734	1659	49	0.35992999999999997	9.782255363464351	1	0.0250557	noncoding
NONATHT000735	2421	111	0.33487999999999996	9.681104469299317	1	0.194694	noncoding
NONATHT000736	237	36	0.43618	9.607417106628418	1	0.0264482	noncoding
NONATHT000737	204	12	0.27991000000000005	7.975528907775878	1	0.00425183	noncoding
NONATHT000738	5971	77	0.29977	6.873618888854981	1	0.0510687	noncoding
NONATHT000739	217	24	0.43624999999999997	8.51931972503662	1	0.00928846	noncoding
NONATHT000740	1587	85	0.34328000000000003	10.488506507873534	1	0.0909467	noncoding
NONATHT000741	4134	78	0.33414	10.126129722595213	1	0.0652278	noncoding
NONATHT000742	1127	49	0.39536000000000004	5.922986793518065	1	0.0276562	noncoding
NONATHT000743	257	29	0.37644	7.9998979568481445	1	0.0068491	noncoding
NONATHT000744	203	26	0.46771	10.895108604431151	-1	0.104239	noncoding
NONATHT000745	242	60	0.43204	9.648161125183105	-1	0.0839874	noncoding
NONATHT000746	301	0	0.37937	0.0	-1	9.35928e-06	noncoding
NONATHT000747	598	41	0.35286	6.701396751403809	1	0.0106746	noncoding
NONATHT000748	313	18	0.31296999999999997	9.78522090911865	1	0.00731942	noncoding
NONATHT000749	433	42	0.4088	10.847466468811035	1	0.033522	noncoding
NONATHT000750	226	27	0.36222999999999994	9.514002418518068	1	0.00913946	noncoding
NONATHT000751	237	48	0.29754	6.489671516418457	1	0.0156658	noncoding
NONATHT000752	1544	94	0.30755	9.857747840881348	1	0.0852985	noncoding
NONATHT000754	1173	94	0.34675	9.857747840881348	1	0.127762	noncoding
NONATHT000753	1173	94	0.34675	9.857747840881348	1	0.127762	noncoding
NONATHT000755	669	63	0.36446	9.494210624694826	1	0.044269	noncoding
NONATHT000756	230	25	0.38095999999999997	8.384322929382325	1	0.00624064	noncoding
NONATHT000757	456	52	0.45243999999999995	11.454758644104007	1	0.102112	noncoding
NONATHT000758	705	36	0.36067000000000005	10.019563484191895	1	0.0155842	noncoding
NONATHT000759	2452	108	0.39877	10.06501369476318	1	0.385444	noncoding
NONATHT000760	210	68	0.43116	4.886470985412598	-1	0.0305542	noncoding
NONATHT000761	4809	88	0.33866	5.227504920959471	1	0.183279	noncoding
NONATHT000762	308	53	0.33214	7.7212018966674805	-1	0.0796608	noncoding
NONATHT000763	3726	53	0.28717000000000004	7.749678230285644	1	0.0177532	noncoding
NONATHT000764	659	50	0.32017999999999996	5.872286415100096	1	0.0188085	noncoding
NONATHT000765	2229	78	0.39817	9.9965482711792	1	0.12978	noncoding
NONATHT000766	237	26	0.3237	7.915315437316894	1	0.00522407	noncoding
NONATHT000767	351	40	0.41962999999999995	9.901521873474117	1	0.0288939	noncoding
NONATHT000768	528	16	0.37257999999999997	5.362383842468262	1	0.00370825	noncoding
NONATHT000769	559	58	0.35811	9.983912467956543	1	0.0371691	noncoding
NONATHT000770	1186	49	0.30263	8.252871894836428	1	0.014967	noncoding
NONATHT000771	279	80	0.30061000000000004	9.09792346954346	-1	0.161173	noncoding
NONATHT000772	1110	119	0.28719	10.145018959045409	1	0.137503	noncoding
NONATHT000773	721	76	0.30433999999999994	9.77767810821533	1	0.0480807	noncoding
NONATHT000774	296	32	0.38948000000000005	8.887176322937016	1	0.0108764	noncoding
NONATHT000775	265	38	0.41341000000000006	4.677076148986816	1	0.0296047	noncoding
NONATHT000776	542	48	0.35784999999999995	9.185149192810059	1	0.0205433	noncoding
NONATHT000777	388	30	0.32428999999999997	10.877960014343262	1	0.0147738	noncoding
NONATHT000778	231	12	0.44799	4.207074546813964	1	0.00836289	noncoding
NONATHT000779	590	57	0.40915999999999997	9.730745124816895	1	0.0560697	noncoding
NONATHT000780	1547	56	0.29325	10.859844398498534	1	0.0315893	noncoding
NONATHT000781	316	51	0.38098	10.21999568939209	-1	0.1258	noncoding
NONATHT000782	578	0	0.42725	0.0	-1	0.0172106	noncoding
NONATHT000783	297	60	0.39551000000000003	8.88401737213135	1	0.0470839	noncoding
NONATHT000784	312	18	0.432	11.999967765808105	1	0.014551	noncoding
NONATHT000785	935	67	0.29186	10.294843482971189	1	0.038402	noncoding
NONATHT000786	935	67	0.29186	10.294843482971189	1	0.038402	noncoding
NONATHT000787	327	14	0.30186999999999997	5.2226167678832995	1	0.00420067	noncoding
NONATHT000788	785	40	0.3297	8.93223972320557	1	0.0121912	noncoding
NONATHT000789	494	14	0.39409	4.136935234069824	1	0.0071761	noncoding
NONATHT000790	297	2	0.33487	5.275022315979004	1	7.65783e-06	noncoding
NONATHT000791	496	31	0.33486	10.028460121154787	1	0.0120822	noncoding
NONATHT000792	241	22	0.38236	4.7834787368774405	-1	0.0122494	noncoding
NONATHT000793	318	18	0.34446	5.585420036315917	-1	0.0210164	noncoding
NONATHT000794	344	6	0.41684000000000004	11.000256538391113	-1	0.111407	noncoding
NONATHT000795	784	51	0.4155	11.999967765808105	1	0.0455712	noncoding
NONATHT000796	836	49	0.42494	10.354412269592284	1	0.0529368	noncoding
NONATHT000797	581	76	0.41547	9.520965003967284	1	0.142364	noncoding
NONATHT000798	263	63	0.38921	4.131762886047363	1	0.150797	noncoding
NONATHT000799	1040	50	0.38691	10.42487621307373	1	0.0363206	noncoding
NONATHT000800	245	27	0.41244	4.887948799133301	1	0.0126147	noncoding
NONATHT000801	393	29	0.37585999999999997	9.185149192810059	1	0.00949272	noncoding
NONATHT000802	201	10	0.43232	4.596478462219238	1	0.00545594	noncoding
NONATHT000803	358	38	0.34517000000000003	7.976947212219238	1	0.00936546	noncoding
NONATHT000804	403	47	0.3594	4.608585166931152	-1	0.0192741	noncoding
NONATHT000805	242	17	0.42378000000000005	9.700380516052245	1	0.0087605	noncoding
NONATHT000806	414	59	0.37289	8.446857261657716	1	0.0333784	noncoding
NONATHT000807	1356	49	0.47404	5.105642127990721	1	0.05185	noncoding
NONATHT000808	283	20	0.33819	7.977011680603027	1	0.00394887	noncoding
NONATHT000809	247	47	0.30772	4.649281883239747	-1	0.0372449	noncoding
NONATHT000810	455	72	0.43872999999999995	9.919186210632322	1	0.17524	noncoding
NONATHT000811	786	34	0.34807	8.513646507263182	1	0.00878754	noncoding
NONATHT000812	437	76	0.41796000000000005	10.564708137512206	1	0.160991	noncoding
NONATHT000813	973	32	0.29986999999999997	9.005862617492678	1	0.00949683	noncoding
NONATHT000814	807	77	0.31736000000000003	9.12461338043213	1	0.0499661	noncoding
NONATHT000815	252	4	0.43474999999999997	9.519997978210448	-1	0.0453541	noncoding
NONATHT000816	287	42	0.35564	9.621019935607908	1	0.0175293	noncoding
NONATHT000817	1428	82	0.41250000000000003	8.587398338317872	1	0.162317	noncoding
NONATHT000818	340	29	0.41002	8.41771755218506	1	0.00946881	noncoding
NONATHT000819	574	45	0.37491	10.93997859954834	1	0.0283863	noncoding
NONATHT000820	248	19	0.3481	5.752469825744629	1	0.00362941	noncoding
NONATHT000821	936	60	0.34387	4.139038276672363	1	0.079152	noncoding
NONATHT000822	881	75	0.41447	4.655818367004395	1	0.272603	noncoding
NONATHT000823	312	14	0.43291	11.000256538391113	1	0.0125152	noncoding
NONATHT000824	375	36	0.39326	6.894421958923341	1	0.0103356	noncoding
NONATHT000825	253	47	0.45332	11.844727897644042	1	0.0781049	noncoding
NONATHT000826	411	39	0.34876999999999997	9.297259712219237	1	0.0136882	noncoding
NONATHT000827	397	57	0.30214	9.93549671173096	1	0.0273976	noncoding
NONATHT000828	528	31	0.37892000000000003	5.876663017272949	1	0.00818416	noncoding
NONATHT000829	678	92	0.41503999999999996	9.301643562316894	1	0.271419	noncoding
NONATHT000830	320	14	0.44828999999999997	11.722947120666507	1	0.0163815	noncoding
NONATHT000831	256	45	0.40142	10.228956794738767	-1	0.109367	noncoding
NONATHT000832	420	51	0.38054	9.778967475891111	1	0.0318801	noncoding
NONATHT000833	359	54	0.44577	6.671158409118653	1	0.0478216	noncoding
NONATHT000834	374	35	0.38166000000000005	11.999967765808105	1	0.0183226	noncoding
NONATHT000835	243	9	0.42826	5.75320873260498	1	0.00293225	noncoding
NONATHT000836	1384	66	0.31632000000000005	10.0719762802124	1	0.0386938	noncoding
NONATHT000837	306	42	0.48273	10.931339836120607	1	0.122146	noncoding
NONATHT000838	369	49	0.39475000000000005	6.815074729919433	1	0.0225607	noncoding
NONATHT000839	461	39	0.40412	6.681730461120606	1	0.0137373	noncoding
NONATHT000840	201	18	0.42818999999999996	5.713876152038575	1	0.00535292	noncoding
NONATHT000841	1090	80	0.31404	9.070073127746582	1	0.0541129	noncoding
NONATHT000844	1084	80	0.31404	9.070073127746582	1	0.0541129	noncoding
NONATHT000843	1084	80	0.31404	9.070073127746582	1	0.0541129	noncoding
NONATHT000842	1084	80	0.31404	9.070073127746582	1	0.0541129	noncoding
NONATHT000845	370	37	0.39106	11.000127601623536	-1	0.145702	noncoding
NONATHT000846	345	73	0.43919	9.691097068786618	-1	0.0954513	noncoding
NONATHT000847	582	66	0.30496	9.647194099426269	1	0.0345714	noncoding
NONATHT000848	552	37	0.31352	6.497628974914551	1	0.00858798	noncoding
NONATHT000849	333	12	0.33599999999999997	4.778306388854981	1	0.00336197	noncoding
NONATHT000850	217	50	0.45692	9.03603382110596	1	0.0615814	noncoding
NONATHT000851	1349	47	0.265	8.202070808410646	1	0.0176319	noncoding
NONATHT000852	285	43	0.37678	8.352604484558107	-1	0.0565193	noncoding
NONATHT000853	322	70	0.37499	10.02040157318115	1	0.0709248	noncoding
NONATHT000854	202	36	0.35041999999999995	4.7233999252319325	1	0.0145482	noncoding
NONATHT000855	279	19	0.34572	10.06050090789795	1	0.00777729	noncoding
NONATHT000856	247	24	0.36856999999999995	9.500012779235842	1	0.00812474	noncoding
NONATHT000857	343	50	0.41557	10.5865629196167	-1	0.12228	noncoding
NONATHT000858	1197	53	0.32148000000000004	4.316091728210449	1	0.0455007	noncoding
NONATHT000859	1115	42	0.3871	8.588558769226076	1	0.0164594	noncoding
NONATHT000860	1022	58	0.35056	8.685390281677247	1	0.027539	noncoding
NONATHT000861	286	41	0.37884	11.324210166931152	1	0.0250669	noncoding
NONATHT000862	399	57	0.34457000000000004	10.375751304626462	1	0.0346806	noncoding
NONATHT000863	419	61	0.4253	4.529067420959472	-1	0.0272032	noncoding
NONATHT000864	402	55	0.43562	9.10056667327881	1	0.0615476	noncoding
NONATHT000865	354	20	0.35286000000000006	7.799401283264161	1	0.00381272	noncoding
NONATHT000866	220	38	0.43808	9.621213340759276	-1	0.0661282	noncoding
NONATHT000867	310	52	0.44653	9.264896583557128	-1	0.0624885	noncoding
NONATHT000868	742	100	0.33507	8.84972019195557	1	0.136291	noncoding
NONATHT000869	243	26	0.42294000000000004	10.282916831970212	1	0.0167138	noncoding
NONATHT000870	515	47	0.37899	11.88192615509033	1	0.0284714	noncoding
NONATHT000871	254	21	0.40627	5.2226167678832995	1	0.00684492	noncoding
NONATHT000872	487	35	0.4013	5.4263277053833	1	0.0147571	noncoding
NONATHT000873	313	16	0.36507999999999996	5.748206901550293	1	0.00318993	noncoding
NONATHT000874	398	6	0.37184000000000006	8.500108146667483	1	1.71412e-05	noncoding
NONATHT000875	470	84	0.34945000000000004	6.0254106521606445	1	0.119202	noncoding
NONATHT000876	333	32	0.38139999999999996	8.188725852966307	1	0.00859035	noncoding
NONATHT000877	433	48	0.42308999999999997	11.567513847351076	1	0.0506687	noncoding
NONATHT000878	322	14	0.45624	5.27252140045166	1	0.00514181	noncoding
NONATHT000879	1478	52	0.38703	10.28098278045654	1	0.0387874	noncoding
NONATHT000880	209	39	0.41673	9.782190895080564	1	0.0257332	noncoding
NONATHT000881	604	19	0.30852999999999997	9.187405586242676	1	0.00611051	noncoding
NONATHT000882	228	29	0.40546	9.303577613830566	1	0.0119976	noncoding
NONATHT000883	237	23	0.33614	6.69150676727295	1	0.00397431	noncoding
NONATHT000884	309	32	0.33351000000000003	10.288976860046386	1	0.013526	noncoding
NONATHT000885	735	44	0.40532	6.952852439880371	1	0.0182501	noncoding
NONATHT000886	262	73	0.46960999999999997	11.796634483337403	-1	0.201067	noncoding
NONATHT000887	311	7	0.42696	9.519997978210448	1	0.00494012	noncoding
NONATHT000888	1357	54	0.35044	5.510165214538573	1	0.0291647	noncoding
NONATHT000889	1124	54	0.38408	5.510165214538573	1	0.039144	noncoding
NONATHT000890	729	60	0.34801	9.183988761901855	1	0.0322502	noncoding
NONATHT000891	425	42	0.43732000000000004	9.23595027923584	1	0.0327188	noncoding
NONATHT000892	327	47	0.38535	6.803081703186035	1	0.0185157	noncoding
NONATHT000893	341	44	0.46789000000000003	4.721069526672363	1	0.0476278	noncoding
NONATHT000894	366	19	0.36047999999999997	4.0500284194946286	1	0.00779856	noncoding
NONATHT000895	233	25	0.4219200000000001	4.749773216247559	1	0.0128684	noncoding
NONATHT000896	313	15	0.39661	9.700380516052245	1	0.00646564	noncoding
NONATHT000898	580	56	0.31924	9.352509117126463	1	0.0243584	noncoding
NONATHT000897	580	56	0.31924	9.352509117126463	1	0.0243584	noncoding
NONATHT000899	742	38	0.36505	11.999967765808105	1	0.0190331	noncoding
NONATHT000900	248	14	0.37848000000000004	5.708987998962402	1	0.00304029	noncoding
NONATHT000901	243	25	0.38642999999999994	11.000256538391113	-1	0.143628	noncoding
NONATHT000902	442	103	0.33031	10.516743659973145	1	0.138177	noncoding
NONATHT000903	668	33	0.36376000000000003	9.699735832214355	1	0.0126838	noncoding
NONATHT000904	444	23	0.3272	5.270077323913574	1	0.00534769	noncoding
NONATHT000905	443	19	0.35245000000000004	7.900423240661622	1	0.00370767	noncoding
NONATHT000906	857	56	0.32755999999999996	10.390772438049318	1	0.0308521	noncoding
NONATHT000907	747	37	0.26982	6.809902381896973	1	0.0127567	noncoding
NONATHT000908	450	35	0.42495	6.3781534194946286	1	0.0132337	noncoding
NONATHT000909	209	26	0.30862	11.999967765808105	-1	0.181229	noncoding
NONATHT000910	657	17	0.42139	5.585420036315917	1	0.00504391	noncoding
NONATHT000911	203	0	0.46429	0.0	-1	0.0878566	noncoding
NONATHT000912	313	34	0.42014999999999997	6.519000434875489	1	0.0117276	noncoding
NONATHT000913	660	16	0.31637	11.711342811584473	1	0.0117803	noncoding
NONATHT000914	342	39	0.38231	10.277243614196774	-1	0.121141	noncoding
NONATHT000915	858	42	0.37617	10.227280616760254	1	0.0229297	noncoding
NONATHT000916	238	6	0.42208	7.999833488464356	1	1.83904e-05	noncoding
NONATHT000917	310	5	0.44256999999999996	5.275022315979004	1	0.00279968	noncoding
NONATHT000918	737	55	0.36596	11.885149574279783	1	0.0343056	noncoding
NONATHT000919	443	50	0.36506	10.708408164978025	1	0.031648	noncoding
NONATHT000920	525	27	0.37202	11.999967765808105	1	0.013454	noncoding
NONATHT000921	721	179	0.41059	8.83083095550537	-1	0.182199	noncoding
NONATHT000922	365	34	0.37773999999999996	5.862225914001464	-1	0.0195333	noncoding
NONATHT000923	390	20	0.28376	10.461171913146973	1	0.0126008	noncoding
NONATHT000924	245	29	0.32427	9.150400733947755	1	0.00836776	noncoding
NONATHT000925	208	33	0.4561	4.93575038909912	1	0.0217419	noncoding
NONATHT000926	309	38	0.32413000000000003	8.803818702697757	1	0.0107805	noncoding
NONATHT000927	383	16	0.28746	11.999967765808105	-1	0.17331	noncoding
NONATHT000928	1488	82	0.40711	4.677019309997559	1	0.349805	noncoding
NONATHT000929	741	37	0.36507999999999996	6.511497688293456	1	0.00933638	noncoding
NONATHT000930	241	22	0.43966	10.834379386901855	1	0.0195277	noncoding
NONATHT000932	2117	52	0.43692000000000003	11.000063133239745	1	0.0780735	noncoding
NONATHT000931	2117	52	0.43692000000000003	11.000063133239745	1	0.0780735	noncoding
NONATHT000933	309	37	0.44098	6.494445991516113	1	0.016358	noncoding
NONATHT000934	425	54	0.41536	4.7490343093872065	1	0.0797207	noncoding
NONATHT000935	388	78	0.45006	9.06446437835693	1	0.230959	noncoding
NONATHT000936	206	1	0.3662	5.275022315979004	-1	0.0113078	noncoding
NONATHT000937	2728	51	0.35427000000000003	7.8711545944213865	1	0.018165	noncoding
NONATHT000938	350	104	0.37065	5.95822696685791	1	0.368859	noncoding
NONATHT000939	606	134	0.4717	9.6871000289917	1	0.928325	coding
NONATHT000940	400	86	0.42865	9.857876777648926	1	0.268201	noncoding
NONATHT000941	948	37	0.34219	9.744928169250485	1	0.0140807	noncoding
NONATHT000942	349	41	0.34236	10.165906715393067	1	0.0183969	noncoding
NONATHT000943	383	63	0.41404	9.408145332336428	-1	0.0820168	noncoding
NONATHT000944	911	102	0.40913	10.101502799987792	1	0.362551	noncoding
NONATHT000945	765	56	0.41597	4.583576011657715	1	0.100299	noncoding
NONATHT000946	411	28	0.39059	11.722947120666507	-1	0.166905	noncoding
NONATHT000947	975	20	0.35895	11.733906745910645	1	0.0110322	noncoding
NONATHT000948	204	53	0.37989	10.160942649841306	-1	0.12506	noncoding
NONATHT000949	348	36	0.3601	6.998664665222168	-1	0.0361496	noncoding
NONATHT000950	1139	59	0.31683000000000006	10.483606910705568	1	0.0331006	noncoding
NONATHT000951	3969	73	0.38676	11.88192615509033	1	0.0755848	noncoding
NONATHT000952	3504	73	0.39915999999999996	11.88192615509033	1	0.0880688	noncoding
NONATHT000955	2214	56	0.32519	8.768232154846192	1	0.022197	noncoding
NONATHT000954	2214	56	0.32519	8.768232154846192	1	0.022197	noncoding
NONATHT000953	2214	56	0.32519	8.768232154846192	1	0.022197	noncoding
NONATHT000956	447	29	0.33776	4.0500284194946286	1	0.0132007	noncoding
NONATHT000957	449	74	0.46924000000000005	11.614382362365724	1	0.333892	noncoding
NONATHT000958	904	31	0.29764	4.0500284194946286	1	0.0198707	noncoding
NONATHT000959	830	31	0.31733	4.0500284194946286	1	0.0157327	noncoding
NONATHT000960	460	17	0.3982	4.207074546813964	1	0.00870603	noncoding
NONATHT000961	284	62	0.39163	9.182763862609864	1	0.0525057	noncoding
NONATHT000964	5218	112	0.29297000000000006	10.5040433883667	1	0.119172	noncoding
NONATHT000962	5218	112	0.29297000000000006	10.5040433883667	1	0.119172	noncoding
NONATHT000963	5218	112	0.29297000000000006	10.5040433883667	1	0.119172	noncoding
NONATHT000965	749	33	0.29257	9.306091880798338	1	0.0111797	noncoding
NONATHT000966	749	33	0.29257	9.306091880798338	1	0.0111797	noncoding
NONATHT000967	3026	78	0.33907	9.664471626281738	1	0.0654195	noncoding
NONATHT000968	391	48	0.38281	9.91944408416748	1	0.0293033	noncoding
NONATHT000969	355	41	0.36956	8.820258140563965	1	0.0146178	noncoding
NONATHT000970	434	74	0.37312999999999996	9.95154933929443	1	0.0812568	noncoding
NONATHT000971	505	29	0.35580999999999996	4.0500284194946286	-1	0.0126689	noncoding
NONATHT000972	392	56	0.38687000000000005	4.315239143371582	1	0.0867152	noncoding
NONATHT000973	493	22	0.44612999999999997	10.90323162078857	1	0.0218646	noncoding
NONATHT000974	606	50	0.33501	6.509906196594237	1	0.0163903	noncoding
NONATHT000975	443	37	0.37701	9.494532966613772	1	0.015298	noncoding
NONATHT000976	396	21	0.36076	8.939653587341311	1	0.00567354	noncoding
NONATHT000977	718	63	0.33171	10.165777778625486	1	0.0385197	noncoding
NONATHT000978	214	12	0.41932	7.975593376159668	-1	0.0234749	noncoding
NONATHT000979	205	17	0.43011000000000005	7.999833488464356	1	0.00498731	noncoding
NONATHT000980	796	49	0.3331	4.0500284194946286	1	0.0425357	noncoding
NONATHT000981	647	46	0.38139999999999996	7.81313304901123	1	0.0169962	noncoding
NONATHT000982	795	36	0.32233	10.15597858428955	1	0.0149239	noncoding
NONATHT000983	795	36	0.32233	10.15597858428955	1	0.0149239	noncoding
NONATHT000984	1031	52	0.32675	10.929986000061035	1	0.028995	noncoding
NONATHT000985	340	24	0.32697	5.820903968811035	1	0.00479927	noncoding
NONATHT000986	375	30	0.37546	10.052184486389159	1	0.0130506	noncoding
NONATHT000987	666	52	0.36468	11.999967765808105	-1	0.179577	noncoding
NONATHT000988	324	41	0.32853	10.507073402404785	1	0.0193057	noncoding
NONATHT000989	638	52	0.43862	10.028524589538574	1	0.0698864	noncoding
NONATHT000990	234	10	0.37205999999999995	6.487682151794433	-1	0.0188131	noncoding
NONATHT000991	280	53	0.37966	4.26931324005127	1	0.068469	noncoding
NONATHT000992	430	26	0.42	11.38835620880127	1	0.0191989	noncoding
NONATHT000993	367	36	0.392	8.656057167053223	1	0.0127497	noncoding
NONATHT000994	202	33	0.31527000000000005	9.25709590911865	1	0.0101882	noncoding
NONATHT000995	1075	64	0.34768	5.6773286819458	1	0.0467488	noncoding
NONATHT000996	1056	30	0.29381999999999997	10.024398612976075	1	0.0129031	noncoding
NONATHT000997	3930	59	0.30128	9.58994617462158	1	0.0271404	noncoding
NONATHT000998	532	84	0.32562	9.871801948547361	1	0.0728048	noncoding
NONATHT000999	939	48	0.32374	6.233725547790528	1	0.0153352	noncoding
NONATHT001000	945	58	0.35164	10.187503623962403	1	0.0366467	noncoding
NONATHT001001	418	49	0.34118	9.496467018127444	1	0.0210924	noncoding
NONATHT001002	501	105	0.41946	9.13164043426514	1	0.444147	noncoding
NONATHT001003	313	84	0.37346999999999997	4.428917121887207	1	0.309582	noncoding
NONATHT001004	1828	62	0.42316000000000004	9.78522090911865	1	0.0861798	noncoding
NONATHT001005	968	81	0.31437000000000004	9.494210624694826	1	0.0582999	noncoding
NONATHT001006	286	9	0.38008	8.500108146667483	-1	0.0441862	noncoding
NONATHT001007	247	16	0.33971	5.927192878723144	1	0.00295556	noncoding
NONATHT001008	222	56	0.38808	8.934689521789554	-1	0.0732823	noncoding
NONATHT001009	530	42	0.39112	10.637106132507324	1	0.0275934	noncoding
NONATHT001010	1175	59	0.33287999999999995	8.294325065612792	1	0.0243335	noncoding
NONATHT001011	435	38	0.28697	7.958509254455566	1	0.0101937	noncoding
NONATHT001012	231	21	0.34422	9.992422294616702	1	0.0082041	noncoding
NONATHT001013	2071	86	0.32862	10.478127098083494	1	0.0815575	noncoding
NONATHT001014	1106	86	0.39552	10.478127098083494	1	0.174357	noncoding
NONATHT001015	1211	58	0.30745	10.227280616760254	1	0.0301104	noncoding
NONATHT001016	1122	51	0.41272	6.233782386779786	1	0.0334892	noncoding
NONATHT001017	379	62	0.42383	5.643680000305175	-1	0.0256601	noncoding
NONATHT001018	520	19	0.30422000000000005	9.748022651672361	1	0.00781255	noncoding
NONATHT001019	330	34	0.35111	8.344739341735842	1	0.0085085	noncoding
NONATHT001020	3023	36	0.25198000000000004	10.182410621643069	-1	0.170557	noncoding
NONATHT001021	1321	40	0.31467	5.3026460647583	1	0.0139886	noncoding
NONATHT001022	1035	58	0.33879	8.934302711486819	1	0.0266227	noncoding
NONATHT001023	496	29	0.31004	4.780523109436035	1	0.0101524	noncoding
NONATHT001024	282	89	0.46630000000000005	9.29996738433838	1	0.445961	noncoding
NONATHT001025	410	29	0.36414	9.49814319610596	1	0.00999655	noncoding
NONATHT001026	358	33	0.37413	10.708408164978025	1	0.017158	noncoding
NONATHT001027	678	44	0.32856	4.0500284194946286	1	0.0317983	noncoding
NONATHT001028	328	38	0.32747999999999994	11.364825248718262	1	0.0197974	noncoding
NONATHT001029	354	16	0.41194	4.0500284194946286	1	0.0103526	noncoding
NONATHT001030	543	52	0.42534000000000005	10.31192760467529	1	0.0608763	noncoding
NONATHT001031	359	4	0.31237	6.49137668609619	1	9.08284e-06	noncoding
NONATHT001032	1331	41	0.34098	9.835183906555173	1	0.0168129	noncoding
NONATHT001033	333	9	0.37621000000000004	8.344223594665529	1	0.00264639	noncoding
NONATHT001034	257	9	0.37312	8.344223594665529	1	0.0026292	noncoding
NONATHT001035	274	41	0.36913	9.776001930236816	-1	0.111097	noncoding
NONATHT001036	649	14	0.32772	7.84620532989502	1	0.00295779	noncoding
NONATHT001037	438	26	0.42555000000000004	11.999967765808105	1	0.0187804	noncoding
NONATHT001038	1245	29	0.41594	4.0500284194946286	1	0.0256697	noncoding
NONATHT001039	1302	85	0.2545	10.028266716003419	1	0.0611941	noncoding
NONATHT001040	4235	58	0.28983	9.099921989440919	1	0.0239355	noncoding
NONATHT001041	24529	109	0.25349000000000005	9.570928001403807	1	0.0992567	noncoding
NONATHT001042	602	50	0.34068999999999994	9.455207252502444	1	0.0216849	noncoding
NONATHT001043	1480	88	0.33413000000000004	10.872867012023924	-1	0.175242	noncoding
NONATHT001044	637	34	0.41908999999999996	9.300354194641113	1	0.0176375	noncoding
NONATHT001045	358	65	0.40331	4.936091423034666	-1	0.0252764	noncoding
NONATHT001046	1157	45	0.37056999999999995	6.814335823059082	1	0.0146706	noncoding
NONATHT001047	4039	85	0.354	9.25645122528076	1	0.0962854	noncoding
NONATHT001048	465	70	0.36773	10.173642921447755	1	0.0667847	noncoding
NONATHT001049	750	50	0.42073	10.519902610778807	1	0.0537183	noncoding
NONATHT001050	1039	48	0.35642	8.768167686462402	1	0.0184831	noncoding
NONATHT001051	701	39	0.38356999999999997	10.93997859954834	1	0.0237543	noncoding
NONATHT001052	365	57	0.35327	9.783351325988768	1	0.0332349	noncoding
NONATHT001053	285	4	0.42456	5.27274875640869	1	1.83304e-05	noncoding
NONATHT001054	288	34	0.39078999999999997	9.301385688781735	1	0.0137473	noncoding
NONATHT001055	483	44	0.43122	5.38580150604248	1	0.0338391	noncoding
NONATHT001056	483	44	0.43279	5.38580150604248	1	0.0341505	noncoding
NONATHT001057	1124	55	0.38117	9.749312019348142	1	0.0380955	noncoding
NONATHT001059	377	35	0.40852	8.189821815490724	1	0.0123498	noncoding
NONATHT001058	377	35	0.40852	8.189821815490724	1	0.0123498	noncoding
NONATHT001060	2070	80	0.34906000000000004	10.90323162078857	1	0.0804118	noncoding
NONATHT001061	919	26	0.33242	8.189112663269043	1	0.00550087	noncoding
NONATHT001062	1255	21	0.31563	11.000127601623536	1	0.012033	noncoding
NONATHT001063	1392	64	0.33039	6.18558292388916	1	0.035687	noncoding
NONATHT001064	1434	75	0.33072999999999997	9.37417049407959	1	0.052744	noncoding
NONATHT001065	1101	117	0.32857000000000003	5.742352485656738	1	0.431648	noncoding
NONATHT001066	704	22	0.34992	9.976434135437014	1	0.00849707	noncoding
NONATHT001067	387	58	0.41611	4.32961940765381	1	0.133287	noncoding
NONATHT001068	1732	92	0.33946	10.166809272766113	1	0.110254	noncoding
NONATHT001069	510	45	0.38103	9.581887626647948	1	0.0233	noncoding
NONATHT001070	2121	78	0.34672	9.577439308166504	1	0.0697296	noncoding
NONATHT001071	744	28	0.35975999999999997	9.238851356506348	1	0.00863715	noncoding
NONATHT001072	297	16	0.42424	6.684288215637207	1	0.00384242	noncoding
NONATHT001073	560	87	0.45829000000000003	9.692257499694826	1	0.402411	noncoding
NONATHT001074	744	67	0.38348	11.781935691833496	1	0.0614691	noncoding
NONATHT001075	753	44	0.41172	7.869671821594237	1	0.0199727	noncoding
NONATHT001076	729	73	0.38952999999999993	11.343486213684084	1	0.0914968	noncoding
NONATHT001077	972	50	0.29575	11.999967765808105	1	0.0281806	noncoding
NONATHT001078	375	49	0.44573999999999997	7.792245292663574	1	0.0366951	noncoding
NONATHT001079	1969	67	0.43448	10.163327980041505	1	0.13628	noncoding
NONATHT001080	1043	85	0.41659	11.999967765808105	1	0.165626	noncoding
NONATHT001081	701	71	0.45248000000000005	11.999967765808105	1	0.193306	noncoding
NONATHT001082	407	53	0.4554	11.999967765808105	1	0.100597	noncoding
NONATHT001083	852	116	0.41137	9.621664619445799	1	0.550551	coding
NONATHT001084	2504	76	0.36124999999999996	9.571830558776853	1	0.074627	noncoding
NONATHT001085	2922	78	0.32545	11.545078849792482	1	0.0577725	noncoding
NONATHT001086	2265	71	0.32362	10.167969703674316	1	0.0479224	noncoding
NONATHT001087	829	73	0.33762000000000003	10.892981147766111	-1	0.177258	noncoding
NONATHT001088	368	69	0.35197999999999996	10.788477897644043	1	0.0573714	noncoding
NONATHT001089	1335	59	0.30767	7.743766975402832	-1	0.111703	noncoding
NONATHT001090	3255	134	0.36595999999999995	8.429321861267091	1	0.573147	coding
NONATHT001091	477	159	0.41778	9.604902839660646	1	0.928996	coding
NONATHT001092	588	153	0.38814000000000004	9.756274604797362	-1	0.177022	noncoding
NONATHT001093	1311	58	0.26968000000000003	9.744928169250485	1	0.0292257	noncoding
NONATHT001094	1080	60	0.34329	4.748181724548339	1	0.0558362	noncoding
NONATHT001095	265	63	0.39979000000000003	9.996806144714355	1	0.0691583	noncoding
NONATHT001096	242	77	0.36942	10.182990837097169	-1	0.145126	noncoding
NONATHT001097	294	25	0.31717	8.385483360290529	1	0.00569316	noncoding
NONATHT001098	246	30	0.4783	9.626757621765137	1	0.0364679	noncoding
NONATHT001099	399	41	0.35631	9.941621208190917	1	0.0183646	noncoding
NONATHT001100	747	29	0.27837	11.466427421569826	-1	0.171587	noncoding
NONATHT001101	530	71	0.28266	10.395607566833494	1	0.0430323	noncoding
NONATHT001102	578	46	0.39358	7.980428504943848	1	0.0192032	noncoding
NONATHT001103	363	26	0.35757	10.295036888122556	1	0.0111426	noncoding
NONATHT001104	1119	52	0.31558	10.170935249328611	1	0.0251312	noncoding
NONATHT001105	1705	121	0.35047999999999996	9.509811973571779	1	0.323613	noncoding
NONATHT001106	1237	58	0.2671	6.011087226867674	1	0.0411309	noncoding
NONATHT001107	1473	337	0.30553	9.75163288116455	-1	0.140473	noncoding
NONATHT001108	896	73	0.35172000000000003	10.722784614562986	1	0.0656743	noncoding
NONATHT001109	562	25	0.38815	9.496338081359863	1	0.00929472	noncoding
NONATHT001110	485	40	0.37535999999999997	8.987360191345214	1	0.0151128	noncoding
NONATHT001111	1282	86	0.38504000000000005	6.882599449157715	1	0.153531	noncoding
NONATHT001112	594	33	0.40892	9.498336601257325	1	0.016147	noncoding
NONATHT001113	1787	76	0.32406999999999997	10.163327980041505	1	0.0565183	noncoding
NONATHT001114	1621	60	0.32649	10.106337928771971	1	0.0335113	noncoding
NONATHT001115	616	48	0.33222	9.302159309387207	1	0.0186175	noncoding
NONATHT001116	4888	185	0.30808	11.950133705139159	1	0.35124	noncoding
NONATHT001117	1290	110	0.41047	9.927180290222168	1	0.468442	noncoding
NONATHT001118	837	34	0.31834	9.690710258483886	1	0.0121035	noncoding
NONATHT001119	1095	52	0.37695999999999996	5.5538743972778315	1	0.0317942	noncoding
NONATHT001120	966	44	0.32202000000000003	10.582436943054198	-1	0.182325	noncoding
NONATHT001121	333	55	0.43413999999999997	5.713421440124511	1	0.0601789	noncoding
NONATHT001122	612	204	0.33891	10.301161384582517	1	0.878387	coding
NONATHT001123	363	28	0.32823	11.555264854431151	1	0.01502	noncoding
NONATHT001124	256	37	0.45713000000000004	4.4791059494018555	1	0.0370603	noncoding
NONATHT001125	330	40	0.46614000000000005	9.687615776062014	1	0.0526981	noncoding
NONATHT001126	389	36	0.40193	7.923180580139161	1	0.0117569	noncoding
NONATHT001127	483	58	0.38885	7.823319053649904	1	0.0345835	noncoding
NONATHT001128	982	128	0.40923999999999994	9.299322700500486	1	0.688505	coding
NONATHT001129	1357	87	0.35428000000000004	9.608577537536618	1	0.106903	noncoding
NONATHT001130	321	107	0.41796000000000005	8.375103950500488	1	0.460359	noncoding
NONATHT001131	404	30	0.31338	11.122166252136228	-1	0.196198	noncoding
NONATHT001132	218	13	0.32005999999999996	5.748206901550293	1	0.00281644	noncoding
NONATHT001133	1608	74	0.25588000000000005	8.53866024017334	1	0.0434477	noncoding
NONATHT001134	453	151	0.4235	6.752097129821778	1	0.945687	coding
NONATHT001135	2472	62	0.36672	10.15604305267334	1	0.048048	noncoding
NONATHT001136	1701	70	0.28204	11.339424705505369	1	0.0453947	noncoding
NONATHT001137	1701	70	0.28204	11.339424705505369	1	0.0453947	noncoding
NONATHT001138	1701	70	0.28204	11.339424705505369	1	0.0453947	noncoding
NONATHT001139	522	174	0.42696	7.419443702697754	1	0.983935	coding
NONATHT001140	295	46	0.33895	9.05717945098877	1	0.0165776	noncoding
NONATHT001141	783	39	0.37418	9.744863700866699	1	0.0176591	noncoding
NONATHT001142	865	19	0.32348	11.999967765808105	1	0.0120163	noncoding
NONATHT001143	418	70	0.44365999999999994	11.34864368438721	1	0.184538	noncoding
NONATHT001144	505	58	0.43979	6.523604393005371	1	0.0599176	noncoding
NONATHT001145	596	20	0.33455	8.345706367492678	1	0.00438061	noncoding
NONATHT001146	1236	72	0.39766999999999997	10.301935005187985	1	0.102567	noncoding
NONATHT001147	3412	55	0.31668999999999997	8.837535667419434	1	0.0209941	noncoding
NONATHT001148	2636	53	0.30432000000000003	11.526318550109863	1	0.0300684	noncoding
NONATHT001149	360	37	0.34909	9.680524253845213	-1	0.125202	noncoding
NONATHT001150	510	170	0.38584	11.397317314147951	1	0.812482	coding
NONATHT001151	944	58	0.4683800000000001	9.359922981262208	1	0.124106	noncoding
NONATHT001152	1767	93	0.40903	10.963251686096193	1	0.259008	noncoding
NONATHT001153	1119	47	0.30824999999999997	7.783155250549316	1	0.0130772	noncoding
NONATHT001154	1119	47	0.30824999999999997	7.783155250549316	1	0.0130772	noncoding
NONATHT001155	1119	47	0.30824999999999997	7.783155250549316	1	0.0130772	noncoding
NONATHT001156	729	63	0.48997	11.649968910217286	1	0.351514	noncoding
NONATHT001157	662	22	0.36660000000000004	9.864903831481932	1	0.00840465	noncoding
NONATHT001158	843	46	0.41028	9.352380180358885	-1	0.0705611	noncoding
NONATHT001159	1239	66	0.28731	9.151883506774901	1	0.0311398	noncoding
NONATHT001160	2010	42	0.35638000000000003	7.947033882141112	1	0.0118858	noncoding
NONATHT001161	870	64	0.38044	7.62014217376709	1	0.0434497	noncoding
NONATHT001162	258	26	0.38019000000000003	9.984299278259279	1	0.0109664	noncoding
NONATHT001163	538	54	0.40758	8.570701026916506	1	0.0372174	noncoding
NONATHT001164	511	63	0.33394999999999997	8.429192924499514	1	0.0295784	noncoding
NONATHT001165	386	49	0.35733000000000004	6.69900951385498	1	0.0168926	noncoding
NONATHT001166	1093	95	0.31930000000000003	9.3570219039917	1	0.0967626	noncoding
NONATHT001167	415	44	0.38544999999999996	11.744350624084472	1	0.0277172	noncoding
NONATHT001168	311	63	0.44209	6.802058601379394	1	0.0790346	noncoding
NONATHT001169	677	24	0.33788	6.5049043655395495	1	0.00422761	noncoding
NONATHT001170	284	23	0.33091000000000004	9.185600471496581	1	0.00663839	noncoding
NONATHT001171	1258	77	0.34937	5.226652336120604	1	0.115823	noncoding
NONATHT001172	962	43	0.39222999999999997	9.778451728820798	1	0.024476	noncoding
NONATHT001173	309	66	0.44596	9.594458961486815	1	0.139703	noncoding
NONATHT001174	681	19	0.38139	9.102178382873536	1	0.00583519	noncoding
NONATHT001175	491	29	0.44198	8.18105411529541	1	0.0118153	noncoding
NONATHT001176	474	17	0.32567	8.190079689025882	1	0.00373361	noncoding
NONATHT001177	338	20	0.39085000000000003	4.136935234069824	-1	0.0107523	noncoding
NONATHT001178	833	62	0.37679	7.004519081115721	-1	0.0398988	noncoding
NONATHT001179	2422	55	0.31873	10.207359886169431	1	0.0280768	noncoding
NONATHT001180	356	59	0.35769000000000006	10.82322635650635	-1	0.168014	noncoding
NONATHT001181	2160	60	0.38603999999999994	9.297259712219237	1	0.0459866	noncoding
NONATHT001182	1434	72	0.33409	7.86270923614502	1	0.0425274	noncoding
NONATHT001183	1322	74	0.39586999999999994	6.563221168518066	1	0.0992176	noncoding
NONATHT001184	1618	95	0.23588	9.83956775665283	1	0.0856822	noncoding
NONATHT001185	684	72	0.38711	5.6525468826293945	1	0.10839	noncoding
NONATHT001186	1918	89	0.34047	9.923570060729979	1	0.100194	noncoding
NONATHT001187	982	72	0.39015	8.710081672668458	1	0.0777469	noncoding
NONATHT001188	3356	94	0.32781	6.025638008117675	1	0.159465	noncoding
NONATHT001189	4142	86	0.32814	7.930852317810059	1	0.0744296	noncoding
NONATHT001190	3788	129	0.27878000000000003	10.279242134094236	1	0.157156	noncoding
NONATHT001191	876	87	0.36715999999999993	4.883231163024903	1	0.266956	noncoding
NONATHT001192	527	15	0.44079	5.005548667907715	1	0.00621968	noncoding
NONATHT001193	2044	51	0.34187999999999996	6.8039342880249025	1	0.0170087	noncoding
NONATHT001194	516	42	0.36382000000000003	5.190843772888182	1	0.0181975	noncoding
NONATHT001195	1284	41	0.35670999999999997	9.523027992248537	1	0.0164447	noncoding
NONATHT001196	509	36	0.4185500000000001	11.999967765808105	1	0.0260015	noncoding
NONATHT001197	2578	63	0.31914	9.302352714538571	1	0.0311173	noncoding
NONATHT001198	576	26	0.37639999999999996	8.0001558303833	1	0.00584457	noncoding
NONATHT001199	911	57	0.42228	8.686228370666505	1	0.0526593	noncoding
NONATHT001200	757	38	0.27015	9.377845191955569	1	0.0157946	noncoding
NONATHT001201	902	53	0.37459000000000003	9.858005714416507	1	0.0336392	noncoding
NONATHT001202	619	74	0.42208999999999997	10.182281684875488	-1	0.120746	noncoding
NONATHT001203	365	86	0.45432	8.644130516052247	-1	0.0700694	noncoding
NONATHT001204	381	84	0.41242	8.439443397521977	1	0.176116	noncoding
NONATHT001205	237	48	0.44095	10.519902610778807	1	0.0660649	noncoding
NONATHT001206	351	40	0.49383	6.808651924133301	1	0.020828	noncoding
NONATHT001207	841	53	0.41772	6.686561775207521	1	0.0360146	noncoding
NONATHT001208	272	0	0.34334	0.0	-1	9.22544e-07	noncoding
NONATHT001209	1313	76	0.4061	5.996024894714354	1	0.145526	noncoding
NONATHT001210	838	23	0.34523000000000004	5.312706565856933	1	0.00517835	noncoding
NONATHT001211	1381	35	0.29893000000000003	8.231726264953615	1	0.00878218	noncoding
NONATHT001212	697	74	0.32103	8.93198184967041	1	0.0449375	noncoding
NONATHT001213	381	38	0.33211	5.711318397521972	1	0.0104518	noncoding
NONATHT001214	758	30	0.37704	9.520965003967284	-1	0.0881945	noncoding
NONATHT001215	559	40	0.38592000000000004	11.555264854431151	1	0.0247902	noncoding
NONATHT001216	375	41	0.36339	9.986426734924319	1	0.0192466	noncoding
NONATHT001217	1173	49	0.38928000000000007	9.186696434020995	1	0.027415	noncoding
NONATHT001218	574	54	0.44341	9.729649162292482	1	0.0770824	noncoding
NONATHT001219	704	47	0.29801	7.856197929382325	1	0.0134551	noncoding
NONATHT001220	388	27	0.29242	8.94113636016846	-1	0.161235	noncoding
NONATHT001221	228	35	0.46104	9.300612068176267	1	0.0315451	noncoding
NONATHT001222	1317	76	0.42451999999999995	7.838082313537598	1	0.133292	noncoding
NONATHT001223	718	45	0.30993	4.6600244522094725	1	0.0255538	noncoding
NONATHT001224	510	44	0.39618999999999993	4.232879447937012	1	0.04865	noncoding
NONATHT001225	799	61	0.34290999999999994	9.986426734924319	1	0.0374463	noncoding
NONATHT001226	280	25	0.46164000000000005	5.587466239929199	1	0.00950567	noncoding
NONATHT001227	328	12	0.41832	10.301354789733885	1	0.00808081	noncoding
NONATHT001228	236	47	0.30396999999999996	7.789666557312011	1	0.0131783	noncoding
NONATHT001229	2116	92	0.33929	10.36440486907959	1	0.109856	noncoding
NONATHT001230	941	87	0.42342	4.661956977844238	1	0.480156	noncoding
NONATHT001231	1322	140	0.29611	11.399573707580569	1	0.183288	noncoding
NONATHT001232	297	16	0.41867000000000004	4.931999015808104	1	0.00623233	noncoding
NONATHT001233	1955	53	0.28332999999999997	11.887986183166504	1	0.0327993	noncoding
NONATHT001234	527	67	0.35992	10.370593833923337	1	0.0561681	noncoding
NONATHT001235	505	51	0.37597	4.393051719665528	1	0.0538418	noncoding
NONATHT001236	595	44	0.37836000000000003	10.020272636413573	1	0.0242571	noncoding
NONATHT001237	535	27	0.36847	4.0500284194946286	1	0.0137681	noncoding
NONATHT001238	550	91	0.41425	10.645229148864747	1	0.267897	noncoding
NONATHT001239	1015	80	0.40192000000000005	4.528214836120605	1	0.328506	noncoding
NONATHT001240	1210	51	0.29278000000000004	9.417106437683106	1	0.0203669	noncoding
NONATHT001241	2005	118	0.39300999999999997	8.108591651916505	1	0.507807	coding
NONATHT001242	2817	87	0.33346	11.453146934509277	1	0.0793592	noncoding
NONATHT001243	714	83	0.40488999999999997	6.8205881118774405	1	0.166982	noncoding
NONATHT001244	756	83	0.44544	6.855600929260253	1	0.239964	noncoding
NONATHT001245	756	83	0.44544	6.855600929260253	1	0.239964	noncoding
NONATHT001246	636	92	0.36793999999999993	9.99532337188721	1	0.153726	noncoding
NONATHT001247	254	39	0.40428000000000003	10.46123638153076	1	0.0265262	noncoding
NONATHT001248	1896	67	0.33812	9.517548179626463	1	0.0420879	noncoding
NONATHT001249	711	63	0.36003999999999997	8.52209186553955	1	0.0364161	noncoding
NONATHT001250	315	34	0.38376	7.722168159484863	-1	0.0364569	noncoding
NONATHT001251	793	35	0.34044	10.024334144592284	1	0.0140928	noncoding
NONATHT001252	864	38	0.36587000000000003	5.957601737976075	1	0.0110933	noncoding
NONATHT001253	565	83	0.33367	10.228956794738767	1	0.0772615	noncoding
NONATHT001254	633	69	0.32066	6.125674629211424	1	0.0451681	noncoding
NONATHT001255	215	47	0.32082	10.666761589050292	-1	0.183634	noncoding
NONATHT001256	1058	58	0.39094999999999996	8.736964988708493	1	0.0395822	noncoding
NONATHT001257	258	86	0.39048	9.983719062805175	1	0.162386	noncoding
NONATHT001258	447	31	0.36148	8.885371208190918	1	0.00890078	noncoding
NONATHT001259	1778	42	0.36815	8.61163845062256	1	0.0144546	noncoding
NONATHT001260	554	18	0.41040000000000004	5.125365257263183	1	0.00607965	noncoding
NONATHT001261	828	97	0.32879	6.579533958435059	1	0.152365	noncoding
NONATHT001262	695	66	0.36938	9.937043952941895	1	0.0562845	noncoding
NONATHT001263	231	42	0.31078	7.961861610412598	1	0.0107495	noncoding
NONATHT001264	3673	101	0.29577	11.474872779846194	1	0.0838937	noncoding
NONATHT001265	730	71	0.39766999999999997	9.74344539642334	1	0.0930122	noncoding
NONATHT001266	4065	56	0.28901	11.31357288360596	1	0.0334718	noncoding
NONATHT001267	534	17	0.35153999999999996	10.736645317077638	-1	0.163552	noncoding
NONATHT001268	233	32	0.36527	4.9445604324340815	-1	0.0161952	noncoding
NONATHT001269	413	73	0.39403	10.556391716003418	1	0.103079	noncoding
NONATHT001270	207	11	0.39804	5.2226167678832995	1	0.00337165	noncoding
NONATHT001271	243	33	0.40781	8.230243492126466	1	0.0110829	noncoding
NONATHT001272	941	43	0.30844000000000005	5.46429615020752	1	0.0158565	noncoding
NONATHT001273	883	43	0.32274	5.46429615020752	1	0.0149834	noncoding
NONATHT001274	393	47	0.3543	6.539178276062012	1	0.0152113	noncoding
NONATHT001275	323	65	0.38251999999999997	11.48389835357666	1	0.0614777	noncoding
NONATHT001276	923	86	0.31609000000000004	6.799444007873535	1	0.0807439	noncoding
NONATHT001277	763	52	0.37846	6.890670585632326	1	0.0229646	noncoding
NONATHT001278	839	41	0.33925	7.84620532989502	1	0.0103967	noncoding
NONATHT001279	691	33	0.31797	11.0003210067749	1	0.0167599	noncoding
NONATHT001280	844	57	0.29863	8.474643135070803	1	0.020898	noncoding
NONATHT001281	2336	43	0.34118000000000004	6.512350273132324	1	0.0115922	noncoding
NONATHT001282	396	80	0.40625	9.40853214263916	1	0.148554	noncoding
NONATHT001283	1020	69	0.44118	6.3648530960083	1	0.11961	noncoding
NONATHT001284	250	6	0.41484000000000004	4.352013969421387	1	0.00438522	noncoding
NONATHT001285	222	13	0.33932	8.34403018951416	1	0.00316986	noncoding
NONATHT001286	648	82	0.40041	7.926017189025879	1	0.136504	noncoding
NONATHT001288	723	43	0.44132	5.949019050598144	1	0.0270101	noncoding
NONATHT001287	723	43	0.44132	5.949019050598144	1	0.0270101	noncoding
NONATHT001289	269	23	0.35433000000000003	8.885822486877444	1	0.00602756	noncoding
NONATHT001290	684	92	0.36105	7.62355251312256	1	0.13943	noncoding
NONATHT001291	573	30	0.29309999999999997	7.915766716003418	1	0.00712545	noncoding
NONATHT001292	2058	134	0.31471000000000005	9.063626289367676	1	0.307456	noncoding
NONATHT001293	740	58	0.34639	5.992785072326659	1	0.029958	noncoding
NONATHT001294	216	27	0.43101	11.38139362335205	1	0.023063	noncoding
NONATHT001295	205	58	0.39109	9.461911964416508	1	0.0455297	noncoding
NONATHT001296	738	46	0.34912	6.002561378479004	1	0.015675	noncoding
NONATHT001297	774	30	0.40319000000000005	11.999967765808105	1	0.0175004	noncoding
NONATHT001298	1137	77	0.42016	9.300998878479003	1	0.15404	noncoding
NONATHT001299	310	61	0.40861000000000003	5.9472570419311515	1	0.0643906	noncoding
NONATHT001300	213	17	0.35509999999999997	5.837444114685058	1	0.00321331	noncoding
NONATHT001301	897	61	0.28001	5.179873847961424	1	0.059184	noncoding
NONATHT001302	2719	67	0.37967000000000006	10.163327980041505	1	0.0668601	noncoding
NONATHT001303	2717	67	0.37967000000000006	10.163327980041505	1	0.0668601	noncoding
NONATHT001304	322	22	0.36767000000000005	5.584965324401855	1	0.00483329	noncoding
NONATHT001305	5286	117	0.34787	11.999967765808105	1	0.164446	noncoding
NONATHT001306	412	25	0.33560999999999996	5.203803062438964	1	0.00601858	noncoding
NONATHT001307	398	34	0.39792000000000005	11.30106601715088	1	0.0218286	noncoding
NONATHT001308	1098	124	0.33697	9.09843921661377	1	0.306384	noncoding
NONATHT001309	284	61	0.36567	10.18763256072998	1	0.0459304	noncoding
NONATHT001310	1151	58	0.42468	9.23595027923584	1	0.0643812	noncoding
NONATHT001311	323	11	0.3019	5.274794960021972	1	0.0035321	noncoding
NONATHT001312	265	41	0.41206	5.4921472549438475	1	0.0230683	noncoding
NONATHT001313	243	17	0.45848	10.001061058044431	1	0.0153251	noncoding
NONATHT001314	590	33	0.34238999999999997	7.997963905334473	-1	0.0682309	noncoding
NONATHT001315	273	34	0.37678	4.0500284194946286	1	0.0233282	noncoding
NONATHT001316	1215	65	0.32782999999999995	10.182410621643069	1	0.0404001	noncoding
NONATHT001317	296	25	0.4032200000000001	8.537886619567871	-1	0.0408394	noncoding
NONATHT001318	454	54	0.3798	11.364825248718262	1	0.0408963	noncoding
NONATHT001319	1372	97	0.33005	9.76401081085205	1	0.116838	noncoding
NONATHT001320	2257	56	0.34098	9.897847175598145	1	0.0301966	noncoding
NONATHT001321	739	7	0.35356	6.49137668609619	-1	0.0235449	noncoding
NONATHT001323	463	61	0.37242	9.034615516662598	-1	0.0895578	noncoding
NONATHT001322	463	61	0.37242	9.034615516662598	-1	0.0895578	noncoding
NONATHT001324	402	44	0.39827	11.745382118225098	-1	0.169677	noncoding
NONATHT001325	403	30	0.35864	9.819775962829588	1	0.0113704	noncoding
NONATHT001326	390	130	0.43005	8.99045467376709	1	0.795693	coding
NONATHT001327	341	41	0.46032000000000006	9.398732948303223	1	0.0452102	noncoding
NONATHT001328	282	13	0.45384	10.288976860046386	1	0.0129869	noncoding
NONATHT001329	975	71	0.32941	10.253003501892088	1	0.0502422	noncoding
NONATHT001330	453	54	0.3526	9.606514549255369	1	0.0282626	noncoding
NONATHT001331	210	28	0.44792000000000004	9.785349845886227	1	0.0216253	noncoding
NONATHT001332	465	29	0.37908	9.500012779235842	1	0.0106981	noncoding
NONATHT001333	473	29	0.39307000000000003	4.616997337341308	1	0.0140766	noncoding
NONATHT001334	309	103	0.45461	8.898393821716308	1	0.572178	coding
NONATHT001335	3992	44	0.35636999999999996	9.901135063171385	1	0.0205458	noncoding
NONATHT001336	349	17	0.36274999999999996	8.190402030944824	1	0.00368053	noncoding
NONATHT001337	400	58	0.47288	9.740157508850096	1	0.151788	noncoding
NONATHT001338	477	26	0.35605	9.62669315338135	1	0.00894606	noncoding
NONATHT001339	849	132	0.41351	8.364337730407716	1	0.763759	coding
NONATHT001340	1059	64	0.37258	5.026124382019043	1	0.0785541	noncoding
NONATHT001341	1663	52	0.36434999999999995	9.446052742004394	1	0.0272143	noncoding
NONATHT001342	236	20	0.38203	11.400089454650882	1	0.0114308	noncoding
NONATHT001343	353	68	0.37495	6.990707206726075	1	0.0529045	noncoding
NONATHT001344	644	71	0.45299	11.549591636657716	1	0.221201	noncoding
NONATHT001345	1377	39	0.41280000000000006	8.364531135559083	1	0.0166632	noncoding
NONATHT001346	637	58	0.31964000000000004	9.851172065734861	1	0.029016	noncoding
NONATHT001347	326	57	0.35092	10.167969703674316	1	0.0350039	noncoding
NONATHT001348	410	23	0.38472	11.999967765808105	1	0.0121067	noncoding
NONATHT001349	1159	53	0.42249000000000003	9.299773979187012	1	0.04926	noncoding
NONATHT001350	5085	84	0.27748	8.677138328552246	1	0.0527272	noncoding
NONATHT001351	5085	84	0.27748	8.677138328552246	1	0.0527272	noncoding
NONATHT001352	207	37	0.37158	8.044639015197756	-1	0.0495218	noncoding
NONATHT001353	227	18	0.3675	5.2654733657836905	-1	0.0142298	noncoding
NONATHT001354	508	55	0.44118999999999997	5.584965324401855	1	0.0657311	noncoding
NONATHT001355	260	52	0.45027	9.781675148010251	1	0.0785927	noncoding
NONATHT001356	1395	49	0.33073	11.047898674011229	1	0.0269568	noncoding
NONATHT001357	210	3	0.39079	4.596478462219238	1	0.00256977	noncoding
NONATHT001358	1247	54	0.45071000000000006	4.247600746154785	1	0.130595	noncoding
NONATHT001359	1196	45	0.41888000000000003	9.873542594909669	1	0.0363972	noncoding
NONATHT001360	213	71	0.42013	8.852041053771973	-1	0.0676556	noncoding
NONATHT001361	1217	55	0.27692	10.350092887878414	1	0.0297824	noncoding
NONATHT001362	854	40	0.22328	10.432676887512205	1	0.0564617	noncoding
NONATHT001363	295	66	0.39910999999999996	4.778704261779786	1	0.135522	noncoding
NONATHT001364	594	54	0.32413000000000003	5.6171361923217775	1	0.025331	noncoding
NONATHT001365	238	37	0.38467	6.50854206085205	-1	0.0233913	noncoding
NONATHT001366	450	37	0.29623999999999995	4.207074546813964	1	0.0253977	noncoding
NONATHT001367	860	79	0.3255	7.960314369201661	-1	0.107011	noncoding
NONATHT001368	231	14	0.38734999999999997	11.999967765808105	1	0.00880217	noncoding
NONATHT001369	783	72	0.39006	10.909742927551267	1	0.093635	noncoding
NONATHT001370	776	72	0.39006	10.909742927551267	1	0.093635	noncoding
NONATHT001371	1937	81	0.32160000000000005	10.046833610534666	1	0.0645744	noncoding
NONATHT001372	331	22	0.36905	10.736645317077638	1	0.0109365	noncoding
NONATHT001373	1235	71	0.26498	9.389320564270019	1	0.0392739	noncoding
NONATHT001374	3447	42	0.26407	10.436996269226071	1	0.0255622	noncoding
NONATHT001375	534	45	0.37764	5.366476249694824	1	0.0227077	noncoding
NONATHT001376	1369	107	0.26715	10.266090583801269	1	0.093644	noncoding
NONATHT001377	606	115	0.26594	10.21644992828369	1	0.109908	noncoding
NONATHT001378	1491	79	0.43951	11.999967765808105	1	0.200334	noncoding
NONATHT001379	381	92	0.40092999999999995	9.397830390930174	1	0.228426	noncoding
NONATHT001380	381	33	0.28697	10.191049385070801	-1	0.191969	noncoding
NONATHT001381	205	12	0.36008999999999997	7.953158378601073	1	0.00266559	noncoding
NONATHT001382	425	59	0.40631	10.358151435852047	1	0.0656536	noncoding
NONATHT001383	259	5	0.32829	8.500108146667483	1	1.79306e-05	noncoding
NONATHT001384	235	10	0.36741999999999997	5.890304374694824	1	1.4389e-05	noncoding
NONATHT001385	717	59	0.36043000000000003	9.185407066345213	1	0.0339992	noncoding
NONATHT001386	213	24	0.42926	5.580645561218262	1	0.00836297	noncoding
NONATHT001387	346	25	0.39910999999999996	9.186245155334472	1	0.00895859	noncoding
NONATHT001388	459	74	0.35749000000000003	8.61924571990967	1	0.0594079	noncoding
NONATHT001389	640	71	0.3405	9.382680320739745	1	0.049079	noncoding
NONATHT001390	218	48	0.40171999999999997	9.09998645782471	1	0.0287867	noncoding
NONATHT001391	685	35	0.41517	4.861007118225097	1	0.0221346	noncoding
NONATHT001392	497	21	0.36086999999999997	6.499504661560058	1	0.00371765	noncoding
NONATHT001393	614	32	0.48062000000000005	8.001251792907716	1	0.0186706	noncoding
NONATHT001394	614	32	0.48062000000000005	8.001251792907716	1	0.0186706	noncoding
NONATHT001395	227	41	0.36340000000000006	9.622825050354006	1	0.0175	noncoding
NONATHT001396	292	50	0.29149	8.978334617614745	1	0.0179521	noncoding
NONATHT001397	311	17	0.40076	7.846785545349122	1	0.00393522	noncoding
NONATHT001398	309	11	0.40512	5.752981376647949	1	0.00292553	noncoding
NONATHT001399	802	33	0.44781	11.999967765808105	1	0.0362747	noncoding
NONATHT001400	1176	52	0.33051	10.289105796813963	1	0.0268337	noncoding
NONATHT001401	391	24	0.36732000000000004	8.023751258850098	1	0.00509474	noncoding
NONATHT001402	553	51	0.37389999999999995	5.617249870300292	1	0.0283953	noncoding
NONATHT001403	486	38	0.34897	9.60941562652588	-1	0.122641	noncoding
NONATHT001404	767	34	0.34429	4.316091728210449	1	0.0155781	noncoding
NONATHT001405	767	34	0.34429	4.316091728210449	1	0.0155781	noncoding
NONATHT001406	336	42	0.39479000000000003	10.207359886169431	1	0.0264246	noncoding
NONATHT001407	607	43	0.44099	9.864323616027832	-1	0.0777959	noncoding
NONATHT001408	436	31	0.40064999999999995	5.917075538635253	-1	0.0165642	noncoding
NONATHT001409	630	18	0.32691	4.529692649841309	1	0.00549082	noncoding
NONATHT001410	627	38	0.44315	9.992035484313966	1	0.03663	noncoding
NONATHT001411	517	26	0.38996	9.976434135437014	1	0.0115399	noncoding
NONATHT001412	1137	135	0.42365	10.605194282531738	1	0.788824	coding
NONATHT001413	765	64	0.36413999999999996	9.443925285339354	1	0.0456841	noncoding
NONATHT001414	785	24	0.34772000000000003	6.691620445251465	1	0.00420744	noncoding
NONATHT001415	829	36	0.32928999999999997	7.811198997497559	1	0.00804432	noncoding
NONATHT001416	854	50	0.40758	9.782061958312983	1	0.0398132	noncoding
NONATHT001417	1317	36	0.37943000000000005	9.382615852355958	1	0.0143487	noncoding
NONATHT001422	1500	41	0.34428000000000003	10.402183341979981	1	0.0195354	noncoding
NONATHT001421	1500	41	0.34428000000000003	10.402183341979981	1	0.0195354	noncoding
NONATHT001418	1500	41	0.34428000000000003	10.402183341979981	1	0.0195354	noncoding
NONATHT001419	1484	41	0.34428000000000003	10.402183341979981	1	0.0195354	noncoding
NONATHT001420	1279	41	0.34892999999999996	10.402183341979981	1	0.019842	noncoding
NONATHT001423	243	39	0.31710000000000005	9.1625207901001	1	0.0123507	noncoding
NONATHT001424	243	39	0.31710000000000005	9.1625207901001	1	0.0123507	noncoding
NONATHT001425	272	12	0.38042	11.999967765808105	1	0.00809969	noncoding
NONATHT001426	203	39	0.43599999999999994	8.738189888000488	1	0.0233552	noncoding
NONATHT001427	2446	46	0.23373000000000002	10.051281929016113	1	0.0410432	noncoding
NONATHT001428	1916	79	0.37295	7.721031379699707	1	0.0859706	noncoding
NONATHT001430	1544	64	0.27919	6.50774631500244	-1	0.122621	noncoding
NONATHT001429	1544	64	0.27919	6.50774631500244	-1	0.122621	noncoding
NONATHT001431	426	23	0.40835	8.517256736755371	1	0.00691011	noncoding
NONATHT001432	399	35	0.32759	9.49749851226807	-1	0.141308	noncoding
NONATHT001433	696	50	0.34011	8.68468112945557	1	0.0181576	noncoding
NONATHT001434	665	48	0.36407999999999996	9.784769630432127	1	0.0246986	noncoding
NONATHT001435	584	39	0.43382	6.2235513687133786	1	0.0186861	noncoding
NONATHT001436	683	58	0.36064	8.881567573547365	1	0.0307698	noncoding
NONATHT001437	962	84	0.40708	10.06707668304443	1	0.187343	noncoding
NONATHT001438	2732	91	0.33102000000000004	10.199817085266112	1	0.0976057	noncoding
NONATHT001439	232	38	0.26107	8.884790992736818	-1	0.182758	noncoding
NONATHT001440	328	46	0.41520000000000007	4.966784477233887	1	0.0424063	noncoding
NONATHT001441	1217	46	0.32665	9.521093940734861	1	0.0179282	noncoding
NONATHT001442	416	54	0.41312	10.306189918518065	1	0.056703	noncoding
NONATHT001443	517	28	0.3338	11.999967765808105	1	0.0143383	noncoding
NONATHT001444	1006	92	0.45344999999999996	10.142053413391114	1	0.464104	noncoding
NONATHT001445	564	35	0.40064	9.695932197570801	1	0.0175791	noncoding
NONATHT001446	316	59	0.46468999999999994	11.844276618957519	1	0.166241	noncoding
NONATHT001447	589	35	0.41065	5.1940835952758775	1	0.0178157	noncoding
NONATHT001448	247	54	0.39868000000000003	9.182312583923341	1	0.0383889	noncoding
NONATHT001449	310	22	0.34707	11.999967765808105	1	0.0116225	noncoding
NONATHT001450	677	39	0.42424	11.999967765808105	1	0.0316966	noncoding
NONATHT001451	457	63	0.37090000000000006	5.00463924407959	1	0.0736467	noncoding
NONATHT001452	412	83	0.3358	6.249924659729005	-1	0.060862	noncoding
NONATHT001453	333	67	0.39937	5.5727449417114245	1	0.0965043	noncoding
NONATHT001455	210	58	0.37313	7.846656608581544	-1	0.053938	noncoding
NONATHT001454	244	70	0.34412	9.138731956481934	-1	0.122088	noncoding
NONATHT001456	540	91	0.42305000000000004	9.590010643005368	1	0.294906	noncoding
NONATHT001457	337	58	0.394	10.381746864318849	1	0.0546152	noncoding
NONATHT001458	429	36	0.33022	7.939168739318848	1	0.00821001	noncoding
NONATHT001459	357	30	0.43918999999999997	4.505706596374512	1	0.0229454	noncoding
NONATHT001460	738	43	0.35451999999999995	10.53376331329346	1	0.0224157	noncoding
NONATHT001461	1949	60	0.28509	9.039772987365723	1	0.0254679	noncoding
NONATHT001462	485	43	0.37751	10.637106132507324	1	0.0259199	noncoding
NONATHT001463	522	63	0.31721	9.511810493469238	1	0.0320119	noncoding
NONATHT001464	708	44	0.41644000000000003	9.587625312805173	1	0.0312315	noncoding
NONATHT001465	256	47	0.48166	9.697028160095215	1	0.09993	noncoding
NONATHT001466	320	64	0.45276	9.922860908508298	1	0.152052	noncoding
NONATHT001467	590	55	0.33558000000000004	11.728491401672365	-1	0.18006	noncoding
NONATHT001468	233	30	0.34353	11.555264854431151	1	0.0154574	noncoding
NONATHT001469	356	40	0.31027000000000005	8.802335929870608	1	0.0116804	noncoding
NONATHT001470	382	31	0.4537	9.498336601257325	1	0.0246811	noncoding
NONATHT001471	1381	66	0.31476000000000004	5.424679374694824	1	0.0509328	noncoding
NONATHT001472	800	135	0.31213	5.70932903289795	1	0.623678	coding
NONATHT001473	828	46	0.28668	9.245749473571777	1	0.0170581	noncoding
NONATHT001474	761	48	0.36809000000000003	7.9541898727417	-1	0.0543944	noncoding
NONATHT001475	369	29	0.44332	10.028460121154787	1	0.0233188	noncoding
NONATHT001476	649	100	0.32177	8.964538383483887	1	0.117446	noncoding
NONATHT001477	777	39	0.37095	6.038369941711425	1	0.0119253	noncoding
NONATHT001478	230	29	0.35121	7.942134284973145	1	0.00612024	noncoding
NONATHT001479	302	31	0.32927	9.697930717468264	1	0.0108392	noncoding
NONATHT001480	803	66	0.36098	9.200557136535647	1	0.0465022	noncoding
NONATHT001481	1365	96	0.39312	7.889076805114746	1	0.238246	noncoding
NONATHT001482	1107	68	0.26704000000000006	10.844178581237792	1	0.0451767	noncoding
NONATHT001483	1107	68	0.26704000000000006	10.844178581237792	1	0.0451767	noncoding
NONATHT001484	274	23	0.39116	5.752754020690918	1	0.00567119	noncoding
NONATHT001485	930	55	0.2778	10.266283988952637	1	0.0291061	noncoding
NONATHT001486	260	20	0.31270000000000003	8.886338233947757	1	0.00555957	noncoding
NONATHT001487	785	49	0.45130000000000003	10.256097984313964	1	0.0780957	noncoding
NONATHT001488	355	113	0.40771	9.236143684387208	-1	0.117856	noncoding
NONATHT001489	945	100	0.38864	10.812524604797364	-1	0.172912	noncoding
NONATHT001490	463	82	0.37371000000000004	8.97079181671143	1	0.104166	noncoding
NONATHT001491	387	33	0.29574	8.841016960144042	1	0.00956521	noncoding
NONATHT001492	238	47	0.40688	9.168194007873538	1	0.0293444	noncoding
NONATHT001493	1944	47	0.28678000000000003	4.239586448669433	1	0.0490446	noncoding
NONATHT001494	239	22	0.41520000000000007	5.895363044738769	1	0.00605948	noncoding
NONATHT001495	640	100	0.40812	10.710729026794432	1	0.329406	noncoding
NONATHT001496	255	48	0.37787	10.21090564727783	1	0.0298448	noncoding
NONATHT001497	397	111	0.39139	10.102405357360837	1	0.384612	noncoding
NONATHT001498	520	42	0.32942	8.230243492126466	-1	0.0930375	noncoding
NONATHT001499	459	63	0.39602	8.571023368835451	1	0.0523182	noncoding
NONATHT001500	416	58	0.43620000000000003	5.189024925231932	1	0.0925613	noncoding
NONATHT001501	361	42	0.38953	10.192661094665528	1	0.0251734	noncoding
NONATHT001502	670	221	0.41829	11.999967765808105	-1	0.292257	noncoding
NONATHT001503	461	15	0.32182	4.0500284194946286	-1	0.0147986	noncoding
NONATHT001504	591	64	0.38669	6.1655187606811515	1	0.0570274	noncoding
NONATHT001505	5559	61	0.29667	6.687357521057129	1	0.0268693	noncoding
NONATHT001506	2084	55	0.2831	9.397379112243652	1	0.0234909	noncoding
NONATHT001507	231	29	0.42441	8.25325870513916	1	0.01025	noncoding
NONATHT001508	5601	72	0.32005	8.34222507476807	1	0.0393052	noncoding
NONATHT001509	636	58	0.42329000000000006	11.894497489929197	1	0.070156	noncoding
NONATHT001510	338	25	0.42856	5.582919120788574	1	0.00888844	noncoding
NONATHT001511	520	39	0.35407	10.036712074279784	1	0.0172	noncoding
NONATHT001512	357	25	0.37119	8.189112663269043	1	0.00566623	noncoding
NONATHT001513	558	74	0.3313	10.533698844909669	-1	0.173834	noncoding
NONATHT001514	2324	81	0.40348	11.711342811584473	1	0.132751	noncoding
NONATHT001515	2396	81	0.38624	11.711342811584473	1	0.105423	noncoding
NONATHT001516	1100	72	0.31325	5.494648170471191	1	0.0664841	noncoding
NONATHT001517	350	47	0.41713	6.256461143493653	1	0.0270662	noncoding
NONATHT001518	420	46	0.39508	9.626757621765137	1	0.0278698	noncoding
NONATHT001519	532	25	0.29333000000000004	8.802335929870608	1	0.00726295	noncoding
NONATHT001520	470	77	0.36652999999999997	9.379005622863769	-1	0.115747	noncoding
NONATHT001521	233	23	0.37847	9.697028160095215	1	0.00863811	noncoding
NONATHT001523	1642	35	0.32682	7.823641395568849	1	0.00769122	noncoding
NONATHT001522	1642	35	0.32682	7.823641395568849	1	0.00769122	noncoding
NONATHT001524	1612	35	0.32682	7.823641395568849	1	0.00769122	noncoding
NONATHT001525	710	53	0.41956	10.014921760559083	1	0.0558684	noncoding
NONATHT001526	621	35	0.43546	7.705457496643067	-1	0.0258174	noncoding
NONATHT001527	848	56	0.40504000000000007	9.761045265197755	1	0.0512337	noncoding
NONATHT001528	294	23	0.33407	9.864903831481932	1	0.00850315	noncoding
NONATHT001529	728	41	0.38839999999999997	9.300354194641113	1	0.0189885	noncoding
NONATHT001530	1905	137	0.35061	6.563846397399902	1	0.670691	coding
NONATHT001531	1461	84	0.29253	10.221671867370606	1	0.0595868	noncoding
NONATHT001532	421	10	0.38414	5.27252140045166	1	0.00282412	noncoding
NONATHT001533	387	26	0.39377	7.753486442565918	1	0.00614868	noncoding
NONATHT001534	990	26	0.41511000000000003	7.686359596252442	1	0.00706728	noncoding
NONATHT001536	2393	26	0.35566	7.686359596252442	1	0.00508388	noncoding
NONATHT001535	956	26	0.41306000000000004	7.686359596252442	1	0.00695909	noncoding
NONATHT001537	265	57	0.42406	5.022429847717285	-1	0.0238878	noncoding
NONATHT001538	408	42	0.3022	6.226165962219238	1	0.0122444	noncoding
NONATHT001539	592	62	0.39893999999999996	4.0500284194946286	1	0.168433	noncoding
NONATHT001540	3358	87	0.29374000000000006	9.378103065490723	1	0.0615959	noncoding
NONATHT001541	273	26	0.36228000000000005	7.998866462707519	1	0.00551097	noncoding
NONATHT001542	584	46	0.34994000000000003	7.96237735748291	1	0.0140203	noncoding
NONATHT001543	204	62	0.46623000000000003	10.562645149230956	-1	0.125458	noncoding
NONATHT001544	347	14	0.39558	5.27274875640869	1	0.0039337	noncoding
NONATHT001545	805	37	0.41596	5.179873847961424	1	0.0213438	noncoding
NONATHT001546	661	26	0.34012	4.0500284194946286	-1	0.0136609	noncoding
NONATHT001547	314	29	0.39347	4.0500284194946286	1	0.0203089	noncoding
NONATHT001548	1536	82	0.33665999999999996	10.76185245513916	1	0.0770466	noncoding
NONATHT001549	470	38	0.38604	10.446408653259276	1	0.0216543	noncoding
NONATHT001550	467	43	0.35376	11.341938972473145	1	0.0238718	noncoding
NONATHT001551	402	88	0.34516	9.300160789489745	1	0.098463	noncoding
NONATHT001552	1427	44	0.36117	9.817390632629394	1	0.0206607	noncoding
NONATHT001553	211	49	0.39885	8.631107902526857	-1	0.0556094	noncoding
NONATHT001554	249	33	0.40445	9.078905296325683	1	0.0136084	noncoding
NONATHT001555	226	72	0.37717	8.969889259338384	-1	0.0903937	noncoding
NONATHT001556	755	19	0.44735	9.984299278259279	1	0.0143507	noncoding
NONATHT001557	331	76	0.43093000000000004	8.816325569152834	-1	0.0682	noncoding
NONATHT001558	263	71	0.35075	10.02472095489502	1	0.0582068	noncoding
NONATHT001559	547	55	0.42130999999999996	4.949903297424315	1	0.0793365	noncoding
NONATHT001560	1488	52	0.33433999999999997	8.18924160003662	1	0.0177486	noncoding
NONATHT001561	320	29	0.33837	11.724107551574708	1	0.015005	noncoding
NONATHT001562	469	22	0.43016	4.667413520812987	1	0.011634	noncoding
NONATHT001563	529	44	0.34848999999999997	8.358922386169436	1	0.0135091	noncoding
NONATHT001564	379	120	0.31031000000000003	9.806688880920408	1	0.185617	noncoding
NONATHT001565	322	37	0.40987000000000007	10.738063621520997	1	0.0268246	noncoding
NONATHT001566	733	33	0.34312999999999994	8.68165111541748	1	0.0086765	noncoding
NONATHT001567	212	28	0.40487	4.966784477233887	1	0.0121007	noncoding
NONATHT001568	225	24	0.40961000000000003	9.496338081359863	-1	0.0634797	noncoding
NONATHT001569	1177	23	0.40214000000000005	4.369065666198731	1	0.012105	noncoding
NONATHT001570	585	122	0.42767	11.457466316223147	-1	0.222666	noncoding
NONATHT001571	4582	68	0.31153	8.39444446563721	1	0.0322502	noncoding
NONATHT001572	305	29	0.33367	11.999967765808105	1	0.0147321	noncoding
NONATHT001573	583	30	0.30948000000000003	4.780523109436035	1	0.0107728	noncoding
NONATHT001574	1839	55	0.41616	8.550522422790529	1	0.0429641	noncoding
NONATHT001575	937	55	0.40441000000000005	8.550522422790529	1	0.0377905	noncoding
NONATHT001576	665	50	0.40759999999999996	10.620408821105958	1	0.046071	noncoding
NONATHT001577	384	10	0.45365	11.000256538391113	1	0.0139697	noncoding
NONATHT001578	770	82	0.41546999999999995	10.432612419128414	1	0.196707	noncoding
NONATHT001579	340	43	0.36968	4.6769624710083	1	0.0262223	noncoding
NONATHT001580	1406	42	0.32897	8.253645515441896	1	0.0113251	noncoding
NONATHT001581	217	13	0.38388000000000005	4.369065666198731	1	0.00529351	noncoding
NONATHT001582	385	42	0.42405	5.41024227142334	1	0.0280531	noncoding
NONATHT001583	583	24	0.43249	11.012763404846194	1	0.0200238	noncoding
NONATHT001584	208	10	0.40061	5.752469825744629	1	0.00266945	noncoding
NONATHT001585	767	39	0.40213	9.623147392272948	1	0.0212104	noncoding
NONATHT001586	241	11	0.43342	4.529692649841309	1	0.00611907	noncoding
NONATHT001587	275	15	0.44300999999999996	5.275022315979004	1	0.00549193	noncoding
NONATHT001588	1071	26	0.30749000000000004	11.127259254455566	1	0.0148238	noncoding
NONATHT001589	370	20	0.43284	4.0500284194946286	-1	0.0147592	noncoding
NONATHT001590	687	43	0.40123000000000003	4.883231163024903	1	0.0321591	noncoding
NONATHT001591	820	38	0.38109000000000004	7.847688102722168	1	0.0110854	noncoding
NONATHT001592	317	77	0.44833	10.172675895690915	1	0.258747	noncoding
NONATHT001593	586	35	0.41065999999999997	7.868704795837402	1	0.0118355	noncoding
NONATHT001594	728	37	0.33914	5.888201332092284	1	0.0094835	noncoding
NONATHT001595	667	49	0.36555000000000004	9.624630165100097	1	0.0250903	noncoding
NONATHT001596	850	51	0.3701	5.857621955871582	1	0.0252004	noncoding
NONATHT001597	1106	51	0.40930999999999995	9.148789024353029	1	0.0367445	noncoding
NONATHT001598	204	9	0.34778	8.253581047058105	1	0.00252277	noncoding
NONATHT001599	1376	49	0.31342000000000003	10.17938060760498	1	0.0228228	noncoding
NONATHT001600	234	32	0.32329	5.895363044738769	1	0.00728305	noncoding
NONATHT001601	227	29	0.35597999999999996	11.722947120666507	1	0.0148007	noncoding
NONATHT001602	715	60	0.41011000000000003	10.310122489929196	1	0.0716057	noncoding
NONATHT001603	234	8	0.45228999999999997	10.000867652893067	1	0.00859898	noncoding
NONATHT001604	353	48	0.40338999999999997	5.9990942001342775	-1	0.0215166	noncoding
NONATHT001605	1540	49	0.29185	9.690839195251463	1	0.0205228	noncoding
NONATHT001606	2024	104	0.32266999999999996	11.049961662292482	1	0.122126	noncoding
NONATHT001607	2024	104	0.32266999999999996	11.049961662292482	1	0.122126	noncoding
NONATHT001608	1208	104	0.37006	11.049961662292482	1	0.215507	noncoding
NONATHT001609	402	31	0.41361000000000003	5.823348045349121	1	0.010889	noncoding
NONATHT001610	540	71	0.36741	6.88794231414795	1	0.0583266	noncoding
NONATHT001611	251	39	0.4155	9.496402549743653	1	0.02338	noncoding
NONATHT001612	933	28	0.34181	10.916125297546387	1	0.0137068	noncoding
NONATHT001613	202	25	0.40727	8.538080024719239	1	0.00769779	noncoding
NONATHT001614	273	35	0.37909	8.710661888122559	1	0.0112395	noncoding
NONATHT001615	629	58	0.36648000000000003	11.87870273590088	1	0.0380109	noncoding
NONATHT001616	852	68	0.31405000000000005	10.848046684265139	1	0.0439825	noncoding
NONATHT001617	237	24	0.4247	5.818062019348145	1	0.00750348	noncoding
NONATHT001618	1344	60	0.35568	8.853846168518068	1	0.0322132	noncoding
NONATHT001619	203	20	0.35444000000000003	5.9312852859497065	1	0.0037372	noncoding
NONATHT001620	218	32	0.36217	8.938879966735843	-1	0.0798608	noncoding
NONATHT001621	3166	61	0.29119	11.354187965393066	1	0.0369482	noncoding
NONATHT001622	790	39	0.40251000000000003	10.10569324493408	1	0.024166	noncoding
NONATHT001623	205	11	0.38609000000000004	8.189048194885256	1	0.00288137	noncoding
NONATHT001624	982	37	0.31589	6.198485374450684	1	0.00898717	noncoding
NONATHT001625	573	25	0.4509500000000001	10.446408653259276	1	0.0244588	noncoding
NONATHT001626	272	31	0.42512	11.437158775329593	1	0.0254261	noncoding
NONATHT001627	303	61	0.41749	4.815024375915528	-1	0.0250914	noncoding
NONATHT001628	372	81	0.38886	11.183411216735841	-1	0.173894	noncoding
NONATHT001629	344	65	0.4434	5.684717750549316	1	0.11721	noncoding
NONATHT001630	2346	61	0.29637	8.492887687683105	1	0.024246	noncoding
NONATHT001631	388	21	0.41666000000000003	9.524575233459473	-1	0.0598043	noncoding
NONATHT001632	264	15	0.35689000000000004	7.834601020812989	1	0.00300184	noncoding
NONATHT001633	805	50	0.28479	6.214172935485839	1	0.0207694	noncoding
NONATHT001634	206	44	0.39979000000000003	8.489793205261233	-1	0.0493599	noncoding
NONATHT001635	416	48	0.42607	4.370827674865722	1	0.0762963	noncoding
NONATHT001637	990	48	0.35041	10.115427970886227	1	0.0245018	noncoding
NONATHT001636	990	48	0.35041	10.115427970886227	1	0.0245018	noncoding
NONATHT001639	1034	103	0.37585999999999997	9.489504432678224	1	0.251081	noncoding
NONATHT001638	1034	103	0.37585999999999997	9.489504432678224	1	0.251081	noncoding
NONATHT001640	383	2	0.38022999999999996	5.275022315979004	1	8.40317e-06	noncoding
NONATHT001641	276	40	0.42932	11.096959114074707	1	0.0404194	noncoding
NONATHT001642	1249	51	0.35085	5.251888847351074	1	0.0274364	noncoding
NONATHT001643	203	23	0.40824	4.093055534362793	1	0.0155014	noncoding
NONATHT001644	320	29	0.35165	10.055988121032716	1	0.0115403	noncoding
NONATHT001645	342	8	0.37378	5.274794960021972	1	1.66796e-05	noncoding
NONATHT001646	270	6	0.40532	8.497787284851075	-1	0.0324159	noncoding
NONATHT001648	941	92	0.40016	8.46593990325928	-1	0.0769702	noncoding
NONATHT001647	941	92	0.40016	8.46593990325928	-1	0.0769702	noncoding
NONATHT001649	1068	46	0.30616	10.168356513977049	1	0.0207265	noncoding
NONATHT001650	282	38	0.3501	9.696383476257324	-1	0.12517	noncoding
NONATHT001651	655	32	0.35115999999999997	6.498367881774903	1	0.00663893	noncoding
NONATHT001652	407	44	0.34182	9.897911643981931	1	0.0192332	noncoding
NONATHT001653	529	23	0.31348	9.697157096862792	1	0.00836867	noncoding
NONATHT001654	573	70	0.37843000000000004	8.638779640197757	1	0.0615166	noncoding
NONATHT001655	320	15	0.35248999999999997	9.992486763000489	1	0.00646312	noncoding
NONATHT001656	655	69	0.36188	10.21303310394287	-1	0.147607	noncoding
NONATHT001657	207	32	0.40681	9.056534767150879	-1	0.0552397	noncoding
NONATHT001658	1171	50	0.37076	5.509937858581542	1	0.0271327	noncoding
NONATHT001659	1412	61	0.31657	8.71311168670654	1	0.0259268	noncoding
NONATHT001660	755	53	0.35786	5.327825736999511	-1	0.0258184	noncoding
NONATHT001661	819	46	0.39641	9.896364402770995	1	0.0300933	noncoding
NONATHT001662	301	76	0.42692	9.800177574157715	1	0.172784	noncoding
NONATHT001663	573	40	0.2601	11.170130729675293	1	0.0319733	noncoding
NONATHT001664	388	39	0.32589999999999997	9.51561412811279	1	0.0137662	noncoding
NONATHT001665	337	19	0.4024	6.694178199768066	1	0.0040319	noncoding
NONATHT001666	1470	55	0.40471999999999997	9.773229789733886	1	0.0488237	noncoding
NONATHT001667	386	32	0.26496000000000003	10.970472145080567	1	0.0245413	noncoding
NONATHT001668	360	37	0.45452	11.999967765808105	1	0.0495464	noncoding
NONATHT001669	210	14	0.42984999999999995	4.0500284194946286	-1	0.0127739	noncoding
NONATHT001670	221	36	0.41959	11.999967765808105	1	0.0263414	noncoding
NONATHT001671	420	97	0.40804	11.999967765808105	1	0.215156	noncoding
NONATHT001672	203	24	0.27917000000000003	9.187856864929199	1	0.00906079	noncoding
NONATHT001673	681	46	0.41905000000000003	11.999967765808105	1	0.03921	noncoding
NONATHT001674	514	32	0.29252	10.288847923278805	1	0.0150265	noncoding
NONATHT001676	859	57	0.3917	7.901132392883301	1	0.0338953	noncoding
NONATHT001675	859	57	0.3917	7.901132392883301	1	0.0338953	noncoding
NONATHT001677	525	40	0.39122999999999997	10.299936485290523	-1	0.116046	noncoding
NONATHT001678	488	62	0.4085	8.975562477111819	1	0.0612526	noncoding
NONATHT001679	389	86	0.38156	8.959445381164553	-1	0.0962763	noncoding
NONATHT001680	269	28	0.37071999999999994	10.001125526428222	-1	0.113588	noncoding
NONATHT001682	496	53	0.435	4.3588346481323255	1	0.110695	noncoding
NONATHT001681	496	53	0.435	4.3588346481323255	1	0.110695	noncoding
NONATHT001683	286	34	0.31326	10.292006874084471	1	0.0146905	noncoding
NONATHT001684	290	26	0.28472000000000003	4.177234077453612	-1	0.0381234	noncoding
NONATHT001685	390	18	0.35975999999999997	8.38522548675537	1	0.00407662	noncoding
NONATHT001686	318	9	0.29453	9.500077247619632	1	0.00551249	noncoding
NONATHT001687	782	44	0.4016	4.921483802795408	1	0.0336649	noncoding
NONATHT001688	1743	40	0.27376	5.998355293273924	1	0.0172195	noncoding
NONATHT001689	381	35	0.35619	6.501948738098144	1	0.0079804	noncoding
NONATHT001690	255	27	0.46831	8.295098686218264	1	0.014035	noncoding
NONATHT001691	412	50	0.40987	9.417170906066897	1	0.037495	noncoding
NONATHT001692	661	28	0.3221	9.10185604095459	1	0.00793731	noncoding
NONATHT001693	313	22	0.34946	9.52289905548096	1	0.00720806	noncoding
NONATHT001694	339	10	0.29986	11.999967765808105	1	0.012442	noncoding
NONATHT001695	502	77	0.36288	8.711371040344236	1	0.0724011	noncoding
NONATHT001696	267	30	0.38611000000000006	4.0500284194946286	1	0.0199732	noncoding
NONATHT001697	612	23	0.41644000000000003	11.000127601623536	1	0.0158002	noncoding
NONATHT001698	410	50	0.35125999999999996	11.273602485656738	1	0.0298749	noncoding
NONATHT001699	2560	45	0.23537	9.493501472473145	-1	0.159966	noncoding
NONATHT001700	519	23	0.33686	8.293229103088382	1	0.0049311	noncoding
NONATHT001701	476	49	0.4425	11.839828300476075	1	0.068635	noncoding
NONATHT001702	1630	54	0.38706999999999997	8.84063014984131	1	0.0318352	noncoding
NONATHT001703	387	33	0.37494	9.489568901062015	1	0.0125528	noncoding
NONATHT001704	207	31	0.39168	10.432676887512205	-1	0.116822	noncoding
NONATHT001705	312	36	0.37798	4.0500284194946286	1	0.0268446	noncoding
NONATHT001706	1072	47	0.35914999999999997	4.0500284194946286	1	0.0439582	noncoding
NONATHT001707	995	50	0.32665	9.301579093933103	1	0.0197345	noncoding
NONATHT001708	492	57	0.33299	9.884631156921387	1	0.0299266	noncoding
NONATHT001709	298	35	0.3611	5.302077674865722	1	0.0112125	noncoding
NONATHT001710	388	41	0.42978	4.0500284194946286	1	0.0628939	noncoding
NONATHT001711	476	33	0.44431	8.768876838684083	1	0.0184738	noncoding
NONATHT001712	439	28	0.30469	5.583146476745605	-1	0.0466774	noncoding
NONATHT001713	206	22	0.3197	8.51964206695557	1	0.00519079	noncoding
NONATHT001714	223	10	0.38870000000000005	6.50155086517334	1	1.45625e-05	noncoding
NONATHT001715	320	78	0.42640000000000006	10.04051570892334	-1	0.116981	noncoding
NONATHT001716	604	106	0.35501	8.712853813171385	1	0.217098	noncoding
NONATHT001717	328	70	0.33408	9.25039119720459	-1	0.135513	noncoding
NONATHT001721	1577	48	0.33146999999999993	8.676493644714355	1	0.0160525	noncoding
NONATHT001720	1577	48	0.33146999999999993	8.676493644714355	1	0.0160525	noncoding
NONATHT001718	1577	48	0.33146999999999993	8.676493644714355	1	0.0160525	noncoding
NONATHT001719	1577	48	0.33146999999999993	8.676493644714355	1	0.0160525	noncoding
NONATHT001723	2018	45	0.28176	10.010408973693849	1	0.0208118	noncoding
NONATHT001722	2018	45	0.28176	10.010408973693849	1	0.0208118	noncoding
NONATHT001724	307	44	0.41719999999999996	4.0500284194946286	-1	0.0198311	noncoding
NONATHT001725	2060	66	0.33604	9.62514591217041	1	0.0405979	noncoding
NONATHT001726	1422	66	0.38953000000000004	9.62514591217041	1	0.0664948	noncoding
NONATHT001727	2262	97	0.34306	9.870963859558106	1	0.135723	noncoding
NONATHT001728	364	77	0.44198	8.852750205993651	1	0.191882	noncoding
NONATHT001729	536	39	0.42334	10.001189994812012	1	0.0295249	noncoding
NONATHT001730	441	28	0.38895	11.555264854431151	1	0.0159692	noncoding
NONATHT001731	1532	101	0.42221	4.737495994567872	1	0.689168	coding
NONATHT001732	251	70	0.38115	5.486406517028808	-1	0.029268	noncoding
NONATHT001733	492	86	0.36729999999999996	10.864808464050292	-1	0.171578	noncoding
NONATHT001734	1661	167	0.34468	10.583984184265137	1	0.658829	coding
NONATHT001735	249	60	0.34233	10.015373039245606	-1	0.152322	noncoding
NONATHT001736	630	26	0.36281	9.996161460876465	1	0.0102991	noncoding
NONATHT001737	1095	76	0.4506	5.784356498718262	1	0.21516	noncoding
NONATHT001738	426	19	0.30291	4.0500284194946286	-1	0.0220764	noncoding
NONATHT001739	699	35	0.39283	11.999967765808105	-1	0.172609	noncoding
NONATHT001740	352	27	0.35205999999999993	4.0500284194946286	1	0.0122337	noncoding
NONATHT001741	1086	28	0.30952999999999997	10.306189918518065	1	0.0123975	noncoding
NONATHT001742	914	26	0.38427	4.0500284194946286	1	0.0150973	noncoding
NONATHT001743	268	17	0.39537999999999995	11.16600475311279	-1	0.140102	noncoding
NONATHT001744	210	42	0.41027	5.572972297668456	-1	0.018221	noncoding
NONATHT001745	1247	91	0.38439	8.931466102600101	1	0.173984	noncoding
NONATHT001746	649	67	0.39298	4.436874580383301	1	0.163363	noncoding
NONATHT001747	517	23	0.29749	11.553846549987792	1	0.0160457	noncoding
NONATHT001748	352	24	0.35811	9.523027992248537	1	0.00795596	noncoding
NONATHT001749	730	67	0.36055	9.098826026916505	1	0.0476282	noncoding
NONATHT001750	224	0	0.42309	0.0	-1	0.0139892	noncoding
NONATHT001751	349	40	0.42288	4.723513603210448	1	0.0354193	noncoding
NONATHT001752	335	17	0.41435	5.275022315979004	1	0.00546505	noncoding
NONATHT001753	285	30	0.30360000000000004	8.49804515838623	1	0.00752625	noncoding
NONATHT001754	487	40	0.3737	11.000127601623536	1	0.0233217	noncoding
NONATHT001755	296	11	0.43719	4.505706596374512	-1	0.0119098	noncoding
NONATHT001756	376	121	0.40091999999999994	8.930434608459475	-1	0.115427	noncoding
NONATHT001757	345	50	0.47847	6.889874839782716	1	0.0415748	noncoding
NONATHT001758	1579	46	0.33992	10.05224895477295	1	0.0213759	noncoding
NONATHT001759	212	43	0.39084	10.05224895477295	1	0.0258166	noncoding
NONATHT001760	254	4	0.46587999999999996	6.49137668609619	-1	0.0106959	noncoding
NONATHT001761	1562	68	0.33560999999999996	11.939303016662599	1	0.042222	noncoding
NONATHT001762	1335	68	0.41337	11.939303016662599	1	0.0873059	noncoding
NONATHT001763	596	52	0.41997999999999996	7.822287559509278	1	0.0339713	noncoding
NONATHT001764	244	30	0.43175	4.649395561218263	1	0.0202807	noncoding
NONATHT001765	791	49	0.41263	7.976560401916504	1	0.0271004	noncoding
NONATHT001766	574	74	0.40592	5.870297050476074	1	0.136176	noncoding
NONATHT001767	1045	54	0.48499000000000003	8.344094657897951	1	0.0830237	noncoding
NONATHT001768	201	24	0.42733	10.446408653259276	-1	0.0925847	noncoding
NONATHT001769	205	38	0.43001999999999996	7.805332374572754	-1	0.0285158	noncoding
NONATHT001770	1310	65	0.38797000000000004	7.915831184387207	1	0.049866	noncoding
NONATHT001771	424	49	0.41017	11.004318046569825	-1	0.142686	noncoding
NONATHT001772	639	59	0.37379999999999997	11.000063133239745	1	0.0479985	noncoding
NONATHT001773	1899	73	0.36850000000000005	5.72854061126709	1	0.0906856	noncoding
NONATHT001774	1899	73	0.36850000000000005	5.72854061126709	1	0.0906856	noncoding
NONATHT001775	251	23	0.32571999999999995	10.461171913146973	1	0.0105749	noncoding
NONATHT001776	592	44	0.42077000000000003	10.290910911560058	1	0.0390462	noncoding
NONATHT001777	515	29	0.3231	7.978043174743652	1	0.00605136	noncoding
NONATHT001778	1207	56	0.32245999999999997	10.422813224792481	1	0.0304343	noncoding
NONATHT001779	1102	51	0.47047	5.871831703186035	-1	0.0236279	noncoding
NONATHT001780	910	51	0.47459	5.871831703186035	-1	0.023694	noncoding
NONATHT001781	688	43	0.37449	4.721069526672363	1	0.0267916	noncoding
NONATHT001782	283	57	0.40049999999999997	8.978334617614745	1	0.0435443	noncoding
NONATHT001783	1414	40	0.27551000000000003	9.184697914123536	1	0.015068	noncoding
NONATHT001784	246	60	0.28036000000000005	9.745443916320799	1	0.0292888	noncoding
NONATHT001785	481	28	0.34619	5.222048377990721	1	0.00716736	noncoding
NONATHT001786	710	28	0.35309999999999997	4.749830055236816	1	0.00899431	noncoding
NONATHT001787	1991	81	0.31135999999999997	8.420747566223149	1	0.0532867	noncoding
NONATHT001788	1991	81	0.31135999999999997	8.420747566223149	1	0.0532867	noncoding
NONATHT001789	224	23	0.41052	6.690483665466309	1	0.00543347	noncoding
NONATHT001790	443	21	0.41223000000000004	9.804496955871581	1	0.0100645	noncoding
NONATHT001791	210	24	0.37944	11.000063133239745	1	0.0128163	noncoding
NONATHT001792	674	37	0.42490999999999995	6.505643272399902	1	0.0146882	noncoding
NONATHT001793	286	30	0.44467	9.624823570251465	1	0.0216438	noncoding
NONATHT001794	348	31	0.4106	8.843208885192869	1	0.012008	noncoding
NONATHT001795	1121	23	0.3708	4.0500284194946286	1	0.0108937	noncoding
NONATHT001796	923	129	0.22328	9.068396949768069	1	0.185818	noncoding
NONATHT001797	2195	71	0.33877999999999997	10.147920036315917	1	0.0533014	noncoding
NONATHT001798	508	43	0.32887	7.941554069519044	1	0.0112602	noncoding
NONATHT001799	285	21	0.41517000000000004	8.521060371398928	1	0.00652035	noncoding
NONATHT001800	367	97	0.38737	8.34216060638428	-1	0.0820262	noncoding
NONATHT001801	713	27	0.42432000000000003	9.782061958312983	1	0.0152214	noncoding
NONATHT001802	323	36	0.39802	10.859908866882325	1	0.02326	noncoding
NONATHT001803	205	13	0.28852999999999995	6.501948738098144	1	0.00359109	noncoding
NONATHT001804	1523	50	0.34629	8.840243339538574	1	0.0193662	noncoding
NONATHT001805	262	14	0.32308000000000003	10.060565376281737	1	0.0068187	noncoding
NONATHT001806	242	35	0.29597	9.398732948303223	1	0.0120655	noncoding
NONATHT001807	485	29	0.42025	5.3024187088012695	1	0.0123397	noncoding
NONATHT001808	1714	47	0.28227	7.95973415374756	1	0.0147176	noncoding
NONATHT001809	574	46	0.42385	4.716124534606934	1	0.052791	noncoding
NONATHT001810	342	42	0.39520000000000005	9.032165718078613	-1	0.0649386	noncoding
NONATHT001811	970	44	0.38127999999999995	11.000127601623536	1	0.0286236	noncoding
NONATHT001812	357	39	0.40148	6.2082616806030275	1	0.0146227	noncoding
NONATHT001813	229	7	0.37822	10.000867652893067	1	0.00469122	noncoding
NONATHT001814	385	94	0.46742	10.562387275695798	-1	0.16788	noncoding
NONATHT001815	574	52	0.33931	11.480223655700684	1	0.0300345	noncoding
NONATHT001816	210	70	0.37404	8.1610689163208	1	0.0562735	noncoding
NONATHT001817	823	25	0.36722	9.102694129943849	1	0.00737145	noncoding
NONATHT001818	224	27	0.42479	7.858583259582519	1	0.00834539	noncoding
NONATHT001819	1716	50	0.34546	10.019627952575682	1	0.0252743	noncoding
NONATHT001820	1699	50	0.34546	10.019627952575682	1	0.0252743	noncoding
NONATHT001821	1754	50	0.3316	10.019627952575682	1	0.0237866	noncoding
NONATHT001822	516	59	0.42358999999999997	4.0500284194946286	1	0.181048	noncoding
NONATHT001823	253	26	0.40802	4.0500284194946286	1	0.0194759	noncoding
NONATHT001824	411	41	0.34690999999999994	9.435093116760253	1	0.0153665	noncoding
NONATHT001825	491	63	0.37740999999999997	4.369065666198731	1	0.113184	noncoding
NONATHT001826	2900	76	0.37044	9.61973056793213	1	0.0828106	noncoding
NONATHT001827	237	41	0.35431	7.845431709289552	1	0.0110341	noncoding
NONATHT001828	309	62	0.40384	9.897782707214354	-1	0.104877	noncoding
NONATHT001829	216	36	0.42705	9.18224811553955	1	0.0205822	noncoding
NONATHT001830	312	42	0.32460999999999995	4.74920482635498	1	0.0194102	noncoding
NONATHT001831	394	24	0.33616	11.42149295806885	1	0.0129938	noncoding
NONATHT001832	430	17	0.29042	9.30531826019287	1	0.00681051	noncoding
NONATHT001833	1934	47	0.4813	10.93997859954834	1	0.14918	noncoding
NONATHT001834	1741	70	0.39738999999999997	4.578744697570801	1	0.186116	noncoding
NONATHT001835	535	101	0.3843	5.8377283096313475	1	0.391173	noncoding
NONATHT001836	285	35	0.35999000000000003	10.93997859954834	-1	0.165997	noncoding
NONATHT001837	241	14	0.47026	7.9538675308227536	1	0.00558439	noncoding
NONATHT001838	326	26	0.29472	4.295857048034668	-1	0.0322752	noncoding
NONATHT001839	218	25	0.29369	6.483703422546387	1	0.00572882	noncoding
NONATHT001840	251	32	0.39799	6.5421339035034185	1	0.00872447	noncoding
NONATHT001841	1359	64	0.31774	5.013392448425292	1	0.0560806	noncoding
NONATHT001842	296	27	0.41692999999999997	8.057468223571778	1	0.00817155	noncoding
NONATHT001843	1853	66	0.45324000000000003	5.114565849304199	1	0.161579	noncoding
NONATHT001844	763	159	0.34282	6.062867546081542	1	0.887315	coding
NONATHT001845	504	25	0.39954	9.50072193145752	1	0.0100158	noncoding
NONATHT001846	1002	46	0.36510000000000004	4.867657279968261	1	0.0273064	noncoding
NONATHT001847	385	18	0.48389	4.207074546813964	1	0.00871731	noncoding
NONATHT001848	359	110	0.45957	7.000312995910644	-1	0.0635232	noncoding
NONATHT001849	351	47	0.38482000000000005	9.517612648010253	1	0.0259544	noncoding
NONATHT001850	392	37	0.34491000000000005	9.2379487991333	1	0.0121961	noncoding
NONATHT001851	475	21	0.36157	5.978404808044433	1	0.00400915	noncoding
NONATHT001852	584	51	0.45197	9.871737480163574	1	0.0787811	noncoding
NONATHT001853	3132	70	0.28518	9.235499000549318	1	0.0356059	noncoding
NONATHT001854	3126	70	0.28518	9.235499000549318	1	0.0356059	noncoding
NONATHT001855	347	88	0.41721	7.846721076965332	-1	0.0562679	noncoding
NONATHT001856	272	31	0.32247	4.307679557800294	1	0.0132278	noncoding
NONATHT001857	725	22	0.30920000000000003	5.969992637634278	1	0.00464287	noncoding
NONATHT001858	286	23	0.39324000000000003	9.386161613464353	1	0.00836035	noncoding
NONATHT001859	223	37	0.35467000000000004	8.84456272125244	1	0.0112858	noncoding
NONATHT001860	205	10	0.36302999999999996	10.288976860046386	1	0.00588604	noncoding
NONATHT001861	302	43	0.39513	8.230243492126466	-1	0.045046	noncoding
NONATHT001862	714	53	0.33873	8.211870002746583	1	0.0190104	noncoding
NONATHT001863	1147	63	0.31959	11.396543693542483	1	0.0388885	noncoding
NONATHT001864	211	19	0.42095	4.52963581085205	1	0.00980599	noncoding
NONATHT001865	485	22	0.45505999999999996	10.191049385070801	1	0.020483	noncoding
NONATHT001866	238	29	0.39015999999999995	4.749830055236816	1	0.0126915	noncoding
NONATHT001867	405	72	0.43279	5.326745796203612	1	0.191554	noncoding
NONATHT001868	1248	63	0.33311	9.099277305603028	1	0.0324537	noncoding
NONATHT001869	1514	56	0.31748	9.891787147521974	1	0.027143	noncoding
NONATHT001870	2958	77	0.29977	8.751599311828613	1	0.0440027	noncoding
NONATHT001871	507	68	0.25847	8.534727668762208	1	0.0358737	noncoding
NONATHT001872	245	26	0.419	10.000609779357909	1	0.0147071	noncoding
NONATHT001873	1136	20	0.3713	11.722947120666507	1	0.0110585	noncoding
NONATHT001874	473	62	0.30797	9.95316104888916	1	0.0324189	noncoding
NONATHT001875	1792	150	0.34975	9.297324180603027	1	0.625393	coding
NONATHT001876	213	71	0.41225	9.755629920959471	1	0.112293	noncoding
NONATHT001877	861	43	0.42167	10.461107444763183	1	0.0389102	noncoding
NONATHT001879	1173	43	0.30162	9.691612815856931	1	0.0167158	noncoding
NONATHT001878	1173	43	0.30162	9.691612815856931	1	0.0167158	noncoding
NONATHT001880	207	67	0.42755000000000004	9.638684272766113	-1	0.0900235	noncoding
NONATHT001881	600	28	0.30358	8.516676521301271	1	0.00700741	noncoding
NONATHT001882	612	60	0.44204000000000004	11.999967765808105	1	0.101712	noncoding
NONATHT001883	317	53	0.33695	9.58659381866455	-1	0.139418	noncoding
NONATHT001884	650	22	0.32796000000000003	6.484101295471191	1	0.00387461	noncoding
NONATHT001885	233	15	0.41508	6.6876417160034185	-1	0.0149626	noncoding
NONATHT001886	543	58	0.39579000000000003	9.699349021911619	1	0.0501055	noncoding
NONATHT001887	575	49	0.40598	8.978850364685059	1	0.0307402	noncoding
NONATHT001888	346	44	0.32321	8.382969093322757	1	0.0125249	noncoding
NONATHT001889	692	83	0.41345	9.21854381561279	1	0.182394	noncoding
NONATHT001890	1486	76	0.38919	9.507233238220216	1	0.101629	noncoding
NONATHT001891	793	68	0.31850999999999996	10.50668659210205	1	0.0438524	noncoding
NONATHT001892	318	43	0.40537999999999996	4.867827796936035	1	0.0338059	noncoding
NONATHT001893	310	3	0.30742	5.275022315979004	1	1.39984e-05	noncoding
NONATHT001894	482	60	0.36339999999999995	9.426518821716307	1	0.0380977	noncoding
NONATHT001895	990	19	0.34197	10.288976860046386	1	0.00844764	noncoding
NONATHT001896	388	16	0.37342	5.584965324401855	1	0.00346477	noncoding
NONATHT001897	754	44	0.30865	4.711918449401855	1	0.0237841	noncoding
NONATHT001898	278	5	0.41036	8.500108146667483	1	0.00257489	noncoding
NONATHT001899	422	57	0.28535000000000005	9.937043952941895	1	0.0277206	noncoding
NONATHT001900	490	75	0.37348000000000003	9.606514549255369	1	0.0820248	noncoding
NONATHT001901	600	46	0.38266	8.977754402160645	1	0.021285	noncoding
NONATHT001902	498	16	0.44505	6.806037330627441	1	0.0042949	noncoding
NONATHT001903	417	43	0.34698999999999997	5.3024187088012695	1	0.0165945	noncoding
NONATHT001904	222	30	0.34824999999999995	6.4947301864624025	-1	0.0326907	noncoding
NONATHT001905	718	39	0.41001999999999994	10.46123638153076	1	0.0281408	noncoding
NONATHT001906	214	35	0.48445	11.522901725769042	-1	0.142305	noncoding
NONATHT001907	369	81	0.46825000000000006	5.473049354553221	-1	0.0420979	noncoding
NONATHT001908	1514	50	0.34657	6.514225959777832	1	0.0171988	noncoding
NONATHT001909	445	30	0.34942	7.824930763244629	1	0.00626111	noncoding
NONATHT001910	282	7	0.38566999999999996	4.778363227844238	-1	0.00950213	noncoding
NONATHT001911	423	105	0.40532999999999997	9.444634437561035	1	0.381455	noncoding
NONATHT001912	438	51	0.39849	11.61541385650635	1	0.0417179	noncoding
NONATHT001914	1460	57	0.32451	4.72345676422119	1	0.0449882	noncoding
NONATHT001913	1460	57	0.32451	4.72345676422119	1	0.0449882	noncoding
NONATHT001915	421	9	0.32571000000000006	9.984299278259279	1	0.00548178	noncoding
NONATHT001916	748	44	0.36819999999999997	10.08016376495361	1	0.0229345	noncoding
NONATHT001917	947	56	0.32611999999999997	7.666295433044434	1	0.019695	noncoding
NONATHT001918	947	56	0.32611999999999997	7.666295433044434	1	0.019695	noncoding
NONATHT001919	256	55	0.43532	8.099823951721191	-1	0.0392338	noncoding
NONATHT001920	953	59	0.33148	10.362084007263181	1	0.0345407	noncoding
NONATHT001921	668	50	0.36454	10.177446556091308	1	0.029222	noncoding
NONATHT001922	448	28	0.45749999999999996	9.992422294616702	1	0.0271252	noncoding
NONATHT001923	250	64	0.39381	9.993453788757325	1	0.0673884	noncoding
NONATHT001924	902	69	0.41313999999999995	11.839377021789552	1	0.0939898	noncoding
NONATHT001925	356	21	0.33690000000000003	6.49791316986084	1	0.00361228	noncoding
NONATHT001926	390	47	0.4383	8.593974113464355	1	0.0360393	noncoding
NONATHT001927	407	22	0.32404	4.584769630432128	-1	0.0200914	noncoding
NONATHT001928	308	40	0.31421	10.639878273010254	1	0.0192353	noncoding
NONATHT001929	268	81	0.44194	9.379199028015137	-1	0.0899868	noncoding
NONATHT001930	1167	56	0.26066	5.045733833312987	1	0.0779863	noncoding
NONATHT001931	511	86	0.32609	8.460331153869632	1	0.0724408	noncoding
NONATHT001932	1049	32	0.33168	11.435418128967285	-1	0.192291	noncoding
NONATHT001933	435	22	0.37012	9.697028160095215	1	0.00800439	noncoding
NONATHT001934	244	15	0.36542	8.886660575866703	1	0.00423664	noncoding
NONATHT001935	931	83	0.37958000000000003	4.859984016418457	1	0.255393	noncoding
NONATHT001936	1007	59	0.31079	9.033068275451662	1	0.0248644	noncoding
NONATHT001937	961	44	0.34478000000000003	8.682037925720216	1	0.0142358	noncoding
NONATHT001938	437	30	0.3911	7.915444374084473	1	0.00776507	noncoding
NONATHT001939	696	48	0.37161999999999995	8.474965476989748	1	0.0193015	noncoding
NONATHT001940	294	12	0.40237	4.529692649841309	1	0.00529936	noncoding
NONATHT001941	318	44	0.33446	7.805074501037598	1	0.0117493	noncoding
NONATHT001942	371	70	0.37221000000000004	6.047691535949707	1	0.0712669	noncoding
NONATHT001943	336	66	0.42218	8.632977485656738	1	0.0835414	noncoding
NONATHT001944	330	13	0.39658000000000004	7.975528907775878	1	0.0031677	noncoding
NONATHT001945	472	68	0.3714599999999999	9.741769218444823	1	0.0608234	noncoding
NONATHT001946	522	16	0.30808	4.556577491760254	1	0.00570773	noncoding
NONATHT001947	319	25	0.32924	9.496338081359863	1	0.00805641	noncoding
NONATHT001948	618	59	0.35244000000000003	4.950016975402831	1	0.0506519	noncoding
NONATHT001949	655	94	0.38939	11.905521583557128	1	0.155652	noncoding
NONATHT001950	210	9	0.34856000000000004	9.500077247619632	1	0.00414326	noncoding
NONATHT001951	278	26	0.33831	5.970106315612793	1	0.00508301	noncoding
NONATHT001952	298	17	0.38834	10.277372550964351	1	0.00835651	noncoding
NONATHT001953	320	31	0.41763	10.916125297546387	1	0.0227675	noncoding
NONATHT001954	272	12	0.33472	4.207074546813964	1	0.00439443	noncoding
NONATHT001955	1920	68	0.34547000000000005	8.987360191345214	1	0.0428379	noncoding
NONATHT001956	255	56	0.31098000000000003	8.931143760681152	1	0.0218723	noncoding
NONATHT001957	678	32	0.40756000000000003	9.788379859924316	1	0.0165979	noncoding
NONATHT001958	655	32	0.38446	9.788379859924316	1	0.0138906	noncoding
NONATHT001959	229	48	0.41418	5.062103462219238	1	0.045246	noncoding
NONATHT001960	331	45	0.42069	10.191049385070801	1	0.0400776	noncoding
NONATHT001961	598	36	0.40381999999999996	5.9366849899292	1	0.0133244	noncoding
NONATHT001962	821	67	0.39806	9.26895809173584	1	0.0726327	noncoding
NONATHT001963	621	65	0.35516000000000003	10.13882999420166	-1	0.148168	noncoding
NONATHT001964	959	49	0.4155	6.698611640930175	1	0.0276815	noncoding
NONATHT001965	2257	91	0.3435	9.719527626037596	1	0.110308	noncoding
NONATHT001966	574	49	0.38268	8.890915489196779	1	0.0241621	noncoding
NONATHT001967	574	49	0.38268	8.890915489196779	1	0.0241621	noncoding
NONATHT001968	632	71	0.31796	9.89610652923584	1	0.0447865	noncoding
NONATHT001969	1151	51	0.23196	7.753088569641113	1	0.0386515	noncoding
NONATHT001970	398	32	0.36921000000000004	4.594943809509277	-1	0.0144558	noncoding
NONATHT001971	1086	89	0.36395999999999995	9.843049049377441	1	0.130566	noncoding
NONATHT001972	523	41	0.37265000000000004	10.319405937194823	1	0.0219062	noncoding
NONATHT001973	1213	51	0.33002999999999993	11.101214027404783	1	0.0286679	noncoding
NONATHT001974	639	59	0.4037	10.34441967010498	1	0.0634964	noncoding
NONATHT001975	469	55	0.26715	9.41555919647217	1	0.0257587	noncoding
NONATHT001976	2834	58	0.37720000000000004	6.522183418273925	1	0.0336774	noncoding
NONATHT001977	397	44	0.45708	10.039355278015137	-1	0.0831137	noncoding
NONATHT001978	290	33	0.37807	6.530481910705566	-1	0.0237833	noncoding
NONATHT001979	871	96	0.32492	9.334715843200684	1	0.105988	noncoding
NONATHT001980	294	31	0.39835	10.028460121154787	1	0.0156926	noncoding
NONATHT001981	314	51	0.36008000000000007	4.677076148986816	1	0.0390256	noncoding
NONATHT001982	7110	80	0.28604	10.17177333831787	1	0.052496	noncoding
NONATHT001983	384	46	0.35356	5.616851997375488	1	0.0181179	noncoding
NONATHT001984	272	62	0.42925	9.300998878479003	1	0.0848821	noncoding
NONATHT001985	970	61	0.28731	8.592104530334474	1	0.0247176	noncoding
NONATHT001986	1255	45	0.36341999999999997	7.7396745681762695	1	0.0140542	noncoding
NONATHT001987	564	39	0.40471	6.512861824035644	1	0.0141355	noncoding
NONATHT001988	692	71	0.32878	5.705918693542481	1	0.0598796	noncoding
NONATHT001989	756	61	0.37865000000000004	11.744350624084472	1	0.0481773	noncoding
NONATHT001990	232	18	0.31222000000000005	9.992486763000489	1	0.00797979	noncoding
NONATHT001991	253	21	0.28041	8.885306739807131	1	0.00735899	noncoding
NONATHT001992	429	19	0.3659	9.186051750183104	1	0.00572228	noncoding
NONATHT001993	608	30	0.40163000000000004	7.7995302200317385	1	0.00819638	noncoding
NONATHT001994	207	19	0.34630000000000005	8.555422019958495	1	0.00445129	noncoding
NONATHT001995	504	64	0.37658	11.999967765808105	1	0.047846	noncoding
NONATHT001996	245	22	0.42447	7.979719352722168	1	0.00637438	noncoding
NONATHT001997	268	32	0.31812	9.992035484313966	1	0.0124562	noncoding
NONATHT001998	810	55	0.38949999999999996	9.497562980651857	1	0.0392179	noncoding
NONATHT001999	251	51	0.40184	7.836599540710449	1	0.0268384	noncoding
NONATHT002001	1154	30	0.23373000000000002	10.53498821258545	1	0.0383376	noncoding
NONATHT002000	1155	30	0.23373000000000002	10.53498821258545	1	0.0383376	noncoding
NONATHT002002	1117	29	0.40843999999999997	11.999967765808105	1	0.0176105	noncoding
NONATHT002003	269	64	0.43345	5.537902641296386	-1	0.0272623	noncoding
NONATHT002004	279	13	0.40376	5.060625648498534	1	0.00430183	noncoding
NONATHT002005	1295	37	0.31545	4.0500284194946286	1	0.0223823	noncoding
NONATHT002006	236	19	0.38266	9.984299278259279	-1	0.09767	noncoding
NONATHT002007	581	41	0.38895	10.446408653259276	1	0.0251989	noncoding
NONATHT002008	689	59	0.31284999999999996	9.923312187194824	1	0.0297276	noncoding
NONATHT002009	316	14	0.34891000000000005	8.365949440002442	-1	0.0652084	noncoding
NONATHT002010	421	40	0.28196	4.207074546813964	1	0.0392104	noncoding
NONATHT002011	604	26	0.4423	4.0500284194946286	1	0.024433	noncoding
NONATHT002012	207	23	0.28471	9.186245155334472	1	0.0083026	noncoding
NONATHT002013	523	65	0.33474	6.530822944641113	-1	0.0564899	noncoding
NONATHT002014	789	57	0.44396	4.278464317321778	1	0.152693	noncoding
NONATHT002015	1434	56	0.34047	9.236594963073731	1	0.0262772	noncoding
NONATHT002016	310	21	0.41896	7.810941123962403	1	0.00555024	noncoding
NONATHT002017	827	105	0.37439999999999996	6.545657920837402	1	0.341482	noncoding
NONATHT002018	206	11	0.44836000000000004	4.0500284194946286	-1	0.0145126	noncoding
NONATHT002019	221	42	0.34157000000000004	6.69486026763916	-1	0.0438922	noncoding
NONATHT002020	1737	59	0.29251000000000005	10.032521629333495	1	0.0295557	noncoding
NONATHT002021	343	27	0.28307	5.584965324401855	1	0.00950281	noncoding
NONATHT002022	1222	53	0.30278	8.066171455383298	1	0.0171651	noncoding
NONATHT002023	988	66	0.37865	6.690142631530762	1	0.0516896	noncoding
NONATHT002024	359	45	0.37208	5.823575401306152	-1	0.0235086	noncoding
NONATHT002025	237	49	0.40603	9.89874973297119	1	0.0382821	noncoding
NONATHT002026	231	9	0.38185	9.500077247619632	1	0.00421867	noncoding
NONATHT002027	271	27	0.38761	10.060178565979005	1	0.0122206	noncoding
NONATHT002028	1005	64	0.28309	10.53498821258545	1	0.037172	noncoding
NONATHT002029	465	89	0.47499	11.999967765808105	-1	0.233221	noncoding
NONATHT002030	772	91	0.40127	9.930983924865721	1	0.226101	noncoding
NONATHT002034	2196	52	0.30278	10.564772605895993	1	0.0268897	noncoding
NONATHT002031	2196	52	0.30278	10.564772605895993	1	0.0268897	noncoding
NONATHT002032	2196	52	0.30278	10.564772605895993	1	0.0268897	noncoding
NONATHT002033	2197	52	0.30278	10.564772605895993	1	0.0268897	noncoding
NONATHT002035	889	78	0.32779	9.811266136169433	1	0.0601827	noncoding
NONATHT002036	761	39	0.38511	6.538780403137207	1	0.0119968	noncoding
NONATHT002037	241	24	0.43084	9.809332084655761	-1	0.0659126	noncoding
NONATHT002038	575	41	0.34138	11.004318046569825	1	0.0213455	noncoding
NONATHT002039	822	20	0.39451	11.000256538391113	1	0.0116742	noncoding
NONATHT002040	786	19	0.3285	11.333622550964353	1	0.0114026	noncoding
NONATHT002041	225	13	0.4209	4.853333854675292	-1	0.0109508	noncoding
NONATHT002042	327	42	0.41393	6.683037757873536	1	0.017887	noncoding
NONATHT002043	510	57	0.42178	9.443925285339354	1	0.0617967	noncoding
NONATHT002044	586	36	0.28116	10.036583137512206	1	0.0166473	noncoding
NONATHT002045	942	78	0.39159999999999995	6.230428886413574	-1	0.035961	noncoding
NONATHT002047	910	68	0.35724	6.230428886413574	-1	0.0405448	noncoding
NONATHT002046	910	68	0.35724	6.230428886413574	-1	0.0405448	noncoding
NONATHT002048	952	45	0.34872	11.437158775329593	1	0.0249739	noncoding
NONATHT002049	723	52	0.41851	11.778518867492679	1	0.053292	noncoding
NONATHT002050	977	45	0.39124	4.722376823425292	1	0.0360709	noncoding
NONATHT002051	300	21	0.36656	11.724107551574708	-1	0.180392	noncoding
NONATHT002052	507	42	0.4162	4.895849418640137	1	0.0344638	noncoding
NONATHT002053	956	57	0.35819	6.802456474304199	1	0.0258195	noncoding
NONATHT002054	313	83	0.34864	7.664419746398925	1	0.0803703	noncoding
NONATHT002055	636	49	0.29343	9.692579841613771	1	0.0204552	noncoding
NONATHT002056	1359	36	0.26106	9.64970836639404	1	0.0181559	noncoding
NONATHT002057	214	28	0.41296	7.923438453674317	-1	0.0290256	noncoding
NONATHT002058	392	25	0.36989	10.309929084777828	1	0.011105	noncoding
NONATHT002059	536	95	0.42258	8.772100257873536	1	0.322535	noncoding
NONATHT002060	882	34	0.34801	5.91537036895752	-1	0.0274794	noncoding
NONATHT002061	927	52	0.25734	9.785736656188963	1	0.0286107	noncoding
NONATHT002062	427	45	0.50073	5.644134712219238	1	0.0233066	noncoding
NONATHT002063	1178	181	0.37968	9.893914604187014	1	0.924528	coding
NONATHT002064	446	51	0.44168	10.215611839294432	1	0.0727879	noncoding
NONATHT002065	250	35	0.43699	5.275022315979004	-1	0.0169433	noncoding
NONATHT002066	256	73	0.4182	11.999967765808105	-1	0.187179	noncoding
NONATHT002067	406	25	0.45502000000000004	6.48336238861084	-1	0.0153339	noncoding
NONATHT002068	1398	35	0.42452999999999996	5.980848884582519	1	0.0144934	noncoding
NONATHT002069	4330	67	0.25336000000000003	9.69612560272217	1	0.0407945	noncoding
NONATHT002070	474	33	0.4332	7.977656364440918	1	0.0131123	noncoding
NONATHT002071	420	45	0.39559	9.397379112243652	1	0.025187	noncoding
NONATHT002072	1343	37	0.29139000000000004	9.988038444519042	1	0.0157812	noncoding
NONATHT002073	411	22	0.37059	9.497047233581544	-1	0.0890621	noncoding
NONATHT002074	659	105	0.31189999999999996	11.244075965881347	-1	0.152755	noncoding
NONATHT002075	1793	110	0.35946999999999996	7.807975578308106	1	0.281864	noncoding
NONATHT002076	494	37	0.30945	11.122166252136228	1	0.0195424	noncoding
NONATHT002077	239	16	0.4081	9.697028160095215	1	0.00729166	noncoding
NONATHT002078	343	10	0.41955	10.834379386901855	1	0.00867862	noncoding
NONATHT002079	334	28	0.35404	11.553846549987792	1	0.014477	noncoding
NONATHT002080	657	31	0.36273999999999995	5.926397132873535	1	0.00729967	noncoding
NONATHT002081	1374	58	0.41032	10.411079978942869	1	0.0664353	noncoding
NONATHT002082	525	38	0.30433999999999994	7.7684919357299815	1	0.00905225	noncoding
NONATHT002083	421	41	0.27814	8.588558769226076	1	0.0133038	noncoding
NONATHT002084	596	48	0.40518	7.975786781311035	1	0.0238264	noncoding
NONATHT002085	1358	48	0.32413000000000003	11.202945137023924	1	0.0261248	noncoding
NONATHT002086	1792	58	0.28396	8.769779396057132	1	0.0230388	noncoding
NONATHT002087	207	24	0.41398	5.94572238922119	1	0.00673348	noncoding
NONATHT002088	544	28	0.4199	4.655875205993653	1	0.0163926	noncoding
NONATHT002089	2139	84	0.33042000000000005	11.999967765808105	1	0.0604316	noncoding
NONATHT002090	1222	60	0.48341	9.730874061584473	1	0.198147	noncoding
NONATHT002091	1408	63	0.37101000000000006	8.767587471008301	1	0.041662	noncoding
NONATHT002092	1089	60	0.29535	10.432741355895992	-1	0.179246	noncoding
NONATHT002093	385	30	0.47187999999999997	10.256097984313964	1	0.0431984	noncoding
NONATHT002094	622	19	0.29790000000000005	11.333622550964353	1	0.0140499	noncoding
NONATHT002095	484	22	0.46619	10.46123638153076	1	0.0275217	noncoding
NONATHT002096	942	65	0.28883000000000003	8.842370796203614	1	0.0289713	noncoding
NONATHT002097	918	40	0.32602	8.408820915222172	1	0.0106689	noncoding
NONATHT002098	4059	107	0.35773999999999995	10.375751304626462	1	0.220899	noncoding
NONATHT002099	1437	69	0.32589999999999997	9.098052406311037	1	0.0391622	noncoding
NONATHT002100	1875	62	0.37605	9.182699394226074	1	0.0447288	noncoding
NONATHT002101	1875	62	0.37605	9.182699394226074	1	0.0447288	noncoding
NONATHT002102	1875	62	0.37605	9.182699394226074	1	0.0447288	noncoding
NONATHT002103	1208	39	0.33977	6.69900951385498	-1	0.0438827	noncoding
NONATHT002104	392	74	0.44949999999999996	9.639264488220213	1	0.214196	noncoding
NONATHT002105	316	36	0.29256	9.182312583923341	1	0.0118623	noncoding
NONATHT002106	3615	85	0.31977	9.598198127746581	1	0.0701763	noncoding
NONATHT002107	590	74	0.36161	9.693288993835449	1	0.0700151	noncoding
NONATHT002108	540	104	0.40028	5.151170158386229	1	0.598505	coding
NONATHT002109	542	48	0.39977999999999997	10.032715034484863	1	0.0351603	noncoding
NONATHT002110	339	20	0.40659999999999996	8.51931972503662	1	0.00579202	noncoding
NONATHT002111	234	78	0.39181	11.304031562805175	1	0.113811	noncoding
NONATHT002112	1338	127	0.32907	9.581371879577635	1	0.290147	noncoding
NONATHT002113	914	96	0.42895000000000005	9.02197971343994	1	0.361957	noncoding
NONATHT002114	621	79	0.44014	9.022430992126463	1	0.210933	noncoding
NONATHT002115	621	79	0.42503	9.022430992126463	1	0.173357	noncoding
NONATHT002116	668	58	0.3815	4.638823509216309	1	0.07541	noncoding
NONATHT002117	393	64	0.35566	8.826253700256348	-1	0.0973245	noncoding
NONATHT002118	855	94	0.42312	9.886242866516113	1	0.334071	noncoding
NONATHT002119	509	40	0.35509	9.494661903381349	-1	0.112147	noncoding
NONATHT002120	296	47	0.4068	11.52464237213135	-1	0.162528	noncoding
NONATHT002122	1531	71	0.29252	9.733581733703613	1	0.0395244	noncoding
NONATHT002123	1531	71	0.29252	9.733581733703613	1	0.0395244	noncoding
NONATHT002121	1531	71	0.29252	9.733581733703613	1	0.0395244	noncoding
NONATHT002124	1531	71	0.29252	9.733581733703613	1	0.0395244	noncoding
NONATHT002125	217	54	0.46552	7.854844093322754	1	0.0596117	noncoding
NONATHT002126	300	42	0.34338	5.376082038879395	-1	0.0266112	noncoding
NONATHT002127	1475	74	0.33421999999999996	4.864133262634277	1	0.106381	noncoding
NONATHT002128	515	77	0.43544	10.90755100250244	1	0.218077	noncoding
NONATHT002129	438	88	0.42416	10.375751304626462	1	0.278302	noncoding
NONATHT002130	554	90	0.34356	9.02133502960205	1	0.103003	noncoding
NONATHT002131	2272	97	0.33098000000000005	10.130320167541505	1	0.118101	noncoding
NONATHT002132	564	26	0.30532	8.211289787292483	1	0.00594942	noncoding
NONATHT002133	347	71	0.34814	7.846978950500488	1	0.0454655	noncoding
NONATHT002134	583	25	0.36693000000000003	9.84936695098877	1	0.0095273	noncoding
NONATHT002135	1053	53	0.38559	7.922471427917482	1	0.0258822	noncoding
NONATHT002136	1062	79	0.40624	5.760825157165528	1	0.186202	noncoding
NONATHT002137	874	39	0.42174	10.961704444885253	1	0.0345494	noncoding
NONATHT002138	245	32	0.45771000000000006	11.839377021789552	1	0.0441503	noncoding
NONATHT002139	830	51	0.38756999999999997	4.0500284194946286	1	0.0768304	noncoding
NONATHT002140	980	133	0.39633999999999997	10.654061317443851	1	0.631113	coding
NONATHT002141	804	37	0.31732	9.034808921813966	-1	0.1357	noncoding
NONATHT002142	272	17	0.37967999999999996	10.255904579162596	1	0.00802621	noncoding
NONATHT002143	800	39	0.35960000000000003	10.182410621643069	1	0.0182664	noncoding
NONATHT002144	224	0	0.22483999999999998	0.0	-1	0.00540511	noncoding
NONATHT002145	1079	40	0.32942	7.975786781311035	1	0.00989306	noncoding
NONATHT002146	367	40	0.39083	9.862518501281738	1	0.021495	noncoding
NONATHT002147	717	52	0.47988000000000003	4.274712944030762	1	0.0883451	noncoding
NONATHT002148	3843	74	0.30452999999999997	10.579084587097167	1	0.0491636	noncoding
NONATHT002149	2778	101	0.33044	10.369239997863769	1	0.131735	noncoding
NONATHT002150	498	59	0.34546	7.838082313537598	1	0.0252175	noncoding
NONATHT002151	886	60	0.33258	11.23820934295654	1	0.0377536	noncoding
NONATHT002152	660	76	0.33376	7.960765647888184	1	0.0506732	noncoding
NONATHT002153	2082	56	0.34621	9.746410942077635	1	0.0302449	noncoding
NONATHT002154	2305	61	0.34628000000000003	9.206681632995604	1	0.0333477	noncoding
NONATHT002155	345	42	0.39218	9.223185539245605	1	0.0201475	noncoding
NONATHT002156	331	32	0.40124000000000004	11.000127601623536	1	0.020419	noncoding
NONATHT002157	2297	40	0.32799	8.931788444519043	1	0.0121534	noncoding
NONATHT002158	1114	59	0.34428000000000003	9.587625312805173	1	0.0325838	noncoding
NONATHT002159	422	48	0.33272999999999997	10.097183418273925	1	0.0226263	noncoding
NONATHT002161	11038	108	0.26773	9.722364234924317	1	0.0971263	noncoding
NONATHT002160	11038	108	0.26773	9.722364234924317	1	0.0971263	noncoding
NONATHT002162	10588	108	0.25564000000000003	9.722364234924317	1	0.0962753	noncoding
NONATHT002163	1113	33	0.36446	9.302288246154784	1	0.0112437	noncoding
NONATHT002164	303	16	0.43063	11.999967765808105	1	0.0131133	noncoding
NONATHT002165	1137	49	0.32994	9.300869941711426	1	0.019198	noncoding
NONATHT002166	1264	37	0.31169	8.210451698303224	1	0.00907612	noncoding
NONATHT002167	1325	48	0.38454	7.835696983337403	1	0.0194561	noncoding
NONATHT002168	1353	47	0.29428	6.815813636779786	1	0.0143727	noncoding
NONATHT002169	2430	100	0.36449	9.02842655181885	1	0.194703	noncoding
NONATHT002170	1533	55	0.33308	7.874249076843262	1	0.0195638	noncoding
NONATHT002171	1936	68	0.40531	4.486608695983887	1	0.191635	noncoding
NONATHT002172	746	86	0.39892	9.123710823059085	1	0.170904	noncoding
NONATHT002173	1477	48	0.37676	4.992930412292479	1	0.0322291	noncoding
NONATHT002174	851	59	0.33557	6.54025821685791	1	0.0259426	noncoding
NONATHT002175	3677	55	0.35201	6.1473302841186515	1	0.0252396	noncoding
NONATHT002176	2091	75	0.41117	11.495567131042481	1	0.12724	noncoding
NONATHT002177	311	42	0.40076	6.0380857467651365	1	0.018274	noncoding
NONATHT002178	873	74	0.37439	8.7104040145874	1	0.0715573	noncoding
NONATHT002179	453	74	0.36152000000000006	7.777868843078614	1	0.0595378	noncoding
NONATHT002180	1767	59	0.30426	4.578801536560059	1	0.0579762	noncoding
NONATHT002181	930	40	0.41349	6.71225299835205	1	0.0157247	noncoding
NONATHT002182	561	17	0.36685	5.75320873260498	1	0.00340575	noncoding
NONATHT002183	2801	49	0.30387	11.567513847351076	1	0.0274633	noncoding
NONATHT002184	258	26	0.35052000000000005	6.49529857635498	-1	0.0303243	noncoding
NONATHT002185	699	49	0.38548000000000004	4.749489021301269	1	0.0428054	noncoding
NONATHT002186	702	50	0.38514000000000004	11.006509971618652	1	0.0374285	noncoding
NONATHT002187	1236	44	0.39752	9.86026210784912	1	0.0274626	noncoding
NONATHT002188	1652	82	0.32353000000000004	5.991705131530761	1	0.0901133	noncoding
NONATHT002189	3268	73	0.35282	5.205906105041502	1	0.0975367	noncoding
NONATHT002190	1732	51	0.31695	9.58994617462158	1	0.0213536	noncoding
NONATHT002191	2529	90	0.25714000000000004	9.172062110900882	1	0.0645998	noncoding
NONATHT002192	775	24	0.38295999999999997	10.06050090789795	1	0.0104118	noncoding
NONATHT002193	710	52	0.28378000000000003	10.299872016906736	1	0.0265267	noncoding
NONATHT002194	2536	109	0.30416	9.71636867523193	1	0.128162	noncoding
NONATHT002195	4244	103	0.30387000000000003	6.815131568908691	1	0.153253	noncoding
NONATHT002196	1190	38	0.32854	9.138731956481934	-1	0.126397	noncoding
NONATHT002197	1022	91	0.34563	9.881085395812985	1	0.113597	noncoding
NONATHT002198	499	18	0.44710999999999995	6.025808525085449	1	0.00530063	noncoding
NONATHT002199	717	67	0.47397	5.31253604888916	1	0.146556	noncoding
NONATHT002200	604	39	0.45514000000000004	10.177446556091308	1	0.0494523	noncoding
NONATHT002201	559	59	0.34299	8.587785148620608	1	0.0269066	noncoding
NONATHT002202	906	0	0.26519000000000004	0.0	-1	2.2926e-06	noncoding
NONATHT002203	670	71	0.3871	7.6814146041870135	1	0.0672111	noncoding
NONATHT002204	530	43	0.36537	9.00418643951416	1	0.0164051	noncoding
NONATHT002205	814	28	0.42238	10.717820549011229	1	0.0202959	noncoding
NONATHT002206	387	26	0.45285000000000003	8.684036445617675	1	0.0131607	noncoding
NONATHT002207	842	98	0.39762	8.260608100891115	1	0.269488	noncoding
NONATHT002208	952	112	0.31511	9.904358482360838	1	0.156082	noncoding
NONATHT002209	2239	39	0.34173	10.29020175933838	1	0.0175874	noncoding
NONATHT002210	555	80	0.3627	9.66099033355713	1	0.0897962	noncoding
NONATHT002211	505	50	0.36205999999999994	8.886467170715335	1	0.0215798	noncoding
NONATHT002212	555	80	0.3627	9.66099033355713	1	0.0897962	noncoding
NONATHT002213	474	27	0.35286	9.102694129943849	1	0.00774373	noncoding
NONATHT002214	637	44	0.39742	10.079970359802243	1	0.0288596	noncoding
NONATHT002215	308	38	0.37766	9.68065319061279	-1	0.0982329	noncoding
NONATHT002216	1808	53	0.36741	6.713446617126464	1	0.0226067	noncoding
NONATHT002217	536	62	0.33658	9.51922435760498	1	0.03438	noncoding
NONATHT002218	1813	62	0.30415	9.51922435760498	1	0.0296459	noncoding
NONATHT002219	882	53	0.29671000000000003	8.661279106140139	1	0.0185894	noncoding
NONATHT002220	251	0	0.37538000000000005	0.0	-1	6.77386e-06	noncoding
NONATHT002221	219	73	0.44882	9.624565696716306	1	0.202401	noncoding
NONATHT002222	2931	86	0.27602	10.872867012023924	1	0.0620919	noncoding
NONATHT002223	3705	54	0.30436	9.103209877014159	1	0.0208567	noncoding
NONATHT002224	2854	44	0.3554	4.0500284194946286	1	0.0354993	noncoding
NONATHT002225	1681	76	0.36813	10.97517833709717	-1	0.171303	noncoding
NONATHT002226	964	84	0.35163	10.167969703674316	-1	0.157597	noncoding
NONATHT002227	717	117	0.37475	10.774165916442872	1	0.348116	noncoding
NONATHT002228	395	47	0.45197	6.956944847106934	1	0.0317319	noncoding
NONATHT002229	1407	57	0.34871	10.30374011993408	1	0.03522	noncoding
NONATHT002230	1145	34	0.29705000000000004	7.921439933776856	1	0.00811744	noncoding
NONATHT002231	2783	89	0.25336000000000003	8.263767051696778	1	0.0688738	noncoding
NONATHT002232	1526	77	0.38593	9.071555900573731	1	0.0973034	noncoding
NONATHT002233	915	32	0.39963000000000004	5.970617866516113	1	0.00993788	noncoding
NONATHT002234	2661	64	0.25349000000000005	4.889312934875488	1	0.146155	noncoding
NONATHT002235	486	55	0.37159	5.424963569641112	1	0.0380744	noncoding
NONATHT002236	308	78	0.40245000000000003	10.657993888854982	1	0.140146	noncoding
NONATHT002237	261	87	0.34116	10.197044944763181	1	0.0949828	noncoding
NONATHT002238	2103	50	0.28573	10.30038776397705	1	0.0250265	noncoding
NONATHT002239	494	88	0.41686	5.356756782531738	1	0.363438	noncoding
NONATHT002240	5193	84	0.30077	4.902840614318847	1	0.162219	noncoding
NONATHT002241	481	47	0.43832000000000004	9.692450904846194	1	0.049603	noncoding
NONATHT002242	488	24	0.39777999999999997	8.535823631286618	1	0.00681681	noncoding
NONATHT002243	1336	54	0.31096	9.09695644378662	1	0.0210052	noncoding
NONATHT002244	246	23	0.40127999999999997	6.498083686828613	1	0.00519572	noncoding
NONATHT002245	497	24	0.36127	5.279569435119628	1	0.00585708	noncoding
NONATHT002246	354	62	0.29628	5.463557243347168	1	0.044182	noncoding
NONATHT002247	256	40	0.37510999999999994	7.888561058044433	1	0.0119072	noncoding
NONATHT002248	644	38	0.33554	5.751560401916504	1	0.0103526	noncoding
NONATHT002249	2754	97	0.28026	10.221671867370606	1	0.0782692	noncoding
NONATHT002250	762	87	0.43099000000000004	6.817007255554199	1	0.261625	noncoding
NONATHT002251	895	42	0.31314000000000003	10.60506534576416	1	0.0202676	noncoding
NONATHT002252	530	64	0.41245	9.075552940368652	1	0.0722614	noncoding
NONATHT002253	699	94	0.45652	11.035133934020994	-1	0.189967	noncoding
NONATHT002254	1032	59	0.40534000000000003	8.210258293151856	1	0.0448094	noncoding
NONATHT002255	1248	136	0.32851	8.920055198669434	1	0.38747	noncoding
NONATHT002256	300	18	0.39471	8.500108146667483	1	0.00480267	noncoding
NONATHT002257	666	72	0.44333999999999996	6.5301408767700195	1	0.139086	noncoding
NONATHT002258	288	7	0.43926	9.52476863861084	-1	0.0457054	noncoding
NONATHT002259	243	36	0.33682	5.820903968811035	1	0.00910863	noncoding
NONATHT002260	3462	65	0.41224	9.425293922424316	1	0.0806135	noncoding
NONATHT002261	439	64	0.30818	8.98839168548584	1	0.0293404	noncoding
NONATHT002262	422	15	0.35388	4.195990943908691	1	0.005402	noncoding
NONATHT002263	2679	69	0.31606	6.810698127746583	1	0.0372338	noncoding
NONATHT002264	914	52	0.45261	9.021206092834472	1	0.0644029	noncoding
NONATHT002265	338	64	0.46176	9.614057350158692	1	0.162655	noncoding
NONATHT002266	690	42	0.34809	10.419847679138183	1	0.0206013	noncoding
NONATHT002267	650	31	0.37646	4.316091728210449	1	0.0162592	noncoding
NONATHT002268	790	22	0.3822	4.0500284194946286	1	0.0113934	noncoding
NONATHT002269	1477	149	0.40233	9.983525657653807	1	0.831405	coding
NONATHT002270	1401	81	0.40917000000000003	10.545818901062013	1	0.173174	noncoding
NONATHT002271	519	30	0.2975	9.976563072204591	1	0.0124321	noncoding
NONATHT002272	415	76	0.40178	8.660054206848145	1	0.107676	noncoding
NONATHT002273	612	45	0.39129	11.999967765808105	1	0.0279266	noncoding
NONATHT002274	1313	61	0.38355999999999996	6.377926063537598	1	0.0439036	noncoding
NONATHT002275	284	14	0.25722	4.529692649841309	1	0.02035	noncoding
NONATHT002276	405	44	0.39771999999999996	9.987909507751464	1	0.0283523	noncoding
NONATHT002277	489	80	0.3724	7.7731527328491214	1	0.0895671	noncoding
NONATHT002278	636	64	0.38136000000000003	5.538641548156736	1	0.0677647	noncoding
NONATHT002279	396	20	0.39601	4.677076148986816	-1	0.011509	noncoding
NONATHT002280	590	79	0.25019	9.824030876159668	1	0.0549456	noncoding
NONATHT002281	276	25	0.41485	7.998028373718262	1	0.00707145	noncoding
NONATHT002282	648	39	0.37597	8.273759651184086	1	0.0121561	noncoding
NONATHT002283	653	57	0.36050000000000004	9.76729869842529	1	0.034957	noncoding
NONATHT002284	4299	161	0.25074	9.350381660461426	1	0.279025	noncoding
NONATHT002285	269	89	0.47192999999999996	9.18366641998291	-1	0.0914786	noncoding
NONATHT002286	369	71	0.42829	10.13747615814209	1	0.147657	noncoding
NONATHT002287	544	63	0.33198	9.690710258483886	1	0.0357412	noncoding
NONATHT002288	471	67	0.46297999999999995	7.7943727493286135	1	0.12087	noncoding
NONATHT002289	246	82	0.40087	5.124342155456542	1	0.268439	noncoding
NONATHT002290	412	0	0.35492999999999997	0.0	-1	1.65629e-06	noncoding
NONATHT002291	1329	50	0.40556000000000003	10.266412925720214	1	0.042863	noncoding
NONATHT002292	630	67	0.35971	10.156945610046385	1	0.0549446	noncoding
NONATHT002293	896	27	0.39252	6.691847801208497	1	0.00611714	noncoding
NONATHT002294	587	120	0.40121	9.50020618438721	1	0.550579	coding
NONATHT002295	300	12	0.37156	5.275022315979004	1	0.00297406	noncoding
NONATHT002296	756	95	0.33638	10.028202247619632	1	0.117604	noncoding
NONATHT002297	1210	83	0.35614	8.181183052062988	1	0.0857919	noncoding
NONATHT002298	414	80	0.35346999999999995	6.231622505187987	1	0.0945805	noncoding
NONATHT002299	1254	39	0.31020000000000003	9.18495578765869	1	0.0124791	noncoding
NONATHT002300	1779	65	0.25915	10.22276782989502	1	0.0407291	noncoding
NONATHT002301	995	57	0.316	10.04438381195068	1	0.0287917	noncoding
NONATHT002302	627	57	0.39229	10.04438381195068	1	0.0490035	noncoding
NONATHT002303	990	53	0.33866999999999997	7.825253105163575	1	0.0182376	noncoding
NONATHT002304	486	43	0.38231	8.886982917785648	1	0.0179117	noncoding
NONATHT002305	582	67	0.40832	8.641100502014162	1	0.0744859	noncoding
NONATHT002306	410	31	0.37454	4.225490379333496	1	0.0168654	noncoding
NONATHT002307	756	50	0.28054999999999997	4.895849418640137	1	0.0419387	noncoding
NONATHT002308	255	85	0.44343	8.92869396209717	1	0.280844	noncoding
NONATHT002309	600	22	0.39622999999999997	11.000256538391113	1	0.012838	noncoding
NONATHT002310	686	60	0.38481999999999994	6.5327554702758786	1	0.0405453	noncoding
NONATHT002311	987	135	0.39847000000000005	10.773908042907717	1	0.653677	coding
NONATHT002312	612	108	0.40929000000000004	10.134832954406736	1	0.435897	noncoding
NONATHT002313	250	28	0.43746	9.984299278259279	1	0.0201142	noncoding
NONATHT002314	203	32	0.30331	9.38358287811279	-1	0.164256	noncoding
NONATHT002315	257	61	0.44415	4.644564247131348	-1	0.0308755	noncoding
NONATHT002316	204	16	0.38864	7.834085273742677	1	0.00348081	noncoding
NONATHT002317	1581	29	0.34935000000000005	7.976753807067872	1	0.00613499	noncoding
NONATHT002318	208	41	0.38875000000000004	9.968955802917481	1	0.0227185	noncoding
NONATHT002319	1434	36	0.42839	9.779096412658689	1	0.0253194	noncoding
NONATHT002320	504	82	0.37070000000000003	10.019434547424318	1	0.109098	noncoding
NONATHT002321	1242	39	0.33677999999999997	9.964700889587402	1	0.0159715	noncoding
NONATHT002322	281	19	0.28392	8.887176322937016	1	0.00664062	noncoding
NONATHT002323	248	35	0.42777000000000004	8.364208793640138	1	0.0153522	noncoding
NONATHT002324	282	29	0.4162	6.48336238861084	-1	0.0172724	noncoding
NONATHT002325	245	41	0.46527	7.643844032287597	1	0.0258921	noncoding
NONATHT002326	720	54	0.3312	9.102887535095213	1	0.0224613	noncoding
NONATHT002327	430	72	0.41191	7.708072090148925	1	0.0935423	noncoding
NONATHT002328	1814	34	0.22328	9.78528537750244	1	0.0412731	noncoding
NONATHT002329	727	34	0.33801000000000003	8.189950752258301	1	0.00794154	noncoding
NONATHT002330	547	30	0.35173	8.252871894836428	1	0.00689327	noncoding
NONATHT002331	1519	63	0.41146000000000005	9.731260871887208	1	0.076607	noncoding
NONATHT002332	1656	48	0.31035999999999997	7.9995111465454105	-1	0.111283	noncoding
NONATHT002333	1356	39	0.29441	9.784769630432127	1	0.0155014	noncoding
NONATHT002334	1194	39	0.28573	9.784769630432127	1	0.0161782	noncoding
NONATHT002335	352	57	0.29264	10.6702428817749	1	0.0315109	noncoding
NONATHT002336	2053	64	0.2675	6.514396476745605	1	0.0414785	noncoding
NONATHT002337	612	51	0.40202	10.517259407043458	1	0.0446755	noncoding
NONATHT002338	720	30	0.33953	10.697513008117674	1	0.0140303	noncoding
NONATHT002339	427	51	0.28937	7.835374641418458	1	0.0162789	noncoding
NONATHT002340	1121	73	0.40755	7.804171943664552	1	0.0939401	noncoding
NONATHT002341	765	46	0.40520999999999996	9.38300266265869	-1	0.0738028	noncoding
NONATHT002342	203	26	0.43655	8.342482948303225	1	0.00987483	noncoding
NONATHT002343	472	33	0.38705	9.694127082824707	1	0.0143875	noncoding
NONATHT002344	294	56	0.44881	9.398023796081542	-1	0.0693608	noncoding
NONATHT002345	1489	87	0.32688	9.54746150970459	1	0.0798494	noncoding
NONATHT002346	634	33	0.39207000000000003	5.509824180603027	1	0.0116078	noncoding
NONATHT002347	264	2	0.38588999999999996	5.275022315979004	1	8.92161e-06	noncoding
NONATHT002348	1181	54	0.34536999999999995	5.9449266433715815	1	0.0242938	noncoding
NONATHT002349	728	42	0.29524	7.9995756149292	1	0.0113189	noncoding
NONATHT002350	301	6	0.39954	5.275022315979004	1	1.76104e-05	noncoding
NONATHT002351	732	28	0.33422999999999997	5.060398292541502	1	0.00755484	noncoding
NONATHT002352	332	9	0.32389	10.000867652893067	1	0.00557032	noncoding
NONATHT002353	355	9	0.38201	9.349672508239745	1	0.0039644	noncoding
NONATHT002354	305	19	0.33646	4.596478462219238	1	0.00548446	noncoding
NONATHT002355	1069	49	0.23758	10.11536350250244	1	0.0403839	noncoding
NONATHT002356	1076	39	0.28681	6.554752159118652	-1	0.0973494	noncoding
NONATHT002357	398	32	0.42166000000000003	8.248036766052245	-1	0.0334664	noncoding
NONATHT002358	1027	40	0.39037999999999995	7.657599067687988	1	0.0129499	noncoding
NONATHT002359	209	30	0.40681	8.253581047058105	-1	0.0362556	noncoding
NONATHT002360	249	0	0.42612	0.0	-1	0.0162713	noncoding
NONATHT002361	379	35	0.40174999999999994	4.0500284194946286	1	0.0329626	noncoding
NONATHT002362	378	29	0.46414	11.000127601623536	1	0.0437502	noncoding
NONATHT002363	418	29	0.3859	11.000127601623536	1	0.0161627	noncoding
NONATHT002364	274	36	0.37143000000000004	9.51161708831787	1	0.0142091	noncoding
NONATHT002365	307	48	0.38939	9.495113182067872	-1	0.0877072	noncoding
NONATHT002366	224	22	0.3234699999999999	4.780523109436035	-1	0.0220854	noncoding
NONATHT002367	453	100	0.41841	8.841532707214355	-1	0.0900725	noncoding
NONATHT002368	212	20	0.35766999999999993	5.587750434875488	1	0.00410586	noncoding
NONATHT002369	652	48	0.44053	11.716113471984862	1	0.0654136	noncoding
NONATHT002370	280	35	0.39444	11.999967765808105	-1	0.172055	noncoding
NONATHT002371	1087	41	0.33231	10.736580848693851	-1	0.180398	noncoding
NONATHT002372	315	10	0.38962	5.275022315979004	1	0.0029224	noncoding
NONATHT002373	215	14	0.43145	6.50155086517334	1	0.0035685	noncoding
NONATHT002374	664	30	0.34809	5.969367408752441	1	0.00643381	noncoding
NONATHT002375	650	44	0.3236	10.674949073791506	1	0.0218423	noncoding
NONATHT002376	837	49	0.41156000000000004	11.395060920715334	1	0.0463897	noncoding
NONATHT002377	712	46	0.3099	8.383742713928225	1	0.0134892	noncoding
NONATHT002378	458	35	0.32398000000000005	7.94522876739502	1	0.00784176	noncoding
NONATHT002379	313	30	0.36050000000000004	8.230888175964356	1	0.00705745	noncoding
NONATHT002380	563	31	0.41024	11.224670982360838	1	0.0215106	noncoding
NONATHT002381	214	53	0.31079999999999997	11.122166252136228	-1	0.183001	noncoding
NONATHT002382	2343	69	0.43496	10.097054481506348	1	0.148751	noncoding
NONATHT002383	400	43	0.36024999999999996	6.479440498352051	1	0.0127592	noncoding
NONATHT002384	497	33	0.43886000000000003	7.957090950012207	1	0.0137414	noncoding
NONATHT002385	421	31	0.42041	5.219092750549315	1	0.014653	noncoding
NONATHT002386	1128	95	0.32058	6.899594306945801	1	0.119944	noncoding
NONATHT002387	680	35	0.29554	5.820449256896972	1	0.0105057	noncoding
NONATHT002388	682	34	0.39238	8.189950752258301	1	0.0102866	noncoding
NONATHT002389	265	61	0.28756	6.68292407989502	-1	0.111855	noncoding
NONATHT002390	243	16	0.38216000000000006	4.0500284194946286	1	0.00770244	noncoding
NONATHT002391	250	22	0.43146	10.461171913146973	-1	0.0902395	noncoding
NONATHT002392	1257	78	0.44046	6.914315605163575	1	0.17856	noncoding
NONATHT002393	220	37	0.39594999999999997	4.0500284194946286	1	0.0351434	noncoding
NONATHT002394	561	39	0.40459000000000006	5.46429615020752	1	0.0192681	noncoding
NONATHT002395	203	23	0.45944	8.714143180847167	1	0.0120444	noncoding
NONATHT002396	202	22	0.37181	7.976947212219238	1	0.00462	noncoding
NONATHT002397	699	95	0.39472999999999997	9.840857124328611	1	0.24035	noncoding
NONATHT002398	1433	80	0.37515	6.480179405212403	1	0.110779	noncoding
NONATHT002399	8134	88	0.34273	11.499370765686034	1	0.0876503	noncoding
NONATHT002400	324	14	0.43052999999999997	7.975528907775878	-1	0.0224425	noncoding
NONATHT002401	566	22	0.33447000000000005	10.158234977722167	1	0.00909147	noncoding
NONATHT002402	618	73	0.38254	9.933627128601074	1	0.0865131	noncoding
NONATHT002403	2737	89	0.31169	9.670918464660645	1	0.0751284	noncoding
NONATHT002404	869	47	0.38978	10.715950965881348	1	0.0339979	noncoding
NONATHT002405	326	35	0.36529999999999996	10.121810340881346	1	0.0156829	noncoding
NONATHT002406	243	6	0.35	5.587523078918457	1	9.65675e-06	noncoding
NONATHT002407	841	58	0.36663999999999997	8.446663856506351	1	0.0300931	noncoding
NONATHT002408	745	36	0.33486	10.533698844909669	1	0.0165447	noncoding
NONATHT002409	239	39	0.36318	10.172611427307128	1	0.0185353	noncoding
NONATHT002410	1213	39	0.29748	11.82500057220459	1	0.0227935	noncoding
NONATHT002411	316	34	0.38898	5.988863182067871	1	0.0102699	noncoding
NONATHT002412	384	21	0.43094	9.697157096862792	1	0.011615	noncoding
NONATHT002413	291	14	0.42477	8.497787284851075	1	0.0046988	noncoding
NONATHT002414	332	33	0.39452000000000004	9.82448215484619	1	0.015782	noncoding
NONATHT002415	674	32	0.37639	7.99880199432373	1	0.00801967	noncoding
NONATHT002416	285	66	0.41164	11.383005332946777	1	0.0927364	noncoding
NONATHT002417	354	42	0.26741	9.398990821838382	1	0.0181941	noncoding
NONATHT002418	212	41	0.41361000000000003	10.21999568939209	1	0.0305954	noncoding
NONATHT002419	441	68	0.32603000000000004	8.85700511932373	1	0.036492	noncoding
NONATHT002420	463	44	0.35807	7.7664457321167	1	0.0129638	noncoding
NONATHT002421	382	32	0.34584	11.000063133239745	1	0.0159213	noncoding
NONATHT002422	1099	66	0.40337	9.976047325134278	1	0.0823772	noncoding
NONATHT002423	339	61	0.35722	7.5928026199340835	1	0.0300982	noncoding
NONATHT002424	811	52	0.37212999999999996	10.6402006149292	1	0.0357242	noncoding
NONATHT002425	1157	65	0.38687000000000005	10.506364250183104	1	0.0684268	noncoding
NONATHT002426	235	9	0.31762	6.487682151794433	1	1.35711e-05	noncoding
NONATHT002427	825	63	0.44939	6.520194053649903	1	0.0858291	noncoding
NONATHT002428	245	10	0.30164	5.752981376647949	1	0.00292399	noncoding
NONATHT002429	299	86	0.44392000000000004	7.0567541122436515	-1	0.0437794	noncoding
NONATHT002430	517	46	0.37949	7.99880199432373	1	0.017118	noncoding
NONATHT002431	1050	91	0.36692	6.262372398376464	1	0.186149	noncoding
NONATHT002432	1198	111	0.34162000000000003	4.100558280944824	1	0.658912	coding
NONATHT002433	342	66	0.37661999999999995	8.808009147644043	1	0.0510211	noncoding
NONATHT002434	279	20	0.40111	9.303577613830566	-1	0.0594133	noncoding
NONATHT002435	1063	50	0.38303	8.530601692199706	1	0.0236435	noncoding
NONATHT002436	1206	43	0.46815	11.999967765808105	1	0.08815	noncoding
NONATHT002437	324	23	0.40929	5.7500825881958	1	0.00648016	noncoding
NONATHT002438	459	60	0.39697000000000005	11.466427421569826	1	0.0598435	noncoding
NONATHT002439	202	51	0.4452	7.955285835266113	-1	0.0343876	noncoding
NONATHT002440	448	44	0.38774	5.707169151306153	1	0.0204724	noncoding
NONATHT002441	503	67	0.36482	8.771648979187013	-1	0.0895388	noncoding
NONATHT002442	621	207	0.27426	10.700349617004395	1	0.473672	noncoding
NONATHT002443	432	21	0.32292000000000004	10.171064186096192	1	0.00903803	noncoding
NONATHT002445	550	20	0.37587	11.999967765808105	1	0.0106624	noncoding
NONATHT002444	550	20	0.37587	11.999967765808105	1	0.0106624	noncoding
NONATHT002446	349	18	0.44689	4.677076148986816	-1	0.0140822	noncoding
NONATHT002447	444	71	0.41748	5.145543098449706	-1	0.029293	noncoding
NONATHT002448	206	36	0.39053	9.601679420471193	1	0.0165357	noncoding
NONATHT002449	618	40	0.41762000000000005	10.480447959899902	1	0.0322526	noncoding
NONATHT002450	406	27	0.39976	9.987909507751464	1	0.0129741	noncoding
NONATHT002451	247	31	0.41153	11.885149574279783	1	0.0202882	noncoding
NONATHT002452	236	19	0.37252	10.834443855285645	1	0.00999864	noncoding
NONATHT002453	810	39	0.43823999999999996	10.383809852600098	1	0.0398209	noncoding
NONATHT002454	205	32	0.33282	6.2203683853149405	-1	0.0379264	noncoding
NONATHT002455	448	35	0.42816999999999994	9.511488151550292	1	0.0220111	noncoding
NONATHT002456	751	55	0.32571000000000006	9.033068275451662	1	0.022494	noncoding
NONATHT002457	495	59	0.31992	7.978107643127441	1	0.0223372	noncoding
NONATHT002458	283	20	0.41944000000000004	4.376966285705566	-1	0.012574	noncoding
NONATHT002459	865	63	0.34327	9.747571372985838	1	0.0389106	noncoding
NONATHT002460	1133	35	0.37478	9.62604846954346	1	0.0143161	noncoding
NONATHT002461	312	35	0.42205	10.903167152404784	1	0.0287563	noncoding
NONATHT002462	233	18	0.39076	10.461171913146973	1	0.00933738	noncoding
NONATHT002463	266	12	0.36823999999999996	4.156089973449707	1	0.00495602	noncoding
NONATHT002464	408	47	0.38619000000000003	10.01279430389404	1	0.0294363	noncoding
NONATHT002465	453	80	0.35644000000000003	9.236143684387208	-1	0.119816	noncoding
NONATHT002466	1375	59	0.32691	9.987909507751464	1	0.0317859	noncoding
NONATHT002467	901	24	0.30155	9.688131523132324	1	0.00910691	noncoding
NONATHT002468	599	17	0.36549	4.0500284194946286	1	0.007114	noncoding
NONATHT002469	500	30	0.37566	4.52963581085205	1	0.0133654	noncoding
NONATHT002470	568	76	0.32677	10.08016376495361	1	0.0572452	noncoding
NONATHT002471	272	17	0.41490000000000005	11.999967765808105	1	0.0115293	noncoding
NONATHT002472	489	111	0.34305	9.762463569641113	1	0.215114	noncoding
NONATHT002473	238	56	0.40495	10.427906227111816	-1	0.123769	noncoding
NONATHT002474	505	32	0.33088	5.582691764831543	1	0.00784413	noncoding
NONATHT002475	332	20	0.36599	4.0500284194946286	1	0.0086411	noncoding
NONATHT002476	432	32	0.39606	4.0500284194946286	1	0.0254382	noncoding
NONATHT002477	853	40	0.33764	7.7939859390258786	1	0.00980797	noncoding
NONATHT002478	256	19	0.38173999999999997	4.529692649841309	1	0.00698812	noncoding
NONATHT002479	1265	36	0.26766	10.016726875305174	1	0.0188207	noncoding
NONATHT002480	678	69	0.34076000000000006	8.71407871246338	1	0.0415004	noncoding
NONATHT002481	228	37	0.43915000000000004	8.000349235534667	1	0.0176357	noncoding
NONATHT002482	203	17	0.42051000000000005	11.722947120666507	-1	0.146054	noncoding
NONATHT002483	288	18	0.3059	9.30531826019287	1	0.00626735	noncoding
NONATHT002484	753	29	0.37889	4.412320137023926	1	0.0138311	noncoding
NONATHT002485	918	49	0.3779	9.183537483215332	1	0.0248312	noncoding
NONATHT002487	918	49	0.3779	9.183537483215332	1	0.0248312	noncoding
NONATHT002486	918	49	0.3779	9.183537483215332	1	0.0248312	noncoding
NONATHT002488	349	17	0.42843	5.937139701843263	1	0.00470134	noncoding
NONATHT002489	229	43	0.30752	7.738935661315918	-1	0.104477	noncoding
NONATHT002490	232	39	0.42606000000000005	5.980223655700684	1	0.0189206	noncoding
NONATHT002491	224	17	0.36942	11.38835620880127	-1	0.170152	noncoding
NONATHT002492	551	29	0.39695	9.782255363464351	1	0.0131128	noncoding
NONATHT002493	578	56	0.40377	10.872867012023924	1	0.0579132	noncoding
NONATHT002494	235	9	0.33992	9.500077247619632	1	0.00421623	noncoding
NONATHT002495	259	21	0.43911	5.275022315979004	1	0.00812743	noncoding
NONATHT002496	203	56	0.35896000000000006	8.066235923767088	-1	0.0670919	noncoding
NONATHT002497	525	44	0.36993000000000004	11.363020133972167	1	0.0265151	noncoding
NONATHT002498	231	22	0.38325	5.934922981262207	1	0.00480757	noncoding
NONATHT002499	285	21	0.37627999999999995	6.521330833435059	1	0.00395462	noncoding
NONATHT002500	237	79	0.45877	9.098374748229983	1	0.271238	noncoding
NONATHT002501	519	63	0.38108	9.100889015197755	1	0.0485537	noncoding
NONATHT002502	341	73	0.43163999999999997	9.508780479431152	1	0.154837	noncoding
NONATHT002503	2322	88	0.28593	11.510910606384279	1	0.0627626	noncoding
NONATHT002504	863	50	0.38695	9.18650302886963	1	0.0281732	noncoding
NONATHT002505	306	48	0.31226	11.097023582458494	1	0.0258989	noncoding
NONATHT002506	544	48	0.37978999999999996	5.193401527404784	1	0.0300797	noncoding
NONATHT002507	306	23	0.32014999999999993	6.046441078186036	1	0.00446186	noncoding
NONATHT002508	201	22	0.38611999999999996	4.316091728210449	1	0.0100126	noncoding
NONATHT002509	280	20	0.36494000000000004	9.492792320251464	1	0.00670058	noncoding
NONATHT002510	365	35	0.30074	7.934784889221191	1	0.00829456	noncoding
NONATHT002511	204	34	0.41415	10.65547962188721	1	0.0241896	noncoding
NONATHT002512	334	41	0.29131	5.362099647521972	-1	0.0625505	noncoding
NONATHT002513	389	35	0.39943	6.4947301864624025	1	0.0106479	noncoding
NONATHT002514	271	68	0.44798999999999994	8.163260841369631	1	0.117001	noncoding
NONATHT002515	573	41	0.35535999999999995	6.526162147521972	1	0.0110328	noncoding
NONATHT002516	802	61	0.40665	4.963601493835449	1	0.0988926	noncoding
NONATHT002517	923	48	0.33558	5.703190422058106	-1	0.0356015	noncoding
NONATHT002518	945	50	0.31634	11.659187889099119	1	0.0273015	noncoding
NONATHT002519	257	40	0.35462000000000005	10.024398612976075	-1	0.135407	noncoding
NONATHT002520	850	42	0.32697000000000004	10.742318534851073	1	0.0208257	noncoding
NONATHT002521	241	30	0.39576	5.137926673889159	1	0.0116531	noncoding
NONATHT002522	2534	40	0.23373000000000002	9.809332084655761	1	0.0344764	noncoding
NONATHT002523	1953	40	0.24582	9.809332084655761	1	0.026616	noncoding
NONATHT002525	1953	40	0.24582	9.809332084655761	1	0.026616	noncoding
NONATHT002524	1975	40	0.24582	9.809332084655761	1	0.026616	noncoding
NONATHT002526	245	44	0.30994000000000005	9.101275825500487	1	0.0146177	noncoding
NONATHT002527	203	17	0.42236	5.713648796081543	-1	0.0122867	noncoding
NONATHT002528	266	32	0.31955	5.341978645324706	1	0.00878579	noncoding
NONATHT002529	257	30	0.33863	9.519417762756348	-1	0.127735	noncoding
NONATHT002530	1441	86	0.37601999999999997	9.166711235046389	1	0.128939	noncoding
NONATHT002531	1154	29	0.38244999999999996	6.521671867370605	1	0.00654781	noncoding
NONATHT002532	243	24	0.41313	11.451599693298341	1	0.0163619	noncoding
NONATHT002533	918	21	0.31198000000000004	4.32467441558838	1	0.00807204	noncoding
NONATHT002534	760	44	0.43148	9.785736656188963	1	0.039735	noncoding
NONATHT002535	495	50	0.40325999999999995	11.897463035583492	1	0.0391397	noncoding
NONATHT002536	271	63	0.3851	5.409105491638183	1	0.070488	noncoding
NONATHT002537	2834	64	0.32991	11.000063133239745	1	0.042187	noncoding
NONATHT002539	671	26	0.3659	9.746410942077635	-1	0.106019	noncoding
NONATHT002538	671	26	0.3659	9.746410942077635	-1	0.106019	noncoding
NONATHT002540	1647	56	0.35567000000000004	10.220962715148925	1	0.0350904	noncoding
NONATHT002541	847	69	0.2886	9.391125679016113	1	0.0353058	noncoding
NONATHT002543	467	32	0.41144000000000003	9.862582969665528	1	0.0176079	noncoding
NONATHT002542	896	32	0.27980000000000005	9.862582969665528	1	0.0142975	noncoding
NONATHT002544	716	39	0.35514999999999997	6.471198844909667	1	0.00995027	noncoding
NONATHT002545	1038	67	0.43961999999999996	7.652199363708497	1	0.0958381	noncoding
NONATHT002546	230	33	0.41749	5.971413612365722	1	0.0121659	noncoding
NONATHT002547	235	15	0.41230999999999995	4.556577491760254	1	0.00691285	noncoding
NONATHT002548	319	24	0.32887	9.303964424133298	1	0.00722843	noncoding
NONATHT002549	2429	137	0.36347	9.128610420227051	1	0.568431	coding
NONATHT002550	234	0	0.42671000000000003	0.0	-1	0.0167555	noncoding
NONATHT002551	219	14	0.38261	5.274794960021972	1	0.00359302	noncoding
NONATHT002552	824	68	0.30202999999999997	10.456723594665526	1	0.0409721	noncoding
NONATHT002553	329	27	0.35217000000000004	6.044792747497559	1	0.00540784	noncoding
NONATHT002554	289	20	0.28235	10.76307735443115	-1	0.200217	noncoding
NONATHT002555	217	22	0.32023	11.711342811584473	1	0.0133353	noncoding
NONATHT002556	385	87	0.28932	8.986393165588382	1	0.0594073	noncoding
NONATHT002557	330	56	0.42006000000000004	5.969083213806152	-1	0.0237001	noncoding
NONATHT002558	387	72	0.37548000000000004	10.168356513977049	1	0.07836	noncoding
NONATHT002559	360	38	0.38517999999999997	7.685165977478028	1	0.0111797	noncoding
NONATHT002560	1526	52	0.35917	4.766768074035644	1	0.0391553	noncoding
NONATHT002561	246	25	0.35991	7.846463203430177	-1	0.0473368	noncoding
NONATHT002562	519	23	0.44828	9.992422294616702	1	0.0180416	noncoding
NONATHT002563	218	27	0.4145	5.060398292541502	1	0.0116856	noncoding
NONATHT002564	315	34	0.41952	5.193799400329589	1	0.0179273	noncoding
NONATHT002565	303	48	0.45098	9.056405830383298	-1	0.0534268	noncoding
NONATHT002566	504	28	0.40647	9.996290397644042	1	0.0144055	noncoding
NONATHT002567	292	32	0.36644	4.320013618469238	-1	0.0136691	noncoding
NONATHT002568	412	36	0.42048	9.500012779235842	1	0.0211703	noncoding
NONATHT002569	500	28	0.42196999999999996	6.696679115295409	1	0.00801451	noncoding
NONATHT002570	219	29	0.42839	4.0500284194946286	-1	0.0167368	noncoding
NONATHT002571	241	43	0.40523999999999993	4.17990550994873	-1	0.017467	noncoding
NONATHT002572	214	22	0.33734	4.677076148986816	1	0.00629716	noncoding
NONATHT002573	304	33	0.4509	7.789473152160644	-1	0.0248325	noncoding
NONATHT002574	973	42	0.29279	8.940298271179202	1	0.0135566	noncoding
NONATHT002575	839	66	0.37560000000000004	9.496467018127444	1	0.056147	noncoding
NONATHT002576	281	23	0.40448	11.744350624084472	1	0.0141949	noncoding
NONATHT002577	396	28	0.30706	5.497944831848144	1	0.00734177	noncoding
NONATHT002578	1286	86	0.32762	7.865159034729004	1	0.0743665	noncoding
NONATHT002579	269	11	0.28999	11.999967765808105	-1	0.181801	noncoding
NONATHT002580	549	26	0.45539	4.436874580383301	1	0.0182836	noncoding
NONATHT002581	217	31	0.36149	9.519997978210448	1	0.0108884	noncoding
NONATHT002582	753	70	0.35644	6.228098487854004	1	0.0577366	noncoding
NONATHT002583	2103	50	0.30112	9.298484611511231	1	0.0189791	noncoding
NONATHT002584	918	57	0.28074	8.40469493865967	1	0.0217028	noncoding
NONATHT002585	1926	85	0.30474	9.09843921661377	-1	0.159098	noncoding
NONATHT002586	681	27	0.43467	4.0500284194946286	1	0.0255585	noncoding
NONATHT002587	1330	41	0.31572999999999996	4.902726936340332	1	0.0175617	noncoding
NONATHT002588	392	28	0.32119	8.802335929870608	1	0.00720998	noncoding
NONATHT002589	247	20	0.33511	7.822480964660645	1	0.0038218	noncoding
NONATHT002590	897	29	0.35599000000000003	11.531153678894043	1	0.0149874	noncoding
NONATHT002591	379	20	0.36805	10.289041328430173	1	0.00892204	noncoding
NONATHT002595	2899	40	0.34008000000000005	4.250954246520997	1	0.022785	noncoding
NONATHT002592	2866	40	0.31698000000000004	4.250954246520997	1	0.0233446	noncoding
NONATHT002593	2306	40	0.31862999999999997	4.250954246520997	1	0.0231438	noncoding
NONATHT002594	2848	40	0.34008000000000005	4.250954246520997	1	0.022785	noncoding
NONATHT002596	641	36	0.36482	11.999967765808105	1	0.017831	noncoding
NONATHT002597	563	40	0.39766	10.736709785461429	1	0.0271643	noncoding
NONATHT002599	563	40	0.39766	10.736709785461429	1	0.0271643	noncoding
NONATHT002598	563	40	0.39766	10.736709785461429	1	0.0271643	noncoding
NONATHT002600	358	3	0.42345	5.275022315979004	1	1.58493e-05	noncoding
NONATHT002601	379	32	0.29983	6.48830738067627	1	0.00739487	noncoding
NONATHT002602	552	0	0.35985999999999996	0.0	-1	2.23155e-06	noncoding
NONATHT002603	4819	60	0.33879	5.765826988220215	-1	0.03984	noncoding
NONATHT002604	266	40	0.39543	6.813483238220214	1	0.013387	noncoding
NONATHT002605	282	32	0.46710999999999997	8.884855461120608	1	0.024105	noncoding
NONATHT002606	425	34	0.37444999999999995	6.810357093811036	1	0.00810364	noncoding
NONATHT002607	343	39	0.3667	4.452960014343262	1	0.0226273	noncoding
NONATHT002608	306	51	0.42888	5.315548515319825	1	0.053862	noncoding
NONATHT002609	1175	33	0.33589	5.95822696685791	1	0.00746264	noncoding
NONATHT002610	1875	82	0.40985	6.262542915344238	1	0.190657	noncoding
NONATHT002611	609	40	0.30865	9.185407066345213	1	0.0129599	noncoding
NONATHT002612	352	60	0.4114600000000001	5.9985258102416985	-1	0.0253957	noncoding
NONATHT002613	277	28	0.40916	11.012763404846194	-1	0.130065	noncoding
NONATHT002614	865	39	0.29059	7.706707954406738	1	0.0101065	noncoding
NONATHT002615	423	61	0.39469	4.649281883239747	1	0.104106	noncoding
NONATHT002616	626	17	0.38373	4.0500284194946286	1	0.00835038	noncoding
NONATHT002617	226	25	0.38719	11.999967765808105	-1	0.172779	noncoding
NONATHT002618	692	57	0.32395	7.714494895935059	1	0.0204815	noncoding
NONATHT002619	750	74	0.42575	9.30196590423584	1	0.14465	noncoding
NONATHT002620	1052	71	0.36113	10.24391345977783	1	0.0654224	noncoding
NONATHT002621	808	35	0.31744	10.877960014343262	-1	0.191491	noncoding
NONATHT002622	215	7	0.4134	9.500077247619632	1	0.0044127	noncoding
NONATHT002623	900	48	0.34452000000000005	10.388322639465333	-1	0.161321	noncoding
NONATHT002624	440	32	0.35958999999999997	4.316091728210449	-1	0.0140963	noncoding
NONATHT002625	659	53	0.39383	9.341356086730958	1	0.0360139	noncoding
NONATHT002626	267	63	0.44190999999999997	9.81287784576416	-1	0.0914648	noncoding
NONATHT002627	1947	111	0.38915	5.997389030456542	1	0.543752	coding
NONATHT002628	514	47	0.38169000000000003	9.509231758117675	1	0.0252333	noncoding
NONATHT002629	286	38	0.42173	9.186051750183104	1	0.0216217	noncoding
NONATHT002630	603	35	0.34197999999999995	10.877960014343262	1	0.0172302	noncoding
NONATHT002631	760	55	0.43534000000000006	7.664988136291504	1	0.0464432	noncoding
NONATHT002632	636	59	0.43472	11.999967765808105	1	0.0851085	noncoding
NONATHT002633	732	59	0.42633	11.999967765808105	1	0.0736134	noncoding
NONATHT002634	569	49	0.30021000000000003	8.942748069763184	1	0.016938	noncoding
NONATHT002635	1176	45	0.40191	8.248230171203613	1	0.0204445	noncoding
NONATHT002636	474	31	0.42088	7.846334266662598	1	0.0101964	noncoding
NONATHT002637	1131	46	0.39581	9.81745510101318	1	0.0293799	noncoding
NONATHT002638	645	46	0.31911	4.657068824768066	1	0.0257628	noncoding
NONATHT002639	387	35	0.40524999999999994	10.419847679138183	-1	0.109523	noncoding
NONATHT002640	206	66	0.46298	5.974198722839356	-1	0.0301854	noncoding
NONATHT002641	826	46	0.3457	9.039579582214355	1	0.0170012	noncoding
NONATHT002642	573	23	0.42285000000000006	5.823063850402832	-1	0.013731	noncoding
NONATHT002643	1255	47	0.30299000000000004	9.924666023254392	1	0.020138	noncoding
NONATHT002644	1306	56	0.29269999999999996	9.690710258483886	1	0.0252346	noncoding
NONATHT002645	1212	47	0.28313	4.533841896057129	1	0.0434346	noncoding
NONATHT002646	3872	68	0.29722	5.508062171936035	1	0.0570417	noncoding
NONATHT002647	675	101	0.38391000000000003	8.676687049865723	1	0.256706	noncoding
NONATHT002648	530	88	0.42047	7.647197532653809	-1	0.0525451	noncoding
NONATHT002649	1412	55	0.40356000000000003	9.630819129943848	1	0.0468004	noncoding
NONATHT002650	1260	73	0.27266	9.511488151550292	1	0.0407163	noncoding
NONATHT002651	1248	74	0.27803	8.438734245300296	-1	0.165388	noncoding
NONATHT002652	433	38	0.4623	6.695712852478027	-1	0.0195522	noncoding
NONATHT002653	730	77	0.32786	9.92969455718994	1	0.0588733	noncoding
NONATHT002654	245	27	0.33505	11.567513847351076	-1	0.19352	noncoding
NONATHT002655	342	57	0.4263	7.846592140197754	1	0.0483005	noncoding
NONATHT002656	298	16	0.45846	8.497787284851075	1	0.00716739	noncoding
NONATHT002657	240	50	0.39925	5.2164213180541985	-1	0.0200186	noncoding
NONATHT002658	540	20	0.39483000000000007	10.288976860046386	-1	0.10195	noncoding
NONATHT002659	231	31	0.46666	10.028460121154787	1	0.0377457	noncoding
NONATHT002660	501	58	0.437	10.176543998718262	1	0.093807	noncoding
NONATHT002661	1393	23	0.29317000000000004	5.752981376647949	1	0.00623478	noncoding
NONATHT002662	1043	96	0.36507	7.733251762390137	1	0.172737	noncoding
NONATHT002663	871	80	0.42510000000000003	9.79824352264404	1	0.199645	noncoding
NONATHT002664	387	47	0.35440000000000005	6.56390323638916	1	0.0151632	noncoding
NONATHT002665	763	48	0.33295	5.5964468002319325	1	0.0187282	noncoding
NONATHT002666	229	19	0.38737	4.902726936340332	1	0.00601693	noncoding
NONATHT002667	989	37	0.29833	10.4639440536499	1	0.0176135	noncoding
NONATHT002668	208	22	0.38319000000000003	4.867770957946777	1	0.00716755	noncoding
NONATHT002669	217	34	0.32413	4.3690088272094725	1	0.0150832	noncoding
NONATHT002670	392	2	0.29094000000000003	5.275022315979004	-1	0.0429511	noncoding
NONATHT002671	480	47	0.37346999999999997	10.543240165710447	-1	0.143534	noncoding
NONATHT002672	220	5	0.36321000000000003	5.275022315979004	1	1.06064e-05	noncoding
NONATHT002673	1146	24	0.28587	6.490637779235839	1	0.00608748	noncoding
NONATHT002674	260	9	0.33991	5.275022315979004	-1	0.0177191	noncoding
NONATHT002675	417	84	0.38849	4.075321769714355	-1	0.0322739	noncoding
NONATHT002676	2129	60	0.37507	8.556517982482912	1	0.0363344	noncoding
NONATHT002677	395	41	0.42615	8.417008399963382	1	0.0215095	noncoding
NONATHT002678	408	58	0.36343000000000003	10.590882301330566	1	0.0419211	noncoding
NONATHT002679	826	23	0.35352	5.840115547180175	1	0.00451933	noncoding
NONATHT002680	906	34	0.41584999999999994	6.899025917053222	1	0.0109453	noncoding
NONATHT002681	462	25	0.40898	5.823348045349121	1	0.00717764	noncoding
NONATHT002682	582	194	0.42273	9.785027503967282	1	0.988681	coding
NONATHT002683	1002	202	0.36541999999999997	7.3548177719116214	1	0.985017	coding
NONATHT002684	798	83	0.41922	4.584599113464355	1	0.416195	noncoding
NONATHT002685	960	75	0.32641	9.407629585266115	1	0.0511973	noncoding
NONATHT002686	735	54	0.40013000000000004	8.736642646789551	1	0.035515	noncoding
NONATHT002687	855	93	0.39562	7.310142326354981	1	0.22577	noncoding
NONATHT002688	435	29	0.32195	11.471713829040528	1	0.0157158	noncoding
NONATHT002689	1215	57	0.34789000000000003	9.68155574798584	1	0.0314006	noncoding
NONATHT002690	1158	61	0.34570999999999996	9.848915672302244	-1	0.143647	noncoding
NONATHT002691	2016	55	0.34056	9.38242244720459	1	0.0260452	noncoding
NONATHT002692	1089	42	0.41183	11.466427421569826	1	0.0344994	noncoding
NONATHT002693	958	88	0.31924	8.044316673278807	1	0.0745994	noncoding
NONATHT002694	2097	80	0.29244	5.749457359313964	1	0.0896237	noncoding
NONATHT002695	621	38	0.36022	6.132438468933105	1	0.0102729	noncoding
NONATHT002696	654	61	0.39848	7.689087867736817	1	0.0445897	noncoding
NONATHT002697	1134	84	0.31189	11.285980415344238	1	0.0648874	noncoding
NONATHT002698	756	66	0.40984	6.027797889709471	1	0.0850916	noncoding
NONATHT002699	498	48	0.47380999999999995	8.190273094177247	1	0.04983	noncoding
NONATHT002700	753	36	0.29227000000000003	8.14069690704346	1	0.00932495	noncoding
NONATHT002701	599	84	0.36345	9.98133373260498	-1	0.144444	noncoding
NONATHT002702	1040	194	0.38616	10.213162040710447	1	0.957699	coding
NONATHT002703	228	0	0.41161	0.0	-1	0.00787498	noncoding
NONATHT002704	589	63	0.41477	10.105435371398926	-1	0.110279	noncoding
NONATHT002705	321	28	0.26287	9.185149192810059	-1	0.188465	noncoding
NONATHT002706	603	26	0.35912	4.0500284194946286	1	0.0120002	noncoding
NONATHT002707	558	70	0.40215999999999996	9.22344341278076	1	0.0872958	noncoding
NONATHT002708	603	52	0.35161	10.016275596618652	1	0.0282308	noncoding
NONATHT002709	334	41	0.38909999999999995	10.284399604797361	1	0.0244604	noncoding
NONATHT002710	2466	91	0.40131999999999995	9.298291206359863	1	0.219415	noncoding
NONATHT002711	2673	85	0.34887	9.693804740905762	-1	0.144236	noncoding
NONATHT002712	1197	79	0.36248	9.743316459655762	1	0.0867115	noncoding
NONATHT002713	3465	83	0.27006	9.245491600036619	1	0.0521242	noncoding
NONATHT002714	2274	63	0.29841	4.379296684265137	1	0.0840264	noncoding
NONATHT002715	1407	33	0.29667	5.794360160827637	1	0.00950236	noncoding
NONATHT002716	2424	168	0.31233	9.254130363464352	1	0.586722	coding
NONATHT002717	3240	61	0.36384	8.40205173492432	1	0.0337296	noncoding
NONATHT002718	615	71	0.36501	9.333233070373538	1	0.0611466	noncoding
NONATHT002719	5163	87	0.34467000000000003	9.8527193069458	1	0.0973851	noncoding
NONATHT002720	2331	103	0.35567000000000004	9.663311195373538	1	0.194644	noncoding
NONATHT002721	681	17	0.40155	9.305705070495605	1	0.00632195	noncoding
NONATHT002722	1524	48	0.37701	8.021043586730958	-1	0.0509225	noncoding
NONATHT002723	1380	79	0.32073	5.761052513122559	1	0.0844325	noncoding
NONATHT002724	648	35	0.40582	10.266412925720214	1	0.0214894	noncoding
NONATHT002725	594	26	0.32911	10.036969947814942	-1	0.160288	noncoding
NONATHT002726	450	74	0.3595	10.17390079498291	1	0.0717732	noncoding
NONATHT002727	225	45	0.33609	10.14179553985596	1	0.0207624	noncoding
NONATHT002728	1110	50	0.30742	9.066978645324706	-1	0.151033	noncoding
NONATHT002729	364	44	0.35624	8.965956687927246	1	0.0161288	noncoding
NONATHT002730	364	44	0.38649	8.965956687927246	1	0.0198427	noncoding
NONATHT002731	264	34	0.32702	5.632312202453612	1	0.00865194	noncoding
NONATHT002732	987	59	0.30881000000000003	6.127322959899902	1	0.0276005	noncoding
NONATHT002739	1476	52	0.28472000000000003	10.697513008117674	-1	0.176898	noncoding
NONATHT002733	1484	54	0.28472000000000003	10.381746864318849	-1	0.179277	noncoding
NONATHT002734	1455	45	0.31114	10.036583137512206	-1	0.176164	noncoding
NONATHT002737	1455	45	0.31114	10.036583137512206	-1	0.176164	noncoding
NONATHT002735	1455	45	0.31114	10.036583137512206	-1	0.176164	noncoding
NONATHT002738	1455	45	0.31114	10.036583137512206	-1	0.176164	noncoding
NONATHT002736	1532	62	0.31617000000000006	10.386066246032716	1	0.0356985	noncoding
NONATHT002740	2662	63	0.34369	4.512470436096191	1	0.0753097	noncoding
NONATHT002741	255	13	0.39230000000000004	11.16600475311279	1	0.00881749	noncoding
NONATHT002742	1552	56	0.30530999999999997	9.245942878723145	1	0.0230348	noncoding
NONATHT002743	2392	105	0.27622	9.607546043395995	1	0.0934611	noncoding
NONATHT002745	2489	105	0.24752	9.607546043395995	1	0.093245	noncoding
NONATHT002744	1849	105	0.27622	9.607546043395995	1	0.0934611	noncoding
NONATHT002746	234	46	0.33136	9.05717945098877	1	0.0161319	noncoding
NONATHT002747	411	23	0.34438	6.508598899841308	1	0.00401256	noncoding
NONATHT002748	264	34	0.32702	5.632312202453612	1	0.00865194	noncoding
NONATHT002749	1119	53	0.33795000000000003	4.501102638244629	1	0.0418283	noncoding
NONATHT002750	339	25	0.3448	7.999833488464356	1	0.00504243	noncoding
NONATHT002751	348	15	0.37312999999999996	5.711773109436035	1	0.00314133	noncoding
NONATHT002752	636	54	0.37087000000000003	5.538243675231932	1	0.0340085	noncoding
NONATHT002753	390	102	0.36305000000000004	9.096505165100098	-1	0.122875	noncoding
NONATHT002754	591	197	0.38083	11.679817771911619	1	0.892075	coding
NONATHT002755	528	47	0.45088	6.956944847106934	1	0.031526	noncoding
NONATHT002756	258	54	0.44475	4.427268791198731	-1	0.0287444	noncoding
NONATHT002757	1589	53	0.48446	10.295036888122556	1	0.177718	noncoding
NONATHT002758	1611	80	0.3398	9.114362907409667	1	0.0673436	noncoding
NONATHT002759	1450	80	0.34445000000000003	9.114362907409667	1	0.0704635	noncoding
NONATHT002760	950	73	0.33572	8.769457054138183	1	0.0473767	noncoding
NONATHT002761	1260	31	0.28035	4.749773216247559	1	0.0185255	noncoding
NONATHT002762	513	34	0.31932	10.407856559753416	1	0.0150322	noncoding
NONATHT002763	876	44	0.30691999999999997	9.600583457946776	1	0.0167286	noncoding
NONATHT002764	4743	92	0.30283000000000004	10.033875465393066	1	0.0779412	noncoding
NONATHT002765	352	24	0.40325	5.212101554870604	1	0.00815699	noncoding
NONATHT002766	1305	32	0.32991000000000004	9.398990821838382	1	0.0102009	noncoding
NONATHT002767	1528	48	0.34812	9.815069770812986	1	0.0226434	noncoding
NONATHT002768	1249	75	0.34255	7.9477430343627935	1	0.052147	noncoding
NONATHT002769	2700	48	0.43701	10.948295021057131	1	0.065106	noncoding
NONATHT002770	544	47	0.34817	8.737158393859861	1	0.0167486	noncoding
NONATHT002771	4053	79	0.31677000000000005	5.047439002990722	1	0.117062	noncoding
NONATHT002772	3912	72	0.29641	8.470001411437988	1	0.0359607	noncoding
NONATHT002773	713	53	0.33431	10.28098278045654	1	0.0281539	noncoding
NONATHT002774	640	51	0.46486	4.779954719543457	1	0.0742099	noncoding
NONATHT002775	652	25	0.36197999999999997	5.302191352844238	1	0.00619011	noncoding
NONATHT002776	1479	84	0.3096	9.690710258483886	1	0.0631865	noncoding
NONATHT002777	588	27	0.37605000000000005	4.0500284194946286	1	0.0147922	noncoding
NONATHT002778	539	75	0.38724	10.240109825134276	1	0.101694	noncoding
NONATHT002779	1276	83	0.43204000000000004	10.176801872253417	1	0.256709	noncoding
NONATHT002780	1806	73	0.27883	9.425164985656739	1	0.0398654	noncoding
NONATHT002781	631	76	0.36721999999999994	7.825768852233888	-1	0.0663263	noncoding
NONATHT002782	231	33	0.41255000000000003	8.500108146667483	1	0.0123392	noncoding
NONATHT002783	315	28	0.40969	6.690824699401856	1	0.0073405	noncoding
NONATHT002784	3990	78	0.2719	7.9583158493042	1	0.0459738	noncoding
NONATHT002785	592	45	0.32823	9.860197639465333	1	0.0189538	noncoding
NONATHT002786	3209	67	0.32338	5.743148231506347	1	0.0472309	noncoding
NONATHT002787	1127	67	0.38323999999999997	5.743148231506347	1	0.0755581	noncoding
NONATHT002788	390	44	0.39733	5.92520351409912	1	0.0207435	noncoding
NONATHT002790	419	41	0.35397	9.687615776062014	1	0.0169836	noncoding
NONATHT002789	419	41	0.35397	9.687615776062014	1	0.0169836	noncoding
NONATHT002791	2088	78	0.32160999999999995	9.662666511535647	1	0.0564744	noncoding
NONATHT002792	710	59	0.41167000000000004	7.056242561340332	1	0.0463728	noncoding
NONATHT002793	365	41	0.36846999999999996	9.687615776062014	1	0.018336	noncoding
NONATHT002794	365	41	0.36846999999999996	9.687615776062014	1	0.018336	noncoding
NONATHT002795	1044	191	0.37713	9.214933586120605	1	0.957443	coding
NONATHT002796	1416	56	0.32662	8.35801982879639	1	0.0209244	noncoding
NONATHT002797	340	31	0.49199	10.289041328430173	1	0.0698092	noncoding
NONATHT002798	781	71	0.41303999999999996	10.012729835510253	1	0.117198	noncoding
NONATHT002799	274	31	0.26854	11.999967765808105	1	0.028366	noncoding
NONATHT002800	241	29	0.35575999999999997	11.540566062927248	-1	0.183747	noncoding
NONATHT002801	348	41	0.38059	8.738899040222169	-1	0.0638459	noncoding
NONATHT002802	1790	58	0.29667999999999994	9.747571372985838	1	0.027077	noncoding
NONATHT002803	1700	58	0.33623	9.747571372985838	1	0.0307679	noncoding
NONATHT002804	1131	56	0.34762	10.24945774078369	1	0.0334355	noncoding
NONATHT002805	816	44	0.41823999999999995	5.250354194641112	1	0.0329313	noncoding
NONATHT002806	309	76	0.27857	8.990003395080567	1	0.0417359	noncoding
NONATHT002807	735	27	0.37422	4.677076148986816	1	0.0100746	noncoding
NONATHT002808	962	135	0.30557	6.9699609756469725	1	0.426555	noncoding
NONATHT002809	384	14	0.33050999999999997	6.505643272399902	1	0.00254147	noncoding
NONATHT002810	2559	48	0.34845	10.097183418273925	1	0.0241657	noncoding
NONATHT002812	1461	82	0.27212	4.6463830947875975	1	0.228524	noncoding
NONATHT002811	1461	82	0.27212	4.6463830947875975	1	0.228524	noncoding
NONATHT002813	1459	82	0.27212	4.6463830947875975	1	0.228524	noncoding
NONATHT002814	3483	88	0.26578	5.34891300201416	1	0.199741	noncoding
NONATHT002815	505	73	0.32554	8.22934093475342	-1	0.111858	noncoding
NONATHT002816	250	48	0.39077	11.999967765808105	1	0.0310021	noncoding
NONATHT002817	518	56	0.36319999999999997	9.884631156921387	1	0.0350125	noncoding
NONATHT002818	695	37	0.39729000000000003	5.987044334411621	1	0.0132258	noncoding
NONATHT002819	939	39	0.42091	9.384743309020994	1	0.0239942	noncoding
NONATHT002820	2221	78	0.35905	6.693950843811035	1	0.0799265	noncoding
NONATHT002821	330	27	0.42397	8.275306892395022	-1	0.0315476	noncoding
NONATHT002822	550	19	0.41441	6.49137668609619	1	0.00442897	noncoding
NONATHT002823	276	42	0.31656	10.21303310394287	1	0.0184561	noncoding
NONATHT002824	609	203	0.38584	7.962183952331543	1	0.989346	coding
NONATHT002825	1437	59	0.38993	10.377105140686034	1	0.054534	noncoding
NONATHT002826	637	35	0.34551000000000004	9.809396553039551	1	0.0133802	noncoding
NONATHT002827	206	47	0.47891	10.564772605895993	1	0.13004	noncoding
NONATHT002828	267	29	0.35713000000000006	9.102178382873536	1	0.00856431	noncoding
NONATHT002829	487	24	0.35882	9.185149192810059	1	0.00706713	noncoding
NONATHT002830	245	15	0.30244	11.263674354553224	1	0.0120529	noncoding
NONATHT002831	2039	54	0.28642	7.807653236389161	1	0.0185064	noncoding
NONATHT002832	716	43	0.43100000000000005	7.725919532775879	1	0.0221832	noncoding
NONATHT002833	1179	35	0.39266	9.457076835632325	1	0.0153454	noncoding
NONATHT002834	310	74	0.39449	9.693288993835449	1	0.101461	noncoding
NONATHT002835	540	75	0.35931	9.937108421325682	1	0.0729737	noncoding
NONATHT002836	2432	76	0.35097	10.429260063171384	1	0.0720724	noncoding
NONATHT002837	664	48	0.26747000000000004	10.461107444763183	1	0.0280929	noncoding
NONATHT002838	670	58	0.40265999999999996	9.588592338562012	1	0.0529729	noncoding
NONATHT002839	670	58	0.40265999999999996	9.588592338562012	1	0.0529729	noncoding
NONATHT002840	670	58	0.40265999999999996	9.588592338562012	1	0.0529729	noncoding
NONATHT002841	787	37	0.37094000000000005	8.34486827850342	1	0.0108044	noncoding
NONATHT002842	501	71	0.42395	9.098890495300292	1	0.118522	noncoding
NONATHT002843	720	51	0.33877999999999997	5.4538377761840815	1	0.0237098	noncoding
NONATHT002844	581	40	0.391	10.274471473693847	1	0.0237251	noncoding
NONATHT002845	388	50	0.40091	7.88333911895752	1	0.0252817	noncoding
NONATHT002846	462	47	0.36028	9.51161708831787	1	0.0216373	noncoding
NONATHT002847	660	19	0.33715000000000006	11.999967765808105	1	0.011086	noncoding
NONATHT002848	2172	99	0.39996999999999994	9.915575981140137	1	0.296136	noncoding
NONATHT002851	1695	65	0.41867	10.646454048156738	1	0.102937	noncoding
NONATHT002849	1711	65	0.39611999999999997	10.646454048156738	1	0.076518	noncoding
NONATHT002852	1063	65	0.44211999999999996	10.646454048156738	1	0.148779	noncoding
NONATHT002850	1063	65	0.44211999999999996	10.646454048156738	1	0.148779	noncoding
NONATHT002853	842	55	0.32539	5.562911796569824	1	0.0272986	noncoding
NONATHT002854	2714	72	0.35331	4.581188774108887	1	0.128116	noncoding
NONATHT002855	2712	72	0.34826999999999997	4.581188774108887	1	0.122636	noncoding
NONATHT002856	585	26	0.39200999999999997	9.693869209289552	1	0.0106683	noncoding
NONATHT002857	450	54	0.40712000000000004	8.666372108459473	-1	0.056057	noncoding
NONATHT002858	1296	48	0.28263	6.6850271224975595	1	0.0170597	noncoding
NONATHT002859	391	39	0.44995	9.183344078063964	1	0.0322196	noncoding
NONATHT002860	1278	52	0.37905000000000005	10.297937965393064	1	0.0362041	noncoding
NONATHT002861	588	30	0.27567	7.960572242736816	1	0.00855872	noncoding
NONATHT002862	953	57	0.30214	7.933753395080567	-1	0.123644	noncoding
NONATHT002863	503	25	0.3369	11.096959114074707	1	0.0128778	noncoding
NONATHT002864	875	55	0.29325	9.42980670928955	1	0.0231277	noncoding
NONATHT002865	2423	65	0.2908	9.099406242370605	1	0.0299372	noncoding
NONATHT002866	278	54	0.41083	10.089769554138183	-1	0.10451	noncoding
NONATHT002867	930	49	0.27452000000000004	11.008572959899901	1	0.030549	noncoding
NONATHT002868	437	91	0.32658	9.828414726257321	1	0.0925053	noncoding
NONATHT002869	333	41	0.4431	9.302675056457517	1	0.0341707	noncoding
NONATHT002870	1400	42	0.27292	8.57186145782471	1	0.0143654	noncoding
NONATHT002871	237	42	0.42192	8.162358283996582	1	0.0206203	noncoding
NONATHT002872	505	73	0.41574	7.818548393249512	1	0.103158	noncoding
NONATHT002873	289	28	0.48762	6.222585105895996	1	0.00913827	noncoding
NONATHT002874	234	54	0.34582	10.450018882751461	1	0.0316987	noncoding
NONATHT002875	1149	72	0.41379999999999995	5.573938560485838	1	0.148191	noncoding
NONATHT002878	5534	162	0.23335999999999998	7.744505882263184	1	0.465389	noncoding
NONATHT002876	5534	162	0.23335999999999998	7.744505882263184	1	0.465389	noncoding
NONATHT002877	5534	162	0.23335999999999998	7.744505882263184	1	0.465389	noncoding
NONATHT002879	5222	162	0.23335999999999998	7.744505882263184	1	0.465389	noncoding
NONATHT002880	5167	162	0.23335999999999998	7.744505882263184	1	0.465389	noncoding
NONATHT002881	228	19	0.41352	9.628304862976073	1	0.00862168	noncoding
NONATHT002882	319	88	0.3739	9.155106925964354	1	0.136489	noncoding
NONATHT002883	850	52	0.39563	9.492792320251464	1	0.03615	noncoding
NONATHT002884	225	46	0.33746	11.733906745910645	1	0.0243906	noncoding
NONATHT002885	1192	55	0.32723	7.900100898742676	1	0.0191365	noncoding
NONATHT002887	357	7	0.44273999999999997	5.27252140045166	1	0.00320811	noncoding
NONATHT002886	357	7	0.44273999999999997	5.27252140045166	1	0.00320811	noncoding
NONATHT002888	494	22	0.34509	10.160878181457516	1	0.00903729	noncoding
NONATHT002889	1926	86	0.27767	7.7003988265991214	1	0.0615916	noncoding
NONATHT002890	326	16	0.39990000000000003	8.49804515838623	1	0.00443664	noncoding
NONATHT002891	264	8	0.28769	11.000256538391113	1	0.0111194	noncoding
NONATHT002892	1644	141	0.37126	11.547722053527831	1	0.474485	noncoding
NONATHT002893	14056	107	0.27042000000000005	10.080228233337401	1	0.0948167	noncoding
NONATHT002894	419	13	0.39803999999999995	8.681715583801271	1	0.00398196	noncoding
NONATHT002895	201	38	0.31	6.811607551574707	-1	0.0724178	noncoding
NONATHT002896	445	60	0.42265	11.39809093475342	1	0.0853914	noncoding
NONATHT002897	250	75	0.42716	4.832019233703612	-1	0.0339055	noncoding
NONATHT002898	1251	46	0.26683999999999997	10.297809028625483	1	0.0259208	noncoding
NONATHT002899	920	38	0.23196	6.802911186218262	1	0.0353947	noncoding
NONATHT002900	3710	61	0.32345999999999997	8.581789588928224	1	0.0261985	noncoding
NONATHT002901	3710	61	0.32345999999999997	8.581789588928224	1	0.0261985	noncoding
NONATHT002902	3796	61	0.32345999999999997	8.581789588928224	1	0.0261985	noncoding
NONATHT002903	386	39	0.37422999999999995	5.380401802062988	1	0.0152189	noncoding
NONATHT002904	537	67	0.31556	11.000063133239745	1	0.0432132	noncoding
NONATHT002905	502	30	0.42191	9.456496620178225	1	0.0155077	noncoding
NONATHT002906	938	37	0.30084	6.047066307067872	1	0.0102235	noncoding
NONATHT002907	660	55	0.34924	8.521640586853028	1	0.0231952	noncoding
NONATHT002908	972	37	0.31993000000000005	4.651157569885254	1	0.0156677	noncoding
NONATHT002909	506	45	0.29734	6.694746589660644	1	0.0131523	noncoding
NONATHT002910	972	37	0.40871	4.651157569885254	1	0.0269954	noncoding
NONATHT002911	506	45	0.29547999999999996	6.694746589660644	1	0.0133228	noncoding
NONATHT002912	972	37	0.40619	4.651157569885254	1	0.0263511	noncoding
NONATHT002913	528	45	0.37600999999999996	6.694746589660644	1	0.0154846	noncoding
NONATHT002914	972	37	0.35504	4.651157569885254	1	0.0164455	noncoding
NONATHT002915	1068	62	0.25917	8.804012107849122	1	0.0304946	noncoding
NONATHT002916	327	26	0.30304	6.682639884948731	1	0.00532116	noncoding
NONATHT002917	807	61	0.31491	7.636568641662598	1	0.0237865	noncoding
NONATHT002918	221	32	0.36572000000000005	9.514131355285645	1	0.0115544	noncoding
NONATHT002919	635	72	0.39683999999999997	8.930370140075684	-1	0.0783983	noncoding
NONATHT002920	229	18	0.40630000000000005	9.522834587097169	-1	0.0629238	noncoding
NONATHT002921	738	28	0.37569	9.697028160095215	1	0.0107113	noncoding
NONATHT002922	233	29	0.3775	8.312891960144043	1	0.00739741	noncoding
NONATHT002923	221	22	0.32558	9.515291786193849	1	0.00728011	noncoding
NONATHT002924	212	3	0.44187	5.275022315979004	1	1.80628e-05	noncoding
NONATHT002925	468	47	0.33163	9.020303535461426	1	0.0166628	noncoding
NONATHT002926	3466	83	0.39759	5.226027107238767	1	0.260409	noncoding
NONATHT002927	471	29	0.34883	11.711342811584473	1	0.0148222	noncoding
NONATHT002928	339	31	0.37026	11.553846549987792	-1	0.175552	noncoding
NONATHT002929	600	36	0.45133	5.969424247741699	1	0.0176774	noncoding
NONATHT002930	619	54	0.38947000000000004	6.709467887878417	1	0.0291264	noncoding
NONATHT002931	301	31	0.31753000000000003	4.861007118225097	1	0.0102857	noncoding
NONATHT002932	334	102	0.46239	4.759549522399902	-1	0.0714942	noncoding
NONATHT002933	217	17	0.43371999999999994	6.506041145324706	1	0.00437401	noncoding
NONATHT002934	262	34	0.34593999999999997	8.839792060852051	1	0.00955354	noncoding
NONATHT002935	208	41	0.44114	9.222927665710447	-1	0.0550281	noncoding
NONATHT002936	396	30	0.28708000000000006	9.058339881896973	1	0.00973955	noncoding
NONATHT002937	375	23	0.4433	11.711342811584473	-1	0.141881	noncoding
NONATHT002938	381	31	0.39568000000000003	11.844276618957519	-1	0.167948	noncoding
NONATHT002939	282	34	0.36011	4.351957130432129	1	0.0166732	noncoding
NONATHT002940	755	87	0.38558	9.12461338043213	1	0.150859	noncoding
NONATHT002941	309	42	0.35185	5.584283256530762	1	0.0144249	noncoding
NONATHT002942	406	26	0.32688	10.39509181976318	1	0.0114133	noncoding
NONATHT002943	445	27	0.44549	4.0500284194946286	1	0.0262208	noncoding
NONATHT002944	844	119	0.30445	9.566930961608886	1	0.171802	noncoding
NONATHT002945	1211	90	0.32000999999999996	11.782000160217287	1	0.0706313	noncoding
NONATHT002946	520	23	0.39453999999999995	6.810129737854004	1	0.00485527	noncoding
NONATHT002947	758	83	0.36119999999999997	4.235039329528808	1	0.288362	noncoding
NONATHT002948	419	42	0.43777	9.298549079895018	1	0.0335727	noncoding
NONATHT002949	391	0	0.3887400000000001	0.0	-1	0.00263875	noncoding
NONATHT002950	1080	28	0.42401	5.823348045349121	1	0.00966163	noncoding
NONATHT002951	1061	73	0.30627	7.769628715515138	1	0.0383123	noncoding
NONATHT002952	755	40	0.35744	4.556577491760254	-1	0.0173158	noncoding
NONATHT002953	435	108	0.43905	10.561935997009275	1	0.590249	coding
NONATHT002954	753	41	0.44097000000000003	5.509824180603027	1	0.0276904	noncoding
NONATHT002955	630	41	0.35729999999999995	9.514260292053223	1	0.0164527	noncoding
NONATHT002956	589	44	0.37418	4.0500284194946286	1	0.0425897	noncoding
NONATHT002957	238	12	0.40411	8.497787284851075	1	0.00365441	noncoding
NONATHT002958	1312	101	0.36114	7.009350395202636	1	0.226888	noncoding
NONATHT002959	226	25	0.44383	11.012763404846194	1	0.0248371	noncoding
NONATHT002961	518	55	0.42332	8.841081428527833	1	0.049565	noncoding
NONATHT002960	518	55	0.42332	8.841081428527833	1	0.049565	noncoding
NONATHT002962	204	11	0.36601	5.275022315979004	1	0.002728	noncoding
NONATHT002963	472	40	0.43711	10.40953273773193	1	0.041364	noncoding
NONATHT002964	365	18	0.33127999999999996	6.497515296936036	1	0.00312094	noncoding
NONATHT002965	216	29	0.40332999999999997	10.786350440979007	1	0.0177601	noncoding
NONATHT002966	724	50	0.4078	7.929434013366699	1	0.0271661	noncoding
NONATHT002967	609	24	0.3701	11.698964881896973	1	0.0127274	noncoding
NONATHT002968	249	34	0.39098999999999995	5.823348045349121	-1	0.0177201	noncoding
NONATHT002969	513	29	0.43233	10.06050090789795	-1	0.0779634	noncoding
NONATHT002970	1224	52	0.29623999999999995	6.6854249954223635	1	0.0181099	noncoding
NONATHT002971	2898	85	0.25816000000000006	6.480179405212403	1	0.103976	noncoding
NONATHT002972	436	59	0.39433	11.423749351501463	1	0.0563362	noncoding
NONATHT002973	1659	64	0.38919	11.453211402893068	1	0.0639769	noncoding
NONATHT002974	222	74	0.42211000000000004	6.884873008728028	1	0.12284	noncoding
NONATHT002975	248	6	0.35446	9.500077247619632	1	0.00361726	noncoding
NONATHT002976	377	18	0.37448000000000004	8.343836784362793	-1	0.0470441	noncoding
NONATHT002977	398	30	0.33609	9.697028160095215	1	0.0104594	noncoding
NONATHT002978	615	63	0.33281	9.840276908874511	1	0.0368522	noncoding
NONATHT002979	489	39	0.40506	8.885693550109863	-1	0.0547194	noncoding
NONATHT002980	328	20	0.37671	9.006700706481933	1	0.00581111	noncoding
NONATHT002981	206	33	0.44834999999999997	9.62301845550537	1	0.0267616	noncoding
NONATHT002982	349	52	0.43874	6.483646583557129	-1	0.0237383	noncoding
NONATHT002983	951	29	0.30884	6.514794349670409	1	0.00597028	noncoding
NONATHT002984	949	29	0.30884	6.514794349670409	1	0.00597028	noncoding
NONATHT002985	938	29	0.31349	6.514794349670409	1	0.00580865	noncoding
NONATHT002986	264	14	0.43784	6.53741626739502	-1	0.0131546	noncoding
NONATHT002987	422	31	0.35328	4.867770957946777	-1	0.0172712	noncoding
NONATHT002989	628	94	0.38395999999999997	10.41449680328369	-1	0.156431	noncoding
NONATHT002988	458	38	0.40821	6.0018224716186515	-1	0.0182738	noncoding
NONATHT002990	220	42	0.39398	7.812746238708496	1	0.0151446	noncoding
NONATHT002991	639	58	0.43128	8.65947399139404	1	0.0615525	noncoding
NONATHT002992	416	26	0.32407	9.871673011779784	-1	0.159276	noncoding
NONATHT002993	425	22	0.44669000000000003	5.193628883361815	1	0.00917274	noncoding
NONATHT002994	1237	63	0.29896999999999996	9.964636421203611	1	0.0328264	noncoding
NONATHT002995	656	73	0.39969000000000005	10.393028831481931	-1	0.136243	noncoding
NONATHT002996	481	43	0.3953	4.2848302841186525	1	0.0436587	noncoding
NONATHT002997	235	0	0.3549	0.0	-1	1.65344e-06	noncoding
NONATHT002998	497	41	0.37603000000000003	7.78837718963623	-1	0.0436433	noncoding
NONATHT002999	608	23	0.33906000000000003	6.507575798034667	1	0.0040073	noncoding
NONATHT003000	202	27	0.42452	4.316091728210449	-1	0.0149467	noncoding
NONATHT003001	545	30	0.33136	10.54859104156494	1	0.0135547	noncoding
NONATHT003002	5809	99	0.30697	9.407629585266115	1	0.0981007	noncoding
NONATHT003003	647	90	0.41217	6.536052131652832	1	0.267913	noncoding
NONATHT003004	456	117	0.43717	9.19404582977295	-1	0.119977	noncoding
NONATHT003005	458	51	0.40176999999999996	9.49749851226807	1	0.036751	noncoding
NONATHT003006	411	34	0.37095	4.535092353820801	1	0.0164261	noncoding
NONATHT003007	939	33	0.27552	10.212646293640137	1	0.0172039	noncoding
NONATHT003008	420	47	0.36881	10.375235557556149	1	0.0276032	noncoding
NONATHT003009	758	124	0.41457	8.302641487121583	1	0.67878	coding
NONATHT003010	875	16	0.42356	11.012763404846194	1	0.0123657	noncoding
NONATHT003011	552	55	0.32160999999999995	9.09972858428955	1	0.0224503	noncoding
NONATHT003012	1260	162	0.44199000000000005	4.093964958190917	1	0.996659	coding
NONATHT003013	241	16	0.42162000000000005	9.500012779235842	1	0.0075307	noncoding
NONATHT003014	309	20	0.39469999999999994	4.0500284194946286	1	0.0113828	noncoding
NONATHT003015	379	56	0.35556	10.629563331604004	1	0.036899	noncoding
NONATHT003016	339	71	0.38237000000000004	11.541339683532716	1	0.0750265	noncoding
NONATHT003017	607	48	0.38584000000000007	9.30312633514404	1	0.0260484	noncoding
NONATHT003018	3664	60	0.38466999999999996	6.137212944030761	1	0.0447382	noncoding
NONATHT003019	1022	73	0.4157	5.521817207336424	1	0.162967	noncoding
NONATHT003020	1010	73	0.38134	5.521817207336424	1	0.113578	noncoding
NONATHT003021	242	12	0.37707	4.136935234069824	1	0.00536982	noncoding
NONATHT003022	578	27	0.43568	7.9544477462768555	1	0.0093387	noncoding
NONATHT003023	561	48	0.40815	11.999967765808105	1	0.036938	noncoding
NONATHT003024	540	22	0.37268	9.697157096862792	1	0.00807253	noncoding
NONATHT003025	276	33	0.26216	4.316091728210449	1	0.0465868	noncoding
NONATHT003026	2304	60	0.3389	9.69735050201416	1	0.0333974	noncoding
NONATHT003027	2304	60	0.3389	9.69735050201416	1	0.0333974	noncoding
NONATHT003028	2304	60	0.3389	9.69735050201416	1	0.0333974	noncoding
NONATHT003029	5067	52	0.28457	7.869285011291503	-1	0.143169	noncoding
NONATHT003030	218	9	0.30553	6.490978813171386	1	1.70303e-05	noncoding
NONATHT003031	716	43	0.37791	4.225490379333496	1	0.0372565	noncoding
NONATHT003032	235	23	0.33858	9.994614219665529	-1	0.147018	noncoding
NONATHT003033	282	13	0.40136000000000005	8.385805702209474	-1	0.0340456	noncoding
NONATHT003034	423	120	0.40657	9.33967990875244	-1	0.128819	noncoding
NONATHT003035	274	82	0.44126	8.017884635925292	-1	0.0532394	noncoding
NONATHT003036	473	42	0.35878999999999994	7.976624870300293	1	0.0120928	noncoding
NONATHT003037	464	34	0.39283	11.438899421691897	1	0.0208723	noncoding
NONATHT003038	234	12	0.27890000000000004	9.992422294616702	1	0.00896241	noncoding
NONATHT003039	398	47	0.38674	8.592233467102051	1	0.0212204	noncoding
NONATHT003040	760	125	0.39115	10.051926612854004	1	0.546296	coding
NONATHT003041	374	77	0.33096000000000003	9.757821846008298	1	0.0593469	noncoding
NONATHT003042	534	32	0.35438	10.64638957977295	1	0.0151984	noncoding
NONATHT003043	475	34	0.40014	6.229917335510254	1	0.0105813	noncoding
NONATHT003044	233	29	0.36550000000000005	8.097567558288574	-1	0.051068	noncoding
NONATHT003045	240	41	0.36663	6.511838722229004	1	0.0118161	noncoding
NONATHT003046	205	34	0.36163999999999996	7.923373985290528	1	0.00812885	noncoding
NONATHT003047	510	55	0.42157	10.028524589538574	1	0.0632902	noncoding
NONATHT003048	478	38	0.38567000000000007	11.568867683410648	-1	0.168748	noncoding
NONATHT003049	1567	54	0.30113	11.574669837951664	1	0.030937	noncoding
NONATHT003050	2897	73	0.25541	7.865932655334473	1	0.0452601	noncoding
NONATHT003051	823	19	0.37405	10.306189918518065	1	0.00873316	noncoding
NONATHT003052	242	16	0.37239999999999995	8.655348014831542	-1	0.0556727	noncoding
NONATHT003053	320	98	0.37057	11.02520580291748	-1	0.17793	noncoding
NONATHT003054	436	61	0.41216	9.79353733062744	-1	0.0962953	noncoding
NONATHT003055	274	24	0.44777	9.862582969665528	1	0.0179586	noncoding
NONATHT003056	309	43	0.29114999999999996	5.189138603210448	1	0.0213727	noncoding
NONATHT003057	324	32	0.33183	6.802172279357909	-1	0.048516	noncoding
NONATHT003058	201	26	0.36519999999999997	9.693869209289552	1	0.00938765	noncoding
NONATHT003059	254	15	0.35381	6.688096427917481	1	0.00260412	noncoding
NONATHT003060	666	46	0.34056	10.286398124694824	1	0.0225602	noncoding
NONATHT003061	614	32	0.3638	7.9542543411254885	1	0.00745753	noncoding
NONATHT003062	614	32	0.3638	7.9542543411254885	1	0.00745753	noncoding
NONATHT003063	1230	53	0.35709	10.297486686706538	1	0.0319507	noncoding
NONATHT003064	551	33	0.39105	7.998866462707519	1	0.00929286	noncoding
NONATHT003065	797	58	0.29699	10.29284496307373	1	0.0301903	noncoding
NONATHT003066	316	45	0.41059	8.343836784362793	1	0.0226129	noncoding
NONATHT003067	378	94	0.40271	9.7831579208374	-1	0.124553	noncoding
NONATHT003068	201	28	0.36166000000000004	9.98436374664307	1	0.0111174	noncoding
NONATHT003069	2346	59	0.46348	9.383776283264158	1	0.122132	noncoding
NONATHT003071	1230	85	0.31248	9.894172477722169	1	0.0675573	noncoding
NONATHT003070	1334	85	0.31248	9.894172477722169	1	0.0675573	noncoding
NONATHT003072	407	36	0.36263	5.962944602966309	1	0.00966462	noncoding
NONATHT003073	256	61	0.3949	8.508617973327638	-1	0.0604992	noncoding
NONATHT003074	231	45	0.43808	8.58881664276123	1	0.032084	noncoding
NONATHT003075	1154	35	0.36207	7.747063636779786	1	0.00833932	noncoding
NONATHT003076	315	59	0.40723	6.0115987777709945	1	0.0551483	noncoding
NONATHT003077	234	45	0.48451	9.884631156921387	-1	0.0755495	noncoding
NONATHT003078	311	23	0.34898	4.0500284194946286	1	0.00942631	noncoding
NONATHT003079	441	113	0.37635	9.173738288879395	-1	0.125695	noncoding
NONATHT003080	345	0	0.3719	0.0	-1	5.17052e-06	noncoding
NONATHT003081	330	14	0.28922000000000003	9.700380516052245	1	0.00739859	noncoding
NONATHT003082	314	33	0.31714	9.188759422302244	1	0.00994499	noncoding
NONATHT003083	247	36	0.35246	4.535035514831543	1	0.0162067	noncoding
NONATHT003084	438	57	0.39578	11.602842521667483	-1	0.172551	noncoding
NONATHT003085	628	43	0.30439000000000005	7.7003988265991214	1	0.0110856	noncoding
NONATHT003086	897	68	0.29177	10.961704444885253	1	0.042326	noncoding
NONATHT003087	325	70	0.41908000000000006	8.000542640686035	-1	0.0476923	noncoding
NONATHT003088	910	30	0.33124	4.807578468322753	1	0.00948019	noncoding
NONATHT003089	364	39	0.4128	5.585192680358887	1	0.0196628	noncoding
NONATHT003090	397	51	0.36423999999999995	9.290297126770017	1	0.0251162	noncoding
NONATHT003091	252	43	0.32884	10.17938060760498	1	0.019165	noncoding
NONATHT003092	312	26	0.46077	10.64638957977295	-1	0.0938198	noncoding
NONATHT003093	237	69	0.41979999999999995	9.09843921661377	-1	0.0738822	noncoding
NONATHT003094	679	60	0.36944	4.992930412292479	1	0.0613291	noncoding
NONATHT003095	1490	41	0.36711	9.822161293029783	1	0.0188466	noncoding
NONATHT003096	1490	41	0.36711	9.822161293029783	1	0.0188466	noncoding
NONATHT003097	1243	40	0.33111	6.364739418029784	1	0.00993586	noncoding
NONATHT003098	620	41	0.35644999999999993	4.695378303527831	1	0.0206393	noncoding
NONATHT003099	427	39	0.39221999999999996	7.726544761657714	1	0.0125193	noncoding
NONATHT003100	287	24	0.35458	9.87541217803955	-1	0.123121	noncoding
NONATHT003101	934	93	0.36582000000000003	9.668662071228027	-1	0.136143	noncoding
NONATHT003102	295	33	0.41891999999999996	10.171064186096192	-1	0.0902184	noncoding
NONATHT003103	299	32	0.30385999999999996	5.46429615020752	1	0.00940207	noncoding
NONATHT003104	454	78	0.41662	9.555842399597168	1	0.158655	noncoding
NONATHT003105	295	22	0.41933	9.984299278259279	1	0.0120163	noncoding
NONATHT003106	267	46	0.32477	9.09908390045166	1	0.0160092	noncoding
NONATHT003107	398	31	0.42472	8.365949440002442	-1	0.0343964	noncoding
NONATHT003108	279	79	0.41344	8.85687618255615	1	0.146482	noncoding
NONATHT003109	890	40	0.29601	8.885693550109863	1	0.0123375	noncoding
NONATHT003110	3035	62	0.27215	8.85977725982666	1	0.0277564	noncoding
NONATHT003111	2702	62	0.2675	8.85977725982666	1	0.0285736	noncoding
NONATHT003112	281	28	0.47025000000000006	9.304028892517088	1	0.024394	noncoding
NONATHT003113	635	44	0.35441999999999996	5.737009620666504	-1	0.0269146	noncoding
NONATHT003114	520	27	0.33387	9.782061958312983	1	0.00959618	noncoding
NONATHT003115	1301	44	0.33384	9.098954963684083	1	0.0151498	noncoding
NONATHT003116	354	27	0.45302	11.71785411834717	1	0.0325474	noncoding
NONATHT003117	510	57	0.45813000000000004	9.18495578765869	1	0.0955842	noncoding
NONATHT003118	2555	78	0.31423	10.228634452819822	1	0.0565286	noncoding
NONATHT003119	727	56	0.3755	9.829768562316893	1	0.0383906	noncoding
NONATHT003120	258	30	0.43953000000000003	10.028524589538574	1	0.0232856	noncoding
NONATHT003121	328	31	0.32617	7.957155418395996	1	0.00656754	noncoding
NONATHT003122	270	65	0.37904	9.41762218475342	-1	0.101397	noncoding
NONATHT003123	316	33	0.37041999999999997	11.844276618957519	1	0.0170061	noncoding
NONATHT003124	319	24	0.38743	5.3026460647583	1	0.00690107	noncoding
NONATHT003125	231	20	0.45309	11.16600475311279	-1	0.113943	noncoding
NONATHT003126	235	10	0.41287	6.690483665466309	1	1.84768e-05	noncoding
NONATHT003127	798	80	0.41071	10.27215061187744	1	0.169284	noncoding
NONATHT003128	800	91	0.44454000000000005	11.999967765808105	-1	0.213865	noncoding
NONATHT003129	387	32	0.39000999999999997	6.685879707336426	1	0.00809387	noncoding
NONATHT003130	864	53	0.2487	8.398054695129396	-1	0.180027	noncoding
NONATHT003131	240	33	0.42946999999999996	10.834250450134277	1	0.0286403	noncoding
NONATHT003132	222	25	0.3431	5.874218940734862	-1	0.0261335	noncoding
NONATHT003133	527	80	0.38258000000000003	9.80533504486084	1	0.114376	noncoding
NONATHT003134	1617	52	0.26409	6.50774631500244	1	0.0276459	noncoding
NONATHT003135	1617	52	0.26409	6.50774631500244	1	0.0276459	noncoding
NONATHT003136	439	68	0.43904	9.099921989440919	1	0.125292	noncoding
NONATHT003137	237	61	0.42963999999999997	9.101017951965332	1	0.0776631	noncoding
NONATHT003138	2478	77	0.3963	9.183537483215332	1	0.111713	noncoding
NONATHT003139	1091	82	0.30058999999999997	9.85961742401123	1	0.0569668	noncoding
NONATHT003140	307	28	0.39568	4.0500284194946286	1	0.0194913	noncoding
NONATHT003141	283	58	0.44041	6.6847429275512695	-1	0.026882	noncoding
NONATHT003142	246	22	0.31671000000000005	4.0500284194946286	-1	0.0177425	noncoding
NONATHT003143	273	30	0.40195000000000003	9.493437004089355	1	0.013051	noncoding
NONATHT003144	549	44	0.32002	4.232879447937012	1	0.029082	noncoding
NONATHT003145	362	44	0.45355	9.781675148010251	1	0.0548851	noncoding
NONATHT003146	345	58	0.44349	7.6406042098999025	-1	0.0339609	noncoding
NONATHT003147	399	43	0.33788	10.160942649841306	1	0.0195079	noncoding
NONATHT003148	712	41	0.41267999999999994	10.93997859954834	1	0.0337479	noncoding
NONATHT003149	308	16	0.34149	8.385805702209474	-1	0.0739718	noncoding
NONATHT003150	314	81	0.35441999999999996	6.003186607360839	-1	0.0455599	noncoding
NONATHT003151	2203	87	0.32222000000000006	9.061950111389159	1	0.0742685	noncoding
NONATHT003152	461	33	0.39796000000000004	9.997515296936037	1	0.0170379	noncoding
NONATHT003153	663	104	0.359	10.00673427581787	-1	0.156661	noncoding
NONATHT003154	765	226	0.38003000000000003	10.500819969177243	-1	0.243298	noncoding
NONATHT003155	705	25	0.44414000000000003	11.000127601623536	1	0.024915	noncoding
NONATHT003156	971	36	0.34107000000000004	5.3024187088012695	1	0.0108904	noncoding
NONATHT003157	534	36	0.35307	7.731262397766113	-1	0.0538742	noncoding
NONATHT003158	647	54	0.32023	10.21090564727783	1	0.0273197	noncoding
NONATHT003159	620	9	0.43139000000000005	4.0500284194946286	1	0.00739022	noncoding
NONATHT003160	1385	33	0.35175	5.71319408416748	1	0.00825266	noncoding
NONATHT003161	500	25	0.38822999999999996	4.352013969421387	-1	0.0119533	noncoding
NONATHT003162	399	24	0.33150999999999997	4.406579399108887	1	0.00813302	noncoding
NONATHT003163	306	16	0.36036	8.192142677307132	-1	0.0517086	noncoding
NONATHT003165	269	23	0.41759999999999997	6.68838062286377	-1	0.0166139	noncoding
NONATHT003164	269	23	0.41759999999999997	6.68838062286377	-1	0.0166139	noncoding
NONATHT003166	211	17	0.42086999999999997	9.187405586242676	1	0.00697257	noncoding
NONATHT003167	275	39	0.39909999999999995	9.62301845550537	-1	0.0816566	noncoding
NONATHT003168	419	37	0.39468000000000003	7.779029273986817	1	0.011491	noncoding
NONATHT003169	768	33	0.4098	7.997706031799316	1	0.0107298	noncoding
NONATHT003170	768	33	0.4098	7.997706031799316	1	0.0107298	noncoding
NONATHT003171	921	84	0.38051	9.136153221130371	1	0.124838	noncoding
NONATHT003172	314	35	0.40559999999999996	8.883308219909669	1	0.0143891	noncoding
NONATHT003173	850	88	0.36341	8.931659507751466	1	0.118822	noncoding
NONATHT003174	370	36	0.40829	11.999967765808105	1	0.023172	noncoding
NONATHT003175	368	50	0.37773999999999996	9.696447944641115	1	0.0292439	noncoding
NONATHT003176	911	46	0.32186000000000003	9.976563072204591	1	0.0199488	noncoding
NONATHT003177	359	60	0.33727	10.042256355285645	1	0.035146	noncoding
NONATHT003178	1093	77	0.41047	4.83963565826416	1	0.264359	noncoding
NONATHT003179	527	43	0.34381	10.819100379943851	1	0.0224875	noncoding
NONATHT003180	468	32	0.37825	8.210645103454592	1	0.00847152	noncoding
NONATHT003181	270	60	0.41818000000000005	6.527867317199706	1	0.0565347	noncoding
NONATHT003182	456	97	0.39603	8.43686466217041	1	0.253799	noncoding
NONATHT003183	382	50	0.3175	8.60893077850342	1	0.0165633	noncoding
NONATHT003184	209	0	0.31160000000000004	0.0	-1	4.66362e-07	noncoding
NONATHT003185	4281	64	0.26407	8.978785896301272	1	0.0313592	noncoding
NONATHT003186	1083	83	0.36538	11.559004020690917	1	0.0930681	noncoding
NONATHT003188	5336	64	0.33371	7.713983345031737	1	0.0294679	noncoding
NONATHT003187	5644	64	0.33371	7.713983345031737	1	0.0294679	noncoding
NONATHT003189	1031	53	0.38044	8.27550029754639	1	0.0258003	noncoding
NONATHT003190	401	54	0.30391	9.652867317199707	-1	0.170677	noncoding
NONATHT003192	1007	34	0.34928000000000003	7.956833076477051	1	0.0077948	noncoding
NONATHT003191	1007	34	0.34928000000000003	7.956833076477051	1	0.0077948	noncoding
NONATHT003193	391	84	0.47474	10.391417121887208	1	0.492413	noncoding
NONATHT003194	2577	49	0.40771999999999997	8.84056568145752	1	0.0303101	noncoding
NONATHT003195	483	35	0.39226	9.38029499053955	1	0.0149501	noncoding
NONATHT003196	246	14	0.37067	5.2226167678832995	1	0.00341399	noncoding
NONATHT003197	771	35	0.33538	7.927177619934083	-1	0.0738594	noncoding
NONATHT003198	254	30	0.40206	11.829706764221193	1	0.0181198	noncoding
NONATHT003199	273	6	0.31765	6.49137668609619	-1	0.043851	noncoding
NONATHT003200	353	30	0.41159	7.978494453430176	1	0.00914159	noncoding
NONATHT003201	481	25	0.45516	9.698059654235841	1	0.0197292	noncoding
NONATHT003202	209	16	0.3532799999999999	4.29813060760498	1	0.00542962	noncoding
NONATHT003203	304	6	0.29971000000000003	8.344739341735842	1	0.00294935	noncoding
NONATHT003204	576	29	0.40226	9.992035484313966	1	0.0145727	noncoding
NONATHT003205	818	43	0.42460000000000003	11.707281303405761	1	0.0408271	noncoding
NONATHT003206	977	49	0.30813	9.578083992004395	1	0.0196446	noncoding
NONATHT003207	977	49	0.30813	9.578083992004395	1	0.0196446	noncoding
NONATHT003208	1270	67	0.26967	10.413400840759277	1	0.0408901	noncoding
NONATHT003209	477	58	0.41388	9.65402774810791	-1	0.0879011	noncoding
NONATHT003210	266	26	0.41503999999999996	10.266412925720214	-1	0.0916665	noncoding
NONATHT003211	1227	60	0.39505	4.067364311218263	1	0.142069	noncoding
NONATHT003212	578	56	0.35418	7.893073844909668	1	0.0232496	noncoding
NONATHT003213	848	46	0.39801	4.086973762512207	-1	0.0175861	noncoding
NONATHT003214	375	33	0.38836	8.939073371887211	1	0.0115297	noncoding
NONATHT003215	337	42	0.30818	7.779287147521973	1	0.0105901	noncoding
NONATHT003216	201	24	0.33326999999999996	10.289041328430173	1	0.0102145	noncoding
NONATHT003217	985	60	0.40547	9.055890083312985	-1	0.0712325	noncoding
NONATHT003218	221	7	0.44102	11.000256538391113	-1	0.0999253	noncoding
NONATHT003219	1417	57	0.32205	4.591988182067872	1	0.0483493	noncoding
NONATHT003220	315	70	0.42962999999999996	9.806688880920408	1	0.137674	noncoding
NONATHT003221	375	29	0.33843	8.6556058883667	1	0.00715962	noncoding
NONATHT003222	1299	51	0.39757	9.302288246154784	1	0.0336346	noncoding
NONATHT003223	554	56	0.38595	11.789607429504397	1	0.0425309	noncoding
NONATHT003224	511	27	0.33624999999999994	10.295036888122556	1	0.0113538	noncoding
NONATHT003225	1668	45	0.33984000000000003	6.229235267639161	1	0.0135138	noncoding
NONATHT003226	1670	45	0.33984000000000003	6.229235267639161	1	0.0135138	noncoding
NONATHT003227	395	37	0.41183000000000003	8.885177803039554	1	0.0169484	noncoding
NONATHT003228	560	95	0.40989999999999993	11.999967765808105	1	0.207819	noncoding
NONATHT003229	1912	76	0.29584	4.563113975524904	1	0.142172	noncoding
NONATHT003232	1912	76	0.29584	4.563113975524904	1	0.142172	noncoding
NONATHT003230	1912	76	0.29584	4.563113975524904	1	0.142172	noncoding
NONATHT003231	1890	76	0.30844	4.563113975524904	1	0.133184	noncoding
NONATHT003233	1890	76	0.30844	4.563113975524904	1	0.133184	noncoding
NONATHT003234	880	29	0.29623999999999995	6.49137668609619	1	0.00666593	noncoding
NONATHT003235	504	31	0.45496	11.705282783508299	1	0.0407141	noncoding
NONATHT003236	336	30	0.27357000000000004	9.871673011779784	1	0.0144752	noncoding
NONATHT003237	731	59	0.38527	10.097054481506348	1	0.0501496	noncoding
NONATHT003238	1362	79	0.28219	9.89726696014404	1	0.0494816	noncoding
NONATHT003240	1361	79	0.28219	9.89726696014404	1	0.0494816	noncoding
NONATHT003239	1361	79	0.28219	9.89726696014404	1	0.0494816	noncoding
NONATHT003241	1291	67	0.28219	4.507184410095214	1	0.114915	noncoding
NONATHT003242	1187	67	0.30529	4.507184410095214	1	0.0899263	noncoding
NONATHT003243	287	28	0.32419	6.2047945022583	1	0.00552329	noncoding
NONATHT003244	861	49	0.36318	10.446279716491699	1	0.0291229	noncoding
NONATHT003245	340	22	0.32803000000000004	9.99467868804932	1	0.00866879	noncoding
NONATHT003246	1048	64	0.32051	10.573346900939939	1	0.0394641	noncoding
NONATHT003247	205	41	0.42691000000000007	10.564643669128415	-1	0.110366	noncoding
NONATHT003248	902	80	0.30128	9.894172477722169	1	0.0540663	noncoding
NONATHT003249	281	22	0.41572	11.999967765808105	-1	0.15877	noncoding
NONATHT003250	769	40	0.32843	4.242826271057129	1	0.0226008	noncoding
NONATHT003251	405	33	0.48166000000000003	10.834250450134277	-1	0.106857	noncoding
NONATHT003252	609	79	0.34496000000000004	9.199267768859862	1	0.0685939	noncoding
NONATHT003253	217	29	0.35860000000000003	9.99261569976807	-1	0.12591	noncoding
NONATHT003254	545	47	0.43834	9.384163093566894	1	0.045327	noncoding
NONATHT003255	260	21	0.39809	11.999967765808105	1	0.0119464	noncoding
NONATHT003256	445	22	0.41186	10.060565376281737	1	0.011504	noncoding
NONATHT003257	583	38	0.37695	10.31192760467529	1	0.0198155	noncoding
NONATHT003258	1616	85	0.29077000000000003	10.554651069641114	1	0.0617342	noncoding
NONATHT003259	302	16	0.3501	10.666697120666505	1	0.00845097	noncoding
NONATHT003260	266	28	0.43756999999999996	6.501948738098144	1	0.00902823	noncoding
NONATHT003261	362	14	0.37427	8.51931972503662	-1	0.0499644	noncoding
NONATHT003265	1336	75	0.365	9.737256431579588	1	0.0758847	noncoding
NONATHT003262	1336	75	0.365	9.737256431579588	1	0.0758847	noncoding
NONATHT003264	1338	75	0.36872000000000005	9.737256431579588	1	0.0789641	noncoding
NONATHT003263	1338	75	0.36872000000000005	9.737256431579588	1	0.0789641	noncoding
NONATHT003266	420	21	0.42521	4.7834787368774405	1	0.00986309	noncoding
NONATHT003267	899	138	0.38243000000000005	11.723720741271975	1	0.482508	noncoding
NONATHT003268	204	40	0.36671	5.949757957458496	1	0.0125648	noncoding
NONATHT003269	274	40	0.36695999999999995	5.949757957458496	1	0.0125865	noncoding
NONATHT003271	655	42	0.41786	11.999967765808105	1	0.0328549	noncoding
NONATHT003270	655	42	0.41786	11.999967765808105	1	0.0328549	noncoding
NONATHT003273	655	42	0.41786	11.999967765808105	1	0.0328549	noncoding
NONATHT003272	655	42	0.41786	11.999967765808105	1	0.0328549	noncoding
NONATHT003274	1051	80	0.38724	9.509360694885256	1	0.117977	noncoding
NONATHT003275	535	66	0.31954	4.780352592468262	1	0.0703672	noncoding
NONATHT003276	687	64	0.3517	7.099042320251464	1	0.0342354	noncoding
NONATHT003277	280	33	0.39733	10.266477394104005	1	0.0181883	noncoding
NONATHT003278	681	37	0.37488999999999995	6.686675453186036	1	0.00973692	noncoding
NONATHT003279	544	67	0.35041	9.697608375549319	1	0.0477015	noncoding
NONATHT003280	386	2	0.37588	5.275022315979004	-1	0.0105115	noncoding
NONATHT003281	627	35	0.29543	9.03603382110596	1	0.0108429	noncoding
NONATHT003282	626	35	0.29543	9.03603382110596	1	0.0108429	noncoding
NONATHT003283	4295	106	0.25917	9.951291465759276	1	0.0916485	noncoding
NONATHT003284	562	37	0.40959	4.512527275085449	1	0.0297181	noncoding
NONATHT003285	426	35	0.38131000000000004	10.63994274139404	1	0.0191383	noncoding
NONATHT003286	991	47	0.38889	10.289557075500486	1	0.0318085	noncoding
NONATHT003287	677	34	0.35720999999999997	10.12516269683838	1	0.0145894	noncoding
NONATHT003288	223	36	0.43016	6.114988899230956	1	0.0154676	noncoding
NONATHT003289	541	135	0.40515	9.866257667541504	-1	0.165782	noncoding
NONATHT003290	1599	59	0.3809	9.987909507751464	1	0.0472299	noncoding
NONATHT003291	1543	59	0.36704000000000003	9.987909507751464	1	0.0416223	noncoding
NONATHT003292	227	46	0.36712	10.02472095489502	1	0.0244603	noncoding
NONATHT003293	239	20	0.39699	9.992422294616702	1	0.0091492	noncoding
NONATHT003294	232	9	0.40998	11.097023582458494	1	0.00809817	noncoding
NONATHT003295	267	34	0.35039	10.000609779357909	1	0.0137883	noncoding
NONATHT003296	440	9	0.45233000000000007	9.992422294616702	1	0.00904566	noncoding
NONATHT003297	1136	36	0.29977	8.844949531555176	1	0.0104535	noncoding
NONATHT003298	469	48	0.37276000000000004	9.997450828552246	1	0.0275148	noncoding
NONATHT003299	601	101	0.32459	9.343612480163575	1	0.125215	noncoding
NONATHT003300	1737	75	0.44229999999999997	9.300354194641113	1	0.189959	noncoding
NONATHT003301	455	132	0.4713	9.546752357482909	-1	0.170699	noncoding
NONATHT003302	272	40	0.45937	5.575757408142089	1	0.0259585	noncoding
NONATHT003303	528	41	0.39881	5.477880668640137	-1	0.0179332	noncoding
NONATHT003304	1824	64	0.40329	11.040549278259277	1	0.0797463	noncoding
NONATHT003305	2206	70	0.37102999999999997	9.508006858825684	1	0.0638381	noncoding
NONATHT003307	2206	70	0.37102999999999997	9.508006858825684	1	0.0638381	noncoding
NONATHT003306	2206	70	0.37102999999999997	9.508006858825684	1	0.0638381	noncoding
NONATHT003309	2206	70	0.37102999999999997	9.508006858825684	1	0.0638381	noncoding
NONATHT003308	2206	70	0.37102999999999997	9.508006858825684	1	0.0638381	noncoding
NONATHT003310	2206	70	0.37102999999999997	9.508006858825684	1	0.0638381	noncoding
NONATHT003311	374	25	0.31507999999999997	10.10562877655029	1	0.0103369	noncoding
NONATHT003312	207	13	0.40554	6.49137668609619	1	0.00288825	noncoding
NONATHT003313	470	41	0.37244999999999995	7.811005592346191	-1	0.0458396	noncoding
NONATHT003314	1067	40	0.30857999999999997	9.514002418518068	1	0.0142468	noncoding
NONATHT003315	2564	49	0.29816	10.0719762802124	1	0.0223007	noncoding
NONATHT003316	368	43	0.42050000000000004	9.324658775329592	1	0.0288904	noncoding
NONATHT003317	703	18	0.35366	5.752981376647949	1	0.00346016	noncoding
NONATHT003318	404	29	0.37735	4.677019309997559	1	0.0117401	noncoding
NONATHT003319	282	23	0.32843	8.521060371398928	1	0.00531154	noncoding
NONATHT003320	769	63	0.32932999999999996	5.809024620056152	1	0.0381779	noncoding
NONATHT003321	678	26	0.35641	7.686359596252442	1	0.00509435	noncoding
NONATHT003322	328	55	0.41456	6.230940437316894	1	0.0434865	noncoding
NONATHT003323	369	74	0.38068	10.117297554016112	1	0.0896806	noncoding
NONATHT003324	246	12	0.44513	8.344739341735842	1	0.00468619	noncoding
NONATHT003325	1063	48	0.28938	9.429355430603028	1	0.0187831	noncoding
NONATHT003326	394	44	0.43963	11.999967765808105	1	0.0500476	noncoding
NONATHT003327	328	38	0.43101000000000006	9.819775962829588	1	0.0293627	noncoding
NONATHT003328	1607	43	0.29279	4.512470436096191	1	0.0303896	noncoding
NONATHT003329	398	23	0.39103	8.023364448547362	1	0.00540549	noncoding
NONATHT003330	750	27	0.32535	10.90323162078857	1	0.0135237	noncoding
NONATHT003331	312	38	0.40781	4.528214836120605	1	0.0308588	noncoding
NONATHT003332	3228	70	0.35013	8.95744686126709	1	0.0483311	noncoding
NONATHT003333	1127	61	0.37442	9.523672676086427	1	0.0447316	noncoding
NONATHT003334	293	60	0.33282	5.823348045349121	-1	0.0439763	noncoding
NONATHT003335	388	30	0.4223	8.555422019958495	-1	0.0378367	noncoding
NONATHT003336	426	47	0.38067	4.7233999252319325	1	0.0364848	noncoding
NONATHT003337	318	18	0.37738000000000005	10.463879585266113	-1	0.124275	noncoding
NONATHT003338	296	61	0.41319	10.982592201232912	1	0.0805807	noncoding
NONATHT003339	216	52	0.43506	10.286398124694824	-1	0.104084	noncoding
NONATHT003340	380	56	0.4275	9.555197715759277	-1	0.0785389	noncoding
NONATHT003341	286	43	0.44007	7.977462959289551	1	0.0252238	noncoding
NONATHT003342	523	27	0.35347	11.999967765808105	1	0.0133321	noncoding
NONATHT003343	421	26	0.3974	5.42581615447998	1	0.00806143	noncoding
NONATHT003344	887	46	0.29984	11.058471488952637	1	0.025069	noncoding
NONATHT003345	405	37	0.31930000000000003	5.5801908493041985	1	0.0105412	noncoding
NONATHT003346	5323	70	0.30058999999999997	6.689460563659668	1	0.0395083	noncoding
NONATHT003347	5224	70	0.30058999999999997	6.689460563659668	1	0.0395083	noncoding
NONATHT003348	5224	70	0.30058999999999997	6.689460563659668	1	0.0395083	noncoding
NONATHT003349	5192	70	0.30058999999999997	6.689460563659668	1	0.0395083	noncoding
NONATHT003350	5097	70	0.30058999999999997	6.689460563659668	1	0.0395083	noncoding
NONATHT003351	2031	127	0.35272000000000003	8.65760440826416	1	0.415565	noncoding
NONATHT003352	2023	127	0.35272000000000003	8.65760440826416	1	0.415565	noncoding
NONATHT003353	2012	127	0.35272000000000003	8.65760440826416	1	0.415565	noncoding
NONATHT003354	209	20	0.30180999999999997	7.957477760314941	1	0.00451656	noncoding
NONATHT003355	719	82	0.4114	5.554272270202636	1	0.24686	noncoding
NONATHT003356	521	62	0.34931999999999996	4.531113624572753	-1	0.0252836	noncoding
NONATHT003357	258	49	0.39833999999999997	9.867482566833495	1	0.0350439	noncoding
NONATHT003358	613	25	0.41111	11.724107551574708	1	0.0163361	noncoding
NONATHT003359	640	45	0.346	11.698964881896973	-1	0.184659	noncoding
NONATHT003360	473	35	0.34772000000000003	6.490637779235839	1	0.0077361	noncoding
NONATHT003361	439	21	0.33534	8.25325870513916	1	0.0044573	noncoding
NONATHT003362	204	27	0.42074999999999996	9.864903831481932	-1	0.0733551	noncoding
NONATHT003363	208	33	0.4746099999999999	5.823348045349121	1	0.0144507	noncoding
NONATHT003364	2381	74	0.37814000000000003	8.88685398101807	1	0.0760088	noncoding
NONATHT003365	351	26	0.33481	7.922664833068849	1	0.00517153	noncoding
NONATHT003366	853	26	0.36691	9.819711494445798	1	0.00984775	noncoding
NONATHT003367	271	26	0.45118	9.819711494445798	1	0.0206405	noncoding
NONATHT003368	1016	54	0.3087	8.806655311584475	1	0.0197748	noncoding
NONATHT003369	498	70	0.39529	4.532932472229004	-1	0.026531	noncoding
NONATHT003370	217	48	0.46742999999999996	4.450913810729981	1	0.0724959	noncoding
NONATHT003371	355	26	0.34472	11.000256538391113	1	0.0129956	noncoding
NONATHT003372	269	33	0.39457	9.52476863861084	-1	0.077306	noncoding
NONATHT003373	313	53	0.4099	6.553331184387207	1	0.0342771	noncoding
NONATHT003374	396	38	0.36411	9.98436374664307	1	0.0170422	noncoding
NONATHT003375	761	64	0.40581999999999996	9.817519569396971	1	0.0758133	noncoding
NONATHT003376	761	64	0.40581999999999996	9.817519569396971	1	0.0758133	noncoding
NONATHT003377	216	63	0.33191000000000004	8.445116615295412	-1	0.107068	noncoding
NONATHT003378	386	53	0.31245	6.003982353210449	1	0.02124	noncoding
NONATHT003379	520	60	0.33012	7.655098152160646	1	0.0240369	noncoding
NONATHT003380	616	39	0.28424000000000005	10.303804588317867	1	0.0191073	noncoding
NONATHT003381	1202	68	0.27552	10.15926647186279	1	0.0392103	noncoding
NONATHT003382	1115	68	0.30438	10.15926647186279	1	0.0397167	noncoding
NONATHT003383	266	14	0.46357	11.698964881896973	1	0.0220452	noncoding
NONATHT003384	1102	25	0.38926	6.697076988220215	1	0.00531715	noncoding
NONATHT003385	369	38	0.40665	11.379717445373537	1	0.027813	noncoding
NONATHT003386	211	25	0.30108	5.194140434265136	-1	0.0416013	noncoding
NONATHT003387	243	11	0.32856	7.9536741256713865	1	0.00264491	noncoding
NONATHT003388	472	98	0.37723000000000007	6.010064125061034	1	0.307979	noncoding
NONATHT003389	369	5	0.39294	8.500108146667483	1	1.71158e-05	noncoding
NONATHT003390	765	57	0.36843000000000004	8.969889259338384	1	0.0318627	noncoding
NONATHT003391	435	20	0.38761999999999996	6.100722312927245	1	0.00421595	noncoding
NONATHT003392	306	8	0.34118000000000004	9.500077247619632	1	0.00403547	noncoding
NONATHT003393	336	67	0.40913	5.436501884460449	1	0.113397	noncoding
NONATHT003394	1152	70	0.30057999999999996	7.606046104431154	1	0.0338953	noncoding
NONATHT003395	381	25	0.38899	9.822096824645993	1	0.0104262	noncoding
NONATHT003396	251	33	0.45555	9.843049049377441	-1	0.0673028	noncoding
NONATHT003397	914	26	0.29072000000000003	7.980235099792481	-1	0.129895	noncoding
NONATHT003398	869	45	0.31678	9.428839683532715	-1	0.152648	noncoding
NONATHT003399	579	36	0.39490000000000003	11.567513847351076	1	0.0226603	noncoding
NONATHT003400	276	18	0.39752	6.490978813171386	1	0.00374109	noncoding
NONATHT003401	1195	47	0.34212	6.05178394317627	-1	0.0362675	noncoding
NONATHT003402	715	49	0.36848000000000003	7.873282051086426	1	0.0181193	noncoding
NONATHT003403	389	42	0.41083	6.693041419982911	1	0.0174014	noncoding
NONATHT003404	367	41	0.30202	9.696061134338382	1	0.015692	noncoding
NONATHT003405	761	30	0.3815700000000001	4.0500284194946286	1	0.0190068	noncoding
NONATHT003406	618	104	0.39657	7.863547325134277	1	0.341172	noncoding
NONATHT003407	310	65	0.35158	5.042607688903809	-1	0.0297457	noncoding
NONATHT003408	208	27	0.36551	7.977205085754394	1	0.00584117	noncoding
NONATHT003409	2265	44	0.35506000000000004	9.80527057647705	1	0.0199271	noncoding
NONATHT003410	1064	90	0.325	11.122166252136228	1	0.0850824	noncoding
NONATHT003411	534	27	0.40114000000000005	8.343643379211429	1	0.00777034	noncoding
NONATHT003412	534	27	0.40114000000000005	8.343643379211429	1	0.00777034	noncoding
NONATHT003413	539	52	0.35192	9.494661903381349	-1	0.120437	noncoding
NONATHT003414	418	26	0.30360000000000004	8.63278408050537	1	0.00671025	noncoding
NONATHT003415	355	42	0.43904000000000004	5.477880668640137	1	0.0297153	noncoding
NONATHT003416	248	10	0.41738000000000003	6.498254203796387	-1	0.0130087	noncoding
NONATHT003417	252	84	0.30039000000000005	10.172611427307128	1	0.061683	noncoding
NONATHT003418	784	37	0.33141	11.346645164489747	1	0.0191641	noncoding
NONATHT003419	932	44	0.35379	7.997706031799316	1	0.0130381	noncoding
NONATHT003420	932	44	0.35379	7.997706031799316	1	0.0130381	noncoding
NONATHT003421	724	75	0.31717	5.257856941223144	1	0.0865485	noncoding
NONATHT003422	350	54	0.45197	9.693353462219239	1	0.0870965	noncoding
NONATHT003423	351	18	0.41775	10.916125297546387	1	0.0125793	noncoding
NONATHT003424	349	34	0.35607999999999995	7.848010444641113	1	0.00783827	noncoding
NONATHT003425	456	41	0.36059	4.556520652770996	1	0.0229232	noncoding
NONATHT003426	439	29	0.39574	9.687615776062014	1	0.0126131	noncoding
NONATHT003427	338	29	0.4022	8.253581047058105	1	0.00854221	noncoding
NONATHT003428	202	13	0.4190900000000001	11.16600475311279	1	0.0105311	noncoding
NONATHT003429	311	22	0.42339999999999994	9.400086784362792	1	0.0101154	noncoding
NONATHT003430	551	39	0.37566999999999995	10.172611427307128	1	0.0198779	noncoding
NONATHT003431	299	38	0.42863	4.783365058898925	-1	0.0178447	noncoding
NONATHT003432	1072	59	0.38467000000000007	9.517612648010253	1	0.0451334	noncoding
NONATHT003433	219	29	0.42582000000000003	11.999967765808105	1	0.0213744	noncoding
NONATHT003434	374	28	0.39978	7.846914482116699	1	0.00728122	noncoding
NONATHT003435	365	42	0.39788999999999997	10.316375923156734	1	0.0277928	noncoding
NONATHT003436	256	39	0.37209	10.37052936553955	1	0.0203174	noncoding
NONATHT003437	470	80	0.39359	10.72007694244385	1	0.134378	noncoding
NONATHT003438	3667	75	0.33072999999999997	9.694900703430175	1	0.0547875	noncoding
NONATHT003439	3655	75	0.33072999999999997	9.694900703430175	1	0.0547875	noncoding
NONATHT003440	658	55	0.32161	10.060371971130369	1	0.0275335	noncoding
NONATHT003441	788	43	0.27337	9.656413078308105	1	0.0189587	noncoding
NONATHT003442	1602	64	0.39028	9.05086154937744	1	0.0556349	noncoding
NONATHT003443	530	92	0.41197999999999996	4.276190757751466	1	0.603979	coding
NONATHT003444	235	59	0.45499999999999996	11.308673286437987	-1	0.159245	noncoding
NONATHT003445	420	38	0.34789	4.0500284194946286	1	0.023469	noncoding
NONATHT003446	420	41	0.30963	11.999967765808105	1	0.0217533	noncoding
NONATHT003447	340	43	0.40042999999999995	6.479440498352051	1	0.0174638	noncoding
NONATHT003448	1561	61	0.27803	11.396543693542483	1	0.0391666	noncoding
NONATHT003449	249	38	0.42830000000000007	4.225490379333496	1	0.0450763	noncoding
NONATHT003450	1428	25	0.45919	5.983577156066894	1	0.00862024	noncoding
NONATHT003451	244	54	0.47078000000000003	10.855653953552245	-1	0.131803	noncoding
NONATHT003452	239	30	0.38900999999999997	6.811096000671387	-1	0.0228665	noncoding
NONATHT003453	706	73	0.35591	5.591388130187987	1	0.0845111	noncoding
NONATHT003455	575	36	0.38874	6.513941764831543	1	0.0103696	noncoding
NONATHT003454	575	36	0.38874	6.513941764831543	1	0.0103696	noncoding
NONATHT003456	414	100	0.44482	9.473645210266113	1	0.505006	coding
NONATHT003457	1206	58	0.38335	9.414721107482912	1	0.0417144	noncoding
NONATHT003458	2413	100	0.35847999999999997	9.786381340026853	1	0.181621	noncoding
NONATHT003459	295	18	0.44628	4.6476335525512695	1	0.00940857	noncoding
NONATHT003460	947	84	0.32126	7.606728172302247	1	0.0663308	noncoding
NONATHT003461	276	92	0.41996	4.604322242736816	1	0.565666	coding
NONATHT003462	251	21	0.33580000000000004	5.711318397521972	1	0.0041036	noncoding
NONATHT003463	251	30	0.42683	11.999967765808105	1	0.022594	noncoding
NONATHT003464	528	31	0.39167	10.036583137512206	1	0.0149641	noncoding
NONATHT003465	1620	44	0.38982000000000006	6.50854206085205	1	0.0168241	noncoding
NONATHT003466	212	52	0.41061	10.637106132507324	-1	0.128069	noncoding
NONATHT003467	690	52	0.36062	6.569416618347168	1	0.0207549	noncoding
NONATHT003468	261	21	0.32718	11.999967765808105	-1	0.192166	noncoding
NONATHT003469	298	31	0.38112999999999997	11.891403007507321	1	0.0163227	noncoding
NONATHT003470	891	31	0.37392000000000003	5.498172187805174	1	0.00891681	noncoding
NONATHT003471	209	0	0.41155	0.0	-1	0.00785151	noncoding
NONATHT003472	624	22	0.4049	9.78522090911865	1	0.00990985	noncoding
NONATHT003473	348	54	0.35021	9.350188255310059	1	0.0263254	noncoding
NONATHT003474	1364	88	0.39985	10.176801872253417	1	0.199284	noncoding
NONATHT003475	1479	51	0.36374	6.0358690261840815	1	0.0226499	noncoding
NONATHT003476	894	46	0.26551	9.399377632141114	1	0.0206096	noncoding
NONATHT003478	1687	55	0.26715	6.372696876525879	-1	0.135094	noncoding
NONATHT003477	1687	55	0.26715	6.372696876525879	-1	0.135094	noncoding
NONATHT003479	376	55	0.40004	6.372696876525879	-1	0.0260539	noncoding
NONATHT003480	402	19	0.35492	5.1940835952758775	1	0.00436614	noncoding
NONATHT003481	1343	77	0.36572000000000005	4.822072410583496	1	0.166107	noncoding
NONATHT003482	1343	77	0.36572000000000005	4.822072410583496	1	0.166107	noncoding
NONATHT003483	2824	78	0.38263	11.28359508514404	1	0.102068	noncoding
NONATHT003484	1115	46	0.31895	9.13918323516846	1	0.0159898	noncoding
NONATHT003485	1443	38	0.32495	6.488989448547363	1	0.0087978	noncoding
NONATHT003486	531	64	0.44698000000000004	7.884241676330566	1	0.0892913	noncoding
NONATHT003487	831	13	0.3926	4.225490379333496	1	0.00625322	noncoding
NONATHT003488	1595	45	0.32023	9.510650062561037	1	0.0170086	noncoding
NONATHT003489	1577	45	0.32767	9.510650062561037	1	0.0172659	noncoding
NONATHT003490	955	131	0.41042999999999996	5.789301490783691	1	0.870096	coding
NONATHT003491	764	50	0.29641	8.804721260070803	1	0.0171535	noncoding
NONATHT003492	1300	47	0.36507	9.500012779235842	1	0.0222515	noncoding
NONATHT003493	7138	124	0.32578999999999997	6.011314582824705	1	0.478093	noncoding
NONATHT003494	647	73	0.40032999999999996	9.88076305389404	1	0.106701	noncoding
NONATHT003495	434	14	0.39666	4.369065666198731	1	0.00634126	noncoding
NONATHT003496	416	14	0.38965	4.369065666198731	1	0.00594715	noncoding
NONATHT003497	721	43	0.32526	6.479440498352051	1	0.0113383	noncoding
NONATHT003498	543	27	0.31749	4.649338722229005	1	0.009116	noncoding
NONATHT003499	1926	52	0.27398	8.609124183654789	1	0.0196224	noncoding
NONATHT003500	244	22	0.27571	8.343836784362793	1	0.00693192	noncoding
NONATHT003501	1321	34	0.33431	9.30261058807373	1	0.0107397	noncoding
NONATHT003502	521	156	0.36678	9.449018287658692	1	0.761201	coding
NONATHT003503	664	37	0.37956	11.999967765808105	1	0.0194522	noncoding
NONATHT003504	805	80	0.40947	5.803340721130371	1	0.199253	noncoding
NONATHT003505	1153	52	0.37473	10.237982368469236	1	0.034596	noncoding
NONATHT003506	426	46	0.42721	7.944261741638185	-1	0.0337916	noncoding
NONATHT003507	1718	60	0.33531	4.593750190734863	1	0.0582903	noncoding
NONATHT003508	1718	60	0.33531	4.593750190734863	1	0.0582903	noncoding
NONATHT003509	1704	60	0.33531	4.593750190734863	1	0.0582903	noncoding
NONATHT003510	258	20	0.39781999999999995	4.0500284194946286	1	0.0117616	noncoding
NONATHT003511	3907	41	0.27042000000000005	7.998092842102051	1	0.0134044	noncoding
NONATHT003512	2158	71	0.38137	11.876059532165527	1	0.0666671	noncoding
NONATHT003513	508	16	0.29742	11.333622550964353	1	0.01318	noncoding
NONATHT003514	651	61	0.41816	6.7006010055542	1	0.0580676	noncoding
NONATHT003515	1365	54	0.30162	8.661085700988771	1	0.0192049	noncoding
NONATHT003516	1026	98	0.3699	5.344252204895019	1	0.357219	noncoding
NONATHT003517	1181	90	0.33475	9.945747184753419	-1	0.161578	noncoding
NONATHT003518	1442	143	0.30730999999999997	8.69254627227783	1	0.369123	noncoding
NONATHT003519	2273	55	0.30021	4.7081102371215815	1	0.0453905	noncoding
NONATHT003520	1274	60	0.43139	9.246652030944823	1	0.0780361	noncoding
NONATHT003521	987	44	0.3566	7.859099006652833	1	0.0129942	noncoding
NONATHT003522	987	44	0.3566	7.859099006652833	1	0.0129942	noncoding
NONATHT003523	744	54	0.27398	9.760980796813964	-1	0.178515	noncoding
NONATHT003524	1073	76	0.33986000000000005	10.167905235290526	1	0.0641942	noncoding
NONATHT003525	852	76	0.33711	10.167905235290526	1	0.0626879	noncoding
NONATHT003526	330	31	0.39028	9.694127082824707	1	0.0133838	noncoding
NONATHT003527	215	19	0.33429000000000003	9.984299278259279	1	0.00765476	noncoding
NONATHT003528	353	46	0.42787	9.78322238922119	1	0.0418817	noncoding
NONATHT003529	271	15	0.40718999999999994	6.490978813171386	1	0.00330132	noncoding
NONATHT003530	3097	39	0.27543	4.826960563659667	1	0.029141	noncoding
NONATHT003531	401	35	0.41907	9.9764986038208	-1	0.0833625	noncoding
NONATHT003532	832	27	0.41165	7.977849769592285	1	0.00770203	noncoding
NONATHT003533	607	34	0.32709999999999995	6.512861824035644	1	0.00714463	noncoding
NONATHT003534	377	40	0.41318	10.000480842590331	-1	0.0901512	noncoding
NONATHT003535	911	94	0.3813000000000001	7.6191190719604505	1	0.193672	noncoding
NONATHT003536	843	40	0.31325	10.030394172668458	1	0.0164909	noncoding
NONATHT003537	480	14	0.43223	4.0500284194946286	1	0.0104485	noncoding
NONATHT003538	391	41	0.43539000000000005	11.999967765808105	1	0.0409254	noncoding
NONATHT003539	508	28	0.28724	5.459294319152832	-1	0.0628493	noncoding
NONATHT003541	1386	35	0.29415	11.999967765808105	1	0.0215335	noncoding
NONATHT003540	1386	35	0.29415	11.999967765808105	1	0.0215335	noncoding
NONATHT003542	992	85	0.31836000000000003	9.503558540344237	1	0.068876	noncoding
NONATHT003543	2289	75	0.36574000000000007	7.826091194152833	1	0.065255	noncoding
NONATHT003544	1047	84	0.34599	9.002445793151857	1	0.083306	noncoding
NONATHT003545	1107	85	0.26545	6.696906471252441	1	0.0862726	noncoding
NONATHT003546	2331	69	0.27663	6.894819831848145	1	0.0399489	noncoding
NONATHT003547	855	35	0.25817	9.151045417785646	1	0.0159682	noncoding
NONATHT003548	1458	76	0.30996	9.222669792175292	1	0.0465122	noncoding
NONATHT003549	465	17	0.32402000000000003	10.834379386901855	1	0.00983303	noncoding
NONATHT003550	612	109	0.31113	11.369338035583493	1	0.114758	noncoding
NONATHT003551	687	132	0.34912	8.893752098083496	1	0.446617	noncoding
NONATHT003552	1068	79	0.32706999999999997	10.433257102966305	1	0.0646873	noncoding
NONATHT003553	1003	105	0.32974000000000003	6.432264137268065	1	0.224823	noncoding
NONATHT003554	452	29	0.43774	6.690085792541503	1	0.00947396	noncoding
NONATHT003555	540	55	0.31905	11.437158775329593	1	0.0314492	noncoding
NONATHT003556	738	68	0.44608	5.23273410797119	1	0.169828	noncoding
NONATHT003557	528	68	0.42334	5.23273410797119	1	0.15025	noncoding
NONATHT003558	528	68	0.41869	5.23273410797119	1	0.144627	noncoding
NONATHT003559	588	22	0.32495	10.446408653259276	1	0.010206	noncoding
NONATHT003560	593	126	0.42952999999999997	10.463105964660645	-1	0.189845	noncoding
NONATHT003561	1314	134	0.37577000000000005	9.991971015930176	1	0.567569	coding
NONATHT003562	2373	226	0.30484	10.044964027404784	1	0.846511	coding
NONATHT003563	624	87	0.34338	10.911805915832517	1	0.0949398	noncoding
NONATHT003564	222	46	0.44767000000000007	10.42487621307373	-1	0.103099	noncoding
NONATHT003565	420	76	0.45134	9.51161708831787	1	0.234178	noncoding
NONATHT003566	1047	90	0.35952000000000006	10.429324531555174	1	0.128923	noncoding
NONATHT003567	1216	54	0.33345	4.0500284194946286	1	0.0566429	noncoding
NONATHT003568	1212	113	0.34613	9.685037040710448	1	0.238914	noncoding
NONATHT003569	489	53	0.34449	9.917961311340331	1	0.0276036	noncoding
NONATHT003570	414	87	0.36992	10.178413581848144	1	0.1313	noncoding
NONATHT003571	1446	78	0.38516	6.571008110046387	1	0.109037	noncoding
NONATHT003572	1044	68	0.37335	9.394478034973144	1	0.0589833	noncoding
NONATHT003573	1338	50	0.29326	9.246652030944823	1	0.0189493	noncoding
NONATHT003574	1002	61	0.35907	9.993905067443851	1	0.0422777	noncoding
NONATHT003575	747	53	0.30622	9.057114982604979	1	0.0199715	noncoding
NONATHT003576	1368	80	0.36729999999999996	9.298484611511231	1	0.0914219	noncoding
NONATHT003577	1325	80	0.35283	9.48924655914307	1	0.0795073	noncoding
NONATHT003578	1506	67	0.32739	7.719951438903809	1	0.0325658	noncoding
NONATHT003579	1071	61	0.31337000000000004	10.11536350250244	1	0.0328642	noncoding
NONATHT003580	1182	96	0.38649999999999995	9.459977912902833	1	0.222485	noncoding
NONATHT003581	453	33	0.37747	5.876151466369628	1	0.00913929	noncoding
NONATHT003582	789	68	0.32614	7.109500694274902	1	0.0352203	noncoding
NONATHT003583	3602	45	0.26872	9.30254611968994	1	0.0189922	noncoding
NONATHT003584	771	25	0.45126000000000005	5.9695947647094725	1	0.00858916	noncoding
NONATHT003585	738	68	0.42353	5.23273410797119	1	0.150473	noncoding
NONATHT003586	528	68	0.42334	5.23273410797119	1	0.15025	noncoding
NONATHT003587	738	68	0.41980999999999996	5.23273410797119	1	0.146009	noncoding
NONATHT003588	970	68	0.37205	5.23273410797119	1	0.0885727	noncoding
NONATHT003589	339	43	0.3901	8.681780052185058	1	0.0181422	noncoding
NONATHT003590	231	50	0.45574000000000003	7.975980186462403	-1	0.0335903	noncoding
NONATHT003591	2070	43	0.32258000000000003	8.539498329162598	1	0.0123898	noncoding
NONATHT003592	612	71	0.35765	9.152076911926269	1	0.0554863	noncoding
NONATHT003593	720	71	0.41331	9.726490211486816	1	0.113439	noncoding
NONATHT003594	528	80	0.38228	6.8072309494018555	1	0.111373	noncoding
NONATHT003595	738	68	0.41980999999999996	5.23273410797119	1	0.146009	noncoding
NONATHT003596	528	68	0.40483	5.23273410797119	1	0.126758	noncoding
NONATHT003597	528	142	0.35393	8.933013343811037	1	0.581897	coding
NONATHT003598	528	142	0.35455000000000003	9.354701042175293	1	0.566646	coding
NONATHT003599	581	142	0.34931	9.354701042175293	1	0.538211	coding
NONATHT003600	738	142	0.35616	9.354701042175293	1	0.575313	coding
NONATHT003601	528	142	0.35455000000000003	9.354701042175293	1	0.566646	coding
NONATHT003602	1008	257	0.36682	10.584628868103025	1	0.992226	coding
NONATHT003603	403	13	0.37492	5.587466239929199	1	0.00290502	noncoding
NONATHT003604	720	51	0.33988	4.501102638244629	1	0.0375929	noncoding
NONATHT003605	740	42	0.38721	7.800239372253419	1	0.0143148	noncoding
NONATHT003606	692	18	0.32525000000000004	8.498431968688966	1	0.00429185	noncoding
NONATHT003607	1481	97	0.38905	7.948838996887207	1	0.23627	noncoding
NONATHT003608	776	27	0.36768	11.522901725769042	1	0.0142351	noncoding
NONATHT003609	1103	54	0.35996	9.656413078308105	1	0.0300573	noncoding
NONATHT003610	802	35	0.32512	9.512777519226074	1	0.0118381	noncoding
NONATHT003611	623	27	0.36697	11.522901725769042	1	0.0142146	noncoding
NONATHT003612	585	85	0.35151	4.532932472229004	-1	0.0348327	noncoding
NONATHT003613	915	68	0.34107000000000004	6.552023887634278	1	0.0423202	noncoding
NONATHT003614	1337	80	0.41975000000000007	9.3570219039917	1	0.176419	noncoding
NONATHT003615	3828	124	0.30725	10.220833778381348	1	0.190719	noncoding
NONATHT003616	337	106	0.35155000000000003	9.60722370147705	-1	0.148854	noncoding
NONATHT003617	306	20	0.44456	11.000256538391113	1	0.0196881	noncoding
NONATHT003618	581	26	0.40398999999999996	10.191049385070801	1	0.0135854	noncoding
NONATHT003619	1734	83	0.30732000000000004	10.004606819152833	1	0.0617757	noncoding
NONATHT003620	1386	68	0.35296	11.999967765808105	1	0.0453654	noncoding
NONATHT003621	1203	36	0.3167	9.521093940734861	-1	0.154896	noncoding
NONATHT003622	642	20	0.38495	11.000063133239745	-1	0.142749	noncoding
NONATHT003623	483	22	0.376	6.694576072692871	1	0.00413805	noncoding
NONATHT003624	675	98	0.34687	10.422426414489745	-1	0.169238	noncoding
NONATHT003625	972	67	0.38742999999999994	11.53979244232178	1	0.0687551	noncoding
NONATHT003626	535	24	0.4307	9.697028160095215	1	0.0135664	noncoding
NONATHT003627	825	56	0.38769	6.02836627960205	1	0.037726	noncoding
NONATHT003628	827	29	0.34086	10.564772605895993	1	0.0131391	noncoding
NONATHT003629	933	48	0.38835000000000003	5.244613456726074	1	0.0319736	noncoding
NONATHT003630	630	47	0.32155	8.630527687072757	1	0.0148563	noncoding
NONATHT003631	711	42	0.39593	10.90323162078857	1	0.0295805	noncoding
NONATHT003632	615	41	0.39366	6.497742652893066	1	0.0145672	noncoding
NONATHT003633	1239	55	0.28922000000000003	9.69941349029541	1	0.0246787	noncoding
NONATHT003634	278	19	0.44096	11.555264854431151	1	0.0184688	noncoding
NONATHT003635	603	82	0.37718	11.65506191253662	-1	0.181671	noncoding
NONATHT003636	603	82	0.34808	11.255615806579591	-1	0.178081	noncoding
NONATHT003637	390	87	0.43649	6.940177345275878	-1	0.0433451	noncoding
NONATHT003638	253	76	0.45397000000000004	9.366885566711428	-1	0.0846125	noncoding
NONATHT003639	1186	55	0.33036	9.696254539489747	1	0.0264362	noncoding
NONATHT003640	696	90	0.38498000000000004	8.475610160827639	1	0.165253	noncoding
NONATHT003641	2342	59	0.32364	9.746604347229002	1	0.0299191	noncoding
NONATHT003642	736	61	0.34281	10.418171501159666	1	0.0397526	noncoding
NONATHT003643	1503	73	0.35736999999999997	10.011311531066895	-1	0.144775	noncoding
NONATHT003644	315	72	0.40973000000000004	11.161685371398924	-1	0.165042	noncoding
NONATHT003645	377	36	0.41915	11.344646644592284	1	0.0294632	noncoding
NONATHT003646	2016	44	0.34426999999999996	11.38139362335205	1	0.0239755	noncoding
NONATHT003647	1876	88	0.32284999999999997	9.69251537322998	1	0.0802521	noncoding
NONATHT003648	1347	68	0.35428	6.10526943206787	1	0.052782	noncoding
NONATHT003649	960	88	0.34475999999999996	9.69251537322998	1	0.100254	noncoding
NONATHT003650	1347	68	0.35428	6.10526943206787	1	0.052782	noncoding
NONATHT003651	413	91	0.4099	5.134061622619628	1	0.425362	noncoding
NONATHT003652	1566	82	0.36192	4.638652992248535	1	0.225517	noncoding
NONATHT003653	1023	48	0.32927	7.998415184020996	1	0.0142153	noncoding
NONATHT003654	1560	115	0.32150999999999996	9.24014072418213	1	0.190717	noncoding
NONATHT003655	984	38	0.37332	10.271699333190917	1	0.0192157	noncoding
NONATHT003656	1431	59	0.39349	9.383840751647949	1	0.0482172	noncoding
NONATHT003657	987	97	0.32158	8.933980369567873	1	0.105452	noncoding
NONATHT003658	359	29	0.38036	9.038805961608887	1	0.00927289	noncoding
NONATHT003659	581	53	0.38856	10.545754432678223	-1	0.136077	noncoding
NONATHT003660	1260	61	0.34617	8.712853813171385	1	0.0306179	noncoding
NONATHT003661	1529	24	0.28670999999999996	8.254677009582519	1	0.00640706	noncoding
NONATHT003662	256	64	0.36949	8.710919761657713	1	0.0426822	noncoding
NONATHT003663	308	37	0.36258	9.057501792907715	-1	0.0861257	noncoding
NONATHT003664	246	25	0.42295	10.666761589050292	1	0.0175517	noncoding
NONATHT003665	1638	91	0.32349	8.779707527160646	1	0.0862087	noncoding
NONATHT003666	804	53	0.32908	8.013500785827638	1	0.0177975	noncoding
NONATHT003667	561	19	0.34722	11.000256538391113	1	0.0102236	noncoding
NONATHT003668	747	25	0.38485	10.46123638153076	1	0.0123113	noncoding
NONATHT003669	484	56	0.40556	6.131926918029785	1	0.0436281	noncoding
NONATHT003670	279	93	0.45136000000000004	5.2209684371948235	1	0.531851	coding
NONATHT003671	942	34	0.40415	7.9580579757690435	1	0.0107604	noncoding
NONATHT003672	519	75	0.37118999999999996	10.240109825134276	1	0.0846121	noncoding
NONATHT003673	570	71	0.33441	5.699552726745606	1	0.0617465	noncoding
NONATHT003674	1338	36	0.37560000000000004	5.332088661193848	1	0.0130715	noncoding
NONATHT003675	1170	37	0.35315	9.992035484313966	1	0.015637	noncoding
NONATHT003676	233	15	0.42793000000000003	11.16600475311279	1	0.0126624	noncoding
NONATHT003677	984	86	0.32615	9.492921257019042	1	0.0763063	noncoding
NONATHT003678	307	60	0.46613	8.526475715637208	1	0.101421	noncoding
NONATHT003679	1176	64	0.42187	6.1465913772583	1	0.0815712	noncoding
NONATHT003680	420	16	0.31378	5.935377693176269	1	0.00332133	noncoding
NONATHT003681	423	39	0.44194000000000006	10.847466468811035	1	0.0460078	noncoding
NONATHT003682	1290	67	0.38922999999999996	9.509811973571779	1	0.0681174	noncoding
NONATHT003683	973	97	0.28981	10.431451988220214	1	0.0819414	noncoding
NONATHT003684	314	71	0.46971	6.379460716247559	1	0.147398	noncoding
NONATHT003685	260	22	0.39327999999999996	8.345384025573733	1	0.00563357	noncoding
NONATHT003686	1653	48	0.34387999999999996	8.804721260070803	1	0.017386	noncoding
NONATHT003687	2111	41	0.41406	9.237690925598145	1	0.0236669	noncoding
NONATHT003688	867	68	0.41239000000000003	11.512909126281738	1	0.0987088	noncoding
NONATHT003689	788	54	0.31418	4.119258308410643	1	0.0552846	noncoding
NONATHT003690	4725	53	0.33488	8.884855461120608	-1	0.114845	noncoding
NONATHT003691	743	46	0.41464	11.5567476272583	1	0.0416251	noncoding
NONATHT003692	886	46	0.40568	11.80308132171631	1	0.035434	noncoding
NONATHT003693	273	23	0.24917	4.649338722229005	1	0.0389825	noncoding
NONATHT003694	489	62	0.36412999999999995	9.18650302886963	1	0.0400621	noncoding
NONATHT003695	238	53	0.39863	7.998415184020996	-1	0.0439137	noncoding
NONATHT003696	252	54	0.38088	11.255615806579591	1	0.0417282	noncoding
NONATHT003697	756	31	0.30129	4.529692649841309	1	0.0142207	noncoding
NONATHT003698	222	12	0.32871999999999996	4.0500284194946286	-1	0.0127658	noncoding
NONATHT003699	317	37	0.32294	9.62301845550537	1	0.0131774	noncoding
NONATHT003700	1215	50	0.42803	5.967775917053221	1	0.0386202	noncoding
NONATHT003701	963	113	0.34646	8.17022342681885	1	0.259909	noncoding
NONATHT003702	297	19	0.36989	5.3026460647583	1	0.00448537	noncoding
NONATHT003703	1396	60	0.37751999999999997	9.18650302886963	1	0.0414021	noncoding
NONATHT003704	572	24	0.38484999999999997	5.060398292541502	1	0.00751872	noncoding
NONATHT003705	528	49	0.39561	9.846208000183104	1	0.0339394	noncoding
NONATHT003706	342	26	0.42303999999999997	11.824484825134277	-1	0.153805	noncoding
NONATHT003707	1277	105	0.29538	9.942330360412598	1	0.105104	noncoding
NONATHT003708	540	2	0.30900000000000005	5.275022315979004	1	1.20594e-05	noncoding
NONATHT003709	609	39	0.31692	9.302803993225098	1	0.0128623	noncoding
NONATHT003710	774	87	0.36229999999999996	9.049185371398927	1	0.113262	noncoding
NONATHT003711	445	60	0.36222	4.621032905578613	1	0.069703	noncoding
NONATHT003712	786	72	0.30820000000000003	4.775521278381347	1	0.097174	noncoding
NONATHT003713	891	105	0.31540999999999997	10.058244514465333	1	0.127132	noncoding
NONATHT003714	939	53	0.31793	6.5087694168090815	1	0.0185235	noncoding
NONATHT003715	899	45	0.37718999999999997	8.402503013610843	1	0.0170821	noncoding
NONATHT003716	908	56	0.34998	8.884275245666508	1	0.026009	noncoding
NONATHT003717	432	29	0.44247	7.846656608581544	1	0.0108815	noncoding
NONATHT003718	211	50	0.41724000000000006	9.249939918518066	-1	0.0670577	noncoding
NONATHT003719	513	46	0.44498	4.413115882873536	1	0.0708929	noncoding
NONATHT003720	2814	115	0.34815999999999997	5.0169164657592775	1	0.581615	coding
NONATHT003721	246	57	0.44899999999999995	6.231622505187987	1	0.0628287	noncoding
NONATHT003722	693	69	0.38781	4.800644111633301	1	0.139705	noncoding
NONATHT003723	386	87	0.40703000000000006	5.368295097351075	1	0.322437	noncoding
NONATHT003724	485	126	0.42967	8.73380603790283	1	0.756263	coding
NONATHT003725	1210	118	0.36314	9.590268516540526	1	0.345272	noncoding
NONATHT003726	627	49	0.43167	9.871737480163574	1	0.0524144	noncoding
NONATHT003727	1069	52	0.32454	6.694121360778809	-1	0.0615611	noncoding
NONATHT003728	663	46	0.46945	7.787345695495605	1	0.0375389	noncoding
NONATHT003729	687	24	0.30852	5.279569435119628	1	0.00637157	noncoding
NONATHT003730	2179	59	0.28211	8.463619041442872	1	0.0231858	noncoding
NONATHT003731	350	51	0.48816	5.47282199859619	1	0.0441943	noncoding
NONATHT003733	323	38	0.37555000000000005	11.435418128967285	-1	0.170827	noncoding
NONATHT003732	323	38	0.37555000000000005	11.435418128967285	-1	0.170827	noncoding
NONATHT003734	834	59	0.42567999999999995	6.692473030090333	-1	0.0275773	noncoding
NONATHT003735	855	23	0.39771	4.0500284194946286	1	0.014334	noncoding
NONATHT003736	884	44	0.35866	8.098405647277833	1	0.0136003	noncoding
NONATHT003737	787	54	0.34135000000000004	11.34496898651123	1	0.0324626	noncoding
NONATHT003738	556	59	0.42464	7.856907081604004	1	0.0531816	noncoding
NONATHT003739	2961	108	0.23335999999999998	8.267699623107912	1	0.134964	noncoding
NONATHT003740	2746	108	0.23335999999999998	8.267699623107912	1	0.134964	noncoding
NONATHT003741	1889	108	0.311	8.267699623107912	1	0.144682	noncoding
NONATHT003742	1841	108	0.311	8.267699623107912	1	0.144682	noncoding
NONATHT003743	529	97	0.39759	6.5094514846801745	1	0.317144	noncoding
NONATHT003744	2270	84	0.29728	8.693577766418457	1	0.0553226	noncoding
NONATHT003745	6118	84	0.31738	8.693577766418457	1	0.062748	noncoding
NONATHT003746	295	30	0.36873	8.180216026306152	1	0.00722008	noncoding
NONATHT003747	1022	64	0.31738	7.719724082946779	-1	0.101461	noncoding
NONATHT003748	681	227	0.24935	11.652096366882326	1	0.291312	noncoding
NONATHT003749	450	24	0.40714000000000006	5.1940835952758775	1	0.00848725	noncoding
NONATHT003750	326	15	0.35905	5.380401802062988	1	0.00326738	noncoding
NONATHT003751	303	39	0.47692	9.098632621765137	1	0.0454247	noncoding
NONATHT003752	395	20	0.388	6.487341117858887	-1	0.0180682	noncoding
NONATHT003753	395	27	0.32536	9.49814319610596	1	0.0087312	noncoding
NONATHT003754	234	40	0.39375	8.786992454528807	1	0.0164508	noncoding
NONATHT003755	1027	47	0.27976	10.101244926452637	1	0.022721	noncoding
NONATHT003756	425	59	0.40435000000000004	10.042256355285645	-1	0.108815	noncoding
NONATHT003757	737	44	0.30289	8.494821739196777	1	0.0128382	noncoding
NONATHT003758	259	54	0.37833999999999995	9.997515296936037	-1	0.119631	noncoding
NONATHT003759	219	35	0.4557	8.25267848968506	1	0.0197138	noncoding
NONATHT003760	287	10	0.4195	11.999967765808105	1	0.00900825	noncoding
NONATHT003761	411	19	0.37644999999999995	9.303964424133298	1	0.00616846	noncoding
NONATHT003762	744	54	0.38140999999999997	10.01376132965088	-1	0.118093	noncoding
NONATHT003763	1044	22	0.33281	5.752754020690918	1	0.00431288	noncoding
NONATHT003764	495	68	0.31355	8.800724220275882	1	0.0338416	noncoding
NONATHT003765	360	35	0.40673	4.0500284194946286	1	0.0348006	noncoding
NONATHT003766	1364	59	0.36822	4.761766242980956	-1	0.0228936	noncoding
NONATHT003767	1862	48	0.34665	10.160878181457516	1	0.0242764	noncoding
NONATHT003768	4768	56	0.26066	8.55516414642334	1	0.0248948	noncoding
NONATHT003769	2260	50	0.27740000000000004	8.683971977233888	1	0.0181659	noncoding
NONATHT003770	208	52	0.34752000000000005	10.047929573059083	-1	0.146953	noncoding
NONATHT003771	1974	144	0.38413	4.715044593811036	1	0.951834	coding
NONATHT003772	412	20	0.41486	11.105404472351072	1	0.0137651	noncoding
NONATHT003773	454	27	0.40412	5.270532035827636	1	0.0097043	noncoding
NONATHT003774	207	40	0.42036	5.527330589294433	1	0.0228064	noncoding
NONATHT003775	538	78	0.40068000000000004	9.512841987609864	1	0.128051	noncoding
NONATHT003776	477	39	0.33131	9.622953987121583	1	0.0143232	noncoding
NONATHT003777	738	47	0.32516	5.557398414611816	1	0.01788	noncoding
NONATHT003778	1285	43	0.35434	11.364825248718262	1	0.0239006	noncoding
NONATHT003779	736	56	0.27536	9.696061134338382	1	0.0265954	noncoding
NONATHT003780	557	55	0.33269	10.119618415832516	1	0.0291058	noncoding
NONATHT003781	341	41	0.40448	10.27163486480713	1	0.0280554	noncoding
NONATHT003782	424	23	0.38809000000000005	9.699606895446777	1	0.00905904	noncoding
NONATHT003783	326	60	0.28307	9.696061134338382	1	0.028794	noncoding
NONATHT003784	1432	77	0.38351999999999997	11.435418128967285	1	0.096408	noncoding
NONATHT003785	826	55	0.31744	10.255711174011228	1	0.0282309	noncoding
NONATHT003786	826	55	0.31744	10.255711174011228	1	0.0282309	noncoding
NONATHT003787	406	32	0.36706	6.538666725158691	-1	0.0265354	noncoding
NONATHT003788	260	54	0.44176	8.803496360778809	1	0.0584593	noncoding
NONATHT003789	395	41	0.43477000000000005	9.626564216613769	1	0.0339481	noncoding
NONATHT003790	578	36	0.43855	10.33346004486084	1	0.0340559	noncoding
NONATHT003791	1165	106	0.42443	5.392508506774903	1	0.666291	coding
NONATHT003792	312	67	0.32692	10.246234321594237	-1	0.170339	noncoding
NONATHT003793	849	35	0.41091	8.63220386505127	1	0.0140557	noncoding
NONATHT003794	2023	66	0.28535000000000005	9.997450828552246	1	0.0356841	noncoding
NONATHT003795	747	36	0.36332	10.182410621643069	1	0.0164516	noncoding
NONATHT003796	817	66	0.2962	9.997450828552246	1	0.0358598	noncoding
NONATHT003797	239	65	0.33602	9.240785408020017	-1	0.131479	noncoding
NONATHT003798	269	5	0.38943	7.999833488464356	1	1.19399e-05	noncoding
NONATHT003799	1232	81	0.43682999999999994	11.664990043640138	1	0.230105	noncoding
NONATHT003800	219	2	0.32912	5.275022315979004	1	8.14064e-06	noncoding
NONATHT003801	357	63	0.35121	11.755181312561035	-1	0.179481	noncoding
NONATHT003802	1386	62	0.43928	10.283368110656735	-1	0.112013	noncoding
NONATHT003803	333	31	0.31623	7.996932411193848	1	0.00671465	noncoding
NONATHT003804	333	31	0.31623	7.996932411193848	1	0.00671465	noncoding
NONATHT003805	304	21	0.30689	9.524639701843263	-1	0.165281	noncoding
NONATHT003806	2270	83	0.30288000000000004	11.45856227874756	1	0.0593753	noncoding
NONATHT003808	1227	59	0.30381	9.996032524108887	1	0.0295266	noncoding
NONATHT003809	1227	59	0.30381	9.996032524108887	1	0.0295266	noncoding
NONATHT003807	1227	59	0.30381	9.996032524108887	1	0.0295266	noncoding
NONATHT003810	365	75	0.38219	6.237704277038574	1	0.0982805	noncoding
NONATHT003811	556	61	0.40247000000000005	6.963936042785644	1	0.0478546	noncoding
NONATHT003812	370	26	0.40748	10.455885505676267	1	0.0150148	noncoding
NONATHT003813	274	70	0.40730000000000005	10.266606330871582	-1	0.125531	noncoding
NONATHT003814	522	85	0.28771	8.449951744079591	1	0.0553771	noncoding
NONATHT003815	1630	92	0.34463999999999995	5.093137550354004	1	0.24562	noncoding
NONATHT003816	560	30	0.38287	10.024269676208494	-1	0.104723	noncoding
NONATHT003817	293	36	0.43183	9.520771598815916	1	0.0243224	noncoding
NONATHT003818	1207	68	0.42608999999999997	9.034035301208494	1	0.10408	noncoding
NONATHT003819	525	36	0.38639	7.761614418029786	1	0.0101992	noncoding
NONATHT003820	359	107	0.44097000000000003	8.910320472717284	1	0.567886	coding
NONATHT003821	1757	40	0.28384	9.49814319610596	1	0.0154611	noncoding
NONATHT003822	3912	57	0.26407	9.795277976989745	1	0.0300506	noncoding
NONATHT003823	929	36	0.32674000000000003	9.784834098815914	1	0.0133784	noncoding
NONATHT003824	705	66	0.34007	6.968085289001464	1	0.0353036	noncoding
NONATHT003825	305	40	0.34813	9.520771598815916	-1	0.120535	noncoding
NONATHT003826	1028	59	0.40427	8.588558769226076	1	0.0467922	noncoding
NONATHT003827	202	23	0.43072	10.834443855285645	-1	0.108036	noncoding
NONATHT003828	444	27	0.33246000000000003	9.997450828552246	1	0.0103335	noncoding
NONATHT003829	2668	94	0.44149	10.101373863220214	1	0.424301	noncoding
NONATHT003830	1180	55	0.3046	5.791972923278809	1	0.0259543	noncoding
NONATHT003831	665	33	0.41435	5.3026460647583	1	0.0153205	noncoding
NONATHT003832	321	20	0.42510000000000003	4.0500284194946286	1	0.0150863	noncoding
NONATHT003833	1064	350	0.43071000000000004	9.871350669860838	-1	0.604426	coding
NONATHT003834	410	54	0.39472999999999997	9.032101249694826	1	0.0356914	noncoding
NONATHT003835	274	53	0.36352	10.07474842071533	-1	0.13431	noncoding
NONATHT003836	260	75	0.37224999999999997	9.760593986511228	1	0.0822675	noncoding
NONATHT003837	213	52	0.33612	7.848719596862794	-1	0.0787776	noncoding
NONATHT003838	1483	96	0.34173	10.137153816223144	1	0.129102	noncoding
NONATHT003839	268	15	0.36984999999999996	4.0500284194946286	1	0.00647111	noncoding
NONATHT003840	552	23	0.41508	4.535092353820801	1	0.0122181	noncoding
NONATHT003841	441	60	0.40845	9.394735908508299	-1	0.0815579	noncoding
NONATHT003842	543	40	0.37964	6.9484758377075195	1	0.0117199	noncoding
NONATHT003843	671	58	0.35239	10.01285877227783	1	0.0358174	noncoding
NONATHT003844	619	32	0.30445	11.38835620880127	1	0.0182839	noncoding
NONATHT003845	1571	60	0.3067	10.01285877227783	1	0.0307062	noncoding
NONATHT003846	202	20	0.33251000000000003	7.736377906799317	1	0.00376769	noncoding
NONATHT003847	717	66	0.32169	9.510650062561037	1	0.0363952	noncoding
NONATHT003848	454	25	0.30958	9.304802513122556	-1	0.153675	noncoding
NONATHT003849	2291	84	0.39078999999999997	11.212293052673338	1	0.141788	noncoding
NONATHT003850	502	33	0.43207	10.288847923278805	1	0.0264735	noncoding
NONATHT003851	227	65	0.38781000000000004	6.734136009216309	-1	0.0349296	noncoding
NONATHT003852	573	29	0.42135	7.614287757873536	1	0.00876142	noncoding
NONATHT003853	520	56	0.38399	9.098116874694824	1	0.035871	noncoding
NONATHT003854	380	50	0.38337999999999994	8.94049167633057	1	0.0258129	noncoding
NONATHT003855	2350	71	0.37723999999999996	10.7303918838501	1	0.0784246	noncoding
NONATHT003856	873	71	0.41465	11.766398811340334	-1	0.181974	noncoding
NONATHT003857	222	41	0.34585999999999995	9.099793052673341	1	0.0139418	noncoding
NONATHT003858	543	49	0.37629	10.453113365173337	-1	0.138442	noncoding
NONATHT003859	4496	83	0.31722	10.470648765563965	1	0.0678095	noncoding
NONATHT003860	4496	83	0.31722	10.470648765563965	1	0.0678095	noncoding
NONATHT003861	4939	83	0.27643	10.470648765563965	1	0.0572034	noncoding
NONATHT003862	594	31	0.40487	11.000063133239745	1	0.0201864	noncoding
NONATHT003863	630	50	0.32496	5.090295600891112	1	0.0255641	noncoding
NONATHT003864	508	43	0.36178999999999994	10.029233741760255	1	0.0209396	noncoding
NONATHT003865	539	53	0.39678	10.67230587005615	1	0.046721	noncoding
NONATHT003866	632	58	0.37907	5.270361518859862	1	0.0525366	noncoding
NONATHT003867	1578	115	0.42267	5.021634101867675	1	0.82232	coding
NONATHT003868	366	2	0.31138	5.275022315979004	1	1.13311e-05	noncoding
NONATHT003869	1037	43	0.31657	10.11536350250244	1	0.0185896	noncoding
NONATHT003870	243	16	0.38231	8.345384025573733	1	0.00388251	noncoding
NONATHT003871	248	28	0.36029	10.54859104156494	1	0.0129642	noncoding
NONATHT003872	312	14	0.34438	8.500108146667483	-1	0.074027	noncoding
NONATHT003873	236	17	0.39901999999999993	9.303577613830566	-1	0.0591073	noncoding
NONATHT003874	776	50	0.35502	9.29990291595459	1	0.0226369	noncoding
NONATHT003875	279	52	0.40829	6.493536567687988	1	0.032169	noncoding
NONATHT003876	315	77	0.43256	10.449889945983884	-1	0.135035	noncoding
NONATHT003877	796	35	0.42499000000000003	11.999967765808105	1	0.0271421	noncoding
NONATHT003878	507	45	0.36636	6.67979793548584	1	0.0144421	noncoding
NONATHT003879	234	78	0.41563	10.067270088195798	1	0.164927	noncoding
NONATHT003880	370	38	0.35976	9.486087608337403	1	0.0145154	noncoding
NONATHT003881	875	66	0.37531000000000003	11.999967765808105	1	0.0505523	noncoding
NONATHT003882	1847	70	0.24582	10.030394172668458	1	0.0498796	noncoding
NONATHT003883	1268	79	0.45341	9.237755393981931	1	0.260062	noncoding
NONATHT003884	502	53	0.34014	11.999967765808105	1	0.0280672	noncoding
NONATHT003885	400	33	0.34215	7.933946800231935	1	0.00726229	noncoding
NONATHT003886	667	24	0.41731	10.288976860046386	1	0.0143143	noncoding
NONATHT003887	419	66	0.4043	9.018820762634277	1	0.071574	noncoding
NONATHT003888	228	76	0.35807	8.956286430358887	1	0.0674488	noncoding
NONATHT003889	497	46	0.34439	9.512970924377441	1	0.0190574	noncoding
NONATHT003890	297	48	0.42405000000000004	9.600583457946776	1	0.0420254	noncoding
NONATHT003891	315	23	0.45625	8.13856945037842	1	0.00928457	noncoding
NONATHT003892	207	29	0.40524000000000004	11.999967765808105	1	0.0171213	noncoding
NONATHT003893	300	49	0.37424999999999997	9.780192375183102	1	0.0277185	noncoding
NONATHT003894	534	37	0.37143	9.99261569976807	1	0.0170133	noncoding
NONATHT003895	702	29	0.33299000000000006	9.516645622253417	1	0.00945297	noncoding
NONATHT003896	815	32	0.36918999999999996	10.04438381195068	1	0.0137808	noncoding
NONATHT003897	361	24	0.33482	11.999967765808105	1	0.012833	noncoding
NONATHT003898	315	19	0.38222	8.344739341735842	1	0.00453916	noncoding
NONATHT003899	344	42	0.46009	5.104050636291503	1	0.0358862	noncoding
NONATHT003900	204	40	0.37788	8.180602836608887	-1	0.0504208	noncoding
NONATHT003901	239	41	0.34807	9.778967475891111	1	0.0169797	noncoding
NONATHT003902	630	23	0.3832	10.916125297546387	1	0.0123467	noncoding
NONATHT003903	2620	40	0.25242000000000003	8.160166358947755	1	0.0172509	noncoding
NONATHT003904	250	24	0.41529	5.9373670578002935	1	0.00681058	noncoding
NONATHT003905	432	71	0.35668	9.238786888122558	1	0.055618	noncoding
NONATHT003906	1172	81	0.36307999999999996	11.999967765808105	1	0.0724451	noncoding
NONATHT003907	725	93	0.45184	8.59307155609131	1	0.401753	noncoding
NONATHT003908	688	27	0.41652	4.529692649841309	1	0.0161837	noncoding
NONATHT003909	1480	57	0.34282999999999997	9.494210624694826	1	0.029268	noncoding
NONATHT003910	627	28	0.42578	8.887821006774903	1	0.01191	noncoding
NONATHT003911	269	34	0.38126000000000004	6.8120622634887695	1	0.00847123	noncoding
NONATHT003912	422	52	0.41028000000000003	9.8986852645874	1	0.0463495	noncoding
NONATHT003913	322	57	0.38563	5.986362266540527	-1	0.0263103	noncoding
NONATHT003914	767	40	0.45122	10.277437019348142	1	0.0501296	noncoding
NONATHT003915	202	28	0.37657999999999997	5.218808555603027	1	0.00843746	noncoding
NONATHT003916	240	7	0.42308	5.275022315979004	1	0.00298052	noncoding
NONATHT003917	1418	45	0.40928	11.623730278015138	1	0.0369809	noncoding
NONATHT003918	1318	45	0.39430000000000004	11.623730278015138	1	0.0317116	noncoding
NONATHT003919	323	13	0.32404	5.585192680358887	1	0.00285326	noncoding
NONATHT003920	205	12	0.37141	4.512527275085449	1	0.00416499	noncoding
NONATHT003921	249	12	0.33424	4.512527275085449	1	0.00379497	noncoding
NONATHT003922	578	55	0.42180999999999996	6.0128492355346665	1	0.0494379	noncoding
NONATHT003923	422	0	0.3632	0.0	-1	2.77414e-06	noncoding
NONATHT003924	233	22	0.39105999999999996	9.99261569976807	1	0.00970312	noncoding
NONATHT003925	591	80	0.4389700000000001	7.582003211975098	1	0.189229	noncoding
NONATHT003926	243	11	0.29069	9.519997978210448	1	0.00615576	noncoding
NONATHT003927	201	29	0.37453000000000003	4.0500284194946286	1	0.0165648	noncoding
NONATHT003928	308	80	0.42079	6.682242012023925	-1	0.0375574	noncoding
NONATHT003929	606	34	0.35768999999999995	7.936138725280762	1	0.00800831	noncoding
NONATHT003930	496	50	0.34451	11.824484825134277	1	0.0272508	noncoding
NONATHT003931	1139	81	0.35748	10.369239997863769	1	0.0917972	noncoding
NONATHT003932	3507	117	0.35772	9.65602626800537	1	0.312672	noncoding
NONATHT003933	320	23	0.39618000000000003	5.897352409362793	1	0.00563916	noncoding
NONATHT003934	405	64	0.41590000000000005	11.381780433654786	1	0.0910514	noncoding
NONATHT003935	216	45	0.47355	8.293615913391115	-1	0.0346707	noncoding
NONATHT003936	355	52	0.37474999999999997	9.785349845886227	1	0.0317753	noncoding
NONATHT003937	368	34	0.28723	5.8159589767456055	1	0.0112164	noncoding
NONATHT003938	505	14	0.44947	8.500108146667483	1	0.00583465	noncoding
NONATHT003939	487	33	0.37475	11.999967765808105	1	0.0166147	noncoding
NONATHT003940	425	41	0.40670999999999996	5.464352989196779	1	0.0222803	noncoding
NONATHT003941	479	21	0.41082	6.696565437316894	1	0.00481184	noncoding
NONATHT003942	613	32	0.38663	7.999124336242676	-1	0.0393337	noncoding
NONATHT003943	445	66	0.37985	6.478474235534668	1	0.0547173	noncoding
NONATHT003944	368	25	0.28859	11.999967765808105	-1	0.164399	noncoding
NONATHT003945	265	33	0.36163	10.05224895477295	1	0.0139557	noncoding
NONATHT003946	641	57	0.45275999999999994	5.40114803314209	1	0.0828354	noncoding
NONATHT003947	940	36	0.45444	6.014099693298339	1	0.0175929	noncoding
NONATHT003948	1670	65	0.40866	10.965637016296387	1	0.0894788	noncoding
NONATHT003949	861	42	0.30205000000000004	9.782319831848142	1	0.0166037	noncoding
NONATHT003950	2266	85	0.4278	8.036515998840333	1	0.2165	noncoding
NONATHT003951	284	35	0.38441000000000003	5.918780708312987	1	0.0107351	noncoding
NONATHT003952	302	32	0.32669000000000004	11.999967765808105	1	0.0163356	noncoding
NONATHT003953	282	8	0.48287	8.500108146667483	1	0.00563226	noncoding
NONATHT003954	316	37	0.4297	10.82438678741455	-1	0.118494	noncoding
NONATHT003955	206	24	0.41762	9.303577613830566	1	0.0102796	noncoding
NONATHT003956	287	69	0.44974	11.999967765808105	-1	0.193595	noncoding
NONATHT003957	480	58	0.43835	7.00952091217041	1	0.0561674	noncoding
NONATHT003958	607	36	0.38234	10.284399604797361	1	0.0187102	noncoding
NONATHT003959	244	17	0.38419	9.69728603363037	1	0.00670114	noncoding
NONATHT003960	257	31	0.39183999999999997	10.834443855285645	1	0.0178628	noncoding
NONATHT003961	298	0	0.38384	0.0	-1	1.36623e-05	noncoding
NONATHT003962	1161	32	0.39844999999999997	10.24610538482666	1	0.0174425	noncoding
NONATHT003963	803	95	0.35740000000000005	10.382649421691895	1	0.149302	noncoding
NONATHT003964	1739	73	0.40064	9.58878574371338	1	0.10346	noncoding
NONATHT003965	280	20	0.40814	8.364789009094238	1	0.00558281	noncoding
NONATHT003966	782	82	0.44397	9.42800159454346	1	0.268265	noncoding
NONATHT003968	571	25	0.31791	10.468972587585448	1	0.0115614	noncoding
NONATHT003967	585	25	0.29536	10.468972587585448	1	0.0129638	noncoding
NONATHT003969	1052	105	0.41375	10.003575325012207	1	0.422471	noncoding
NONATHT003970	459	47	0.3305	9.846143531799317	1	0.0204313	noncoding
NONATHT003971	475	32	0.41041	6.8017175674438475	1	0.00934534	noncoding
NONATHT003972	857	56	0.45869	4.087712669372559	1	0.159665	noncoding
NONATHT003973	722	36	0.41514	9.681684684753417	1	0.0211324	noncoding
NONATHT003974	921	70	0.40405	9.453917884826662	1	0.0924761	noncoding
NONATHT003975	591	47	0.30162	8.979946327209475	1	0.0158953	noncoding
NONATHT003976	278	46	0.40987999999999997	11.330850410461426	1	0.0403879	noncoding
NONATHT003977	1662	57	0.33456	9.917961311340331	1	0.0303655	noncoding
NONATHT003978	244	7	0.35863	7.999833488464356	1	1.32721e-05	noncoding
NONATHT003979	437	41	0.44025	6.70759220123291	1	0.0204965	noncoding
NONATHT003980	202	0	0.44745999999999997	0.0	-1	0.0448433	noncoding
NONATHT003981	430	74	0.41330999999999996	7.944584083557129	1	0.106123	noncoding
NONATHT003982	550	30	0.3522	11.999967765808105	-1	0.185921	noncoding
NONATHT003983	872	54	0.31034999999999996	10.012407493591308	1	0.0256519	noncoding
NONATHT003984	427	34	0.41067	11.999967765808105	1	0.0219386	noncoding
NONATHT003985	745	80	0.43525	10.489795875549316	1	0.243844	noncoding
NONATHT003986	265	87	0.4051	4.282499885559083	-1	0.0378133	noncoding
NONATHT003987	348	32	0.44564	9.300612068176267	1	0.0216092	noncoding
NONATHT003988	229	9	0.32021	5.275022315979004	1	0.00257724	noncoding
NONATHT003989	1627	94	0.43071	4.999296379089355	1	0.555286	coding
NONATHT003990	634	24	0.35922	4.657068824768066	1	0.00760641	noncoding
NONATHT003991	2031	81	0.38844	9.183344078063964	1	0.121216	noncoding
NONATHT003992	437	31	0.33558	6.696679115295409	-1	0.0434348	noncoding
NONATHT003993	1075	36	0.3286	9.51658115386963	1	0.0123341	noncoding
NONATHT003994	208	39	0.42241	9.897847175598145	-1	0.0815231	noncoding
NONATHT003995	746	44	0.32428999999999997	6.165689277648925	1	0.0127002	noncoding
NONATHT003996	204	11	0.32484	4.352013969421387	1	0.00403635	noncoding
NONATHT003997	886	67	0.34867	7.906999015808106	1	0.037876	noncoding
NONATHT003998	233	27	0.36717	11.122166252136228	1	0.0140261	noncoding
NONATHT003999	522	35	0.33801000000000003	4.927281379699706	1	0.0119658	noncoding
NONATHT004000	208	60	0.34507999999999994	11.008572959899901	-1	0.178008	noncoding
NONATHT004001	734	34	0.32143	9.09972858428955	1	0.0100129	noncoding
NONATHT004002	988	66	0.39963000000000004	6.115727806091308	1	0.0744764	noncoding
NONATHT004003	425	82	0.35804	10.025107765197756	1	0.0946008	noncoding
NONATHT004004	1238	94	0.33945000000000003	9.515291786193849	1	0.116441	noncoding
NONATHT004005	253	27	0.27322	7.821707344055176	-1	0.150969	noncoding
NONATHT004006	207	13	0.40112000000000003	4.0500284194946286	-1	0.00988643	noncoding
NONATHT004007	966	96	0.33828	9.787606239318848	1	0.123992	noncoding
NONATHT004008	1171	96	0.32659	9.787606239318848	1	0.108918	noncoding
NONATHT004009	1138	51	0.32615000000000005	7.998415184020996	1	0.0161028	noncoding
NONATHT004010	935	30	0.35814999999999997	5.05215663909912	1	0.00906411	noncoding
NONATHT004011	935	30	0.35814999999999997	5.05215663909912	1	0.00906411	noncoding
NONATHT004012	240	31	0.38629	6.489898872375488	1	0.00759442	noncoding
NONATHT004013	688	49	0.34233	7.847752571105957	1	0.0153893	noncoding
NONATHT004014	242	14	0.35019999999999996	9.992422294616702	-1	0.130436	noncoding
NONATHT004015	242	16	0.40828	8.366529655456542	1	0.00447717	noncoding
NONATHT004016	1066	28	0.40659999999999996	6.047577857971191	1	0.00800063	noncoding
NONATHT004017	736	82	0.3517	9.300805473327635	1	0.0836214	noncoding
NONATHT004018	490	59	0.33002	7.767127799987794	1	0.0230146	noncoding
NONATHT004019	244	2	0.44225	5.27274875640869	-1	0.00959559	noncoding
NONATHT004020	208	39	0.43518	10.859908866882325	-1	0.120163	noncoding
NONATHT004021	803	44	0.43023999999999996	9.515356254577636	1	0.0361819	noncoding
NONATHT004022	787	36	0.34198000000000006	9.52528438568115	1	0.0126599	noncoding
NONATHT004023	425	30	0.41288	9.302288246154784	1	0.0134742	noncoding
NONATHT004024	231	12	0.38892	5.275022315979004	1	0.00330167	noncoding
NONATHT004025	204	14	0.42784	5.27252140045166	1	0.00486765	noncoding
NONATHT004026	612	75	0.36229999999999996	10.50668659210205	1	0.0778533	noncoding
NONATHT004027	421	36	0.33253	8.840243339538574	-1	0.109013	noncoding
NONATHT004028	319	25	0.39335999999999993	7.810038566589356	-1	0.0313389	noncoding
NONATHT004029	455	59	0.39075	6.903800392150879	1	0.0382032	noncoding
NONATHT004030	277	26	0.44453000000000004	4.677076148986816	1	0.0158689	noncoding
NONATHT004031	562	60	0.38536000000000004	9.300869941711426	-1	0.0898686	noncoding
NONATHT004032	383	30	0.39339999999999997	4.0500284194946286	1	0.0216649	noncoding
NONATHT004033	3707	116	0.32005	10.93997859954834	1	0.164173	noncoding
NONATHT004034	230	53	0.42088000000000003	9.873542594909669	-1	0.0907435	noncoding
NONATHT004035	351	44	0.39595	6.066675758361816	-1	0.021155	noncoding
NONATHT004036	1681	52	0.309	8.940298271179202	1	0.018853	noncoding
NONATHT004037	1681	52	0.309	8.940298271179202	1	0.018853	noncoding
NONATHT004038	1641	52	0.309	8.940298271179202	1	0.018853	noncoding
NONATHT004039	925	60	0.37989	8.690741157531736	1	0.038839	noncoding
NONATHT004040	463	42	0.44726	10.231019783020017	1	0.0512505	noncoding
NONATHT004041	447	58	0.40871	9.42800159454346	1	0.055044	noncoding
NONATHT004042	323	58	0.44663	9.42800159454346	1	0.0913196	noncoding
NONATHT004043	269	47	0.43766000000000005	11.700254249572755	1	0.0597547	noncoding
NONATHT004044	260	37	0.38971999999999996	9.591171073913571	1	0.0171838	noncoding
NONATHT004045	301	54	0.39613999999999994	7.648845863342285	1	0.0296043	noncoding
NONATHT004046	468	57	0.44132	10.517904090881348	1	0.101324	noncoding
