Transcript_ID	Prediction	Prob_Protein_Coding	Prob_lncRNA	FASTA_File
NONATHT000001	lncRNA	0.013740443508569544	0.9862595564914304	NONCODEv6_ATH.fa
NONATHT000002	lncRNA	0.04766657449289228	0.9523334255071083	NONCODEv6_ATH.fa
NONATHT000003	lncRNA	0.17347046604238148	0.8265295339576185	NONCODEv6_ATH.fa
NONATHT000004	lncRNA	0.16439666264206637	0.8356033373579339	NONCODEv6_ATH.fa
NONATHT000005	lncRNA	0.28147941227898116	0.7185205877210185	NONCODEv6_ATH.fa
NONATHT000006	lncRNA	0.04312894827069337	0.9568710517293071	NONCODEv6_ATH.fa
NONATHT000007	lncRNA	0.028037559976426835	0.9719624400235735	NONCODEv6_ATH.fa
NONATHT000008	lncRNA	0.1167065439431748	0.8832934560568251	NONCODEv6_ATH.fa
NONATHT000009	Protein_Coding	0.500397042374607	0.499602957625393	NONCODEv6_ATH.fa
NONATHT000010	lncRNA	0.4978697052919728	0.5021302947080272	NONCODEv6_ATH.fa
NONATHT000011	lncRNA	0.4874326826575208	0.5125673173424791	NONCODEv6_ATH.fa
NONATHT000012	lncRNA	0.4874326826575208	0.5125673173424791	NONCODEv6_ATH.fa
NONATHT000013	lncRNA	0.22534818449374636	0.7746518155062532	NONCODEv6_ATH.fa
NONATHT000014	lncRNA	0.13326278339191303	0.8667372166080866	NONCODEv6_ATH.fa
NONATHT000015	lncRNA	0.12572986280881615	0.8742701371911842	NONCODEv6_ATH.fa
NONATHT000016	lncRNA	0.11650114257591336	0.8834988574240865	NONCODEv6_ATH.fa
NONATHT000017	lncRNA	0.07361564941589077	0.9263843505841088	NONCODEv6_ATH.fa
NONATHT000018	lncRNA	0.12393034780119264	0.8760696521988068	NONCODEv6_ATH.fa
NONATHT000019	lncRNA	0.2115062586755279	0.7884937413244717	NONCODEv6_ATH.fa
NONATHT000020	lncRNA	0.37435357839456557	0.6256464216054346	NONCODEv6_ATH.fa
NONATHT000021	lncRNA	0.11939038659712065	0.8806096134028791	NONCODEv6_ATH.fa
NONATHT000022	lncRNA	0.12863616135479639	0.8713638386452034	NONCODEv6_ATH.fa
NONATHT000023	lncRNA	0.1739246130374005	0.8260753869625992	NONCODEv6_ATH.fa
NONATHT000024	lncRNA	0.058571218621433316	0.941428781378567	NONCODEv6_ATH.fa
NONATHT000025	lncRNA	0.10481431559244	0.8951856844075595	NONCODEv6_ATH.fa
NONATHT000026	lncRNA	0.20342170948984833	0.7965782905101514	NONCODEv6_ATH.fa
NONATHT000027	lncRNA	0.26981146112439375	0.7301885388756063	NONCODEv6_ATH.fa
NONATHT000028	lncRNA	0.0983691110299761	0.9016308889700239	NONCODEv6_ATH.fa
NONATHT000029	lncRNA	0.05208125016622255	0.9479187498337774	NONCODEv6_ATH.fa
NONATHT000030	lncRNA	0.05475896916112537	0.945241030838874	NONCODEv6_ATH.fa
NONATHT000031	lncRNA	0.14739010152565887	0.8526098984743411	NONCODEv6_ATH.fa
NONATHT000032	lncRNA	0.16553176885046006	0.8344682311495394	NONCODEv6_ATH.fa
NONATHT000033	lncRNA	0.019830699668633017	0.9801693003313665	NONCODEv6_ATH.fa
NONATHT000034	lncRNA	0.1454960695707585	0.8545039304292413	NONCODEv6_ATH.fa
NONATHT000035	lncRNA	0.09019563972653279	0.9098043602734673	NONCODEv6_ATH.fa
NONATHT000036	lncRNA	0.07374028836514705	0.9262597116348524	NONCODEv6_ATH.fa
NONATHT000037	lncRNA	0.12452470229972158	0.8754752977002777	NONCODEv6_ATH.fa
NONATHT000038	lncRNA	0.043795597844994504	0.9562044021550057	NONCODEv6_ATH.fa
NONATHT000039	lncRNA	0.40073312533055566	0.5992668746694444	NONCODEv6_ATH.fa
NONATHT000040	lncRNA	0.17143715648124838	0.8285628435187514	NONCODEv6_ATH.fa
NONATHT000041	lncRNA	0.17071793906398883	0.8292820609360106	NONCODEv6_ATH.fa
NONATHT000042	lncRNA	0.06597271137709519	0.9340272886229047	NONCODEv6_ATH.fa
NONATHT000043	lncRNA	0.09000301821153062	0.9099969817884693	NONCODEv6_ATH.fa
NONATHT000044	lncRNA	0.11678475370773549	0.8832152462922643	NONCODEv6_ATH.fa
NONATHT000045	lncRNA	0.13595075065088344	0.8640492493491163	NONCODEv6_ATH.fa
NONATHT000046	lncRNA	0.03733094947250932	0.9626690505274909	NONCODEv6_ATH.fa
NONATHT000047	lncRNA	0.01706671027399282	0.9829332897260071	NONCODEv6_ATH.fa
NONATHT000048	lncRNA	0.09414471339600738	0.9058552866039927	NONCODEv6_ATH.fa
NONATHT000049	lncRNA	0.14857652109060127	0.851423478909399	NONCODEv6_ATH.fa
NONATHT000050	lncRNA	0.1433904837725772	0.8566095162274225	NONCODEv6_ATH.fa
NONATHT000051	lncRNA	0.1883300177533387	0.811669982246661	NONCODEv6_ATH.fa
NONATHT000052	lncRNA	0.12328864856836343	0.8767113514316365	NONCODEv6_ATH.fa
NONATHT000053	lncRNA	0.1250151398172683	0.8749848601827316	NONCODEv6_ATH.fa
NONATHT000054	lncRNA	0.05880246194516852	0.9411975380548319	NONCODEv6_ATH.fa
NONATHT000055	lncRNA	0.0781553814525592	0.9218446185474409	NONCODEv6_ATH.fa
NONATHT000056	lncRNA	0.2221345441338534	0.7778654558661463	NONCODEv6_ATH.fa
NONATHT000057	lncRNA	0.49942799605068544	0.5005720039493147	NONCODEv6_ATH.fa
NONATHT000058	lncRNA	0.21718307822881433	0.7828169217711858	NONCODEv6_ATH.fa
NONATHT000059	lncRNA	0.13781855679949948	0.8621814432004999	NONCODEv6_ATH.fa
NONATHT000060	lncRNA	0.019512263684043858	0.9804877363159566	NONCODEv6_ATH.fa
NONATHT000061	lncRNA	0.13046553144014986	0.8695344685598498	NONCODEv6_ATH.fa
NONATHT000062	lncRNA	0.10243809745855023	0.8975619025414496	NONCODEv6_ATH.fa
NONATHT000063	lncRNA	0.17783512529403364	0.8221648747059661	NONCODEv6_ATH.fa
NONATHT000064	lncRNA	0.02651702270645775	0.9734829772935425	NONCODEv6_ATH.fa
NONATHT000065	lncRNA	0.2623419073205742	0.7376580926794255	NONCODEv6_ATH.fa
NONATHT000066	lncRNA	0.16239444469046194	0.837605555309538	NONCODEv6_ATH.fa
NONATHT000069	lncRNA	0.2911253767314929	0.708874623268507	NONCODEv6_ATH.fa
NONATHT000068	lncRNA	0.29302028856518053	0.7069797114348194	NONCODEv6_ATH.fa
NONATHT000067	lncRNA	0.27929117257764097	0.7207088274223589	NONCODEv6_ATH.fa
NONATHT000070	lncRNA	0.058599682189434385	0.9414003178105652	NONCODEv6_ATH.fa
NONATHT000071	lncRNA	0.07241540772143573	0.9275845922785643	NONCODEv6_ATH.fa
NONATHT000072	lncRNA	0.12412410206841257	0.8758758979315875	NONCODEv6_ATH.fa
NONATHT000073	lncRNA	0.08286982256621048	0.9171301774337891	NONCODEv6_ATH.fa
NONATHT000074	lncRNA	0.14729539542252212	0.852704604577478	NONCODEv6_ATH.fa
NONATHT000075	lncRNA	0.028301433553080235	0.9716985664469194	NONCODEv6_ATH.fa
NONATHT000076	lncRNA	0.0322596634212298	0.96774033657877	NONCODEv6_ATH.fa
NONATHT000077	lncRNA	0.04231896070038023	0.9576810392996193	NONCODEv6_ATH.fa
NONATHT000078	lncRNA	0.10484725584348134	0.8951527441565187	NONCODEv6_ATH.fa
NONATHT000079	lncRNA	0.09694048672521292	0.9030595132747868	NONCODEv6_ATH.fa
NONATHT000080	lncRNA	0.10014329024223888	0.8998567097577608	NONCODEv6_ATH.fa
NONATHT000081	lncRNA	0.13634562313464965	0.8636543768653502	NONCODEv6_ATH.fa
NONATHT000082	lncRNA	0.04017649130999529	0.9598235086900049	NONCODEv6_ATH.fa
NONATHT000083	lncRNA	0.10908534864313406	0.8909146513568658	NONCODEv6_ATH.fa
NONATHT000084	lncRNA	0.21621536206317185	0.7837846379368274	NONCODEv6_ATH.fa
NONATHT000085	lncRNA	0.0791512008502628	0.9208487991497376	NONCODEv6_ATH.fa
NONATHT000086	lncRNA	0.051888438484506444	0.9481115615154927	NONCODEv6_ATH.fa
NONATHT000087	lncRNA	0.15958704738612473	0.8404129526138748	NONCODEv6_ATH.fa
NONATHT000088	lncRNA	0.047368446405164064	0.9526315535948351	NONCODEv6_ATH.fa
NONATHT000089	lncRNA	0.026620563629286883	0.9733794363707131	NONCODEv6_ATH.fa
NONATHT000090	lncRNA	0.139190692339778	0.8608093076602216	NONCODEv6_ATH.fa
NONATHT000091	lncRNA	0.0573262064798187	0.9426737935201818	NONCODEv6_ATH.fa
NONATHT000092	lncRNA	0.30634883231302934	0.6936511676869702	NONCODEv6_ATH.fa
NONATHT000093	lncRNA	0.13982681643745518	0.8601731835625441	NONCODEv6_ATH.fa
NONATHT000094	lncRNA	0.35121704221788147	0.6487829577821183	NONCODEv6_ATH.fa
NONATHT000095	lncRNA	0.02154776945163549	0.9784522305483642	NONCODEv6_ATH.fa
NONATHT000096	lncRNA	0.025777082142841815	0.9742229178571585	NONCODEv6_ATH.fa
NONATHT000097	lncRNA	0.11301348557208855	0.8869865144279113	NONCODEv6_ATH.fa
NONATHT000098	lncRNA	0.07534689804918944	0.92465310195081	NONCODEv6_ATH.fa
NONATHT000099	lncRNA	0.16773999915972396	0.8322600008402758	NONCODEv6_ATH.fa
NONATHT000100	lncRNA	0.24738333697288473	0.7526166630271144	NONCODEv6_ATH.fa
NONATHT000101	lncRNA	0.04969784884380797	0.9503021511561918	NONCODEv6_ATH.fa
NONATHT000102	lncRNA	0.17813274771739496	0.8218672522826044	NONCODEv6_ATH.fa
NONATHT000103	lncRNA	0.11865615173375156	0.8813438482662487	NONCODEv6_ATH.fa
NONATHT000104	lncRNA	0.058331147927387555	0.9416688520726126	NONCODEv6_ATH.fa
NONATHT000105	Protein_Coding	0.5846949863529994	0.41530501364700045	NONCODEv6_ATH.fa
NONATHT000106	lncRNA	0.03473003736884006	0.9652699626311597	NONCODEv6_ATH.fa
NONATHT000107	lncRNA	0.16887018169000192	0.8311298183099975	NONCODEv6_ATH.fa
NONATHT000108	lncRNA	0.1714309106424642	0.8285690893575358	NONCODEv6_ATH.fa
NONATHT000109	lncRNA	0.401674351685308	0.5983256483146916	NONCODEv6_ATH.fa
NONATHT000110	lncRNA	0.021305589838522945	0.9786944101614766	NONCODEv6_ATH.fa
NONATHT000111	lncRNA	0.30902274064523294	0.6909772593547664	NONCODEv6_ATH.fa
NONATHT000112	lncRNA	0.43242518941881986	0.5675748105811801	NONCODEv6_ATH.fa
NONATHT000113	lncRNA	0.32338967798495327	0.6766103220150467	NONCODEv6_ATH.fa
NONATHT000114	lncRNA	0.043339430161971344	0.956660569838029	NONCODEv6_ATH.fa
NONATHT000115	lncRNA	0.21066499021888704	0.7893350097811125	NONCODEv6_ATH.fa
NONATHT000116	lncRNA	0.1908271610226413	0.8091728389773587	NONCODEv6_ATH.fa
NONATHT000117	lncRNA	0.012727307010682344	0.9872726929893175	NONCODEv6_ATH.fa
NONATHT000118	lncRNA	0.04568130295269558	0.9543186970473048	NONCODEv6_ATH.fa
NONATHT000119	lncRNA	0.10045506775049742	0.8995449322495024	NONCODEv6_ATH.fa
NONATHT000120	lncRNA	0.2141686683540877	0.785831331645912	NONCODEv6_ATH.fa
NONATHT000121	lncRNA	0.02244151467357273	0.9775584853264276	NONCODEv6_ATH.fa
NONATHT000122	lncRNA	0.13287957268936734	0.8671204273106328	NONCODEv6_ATH.fa
NONATHT000123	lncRNA	0.4746399878430081	0.5253600121569918	NONCODEv6_ATH.fa
NONATHT000124	lncRNA	0.3046661804821297	0.69533381951787	NONCODEv6_ATH.fa
NONATHT000125	lncRNA	0.16383887883350245	0.8361611211664973	NONCODEv6_ATH.fa
NONATHT000126	lncRNA	0.06279136948388007	0.9372086305161202	NONCODEv6_ATH.fa
NONATHT000127	lncRNA	0.04081401874873994	0.9591859812512605	NONCODEv6_ATH.fa
NONATHT000128	lncRNA	0.020379908166516393	0.9796200918334839	NONCODEv6_ATH.fa
NONATHT000129	lncRNA	0.09183118285682917	0.9081688171431709	NONCODEv6_ATH.fa
NONATHT000130	lncRNA	0.2765239883119147	0.7234760116880851	NONCODEv6_ATH.fa
NONATHT000131	lncRNA	0.08938600109017347	0.9106139989098265	NONCODEv6_ATH.fa
NONATHT000132	lncRNA	0.0835462503281575	0.9164537496718431	NONCODEv6_ATH.fa
NONATHT000133	lncRNA	0.2295273675450842	0.7704726324549155	NONCODEv6_ATH.fa
NONATHT000134	lncRNA	0.08464395570874345	0.9153560442912564	NONCODEv6_ATH.fa
NONATHT000135	lncRNA	0.03659258726645734	0.9634074127335427	NONCODEv6_ATH.fa
NONATHT000136	lncRNA	0.0858079165186557	0.9141920834813436	NONCODEv6_ATH.fa
NONATHT000137	lncRNA	0.2723290435995086	0.7276709564004911	NONCODEv6_ATH.fa
NONATHT000138	lncRNA	0.12878101851228135	0.8712189814877186	NONCODEv6_ATH.fa
NONATHT000139	lncRNA	0.08146989298782756	0.9185301070121722	NONCODEv6_ATH.fa
NONATHT000140	lncRNA	0.07944616348042963	0.9205538365195707	NONCODEv6_ATH.fa
NONATHT000141	lncRNA	0.27393068567996715	0.7260693143200324	NONCODEv6_ATH.fa
NONATHT000142	lncRNA	0.12766071433426474	0.8723392856657353	NONCODEv6_ATH.fa
NONATHT000143	lncRNA	0.06268879119318115	0.9373112088068186	NONCODEv6_ATH.fa
NONATHT000144	lncRNA	0.008441062731054967	0.9915589372689452	NONCODEv6_ATH.fa
NONATHT000145	lncRNA	0.09619733146139718	0.9038026685386028	NONCODEv6_ATH.fa
NONATHT000146	lncRNA	0.05148891213539759	0.9485110878646026	NONCODEv6_ATH.fa
NONATHT000147	lncRNA	0.05659973815222364	0.9434002618477761	NONCODEv6_ATH.fa
NONATHT000148	lncRNA	0.12655940534608198	0.8734405946539181	NONCODEv6_ATH.fa
NONATHT000149	lncRNA	0.1254203563832167	0.8745796436167833	NONCODEv6_ATH.fa
NONATHT000150	lncRNA	0.014494124669382196	0.985505875330618	NONCODEv6_ATH.fa
NONATHT000151	lncRNA	0.2633567724951764	0.7366432275048236	NONCODEv6_ATH.fa
NONATHT000152	lncRNA	0.06692130323715809	0.933078696762842	NONCODEv6_ATH.fa
NONATHT000153	lncRNA	0.09724248712235062	0.9027575128776488	NONCODEv6_ATH.fa
NONATHT000154	lncRNA	0.023319570884734284	0.976680429115266	NONCODEv6_ATH.fa
NONATHT000155	lncRNA	0.028092272539995213	0.9719077274600042	NONCODEv6_ATH.fa
NONATHT000156	lncRNA	0.3881965422158624	0.6118034577841377	NONCODEv6_ATH.fa
NONATHT000157	lncRNA	0.03334861740300451	0.9666513825969953	NONCODEv6_ATH.fa
NONATHT000158	lncRNA	0.08600008856481818	0.9139999114351816	NONCODEv6_ATH.fa
NONATHT000159	lncRNA	0.3207620563972187	0.6792379436027816	NONCODEv6_ATH.fa
NONATHT000160	lncRNA	0.05738445843939168	0.9426155415606082	NONCODEv6_ATH.fa
NONATHT000161	lncRNA	0.11849735606181794	0.8815026439381821	NONCODEv6_ATH.fa
NONATHT000162	lncRNA	0.026998591428775285	0.9730014085712243	NONCODEv6_ATH.fa
NONATHT000163	lncRNA	0.4214280331910235	0.5785719668089766	NONCODEv6_ATH.fa
NONATHT000164	lncRNA	0.12173746551815087	0.8782625344818482	NONCODEv6_ATH.fa
NONATHT000165	lncRNA	0.11156244318783627	0.8884375568121635	NONCODEv6_ATH.fa
NONATHT000166	lncRNA	0.03682281167111407	0.9631771883288855	NONCODEv6_ATH.fa
NONATHT000167	lncRNA	0.483693688394381	0.5163063116056192	NONCODEv6_ATH.fa
NONATHT000168	lncRNA	0.3741441763070533	0.6258558236929465	NONCODEv6_ATH.fa
NONATHT000169	lncRNA	0.06414217262031646	0.9358578273796835	NONCODEv6_ATH.fa
NONATHT000170	lncRNA	0.030032527681953778	0.9699674723180467	NONCODEv6_ATH.fa
NONATHT000171	lncRNA	0.029659982324092924	0.970340017675907	NONCODEv6_ATH.fa
NONATHT000172	lncRNA	0.05078106803186938	0.9492189319681311	NONCODEv6_ATH.fa
NONATHT000173	lncRNA	0.22958548517594732	0.7704145148240524	NONCODEv6_ATH.fa
NONATHT000174	lncRNA	0.22296528920522085	0.7770347107947791	NONCODEv6_ATH.fa
NONATHT000175	lncRNA	0.25010963456239127	0.7498903654376092	NONCODEv6_ATH.fa
NONATHT000176	lncRNA	0.22637044482961055	0.7736295551703891	NONCODEv6_ATH.fa
NONATHT000177	lncRNA	0.41829368739913486	0.5817063126008651	NONCODEv6_ATH.fa
NONATHT000178	lncRNA	0.11922398266545807	0.8807760173345419	NONCODEv6_ATH.fa
NONATHT000179	lncRNA	0.10731272197236578	0.892687278027634	NONCODEv6_ATH.fa
NONATHT000180	lncRNA	0.31601748825838577	0.6839825117416145	NONCODEv6_ATH.fa
NONATHT000181	lncRNA	0.18155196825935888	0.818448031740641	NONCODEv6_ATH.fa
NONATHT000182	lncRNA	0.29067808006491963	0.7093219199350791	NONCODEv6_ATH.fa
NONATHT000183	lncRNA	0.15297774100784634	0.8470222589921539	NONCODEv6_ATH.fa
NONATHT000184	lncRNA	0.05126948977326469	0.9487305102267354	NONCODEv6_ATH.fa
NONATHT000185	lncRNA	0.25396103974914946	0.74603896025085	NONCODEv6_ATH.fa
NONATHT000186	lncRNA	0.2972193992597842	0.7027806007402154	NONCODEv6_ATH.fa
NONATHT000187	lncRNA	0.06432901932150804	0.9356709806784914	NONCODEv6_ATH.fa
NONATHT000188	lncRNA	0.21555660792403228	0.7844433920759677	NONCODEv6_ATH.fa
NONATHT000189	lncRNA	0.12015889056890167	0.8798411094310983	NONCODEv6_ATH.fa
NONATHT000190	lncRNA	0.012923197609965112	0.9870768023900346	NONCODEv6_ATH.fa
NONATHT000191	lncRNA	0.09746941978760114	0.9025305802123991	NONCODEv6_ATH.fa
NONATHT000192	lncRNA	0.12348726596428623	0.876512734035714	NONCODEv6_ATH.fa
NONATHT000193	lncRNA	0.11351394886963057	0.8864860511303695	NONCODEv6_ATH.fa
NONATHT000194	lncRNA	0.05604092744626344	0.9439590725537361	NONCODEv6_ATH.fa
NONATHT000195	lncRNA	0.17019589464933219	0.8298041053506674	NONCODEv6_ATH.fa
NONATHT000196	lncRNA	0.19971783341997498	0.8002821665800252	NONCODEv6_ATH.fa
NONATHT000197	lncRNA	0.08800072665456193	0.9119992733454375	NONCODEv6_ATH.fa
NONATHT000198	lncRNA	0.36520789946445686	0.6347921005355434	NONCODEv6_ATH.fa
NONATHT000199	lncRNA	0.0579052955998688	0.9420947044001309	NONCODEv6_ATH.fa
NONATHT000200	lncRNA	0.08117832116388711	0.9188216788361123	NONCODEv6_ATH.fa
NONATHT000201	lncRNA	0.23622936347918191	0.7637706365208178	NONCODEv6_ATH.fa
NONATHT000202	lncRNA	0.03950526765515476	0.9604947323448453	NONCODEv6_ATH.fa
NONATHT000203	lncRNA	0.020207098643281563	0.9797929013567193	NONCODEv6_ATH.fa
NONATHT000204	lncRNA	0.0907335853658993	0.9092664146341007	NONCODEv6_ATH.fa
NONATHT000205	lncRNA	0.3028948858745622	0.6971051141254377	NONCODEv6_ATH.fa
NONATHT000206	lncRNA	0.2767480552271365	0.7232519447728626	NONCODEv6_ATH.fa
NONATHT000207	lncRNA	0.3195786175023049	0.680421382497695	NONCODEv6_ATH.fa
NONATHT000208	lncRNA	0.11481074853393299	0.8851892514660674	NONCODEv6_ATH.fa
NONATHT000209	Protein_Coding	0.6713773957505741	0.328622604249426	NONCODEv6_ATH.fa
NONATHT000210	lncRNA	0.1591745542974943	0.8408254457025052	NONCODEv6_ATH.fa
NONATHT000211	lncRNA	0.1396498670442676	0.8603501329557327	NONCODEv6_ATH.fa
NONATHT000212	lncRNA	0.0389621507004879	0.961037849299512	NONCODEv6_ATH.fa
NONATHT000213	lncRNA	0.3126066544734957	0.6873933455265039	NONCODEv6_ATH.fa
NONATHT000214	lncRNA	0.008792873712077735	0.9912071262879221	NONCODEv6_ATH.fa
NONATHT000215	lncRNA	0.011115845923778773	0.9888841540762217	NONCODEv6_ATH.fa
NONATHT000216	lncRNA	0.249843736212019	0.7501562637879806	NONCODEv6_ATH.fa
NONATHT000217	lncRNA	0.08273932294055884	0.9172606770594409	NONCODEv6_ATH.fa
NONATHT000218	lncRNA	0.09400301490983576	0.9059969850901635	NONCODEv6_ATH.fa
NONATHT000219	lncRNA	0.0479302443081447	0.9520697556918549	NONCODEv6_ATH.fa
NONATHT000220	lncRNA	0.08396055377287918	0.9160394462271203	NONCODEv6_ATH.fa
NONATHT000221	lncRNA	0.06895621618126536	0.9310437838187345	NONCODEv6_ATH.fa
NONATHT000222	lncRNA	0.43539633281884926	0.5646036671811504	NONCODEv6_ATH.fa
NONATHT000223	lncRNA	0.15969263155959398	0.8403073684404059	NONCODEv6_ATH.fa
NONATHT000224	lncRNA	0.20205675259271488	0.7979432474072851	NONCODEv6_ATH.fa
NONATHT000225	lncRNA	0.03385940241438884	0.9661405975856108	NONCODEv6_ATH.fa
NONATHT000226	lncRNA	0.0354253881277871	0.9645746118722128	NONCODEv6_ATH.fa
NONATHT000227	lncRNA	0.2511924695544424	0.7488075304455571	NONCODEv6_ATH.fa
NONATHT000228	lncRNA	0.1626723404277308	0.8373276595722687	NONCODEv6_ATH.fa
NONATHT000229	lncRNA	0.11094535779763787	0.8890546422023625	NONCODEv6_ATH.fa
NONATHT000230	lncRNA	0.1156207782411851	0.8843792217588146	NONCODEv6_ATH.fa
NONATHT000231	lncRNA	0.10149017767606694	0.898509822323933	NONCODEv6_ATH.fa
NONATHT000232	lncRNA	0.14725904393896824	0.8527409560610318	NONCODEv6_ATH.fa
NONATHT000233	lncRNA	0.466535381716672	0.5334646182833279	NONCODEv6_ATH.fa
NONATHT000234	lncRNA	0.03679176175131924	0.9632082382486814	NONCODEv6_ATH.fa
NONATHT000235	lncRNA	0.08287808981867717	0.9171219101813224	NONCODEv6_ATH.fa
NONATHT000236	lncRNA	0.011634360906326472	0.9883656390936738	NONCODEv6_ATH.fa
NONATHT000237	lncRNA	0.03613220642027778	0.963867793579722	NONCODEv6_ATH.fa
NONATHT000238	lncRNA	0.14129843169945752	0.8587015683005417	NONCODEv6_ATH.fa
NONATHT000239	lncRNA	0.0496396820026366	0.9503603179973635	NONCODEv6_ATH.fa
NONATHT000240	lncRNA	0.18361415418199287	0.8163858458180068	NONCODEv6_ATH.fa
NONATHT000241	Protein_Coding	0.5950782772716087	0.4049217227283914	NONCODEv6_ATH.fa
NONATHT000242	lncRNA	0.22300075545942075	0.7769992445405789	NONCODEv6_ATH.fa
NONATHT000243	lncRNA	0.023127193391623186	0.9768728066083767	NONCODEv6_ATH.fa
NONATHT000244	lncRNA	0.25277668954133	0.7472233104586695	NONCODEv6_ATH.fa
NONATHT000245	lncRNA	0.06962304059470407	0.930376959405296	NONCODEv6_ATH.fa
NONATHT000246	lncRNA	0.134068382149543	0.8659316178504569	NONCODEv6_ATH.fa
NONATHT000247	lncRNA	0.014024339792951784	0.9859756602070481	NONCODEv6_ATH.fa
NONATHT000248	lncRNA	0.20403691013674827	0.7959630898632513	NONCODEv6_ATH.fa
NONATHT000249	lncRNA	0.1957080759867254	0.8042919240132739	NONCODEv6_ATH.fa
NONATHT000250	lncRNA	0.20697261199249914	0.7930273880075008	NONCODEv6_ATH.fa
NONATHT000251	lncRNA	0.08157775191165398	0.9184222480883457	NONCODEv6_ATH.fa
NONATHT000252	lncRNA	0.1653942614692128	0.8346057385307866	NONCODEv6_ATH.fa
NONATHT000253	lncRNA	0.06478813414657476	0.9352118658534246	NONCODEv6_ATH.fa
NONATHT000254	lncRNA	0.14495470608180572	0.8550452939181944	NONCODEv6_ATH.fa
NONATHT000255	lncRNA	0.28848706437560034	0.7115129356243998	NONCODEv6_ATH.fa
NONATHT000256	lncRNA	0.15160772165860711	0.848392278341393	NONCODEv6_ATH.fa
NONATHT000257	lncRNA	0.12718231295079682	0.872817687049203	NONCODEv6_ATH.fa
NONATHT000258	lncRNA	0.09745705752486115	0.9025429424751384	NONCODEv6_ATH.fa
NONATHT000259	lncRNA	0.09483280935892363	0.9051671906410763	NONCODEv6_ATH.fa
NONATHT000260	lncRNA	0.3340650582235385	0.6659349417764612	NONCODEv6_ATH.fa
NONATHT000261	lncRNA	0.08721335952885631	0.9127866404711436	NONCODEv6_ATH.fa
NONATHT000262	lncRNA	0.4377605800295014	0.5622394199704985	NONCODEv6_ATH.fa
NONATHT000263	lncRNA	0.15867268962888142	0.8413273103711189	NONCODEv6_ATH.fa
NONATHT000264	lncRNA	0.0809090177186877	0.9190909822813121	NONCODEv6_ATH.fa
NONATHT000265	lncRNA	0.08904140496153756	0.9109585950384622	NONCODEv6_ATH.fa
NONATHT000266	lncRNA	0.0357964564922347	0.9642035435077647	NONCODEv6_ATH.fa
NONATHT000267	lncRNA	0.048014651806375014	0.9519853481936248	NONCODEv6_ATH.fa
NONATHT000268	lncRNA	0.04430326553525151	0.9556967344647483	NONCODEv6_ATH.fa
NONATHT000269	lncRNA	0.0065134271054180905	0.9934865728945822	NONCODEv6_ATH.fa
NONATHT000270	lncRNA	0.16238544777549377	0.8376145522245061	NONCODEv6_ATH.fa
NONATHT000271	lncRNA	0.2851003721985132	0.7148996278014865	NONCODEv6_ATH.fa
NONATHT000272	lncRNA	0.12459648902015324	0.8754035109798464	NONCODEv6_ATH.fa
NONATHT000273	lncRNA	0.3035792931580989	0.6964207068419013	NONCODEv6_ATH.fa
NONATHT000274	lncRNA	0.13063158066517092	0.8693684193348297	NONCODEv6_ATH.fa
NONATHT000275	lncRNA	0.059007378930017486	0.9409926210699822	NONCODEv6_ATH.fa
NONATHT000276	lncRNA	0.21562085701953954	0.7843791429804606	NONCODEv6_ATH.fa
NONATHT000277	lncRNA	0.07626193366110066	0.9237380663388992	NONCODEv6_ATH.fa
NONATHT000278	lncRNA	0.1430841917684744	0.8569158082315254	NONCODEv6_ATH.fa
NONATHT000279	lncRNA	0.09616838731537884	0.903831612684621	NONCODEv6_ATH.fa
NONATHT000280	lncRNA	0.020386485618363537	0.9796135143816369	NONCODEv6_ATH.fa
NONATHT000281	lncRNA	0.18255762040235995	0.8174423795976393	NONCODEv6_ATH.fa
NONATHT000282	lncRNA	0.032547052841163465	0.9674529471588367	NONCODEv6_ATH.fa
NONATHT000283	lncRNA	0.01314800962862261	0.9868519903713772	NONCODEv6_ATH.fa
NONATHT000284	lncRNA	0.04723936678530995	0.9527606332146894	NONCODEv6_ATH.fa
NONATHT000285	lncRNA	0.041838073889138884	0.9581619261108615	NONCODEv6_ATH.fa
NONATHT000286	lncRNA	0.16889723650866562	0.8311027634913342	NONCODEv6_ATH.fa
NONATHT000287	lncRNA	0.32965449493155036	0.6703455050684494	NONCODEv6_ATH.fa
NONATHT000288	lncRNA	0.0654980623706281	0.934501937629372	NONCODEv6_ATH.fa
NONATHT000289	lncRNA	0.09463145593568084	0.9053685440643193	NONCODEv6_ATH.fa
NONATHT000290	lncRNA	0.12500817246824777	0.8749918275317525	NONCODEv6_ATH.fa
NONATHT000291	lncRNA	0.018642313924117138	0.9813576860758826	NONCODEv6_ATH.fa
NONATHT000292	Protein_Coding	0.5177813936166594	0.4822186063833405	NONCODEv6_ATH.fa
NONATHT000293	lncRNA	0.3793242716157168	0.6206757283842834	NONCODEv6_ATH.fa
NONATHT000294	lncRNA	0.07290186935774792	0.9270981306422517	NONCODEv6_ATH.fa
NONATHT000295	lncRNA	0.19790238784450553	0.8020976121554937	NONCODEv6_ATH.fa
NONATHT000296	lncRNA	0.12476448459657576	0.8752355154034246	NONCODEv6_ATH.fa
NONATHT000297	lncRNA	0.026321526933687167	0.9736784730663132	NONCODEv6_ATH.fa
NONATHT000298	lncRNA	0.01286816792005929	0.9871318320799408	NONCODEv6_ATH.fa
NONATHT000299	lncRNA	0.07405364652765756	0.9259463534723428	NONCODEv6_ATH.fa
NONATHT000300	lncRNA	0.49387913405178574	0.5061208659482141	NONCODEv6_ATH.fa
NONATHT000301	lncRNA	0.35117446490435195	0.648825535095648	NONCODEv6_ATH.fa
NONATHT000302	lncRNA	0.37865801165350776	0.6213419883464919	NONCODEv6_ATH.fa
NONATHT000303	lncRNA	0.2003593142964368	0.7996406857035631	NONCODEv6_ATH.fa
NONATHT000304	lncRNA	0.07906536569765937	0.9209346343023407	NONCODEv6_ATH.fa
NONATHT000305	lncRNA	0.12040151718858719	0.8795984828114132	NONCODEv6_ATH.fa
NONATHT000306	lncRNA	0.1173331408730785	0.8826668591269211	NONCODEv6_ATH.fa
NONATHT000307	lncRNA	0.10386846039978936	0.8961315396002107	NONCODEv6_ATH.fa
NONATHT000308	lncRNA	0.16223886344779853	0.8377611365522005	NONCODEv6_ATH.fa
NONATHT000309	lncRNA	0.275586938361062	0.7244130616389377	NONCODEv6_ATH.fa
NONATHT000310	lncRNA	0.365917813736339	0.6340821862636609	NONCODEv6_ATH.fa
NONATHT000311	lncRNA	0.19400665645035148	0.8059933435496482	NONCODEv6_ATH.fa
NONATHT000312	lncRNA	0.0975282993324201	0.90247170066758	NONCODEv6_ATH.fa
NONATHT000313	lncRNA	0.34431522847344104	0.655684771526558	NONCODEv6_ATH.fa
NONATHT000314	lncRNA	0.18075735774203805	0.8192426422579615	NONCODEv6_ATH.fa
NONATHT000315	lncRNA	0.09452490182076338	0.9054750981792359	NONCODEv6_ATH.fa
NONATHT000316	lncRNA	0.10733551151317298	0.8926644884868272	NONCODEv6_ATH.fa
NONATHT000317	lncRNA	0.21839105603331732	0.7816089439666826	NONCODEv6_ATH.fa
NONATHT000318	lncRNA	0.12363249274217265	0.8763675072578267	NONCODEv6_ATH.fa
NONATHT000319	lncRNA	0.12822533428011174	0.871774665719888	NONCODEv6_ATH.fa
NONATHT000320	Protein_Coding	0.5218005175141089	0.478199482485891	NONCODEv6_ATH.fa
NONATHT000321	lncRNA	0.24684275655141083	0.7531572434485888	NONCODEv6_ATH.fa
NONATHT000322	lncRNA	0.20973282242441638	0.7902671775755833	NONCODEv6_ATH.fa
NONATHT000323	lncRNA	0.15064355063331014	0.8493564493666891	NONCODEv6_ATH.fa
NONATHT000324	lncRNA	0.2130251697975298	0.7869748302024699	NONCODEv6_ATH.fa
NONATHT000325	lncRNA	0.05068697655545972	0.94931302344454	NONCODEv6_ATH.fa
NONATHT000326	lncRNA	0.05903177479858592	0.9409682252014143	NONCODEv6_ATH.fa
NONATHT000327	lncRNA	0.08793496416916255	0.9120650358308376	NONCODEv6_ATH.fa
NONATHT000328	lncRNA	0.1863618189028267	0.8136381810971732	NONCODEv6_ATH.fa
NONATHT000329	lncRNA	0.162948219756862	0.837051780243138	NONCODEv6_ATH.fa
NONATHT000330	lncRNA	0.4519648492427042	0.5480351507572956	NONCODEv6_ATH.fa
NONATHT000331	lncRNA	0.48999222174270024	0.5100077782572998	NONCODEv6_ATH.fa
NONATHT000332	lncRNA	0.07276253994108206	0.9272374600589176	NONCODEv6_ATH.fa
NONATHT000333	lncRNA	0.15332306295786594	0.8466769370421335	NONCODEv6_ATH.fa
NONATHT000334	lncRNA	0.38090574982399245	0.6190942501760072	NONCODEv6_ATH.fa
NONATHT000335	lncRNA	0.14989463096779698	0.850105369032203	NONCODEv6_ATH.fa
NONATHT000336	lncRNA	0.09461792938673141	0.9053820706132683	NONCODEv6_ATH.fa
NONATHT000337	lncRNA	0.17142795004474115	0.8285720499552585	NONCODEv6_ATH.fa
NONATHT000338	lncRNA	0.12677698142495356	0.873223018575046	NONCODEv6_ATH.fa
NONATHT000339	lncRNA	0.0883735090036281	0.9116264909963718	NONCODEv6_ATH.fa
NONATHT000340	lncRNA	0.11489459383817772	0.8851054061618217	NONCODEv6_ATH.fa
NONATHT000341	lncRNA	0.30263293620899123	0.6973670637910083	NONCODEv6_ATH.fa
NONATHT000342	lncRNA	0.06476213498722469	0.9352378650127748	NONCODEv6_ATH.fa
NONATHT000343	lncRNA	0.4165872319773355	0.5834127680226644	NONCODEv6_ATH.fa
NONATHT000344	lncRNA	0.0716386430565787	0.9283613569434211	NONCODEv6_ATH.fa
NONATHT000345	lncRNA	0.05588476881871333	0.9441152311812865	NONCODEv6_ATH.fa
NONATHT000346	lncRNA	0.14325331098371152	0.8567466890162883	NONCODEv6_ATH.fa
NONATHT000347	lncRNA	0.057486416794803485	0.9425135832051962	NONCODEv6_ATH.fa
NONATHT000348	lncRNA	0.18913677194239345	0.810863228057606	NONCODEv6_ATH.fa
NONATHT000349	lncRNA	0.4423196970303103	0.5576803029696895	NONCODEv6_ATH.fa
NONATHT000350	lncRNA	0.052347367544000684	0.947652632455999	NONCODEv6_ATH.fa
NONATHT000351	lncRNA	0.2506145260454961	0.7493854739545031	NONCODEv6_ATH.fa
NONATHT000352	lncRNA	0.11313529257370646	0.8868647074262931	NONCODEv6_ATH.fa
NONATHT000353	lncRNA	0.09172024204923074	0.9082797579507689	NONCODEv6_ATH.fa
NONATHT000354	lncRNA	0.0466738603350008	0.9533261396649988	NONCODEv6_ATH.fa
NONATHT000355	lncRNA	0.04573267625779212	0.9542673237422077	NONCODEv6_ATH.fa
NONATHT000356	lncRNA	0.43591245394253875	0.5640875460574611	NONCODEv6_ATH.fa
NONATHT000357	lncRNA	0.47239712956959284	0.5276028704304069	NONCODEv6_ATH.fa
NONATHT000358	lncRNA	0.4714791239009411	0.5285208760990587	NONCODEv6_ATH.fa
NONATHT000359	lncRNA	0.43713906066469976	0.5628609393353	NONCODEv6_ATH.fa
NONATHT000362	lncRNA	0.47276794164074754	0.5272320583592522	NONCODEv6_ATH.fa
NONATHT000363	lncRNA	0.47276794164074754	0.5272320583592522	NONCODEv6_ATH.fa
NONATHT000360	lncRNA	0.47276794164074754	0.5272320583592522	NONCODEv6_ATH.fa
NONATHT000361	lncRNA	0.47276794164074754	0.5272320583592522	NONCODEv6_ATH.fa
NONATHT000364	lncRNA	0.18601265697826988	0.8139873430217301	NONCODEv6_ATH.fa
NONATHT000365	lncRNA	0.09089348934914662	0.9091065106508533	NONCODEv6_ATH.fa
NONATHT000366	lncRNA	0.10855200683731359	0.8914479931626862	NONCODEv6_ATH.fa
NONATHT000367	lncRNA	0.18082584955621936	0.8191741504437802	NONCODEv6_ATH.fa
NONATHT000368	lncRNA	0.11746648930799797	0.882533510692002	NONCODEv6_ATH.fa
NONATHT000370	lncRNA	0.33253932074355164	0.667460679256448	NONCODEv6_ATH.fa
NONATHT000369	lncRNA	0.3560300311090539	0.6439699688909458	NONCODEv6_ATH.fa
NONATHT000371	Protein_Coding	0.5530821914914438	0.446917808508556	NONCODEv6_ATH.fa
NONATHT000372	lncRNA	0.10418192002524714	0.895818079974753	NONCODEv6_ATH.fa
NONATHT000373	lncRNA	0.1177608339319126	0.8822391660680875	NONCODEv6_ATH.fa
NONATHT000374	lncRNA	0.44696708866692614	0.5530329113330738	NONCODEv6_ATH.fa
NONATHT000375	lncRNA	0.22944885857455247	0.7705511414254475	NONCODEv6_ATH.fa
NONATHT000376	lncRNA	0.04704178849188608	0.9529582115081137	NONCODEv6_ATH.fa
NONATHT000377	lncRNA	0.014447504809417274	0.9855524951905829	NONCODEv6_ATH.fa
NONATHT000378	lncRNA	0.07838210162543338	0.921617898374567	NONCODEv6_ATH.fa
NONATHT000379	lncRNA	0.035515429166516156	0.9644845708334832	NONCODEv6_ATH.fa
NONATHT000380	lncRNA	0.10180166082287574	0.898198339177124	NONCODEv6_ATH.fa
NONATHT000381	lncRNA	0.29961414914575424	0.7003858508542451	NONCODEv6_ATH.fa
NONATHT000382	lncRNA	0.29961414914575424	0.7003858508542451	NONCODEv6_ATH.fa
NONATHT000383	lncRNA	0.29961414914575424	0.7003858508542451	NONCODEv6_ATH.fa
NONATHT000384	lncRNA	0.1861665273743324	0.8138334726256676	NONCODEv6_ATH.fa
NONATHT000385	lncRNA	0.16165809720637223	0.8383419027936274	NONCODEv6_ATH.fa
NONATHT000386	lncRNA	0.18431801778914172	0.8156819822108577	NONCODEv6_ATH.fa
NONATHT000387	lncRNA	0.0661202409162798	0.9338797590837205	NONCODEv6_ATH.fa
NONATHT000388	lncRNA	0.0910084688974515	0.9089915311025478	NONCODEv6_ATH.fa
NONATHT000389	lncRNA	0.06583445387755865	0.9341655461224412	NONCODEv6_ATH.fa
NONATHT000390	lncRNA	0.043380078358749435	0.9566199216412505	NONCODEv6_ATH.fa
NONATHT000391	lncRNA	0.07497703438409578	0.9250229656159047	NONCODEv6_ATH.fa
NONATHT000393	lncRNA	0.08478509542069443	0.9152149045793055	NONCODEv6_ATH.fa
NONATHT000392	lncRNA	0.08478509542069443	0.9152149045793055	NONCODEv6_ATH.fa
NONATHT000394	lncRNA	0.047515349816054014	0.9524846501839458	NONCODEv6_ATH.fa
NONATHT000395	lncRNA	0.09121286363159321	0.9087871363684067	NONCODEv6_ATH.fa
NONATHT000396	lncRNA	0.09286091166895072	0.9071390883310492	NONCODEv6_ATH.fa
NONATHT000397	lncRNA	0.09159486441827648	0.9084051355817238	NONCODEv6_ATH.fa
NONATHT000398	lncRNA	0.29092664732128876	0.7090733526787113	NONCODEv6_ATH.fa
NONATHT000399	lncRNA	0.06722339595031918	0.9327766040496802	NONCODEv6_ATH.fa
NONATHT000400	Protein_Coding	0.6116248979468515	0.3883751020531493	NONCODEv6_ATH.fa
NONATHT000401	lncRNA	0.1380444490953796	0.8619555509046201	NONCODEv6_ATH.fa
NONATHT000402	lncRNA	0.19025978728785065	0.8097402127121492	NONCODEv6_ATH.fa
NONATHT000403	lncRNA	0.26275845384572216	0.737241546154278	NONCODEv6_ATH.fa
NONATHT000404	lncRNA	0.17930215454336984	0.8206978454566298	NONCODEv6_ATH.fa
NONATHT000405	lncRNA	0.1998103872572241	0.8001896127427757	NONCODEv6_ATH.fa
NONATHT000406	lncRNA	0.13553680124104128	0.8644631987589583	NONCODEv6_ATH.fa
NONATHT000407	lncRNA	0.16571901966599564	0.8342809803340042	NONCODEv6_ATH.fa
NONATHT000408	lncRNA	0.16571901966599564	0.8342809803340042	NONCODEv6_ATH.fa
NONATHT000409	lncRNA	0.23166622820736432	0.7683337717926356	NONCODEv6_ATH.fa
NONATHT000410	lncRNA	0.05876324067826584	0.9412367593217345	NONCODEv6_ATH.fa
NONATHT000411	lncRNA	0.18433427814782904	0.8156657218521709	NONCODEv6_ATH.fa
NONATHT000412	lncRNA	0.054504248535156494	0.9454957514648439	NONCODEv6_ATH.fa
NONATHT000413	lncRNA	0.17582317402108097	0.8241768259789184	NONCODEv6_ATH.fa
NONATHT000414	lncRNA	0.14093244107145478	0.8590675589285447	NONCODEv6_ATH.fa
NONATHT000415	lncRNA	0.06936570374275501	0.9306342962572451	NONCODEv6_ATH.fa
NONATHT000416	lncRNA	0.11920491736031197	0.8807950826396881	NONCODEv6_ATH.fa
NONATHT000417	lncRNA	0.11854826749265461	0.8814517325073452	NONCODEv6_ATH.fa
NONATHT000418	lncRNA	0.21605188948580759	0.7839481105141926	NONCODEv6_ATH.fa
NONATHT000419	lncRNA	0.21150496241333935	0.788495037586661	NONCODEv6_ATH.fa
NONATHT000420	lncRNA	0.05221818792379813	0.9477818120762017	NONCODEv6_ATH.fa
NONATHT000421	lncRNA	0.25401368965231624	0.7459863103476837	NONCODEv6_ATH.fa
NONATHT000422	lncRNA	0.05077059196481238	0.9492294080351875	NONCODEv6_ATH.fa
NONATHT000423	lncRNA	0.10865446031003141	0.8913455396899684	NONCODEv6_ATH.fa
NONATHT000424	lncRNA	0.12799274882884132	0.8720072511711587	NONCODEv6_ATH.fa
NONATHT000425	lncRNA	0.048615857003740125	0.9513841429962594	NONCODEv6_ATH.fa
NONATHT000426	lncRNA	0.3422148650006348	0.6577851349993652	NONCODEv6_ATH.fa
NONATHT000427	lncRNA	0.22734609137883946	0.7726539086211599	NONCODEv6_ATH.fa
NONATHT000428	lncRNA	0.1549469867064032	0.8450530132935963	NONCODEv6_ATH.fa
NONATHT000429	lncRNA	0.2109589528305	0.7890410471694997	NONCODEv6_ATH.fa
NONATHT000430	lncRNA	0.09017011692894131	0.9098298830710583	NONCODEv6_ATH.fa
NONATHT000431	Protein_Coding	0.5154573161975643	0.4845426838024356	NONCODEv6_ATH.fa
NONATHT000432	lncRNA	0.27469792825625833	0.7253020717437411	NONCODEv6_ATH.fa
NONATHT000433	lncRNA	0.22587808908192747	0.7741219109180723	NONCODEv6_ATH.fa
NONATHT000434	lncRNA	0.23919791578786823	0.7608020842121318	NONCODEv6_ATH.fa
NONATHT000435	lncRNA	0.2606650812843855	0.7393349187156139	NONCODEv6_ATH.fa
NONATHT000436	lncRNA	0.1322688553815359	0.8677311446184643	NONCODEv6_ATH.fa
NONATHT000437	lncRNA	0.1206648337193177	0.8793351662806821	NONCODEv6_ATH.fa
NONATHT000438	lncRNA	0.10129770583019214	0.8987022941698085	NONCODEv6_ATH.fa
NONATHT000439	lncRNA	0.09832698399965864	0.9016730160003413	NONCODEv6_ATH.fa
NONATHT000440	lncRNA	0.07574755704184812	0.9242524429581517	NONCODEv6_ATH.fa
NONATHT000441	lncRNA	0.05363498363808761	0.9463650163619121	NONCODEv6_ATH.fa
NONATHT000442	lncRNA	0.022481789450174282	0.9775182105498259	NONCODEv6_ATH.fa
NONATHT000443	lncRNA	0.3581923737381024	0.6418076262618972	NONCODEv6_ATH.fa
NONATHT000444	lncRNA	0.10823978853058601	0.8917602114694135	NONCODEv6_ATH.fa
NONATHT000445	lncRNA	0.2816161431096768	0.7183838568903227	NONCODEv6_ATH.fa
NONATHT000446	lncRNA	0.07456005490946953	0.9254399450905303	NONCODEv6_ATH.fa
NONATHT000447	lncRNA	0.11639380451422798	0.8836061954857719	NONCODEv6_ATH.fa
NONATHT000448	lncRNA	0.03145940499430787	0.9685405950056923	NONCODEv6_ATH.fa
NONATHT000449	lncRNA	0.3747487807954451	0.6252512192045552	NONCODEv6_ATH.fa
NONATHT000451	lncRNA	0.15688352806838066	0.8431164719316189	NONCODEv6_ATH.fa
NONATHT000450	lncRNA	0.15216666250747546	0.8478333374925247	NONCODEv6_ATH.fa
NONATHT000452	lncRNA	0.266767628173504	0.7332323718264951	NONCODEv6_ATH.fa
NONATHT000453	lncRNA	0.38130646281579195	0.6186935371842079	NONCODEv6_ATH.fa
NONATHT000454	lncRNA	0.049813547235191435	0.9501864527648091	NONCODEv6_ATH.fa
NONATHT000455	lncRNA	0.08082716434162238	0.9191728356583774	NONCODEv6_ATH.fa
NONATHT000456	lncRNA	0.41990389500546693	0.5800961049945326	NONCODEv6_ATH.fa
NONATHT000457	lncRNA	0.40561129729663786	0.5943887027033625	NONCODEv6_ATH.fa
NONATHT000458	lncRNA	0.1034200437502678	0.8965799562497331	NONCODEv6_ATH.fa
NONATHT000459	lncRNA	0.0648074011016843	0.935192598898316	NONCODEv6_ATH.fa
NONATHT000460	lncRNA	0.11041213787107687	0.8895878621289235	NONCODEv6_ATH.fa
NONATHT000461	lncRNA	0.1169023057077513	0.8830976942922487	NONCODEv6_ATH.fa
NONATHT000462	lncRNA	0.05095917258025776	0.9490408274197423	NONCODEv6_ATH.fa
NONATHT000463	lncRNA	0.22118849267390037	0.7788115073260992	NONCODEv6_ATH.fa
NONATHT000464	lncRNA	0.09856701929652642	0.901432980703473	NONCODEv6_ATH.fa
NONATHT000465	lncRNA	0.20554350138527483	0.7944564986147248	NONCODEv6_ATH.fa
NONATHT000466	lncRNA	0.1571652564695542	0.8428347435304457	NONCODEv6_ATH.fa
NONATHT000467	lncRNA	0.09420160519589062	0.9057983948041094	NONCODEv6_ATH.fa
NONATHT000468	lncRNA	0.3483908418220318	0.6516091581779682	NONCODEv6_ATH.fa
NONATHT000469	lncRNA	0.15467417727141058	0.8453258227285889	NONCODEv6_ATH.fa
NONATHT000470	lncRNA	0.04177002941357948	0.958229970586421	NONCODEv6_ATH.fa
NONATHT000471	lncRNA	0.19903010786549608	0.8009698921345036	NONCODEv6_ATH.fa
NONATHT000472	lncRNA	0.29201995567569766	0.7079800443243021	NONCODEv6_ATH.fa
NONATHT000473	lncRNA	0.17555681101693132	0.8244431889830687	NONCODEv6_ATH.fa
NONATHT000474	lncRNA	0.07686187042800044	0.9231381295719991	NONCODEv6_ATH.fa
NONATHT000475	lncRNA	0.3667384512294465	0.633261548770553	NONCODEv6_ATH.fa
NONATHT000476	lncRNA	0.12832240341746298	0.8716775965825369	NONCODEv6_ATH.fa
NONATHT000477	lncRNA	0.011395226524079247	0.9886047734759208	NONCODEv6_ATH.fa
NONATHT000478	lncRNA	0.06078411240644169	0.9392158875935578	NONCODEv6_ATH.fa
NONATHT000479	lncRNA	0.011395226524079247	0.9886047734759208	NONCODEv6_ATH.fa
NONATHT000480	lncRNA	0.2354881516600346	0.7645118483399652	NONCODEv6_ATH.fa
NONATHT000481	lncRNA	0.2354881516600346	0.7645118483399652	NONCODEv6_ATH.fa
NONATHT000482	lncRNA	0.09434320428959819	0.9056567957104019	NONCODEv6_ATH.fa
NONATHT000483	lncRNA	0.030917334201010054	0.9690826657989897	NONCODEv6_ATH.fa
NONATHT000484	lncRNA	0.4539183814787776	0.5460816185212225	NONCODEv6_ATH.fa
NONATHT000485	Protein_Coding	0.5809562536364904	0.41904374636350944	NONCODEv6_ATH.fa
NONATHT000486	lncRNA	0.49745758042633026	0.5025424195736697	NONCODEv6_ATH.fa
NONATHT000487	lncRNA	0.36149987113512455	0.6385001288648748	NONCODEv6_ATH.fa
NONATHT000488	lncRNA	0.39318092383209674	0.6068190761679035	NONCODEv6_ATH.fa
NONATHT000489	lncRNA	0.3382951498930989	0.6617048501069008	NONCODEv6_ATH.fa
NONATHT000490	lncRNA	0.39827916250762546	0.6017208374923745	NONCODEv6_ATH.fa
NONATHT000491	lncRNA	0.1564424531872637	0.8435575468127361	NONCODEv6_ATH.fa
NONATHT000492	Protein_Coding	0.7209114963758244	0.27908850362417564	NONCODEv6_ATH.fa
NONATHT000493	lncRNA	0.11220732324951337	0.887792676750486	NONCODEv6_ATH.fa
NONATHT000494	lncRNA	0.25169400849260865	0.7483059915073911	NONCODEv6_ATH.fa
NONATHT000495	lncRNA	0.13011890696518763	0.869881093034812	NONCODEv6_ATH.fa
NONATHT000496	lncRNA	0.34490581473871945	0.65509418526128	NONCODEv6_ATH.fa
NONATHT000497	lncRNA	0.19243368410895456	0.8075663158910451	NONCODEv6_ATH.fa
NONATHT000498	Protein_Coding	0.5626800788304122	0.4373199211695878	NONCODEv6_ATH.fa
NONATHT000499	lncRNA	0.09605037808851333	0.9039496219114866	NONCODEv6_ATH.fa
NONATHT000500	lncRNA	0.470652528619416	0.5293474713805839	NONCODEv6_ATH.fa
NONATHT000501	lncRNA	0.2793927731139132	0.7206072268860861	NONCODEv6_ATH.fa
NONATHT000502	lncRNA	0.16430874004026003	0.8356912599597398	NONCODEv6_ATH.fa
NONATHT000503	lncRNA	0.35525209169985283	0.644747908300147	NONCODEv6_ATH.fa
NONATHT000504	lncRNA	0.3011970537969326	0.6988029462030673	NONCODEv6_ATH.fa
NONATHT000505	lncRNA	0.22862145875260764	0.7713785412473919	NONCODEv6_ATH.fa
NONATHT000506	lncRNA	0.06593564440047625	0.9340643555995237	NONCODEv6_ATH.fa
NONATHT000507	lncRNA	0.2696953789428311	0.7303046210571684	NONCODEv6_ATH.fa
NONATHT000508	lncRNA	0.20378356147691476	0.7962164385230853	NONCODEv6_ATH.fa
NONATHT000509	lncRNA	0.1596354621221079	0.8403645378778923	NONCODEv6_ATH.fa
NONATHT000510	lncRNA	0.13191836899911089	0.8680816310008886	NONCODEv6_ATH.fa
NONATHT000511	lncRNA	0.11139792494898013	0.8886020750510201	NONCODEv6_ATH.fa
NONATHT000512	lncRNA	0.1699872300724947	0.8300127699275053	NONCODEv6_ATH.fa
NONATHT000513	lncRNA	0.143595380897515	0.8564046191024846	NONCODEv6_ATH.fa
NONATHT000514	lncRNA	0.01224495254624724	0.9877550474537526	NONCODEv6_ATH.fa
NONATHT000515	lncRNA	0.23152211664424954	0.7684778833557501	NONCODEv6_ATH.fa
NONATHT000516	lncRNA	0.03746181648891354	0.9625381835110864	NONCODEv6_ATH.fa
NONATHT000517	lncRNA	0.23779049163424543	0.7622095083657549	NONCODEv6_ATH.fa
NONATHT000518	lncRNA	0.11121032965062567	0.8887896703493742	NONCODEv6_ATH.fa
NONATHT000519	lncRNA	0.053018428859330356	0.9469815711406696	NONCODEv6_ATH.fa
NONATHT000520	Protein_Coding	0.6126634607784223	0.3873365392215779	NONCODEv6_ATH.fa
NONATHT000521	lncRNA	0.06754999249748175	0.9324500075025179	NONCODEv6_ATH.fa
NONATHT000522	lncRNA	0.09869874482701728	0.9013012551729822	NONCODEv6_ATH.fa
NONATHT000523	lncRNA	0.03389401727812411	0.9661059827218759	NONCODEv6_ATH.fa
NONATHT000524	lncRNA	0.03871263911986049	0.9612873608801396	NONCODEv6_ATH.fa
NONATHT000525	lncRNA	0.17144925071293243	0.8285507492870671	NONCODEv6_ATH.fa
NONATHT000526	lncRNA	0.2916837672367101	0.7083162327632897	NONCODEv6_ATH.fa
NONATHT000527	lncRNA	0.15190610653020178	0.848093893469798	NONCODEv6_ATH.fa
NONATHT000528	lncRNA	0.22416103247595556	0.7758389675240444	NONCODEv6_ATH.fa
NONATHT000529	lncRNA	0.302732298442455	0.697267701557545	NONCODEv6_ATH.fa
NONATHT000530	lncRNA	0.4327497280770316	0.5672502719229686	NONCODEv6_ATH.fa
NONATHT000531	lncRNA	0.3263324839988288	0.6736675160011714	NONCODEv6_ATH.fa
NONATHT000532	lncRNA	0.281811101727042	0.7181888982729578	NONCODEv6_ATH.fa
NONATHT000533	lncRNA	0.06878151858134111	0.9312184814186587	NONCODEv6_ATH.fa
NONATHT000534	lncRNA	0.18665001600690398	0.8133499839930952	NONCODEv6_ATH.fa
NONATHT000535	lncRNA	0.07831739564136384	0.9216826043586358	NONCODEv6_ATH.fa
NONATHT000536	lncRNA	0.05421041952884317	0.9457895804711565	NONCODEv6_ATH.fa
NONATHT000537	Protein_Coding	0.5396623164568477	0.4603376835431522	NONCODEv6_ATH.fa
NONATHT000538	lncRNA	0.04964258017843947	0.9503574198215609	NONCODEv6_ATH.fa
NONATHT000539	lncRNA	0.22313100318363924	0.7768689968163606	NONCODEv6_ATH.fa
NONATHT000540	lncRNA	0.39767645891034425	0.6023235410896554	NONCODEv6_ATH.fa
NONATHT000541	lncRNA	0.3923734814012709	0.6076265185987285	NONCODEv6_ATH.fa
NONATHT000542	lncRNA	0.27171443674730433	0.7282855632526956	NONCODEv6_ATH.fa
NONATHT000543	lncRNA	0.060618866378528466	0.9393811336214722	NONCODEv6_ATH.fa
NONATHT000544	lncRNA	0.49987340178546896	0.500126598214531	NONCODEv6_ATH.fa
NONATHT000545	lncRNA	0.25400611005072954	0.7459938899492699	NONCODEv6_ATH.fa
NONATHT000546	lncRNA	0.04284602613635284	0.9571539738636464	NONCODEv6_ATH.fa
NONATHT000547	lncRNA	0.03724609229624476	0.9627539077037554	NONCODEv6_ATH.fa
NONATHT000548	lncRNA	0.0505758066642733	0.9494241933357264	NONCODEv6_ATH.fa
NONATHT000549	lncRNA	0.2947969495129868	0.7052030504870127	NONCODEv6_ATH.fa
NONATHT000550	lncRNA	0.3150844043726731	0.6849155956273267	NONCODEv6_ATH.fa
NONATHT000551	lncRNA	0.13219667887282238	0.8678033211271776	NONCODEv6_ATH.fa
NONATHT000552	lncRNA	0.22625844794188468	0.7737415520581155	NONCODEv6_ATH.fa
NONATHT000553	lncRNA	0.3129211961608356	0.6870788038391638	NONCODEv6_ATH.fa
NONATHT000554	lncRNA	0.3512308521493583	0.6487691478506415	NONCODEv6_ATH.fa
NONATHT000555	lncRNA	0.043514731108425006	0.9564852688915748	NONCODEv6_ATH.fa
NONATHT000556	lncRNA	0.22326357768938587	0.7767364223106138	NONCODEv6_ATH.fa
NONATHT000557	lncRNA	0.21481558554985322	0.7851844144501469	NONCODEv6_ATH.fa
NONATHT000558	lncRNA	0.17932030607689875	0.8206796939231015	NONCODEv6_ATH.fa
NONATHT000559	lncRNA	0.2507778297897139	0.7492221702102859	NONCODEv6_ATH.fa
NONATHT000560	lncRNA	0.2807699206037534	0.7192300793962462	NONCODEv6_ATH.fa
NONATHT000561	lncRNA	0.10111996716526689	0.8988800328347334	NONCODEv6_ATH.fa
NONATHT000562	lncRNA	0.1340210901361529	0.8659789098638468	NONCODEv6_ATH.fa
NONATHT000563	lncRNA	0.06994889473350677	0.930051105266492	NONCODEv6_ATH.fa
NONATHT000564	lncRNA	0.20491080555027594	0.7950891944497243	NONCODEv6_ATH.fa
NONATHT000565	lncRNA	0.11789997068050566	0.8821000293194943	NONCODEv6_ATH.fa
NONATHT000566	lncRNA	0.2563952602709374	0.7436047397290616	NONCODEv6_ATH.fa
NONATHT000567	lncRNA	0.12411935598377143	0.8758806440162276	NONCODEv6_ATH.fa
NONATHT000568	lncRNA	0.14885742342857208	0.8511425765714276	NONCODEv6_ATH.fa
NONATHT000569	lncRNA	0.16492798363863742	0.8350720163613624	NONCODEv6_ATH.fa
NONATHT000570	lncRNA	0.15760836275546092	0.8423916372445392	NONCODEv6_ATH.fa
NONATHT000571	lncRNA	0.17258193031550492	0.8274180696844953	NONCODEv6_ATH.fa
NONATHT000572	lncRNA	0.10700776095367895	0.8929922390463205	NONCODEv6_ATH.fa
NONATHT000574	lncRNA	0.10271850382678716	0.8972814961732128	NONCODEv6_ATH.fa
NONATHT000573	lncRNA	0.10271850382678716	0.8972814961732128	NONCODEv6_ATH.fa
NONATHT000575	lncRNA	0.09809185819848684	0.9019081418015129	NONCODEv6_ATH.fa
NONATHT000576	lncRNA	0.08554875808173584	0.9144512419182639	NONCODEv6_ATH.fa
NONATHT000577	lncRNA	0.04188229126780522	0.9581177087321948	NONCODEv6_ATH.fa
NONATHT000578	lncRNA	0.13991593314207038	0.86008406685793	NONCODEv6_ATH.fa
NONATHT000579	lncRNA	0.15060628145951077	0.8493937185404885	NONCODEv6_ATH.fa
NONATHT000580	lncRNA	0.14212042425901092	0.8578795757409892	NONCODEv6_ATH.fa
NONATHT000581	Protein_Coding	0.5459328552277662	0.45406714477223353	NONCODEv6_ATH.fa
NONATHT000582	lncRNA	0.030224392390940852	0.9697756076090589	NONCODEv6_ATH.fa
NONATHT000583	lncRNA	0.2007958026856439	0.7992041973143559	NONCODEv6_ATH.fa
NONATHT000584	lncRNA	0.1318163098156636	0.868183690184336	NONCODEv6_ATH.fa
NONATHT000585	lncRNA	0.3510788303606368	0.6489211696393627	NONCODEv6_ATH.fa
NONATHT000586	lncRNA	0.17962877636112248	0.8203712236388773	NONCODEv6_ATH.fa
NONATHT000587	lncRNA	0.12190747638477903	0.8780925236152207	NONCODEv6_ATH.fa
NONATHT000588	lncRNA	0.04605799729843203	0.9539420027015684	NONCODEv6_ATH.fa
NONATHT000589	lncRNA	0.07963537451129951	0.920364625488701	NONCODEv6_ATH.fa
NONATHT000590	lncRNA	0.020613550780479096	0.9793864492195208	NONCODEv6_ATH.fa
NONATHT000591	lncRNA	0.06848642764065074	0.9315135723593492	NONCODEv6_ATH.fa
NONATHT000592	lncRNA	0.024797095637124004	0.9752029043628753	NONCODEv6_ATH.fa
NONATHT000593	lncRNA	0.07115318651588207	0.9288468134841179	NONCODEv6_ATH.fa
NONATHT000594	lncRNA	0.1353601093548826	0.8646398906451175	NONCODEv6_ATH.fa
NONATHT000595	lncRNA	0.10419352776731071	0.8958064722326893	NONCODEv6_ATH.fa
NONATHT000596	lncRNA	0.17761777305535395	0.8223822269446458	NONCODEv6_ATH.fa
NONATHT000597	lncRNA	0.31419759790668944	0.6858024020933102	NONCODEv6_ATH.fa
NONATHT000598	lncRNA	0.24911162832709	0.7508883716729106	NONCODEv6_ATH.fa
NONATHT000599	lncRNA	0.015977251454894134	0.984022748545106	NONCODEv6_ATH.fa
NONATHT000600	lncRNA	0.24160190778798935	0.7583980922120106	NONCODEv6_ATH.fa
NONATHT000601	lncRNA	0.2831127100780276	0.716887289921972	NONCODEv6_ATH.fa
NONATHT000602	lncRNA	0.283856652748047	0.7161433472519527	NONCODEv6_ATH.fa
NONATHT000603	lncRNA	0.03068423286879104	0.9693157671312082	NONCODEv6_ATH.fa
NONATHT000604	lncRNA	0.21537498187691947	0.7846250181230799	NONCODEv6_ATH.fa
NONATHT000605	lncRNA	0.13415486341630278	0.8658451365836969	NONCODEv6_ATH.fa
NONATHT000606	lncRNA	0.023065616824226122	0.976934383175774	NONCODEv6_ATH.fa
NONATHT000607	lncRNA	0.09656673853993948	0.9034332614600602	NONCODEv6_ATH.fa
NONATHT000608	lncRNA	0.1681504577534788	0.8318495422465213	NONCODEv6_ATH.fa
NONATHT000609	lncRNA	0.42240832970772807	0.5775916702922721	NONCODEv6_ATH.fa
NONATHT000610	lncRNA	0.3502124348407388	0.6497875651592614	NONCODEv6_ATH.fa
NONATHT000611	lncRNA	0.24833575251440873	0.7516642474855907	NONCODEv6_ATH.fa
NONATHT000612	lncRNA	0.10401052896962724	0.895989471030372	NONCODEv6_ATH.fa
NONATHT000613	lncRNA	0.03908496630155431	0.9609150336984454	NONCODEv6_ATH.fa
NONATHT000614	lncRNA	0.07020878141205424	0.929791218587945	NONCODEv6_ATH.fa
NONATHT000615	lncRNA	0.16236081224732266	0.8376391877526771	NONCODEv6_ATH.fa
NONATHT000616	lncRNA	0.19811072729745474	0.8018892727025447	NONCODEv6_ATH.fa
NONATHT000617	lncRNA	0.21554768452238365	0.784452315477616	NONCODEv6_ATH.fa
NONATHT000618	lncRNA	0.1908150804872254	0.8091849195127749	NONCODEv6_ATH.fa
NONATHT000619	lncRNA	0.1564139407794434	0.8435860592205562	NONCODEv6_ATH.fa
NONATHT000620	lncRNA	0.22218928984958947	0.7778107101504105	NONCODEv6_ATH.fa
NONATHT000621	lncRNA	0.23640404767972326	0.7635959523202762	NONCODEv6_ATH.fa
NONATHT000622	lncRNA	0.03396809896353247	0.9660319010364672	NONCODEv6_ATH.fa
NONATHT000623	lncRNA	0.19288233221124695	0.8071176677887525	NONCODEv6_ATH.fa
NONATHT000624	lncRNA	0.19288233221124695	0.8071176677887525	NONCODEv6_ATH.fa
NONATHT000625	lncRNA	0.10354676611289537	0.896453233887105	NONCODEv6_ATH.fa
NONATHT000626	lncRNA	0.2016191276060001	0.7983808723939996	NONCODEv6_ATH.fa
NONATHT000627	lncRNA	0.12869495573025222	0.8713050442697479	NONCODEv6_ATH.fa
NONATHT000628	lncRNA	0.1718784300989645	0.8281215699010352	NONCODEv6_ATH.fa
NONATHT000629	lncRNA	0.2287733017362233	0.7712266982637769	NONCODEv6_ATH.fa
NONATHT000630	lncRNA	0.0896493808718582	0.9103506191281422	NONCODEv6_ATH.fa
NONATHT000631	lncRNA	0.032981582726859415	0.9670184172731414	NONCODEv6_ATH.fa
NONATHT000632	lncRNA	0.1813151926872646	0.8186848073127353	NONCODEv6_ATH.fa
NONATHT000633	lncRNA	0.1119339697491547	0.8880660302508457	NONCODEv6_ATH.fa
NONATHT000634	lncRNA	0.09116630107306203	0.9088336989269388	NONCODEv6_ATH.fa
NONATHT000635	lncRNA	0.08871954049025452	0.9112804595097451	NONCODEv6_ATH.fa
NONATHT000636	lncRNA	0.2518023775182762	0.748197622481724	NONCODEv6_ATH.fa
NONATHT000637	lncRNA	0.08302712510916656	0.9169728748908335	NONCODEv6_ATH.fa
NONATHT000638	lncRNA	0.13379484540484232	0.866205154595158	NONCODEv6_ATH.fa
NONATHT000639	lncRNA	0.215514505369904	0.784485494630096	NONCODEv6_ATH.fa
NONATHT000640	lncRNA	0.4258330846896616	0.5741669153103386	NONCODEv6_ATH.fa
NONATHT000641	lncRNA	0.05974017330257298	0.9402598266974261	NONCODEv6_ATH.fa
NONATHT000642	lncRNA	0.025800762265881415	0.9741992377341187	NONCODEv6_ATH.fa
NONATHT000643	lncRNA	0.1180991262804042	0.881900873719596	NONCODEv6_ATH.fa
NONATHT000644	lncRNA	0.07425373636271723	0.925746263637283	NONCODEv6_ATH.fa
NONATHT000645	lncRNA	0.32523558544766723	0.6747644145523324	NONCODEv6_ATH.fa
NONATHT000646	lncRNA	0.15309261814294156	0.846907381857058	NONCODEv6_ATH.fa
NONATHT000647	lncRNA	0.062326832007666304	0.9376731679923336	NONCODEv6_ATH.fa
NONATHT000648	lncRNA	0.2858342520442022	0.714165747955797	NONCODEv6_ATH.fa
NONATHT000649	lncRNA	0.10013762832504063	0.8998623716749592	NONCODEv6_ATH.fa
NONATHT000650	lncRNA	0.0473466241245551	0.9526533758754452	NONCODEv6_ATH.fa
NONATHT000651	lncRNA	0.052772706041771686	0.9472272939582284	NONCODEv6_ATH.fa
NONATHT000652	lncRNA	0.42436806297946295	0.5756319370205368	NONCODEv6_ATH.fa
NONATHT000653	lncRNA	0.42436806297946295	0.5756319370205368	NONCODEv6_ATH.fa
NONATHT000654	lncRNA	0.29314427821385297	0.7068557217861468	NONCODEv6_ATH.fa
NONATHT000656	lncRNA	0.05964132423794683	0.940358675762053	NONCODEv6_ATH.fa
NONATHT000655	lncRNA	0.05964132423794683	0.940358675762053	NONCODEv6_ATH.fa
NONATHT000657	lncRNA	0.2031129423280595	0.7968870576719399	NONCODEv6_ATH.fa
NONATHT000658	lncRNA	0.1252775775161767	0.8747224224838233	NONCODEv6_ATH.fa
NONATHT000659	lncRNA	0.15849992059364357	0.8415000794063558	NONCODEv6_ATH.fa
NONATHT000660	lncRNA	0.15126163738226733	0.8487383626177327	NONCODEv6_ATH.fa
NONATHT000661	lncRNA	0.062309125317536775	0.937690874682463	NONCODEv6_ATH.fa
NONATHT000662	lncRNA	0.1705874850917609	0.8294125149082392	NONCODEv6_ATH.fa
NONATHT000663	lncRNA	0.23490541521115962	0.7650945847888398	NONCODEv6_ATH.fa
NONATHT000664	lncRNA	0.31311711991973135	0.6868828800802685	NONCODEv6_ATH.fa
NONATHT000665	lncRNA	0.15682279170396957	0.8431772082960302	NONCODEv6_ATH.fa
NONATHT000666	lncRNA	0.38997397670680883	0.6100260232931912	NONCODEv6_ATH.fa
NONATHT000667	lncRNA	0.17286434713016127	0.8271356528698385	NONCODEv6_ATH.fa
NONATHT000668	lncRNA	0.35012043682079913	0.6498795631792	NONCODEv6_ATH.fa
NONATHT000669	lncRNA	0.4221718818638382	0.5778281181361613	NONCODEv6_ATH.fa
NONATHT000670	lncRNA	0.4397865256915231	0.5602134743084768	NONCODEv6_ATH.fa
NONATHT000671	lncRNA	0.3770956201697346	0.6229043798302649	NONCODEv6_ATH.fa
NONATHT000672	lncRNA	0.055668689456848004	0.9443313105431521	NONCODEv6_ATH.fa
NONATHT000673	lncRNA	0.09107626987771181	0.9089237301222881	NONCODEv6_ATH.fa
NONATHT000674	lncRNA	0.32349941249042424	0.6765005875095755	NONCODEv6_ATH.fa
NONATHT000675	lncRNA	0.05337041618695854	0.9466295838130412	NONCODEv6_ATH.fa
NONATHT000676	lncRNA	0.10415431759102001	0.8958456824089802	NONCODEv6_ATH.fa
NONATHT000677	lncRNA	0.0878963162563662	0.9121036837436337	NONCODEv6_ATH.fa
NONATHT000678	lncRNA	0.13662697665028858	0.863373023349711	NONCODEv6_ATH.fa
NONATHT000679	lncRNA	0.31079641177019873	0.6892035882298012	NONCODEv6_ATH.fa
NONATHT000680	lncRNA	0.2628899830086865	0.7371100169913132	NONCODEv6_ATH.fa
NONATHT000681	lncRNA	0.059711034099205945	0.9402889659007946	NONCODEv6_ATH.fa
NONATHT000682	lncRNA	0.014640149142295274	0.9853598508577048	NONCODEv6_ATH.fa
NONATHT000683	lncRNA	0.06932401166915168	0.9306759883308482	NONCODEv6_ATH.fa
NONATHT000684	lncRNA	0.14512905508913004	0.8548709449108698	NONCODEv6_ATH.fa
NONATHT000685	lncRNA	0.0602272028460409	0.9397727971539588	NONCODEv6_ATH.fa
NONATHT000686	lncRNA	0.05336743180638476	0.9466325681936159	NONCODEv6_ATH.fa
NONATHT000687	lncRNA	0.48786837845617986	0.5121316215438201	NONCODEv6_ATH.fa
NONATHT000688	lncRNA	0.2516653639744213	0.7483346360255781	NONCODEv6_ATH.fa
NONATHT000689	lncRNA	0.04319396796149443	0.9568060320385057	NONCODEv6_ATH.fa
NONATHT000690	lncRNA	0.12339009520392566	0.8766099047960743	NONCODEv6_ATH.fa
NONATHT000691	lncRNA	0.25770639625017705	0.7422936037498225	NONCODEv6_ATH.fa
NONATHT000692	lncRNA	0.34660302276220023	0.6533969772377997	NONCODEv6_ATH.fa
NONATHT000693	lncRNA	0.1251726946591551	0.8748273053408447	NONCODEv6_ATH.fa
NONATHT000694	lncRNA	0.13623213445602841	0.8637678655439716	NONCODEv6_ATH.fa
NONATHT000696	lncRNA	0.22788077463054426	0.7721192253694558	NONCODEv6_ATH.fa
NONATHT000695	lncRNA	0.22630970773401765	0.7736902922659824	NONCODEv6_ATH.fa
NONATHT000697	lncRNA	0.055754324505126705	0.9442456754948728	NONCODEv6_ATH.fa
NONATHT000698	lncRNA	0.05612927674776593	0.9438707232522343	NONCODEv6_ATH.fa
NONATHT000699	lncRNA	0.15183171431936754	0.8481682856806319	NONCODEv6_ATH.fa
NONATHT000700	lncRNA	0.33537105610022155	0.6646289438997777	NONCODEv6_ATH.fa
NONATHT000701	lncRNA	0.13726917174130823	0.8627308282586913	NONCODEv6_ATH.fa
NONATHT000702	lncRNA	0.13930531442300703	0.860694685576993	NONCODEv6_ATH.fa
NONATHT000703	lncRNA	0.17681831705252174	0.8231816829474778	NONCODEv6_ATH.fa
NONATHT000704	Protein_Coding	0.6005880052660287	0.3994119947339713	NONCODEv6_ATH.fa
NONATHT000705	lncRNA	0.1721645272870769	0.8278354727129222	NONCODEv6_ATH.fa
NONATHT000706	lncRNA	0.17282140901635368	0.8271785909836465	NONCODEv6_ATH.fa
NONATHT000707	lncRNA	0.24685371477614276	0.753146285223857	NONCODEv6_ATH.fa
NONATHT000708	lncRNA	0.1390739614602383	0.8609260385397612	NONCODEv6_ATH.fa
NONATHT000710	lncRNA	0.11025537994546879	0.8897446200545311	NONCODEv6_ATH.fa
NONATHT000709	lncRNA	0.11070270255008485	0.8892972974499151	NONCODEv6_ATH.fa
NONATHT000711	lncRNA	0.2801278541353148	0.719872145864685	NONCODEv6_ATH.fa
NONATHT000712	lncRNA	0.08689316059487036	0.9131068394051294	NONCODEv6_ATH.fa
NONATHT000713	lncRNA	0.046754002313621736	0.9532459976863784	NONCODEv6_ATH.fa
NONATHT000716	lncRNA	0.10013005898800716	0.8998699410119934	NONCODEv6_ATH.fa
NONATHT000715	lncRNA	0.10013005898800716	0.8998699410119934	NONCODEv6_ATH.fa
NONATHT000714	lncRNA	0.10013005898800716	0.8998699410119934	NONCODEv6_ATH.fa
NONATHT000717	lncRNA	0.0877005823847008	0.9122994176152985	NONCODEv6_ATH.fa
NONATHT000718	lncRNA	0.24339666761632525	0.756603332383675	NONCODEv6_ATH.fa
NONATHT000719	lncRNA	0.06739636629529258	0.9326036337047073	NONCODEv6_ATH.fa
NONATHT000720	lncRNA	0.4689970578211937	0.5310029421788061	NONCODEv6_ATH.fa
NONATHT000721	lncRNA	0.18547507496468468	0.8145249250353148	NONCODEv6_ATH.fa
NONATHT000722	lncRNA	0.1488545998440995	0.8511454001559005	NONCODEv6_ATH.fa
NONATHT000723	lncRNA	0.15426664121691094	0.8457333587830881	NONCODEv6_ATH.fa
NONATHT000724	lncRNA	0.1778017985320736	0.822198201467926	NONCODEv6_ATH.fa
NONATHT000725	lncRNA	0.4261793139871448	0.573820686012855	NONCODEv6_ATH.fa
NONATHT000726	lncRNA	0.3290046157593682	0.670995384240632	NONCODEv6_ATH.fa
NONATHT000727	lncRNA	0.026926503964170314	0.9730734960358293	NONCODEv6_ATH.fa
NONATHT000728	lncRNA	0.3604115959728824	0.6395884040271177	NONCODEv6_ATH.fa
NONATHT000729	lncRNA	0.07276629911364929	0.9272337008863508	NONCODEv6_ATH.fa
NONATHT000730	lncRNA	0.40560950198743706	0.5943904980125629	NONCODEv6_ATH.fa
NONATHT000731	lncRNA	0.07032613975269976	0.9296738602473008	NONCODEv6_ATH.fa
NONATHT000732	lncRNA	0.08295019966008635	0.9170498003399138	NONCODEv6_ATH.fa
NONATHT000733	lncRNA	0.2517525944528515	0.7482474055471479	NONCODEv6_ATH.fa
NONATHT000734	lncRNA	0.40389824160351934	0.5961017583964807	NONCODEv6_ATH.fa
NONATHT000735	Protein_Coding	0.545842728356672	0.4541572716433279	NONCODEv6_ATH.fa
NONATHT000736	lncRNA	0.2018426623614825	0.7981573376385177	NONCODEv6_ATH.fa
NONATHT000737	lncRNA	0.03001052700493549	0.9699894729950647	NONCODEv6_ATH.fa
NONATHT000738	lncRNA	0.3749931669901668	0.6250068330098331	NONCODEv6_ATH.fa
NONATHT000739	lncRNA	0.05142832361158912	0.948571676388411	NONCODEv6_ATH.fa
NONATHT000740	lncRNA	0.1192795974344771	0.8807204025655229	NONCODEv6_ATH.fa
NONATHT000741	lncRNA	0.13440402695632994	0.8655959730436698	NONCODEv6_ATH.fa
NONATHT000742	lncRNA	0.42548851085396294	0.5745114891460372	NONCODEv6_ATH.fa
NONATHT000743	lncRNA	0.05029389099709609	0.9497061090029039	NONCODEv6_ATH.fa
NONATHT000744	lncRNA	0.19397802444904363	0.8060219755509562	NONCODEv6_ATH.fa
NONATHT000745	lncRNA	0.14819441708151115	0.8518055829184882	NONCODEv6_ATH.fa
NONATHT000746	lncRNA	0.0794178701886306	0.9205821298113694	NONCODEv6_ATH.fa
NONATHT000747	lncRNA	0.10437436403696643	0.8956256359630334	NONCODEv6_ATH.fa
NONATHT000748	lncRNA	0.006443432235882395	0.9935565677641177	NONCODEv6_ATH.fa
NONATHT000749	lncRNA	0.11423952793014296	0.8857604720698563	NONCODEv6_ATH.fa
NONATHT000750	lncRNA	0.14041249202809533	0.8595875079719044	NONCODEv6_ATH.fa
NONATHT000751	lncRNA	0.06905054319500127	0.9309494568049993	NONCODEv6_ATH.fa
NONATHT000752	lncRNA	0.12772845944157746	0.8722715405584222	NONCODEv6_ATH.fa
NONATHT000754	lncRNA	0.17558465835239867	0.824415341647601	NONCODEv6_ATH.fa
NONATHT000753	lncRNA	0.17558465835239867	0.824415341647601	NONCODEv6_ATH.fa
NONATHT000755	lncRNA	0.1723736937603855	0.8276263062396145	NONCODEv6_ATH.fa
NONATHT000756	lncRNA	0.036058060635451604	0.9639419393645486	NONCODEv6_ATH.fa
NONATHT000757	lncRNA	0.2788785159930764	0.7211214840069232	NONCODEv6_ATH.fa
NONATHT000758	lncRNA	0.1073614517828234	0.8926385482171767	NONCODEv6_ATH.fa
NONATHT000759	lncRNA	0.4686185806923756	0.5313814193076243	NONCODEv6_ATH.fa
NONATHT000760	lncRNA	0.09673378556100451	0.9032662144389948	NONCODEv6_ATH.fa
NONATHT000761	lncRNA	0.14213449598478323	0.8578655040152169	NONCODEv6_ATH.fa
NONATHT000762	lncRNA	0.07803032871018903	0.921969671289811	NONCODEv6_ATH.fa
NONATHT000763	lncRNA	0.22170317811352355	0.7782968218864764	NONCODEv6_ATH.fa
NONATHT000764	lncRNA	0.2582921299184868	0.7417078700815128	NONCODEv6_ATH.fa
NONATHT000765	lncRNA	0.44221772665635367	0.5577822733436459	NONCODEv6_ATH.fa
NONATHT000766	lncRNA	0.04014282224765965	0.9598571777523408	NONCODEv6_ATH.fa
NONATHT000767	lncRNA	0.04156766200735309	0.9584323379926473	NONCODEv6_ATH.fa
NONATHT000768	lncRNA	0.46058854292028256	0.5394114570797173	NONCODEv6_ATH.fa
NONATHT000769	lncRNA	0.2636374593490502	0.7363625406509494	NONCODEv6_ATH.fa
NONATHT000770	lncRNA	0.20607837553674183	0.7939216244632573	NONCODEv6_ATH.fa
NONATHT000771	lncRNA	0.01586655404763945	0.9841334459523602	NONCODEv6_ATH.fa
NONATHT000772	lncRNA	0.16985218930183507	0.8301478106981649	NONCODEv6_ATH.fa
NONATHT000773	lncRNA	0.13828490251685022	0.86171509748315	NONCODEv6_ATH.fa
NONATHT000774	lncRNA	0.05868702572666958	0.9413129742733298	NONCODEv6_ATH.fa
NONATHT000775	lncRNA	0.2080704350994352	0.7919295649005647	NONCODEv6_ATH.fa
NONATHT000776	lncRNA	0.19992216846111918	0.8000778315388807	NONCODEv6_ATH.fa
NONATHT000777	lncRNA	0.07705785871750186	0.9229421412824985	NONCODEv6_ATH.fa
NONATHT000778	lncRNA	0.1989554120390536	0.8010445879609462	NONCODEv6_ATH.fa
NONATHT000779	lncRNA	0.1477884371017795	0.85221156289822	NONCODEv6_ATH.fa
NONATHT000780	lncRNA	0.09753760770113146	0.9024623922988684	NONCODEv6_ATH.fa
NONATHT000781	lncRNA	0.0938467223529771	0.9061532776470224	NONCODEv6_ATH.fa
NONATHT000782	lncRNA	0.18911446771069948	0.8108855322892995	NONCODEv6_ATH.fa
NONATHT000783	lncRNA	0.06822047718922772	0.9317795228107723	NONCODEv6_ATH.fa
NONATHT000784	lncRNA	0.2360337192719666	0.7639662807280331	NONCODEv6_ATH.fa
NONATHT000785	lncRNA	0.019362640561981	0.9806373594380191	NONCODEv6_ATH.fa
NONATHT000786	lncRNA	0.019362640561981	0.9806373594380191	NONCODEv6_ATH.fa
NONATHT000787	lncRNA	0.016248801040580373	0.9837511989594196	NONCODEv6_ATH.fa
NONATHT000788	lncRNA	0.1993750669937136	0.8006249330062861	NONCODEv6_ATH.fa
NONATHT000789	lncRNA	0.05024041792922377	0.9497595820707758	NONCODEv6_ATH.fa
NONATHT000790	lncRNA	0.013153223281730627	0.9868467767182699	NONCODEv6_ATH.fa
NONATHT000791	lncRNA	0.016189830740761486	0.9838101692592387	NONCODEv6_ATH.fa
NONATHT000792	lncRNA	0.06942297094555125	0.9305770290544488	NONCODEv6_ATH.fa
NONATHT000793	lncRNA	0.03332434386110535	0.9666756561388943	NONCODEv6_ATH.fa
NONATHT000794	lncRNA	0.12149707001065543	0.8785029299893442	NONCODEv6_ATH.fa
NONATHT000795	lncRNA	0.07259379112697734	0.9274062088730226	NONCODEv6_ATH.fa
NONATHT000796	lncRNA	0.4272771729646301	0.5727228270353698	NONCODEv6_ATH.fa
NONATHT000797	Protein_Coding	0.6012516646177001	0.39874833538230003	NONCODEv6_ATH.fa
NONATHT000798	lncRNA	0.19779074401517915	0.8022092559848207	NONCODEv6_ATH.fa
NONATHT000799	lncRNA	0.2756426087201716	0.7243573912798275	NONCODEv6_ATH.fa
NONATHT000800	lncRNA	0.06213861896024537	0.9378613810397542	NONCODEv6_ATH.fa
NONATHT000801	lncRNA	0.11560409184808246	0.8843959081519173	NONCODEv6_ATH.fa
NONATHT000802	lncRNA	0.29746245591539805	0.702537544084602	NONCODEv6_ATH.fa
NONATHT000803	lncRNA	0.16480129869873858	0.8351987013012607	NONCODEv6_ATH.fa
NONATHT000804	lncRNA	0.10424378929507702	0.8957562107049226	NONCODEv6_ATH.fa
NONATHT000805	lncRNA	0.1277481334559899	0.8722518665440104	NONCODEv6_ATH.fa
NONATHT000806	lncRNA	0.21996165053427746	0.7800383494657221	NONCODEv6_ATH.fa
NONATHT000807	lncRNA	0.46671245060075844	0.5332875493992413	NONCODEv6_ATH.fa
NONATHT000808	lncRNA	0.04458193712876138	0.9554180628712388	NONCODEv6_ATH.fa
NONATHT000809	lncRNA	0.022647021177249146	0.9773529788227506	NONCODEv6_ATH.fa
NONATHT000810	lncRNA	0.38297745695465363	0.6170225430453459	NONCODEv6_ATH.fa
NONATHT000811	lncRNA	0.23382645640802224	0.7661735435919774	NONCODEv6_ATH.fa
NONATHT000812	lncRNA	0.08511361487923381	0.914886385120766	NONCODEv6_ATH.fa
NONATHT000813	lncRNA	0.15071657146224038	0.8492834285377593	NONCODEv6_ATH.fa
NONATHT000814	lncRNA	0.09578545419786165	0.9042145458021381	NONCODEv6_ATH.fa
NONATHT000815	lncRNA	0.15387073422153824	0.8461292657784611	NONCODEv6_ATH.fa
NONATHT000816	lncRNA	0.38126234351685406	0.6187376564831454	NONCODEv6_ATH.fa
NONATHT000817	lncRNA	0.05117797016787572	0.9488220298321237	NONCODEv6_ATH.fa
NONATHT000818	lncRNA	0.09355320514534354	0.9064467948546558	NONCODEv6_ATH.fa
NONATHT000819	lncRNA	0.2186450931788532	0.7813549068211461	NONCODEv6_ATH.fa
NONATHT000820	lncRNA	0.0865475920003114	0.9134524079996883	NONCODEv6_ATH.fa
NONATHT000821	lncRNA	0.2976961521877	0.7023038478122993	NONCODEv6_ATH.fa
NONATHT000822	lncRNA	0.08488350357540744	0.9151164964245927	NONCODEv6_ATH.fa
NONATHT000823	lncRNA	0.07831765480544559	0.9216823451945537	NONCODEv6_ATH.fa
NONATHT000824	lncRNA	0.10616597397989726	0.8938340260201028	NONCODEv6_ATH.fa
NONATHT000825	lncRNA	0.11777940943500814	0.8822205905649915	NONCODEv6_ATH.fa
NONATHT000826	lncRNA	0.2678342162705206	0.7321657837294789	NONCODEv6_ATH.fa
NONATHT000827	lncRNA	0.10345982250256426	0.8965401774974348	NONCODEv6_ATH.fa
NONATHT000828	lncRNA	0.19087902370635088	0.809120976293649	NONCODEv6_ATH.fa
NONATHT000829	lncRNA	0.31817721703888385	0.6818227829611156	NONCODEv6_ATH.fa
NONATHT000830	lncRNA	0.24134223863114615	0.7586577613688542	NONCODEv6_ATH.fa
NONATHT000831	lncRNA	0.03335779571174341	0.9666422042882565	NONCODEv6_ATH.fa
NONATHT000832	lncRNA	0.10777653888470351	0.8922234611152962	NONCODEv6_ATH.fa
NONATHT000833	lncRNA	0.11076604880741413	0.8892339511925856	NONCODEv6_ATH.fa
NONATHT000834	lncRNA	0.1101575490877945	0.8898424509122054	NONCODEv6_ATH.fa
NONATHT000835	lncRNA	0.22510529161931161	0.7748947083806881	NONCODEv6_ATH.fa
NONATHT000836	lncRNA	0.08550756326107377	0.9144924367389262	NONCODEv6_ATH.fa
NONATHT000837	lncRNA	0.2815870333043669	0.7184129666956331	NONCODEv6_ATH.fa
NONATHT000838	lncRNA	0.27055378025644106	0.7294462197435585	NONCODEv6_ATH.fa
NONATHT000839	lncRNA	0.0600543235057627	0.9399456764942365	NONCODEv6_ATH.fa
NONATHT000840	lncRNA	0.19593037619928902	0.8040696238007106	NONCODEv6_ATH.fa
NONATHT000841	lncRNA	0.17695687165818155	0.8230431283418183	NONCODEv6_ATH.fa
NONATHT000844	lncRNA	0.17708045353506366	0.8229195464649363	NONCODEv6_ATH.fa
NONATHT000843	lncRNA	0.17708045353506366	0.8229195464649363	NONCODEv6_ATH.fa
NONATHT000842	lncRNA	0.17708045353506366	0.8229195464649363	NONCODEv6_ATH.fa
NONATHT000845	lncRNA	0.04422255863442052	0.9557774413655794	NONCODEv6_ATH.fa
NONATHT000846	lncRNA	0.10270797245974576	0.8972920275402542	NONCODEv6_ATH.fa
NONATHT000847	lncRNA	0.10736503718768925	0.8926349628123108	NONCODEv6_ATH.fa
NONATHT000848	lncRNA	0.03615769127337494	0.9638423087266248	NONCODEv6_ATH.fa
NONATHT000849	lncRNA	0.10419926578783195	0.8958007342121677	NONCODEv6_ATH.fa
NONATHT000850	lncRNA	0.1935981662188316	0.8064018337811684	NONCODEv6_ATH.fa
NONATHT000851	lncRNA	0.10264364880821893	0.8973563511917805	NONCODEv6_ATH.fa
NONATHT000852	lncRNA	0.13263427895456123	0.8673657210454381	NONCODEv6_ATH.fa
NONATHT000853	lncRNA	0.12806060557892726	0.8719393944210719	NONCODEv6_ATH.fa
NONATHT000854	lncRNA	0.15680914059940002	0.8431908594005996	NONCODEv6_ATH.fa
NONATHT000855	lncRNA	0.07258830629511384	0.927411693704886	NONCODEv6_ATH.fa
NONATHT000856	lncRNA	0.10137354330730987	0.8986264566926903	NONCODEv6_ATH.fa
NONATHT000857	lncRNA	0.13139053173023482	0.8686094682697643	NONCODEv6_ATH.fa
NONATHT000858	lncRNA	0.15337601751143318	0.8466239824885666	NONCODEv6_ATH.fa
NONATHT000859	lncRNA	0.3028674809828646	0.6971325190171356	NONCODEv6_ATH.fa
NONATHT000860	lncRNA	0.1308908228329523	0.8691091771670472	NONCODEv6_ATH.fa
NONATHT000861	lncRNA	0.06232362536120629	0.937676374638793	NONCODEv6_ATH.fa
NONATHT000862	lncRNA	0.1572416404790786	0.8427583595209215	NONCODEv6_ATH.fa
NONATHT000863	lncRNA	0.3117259537288279	0.6882740462711726	NONCODEv6_ATH.fa
NONATHT000864	lncRNA	0.11747071782259969	0.8825292821774	NONCODEv6_ATH.fa
NONATHT000865	lncRNA	0.041028638690549867	0.9589713613094494	NONCODEv6_ATH.fa
NONATHT000866	lncRNA	0.038874355530310906	0.961125644469689	NONCODEv6_ATH.fa
NONATHT000867	lncRNA	0.20833923356207334	0.7916607664379263	NONCODEv6_ATH.fa
NONATHT000868	lncRNA	0.14362004948701557	0.8563799505129839	NONCODEv6_ATH.fa
NONATHT000869	lncRNA	0.046319302822514945	0.9536806971774853	NONCODEv6_ATH.fa
NONATHT000870	lncRNA	0.12122734957997458	0.8787726504200253	NONCODEv6_ATH.fa
NONATHT000871	lncRNA	0.08696343151480737	0.9130365684851925	NONCODEv6_ATH.fa
NONATHT000872	lncRNA	0.2817737822166958	0.7182262177833039	NONCODEv6_ATH.fa
NONATHT000873	lncRNA	0.15429857532330735	0.8457014246766922	NONCODEv6_ATH.fa
NONATHT000874	lncRNA	0.2195543482450677	0.7804456517549322	NONCODEv6_ATH.fa
NONATHT000875	lncRNA	0.2306388457250187	0.7693611542749812	NONCODEv6_ATH.fa
NONATHT000876	lncRNA	0.1278294440047937	0.8721705559952069	NONCODEv6_ATH.fa
NONATHT000877	lncRNA	0.05198608005911586	0.9480139199408844	NONCODEv6_ATH.fa
NONATHT000878	lncRNA	0.10579975462106125	0.8942002453789387	NONCODEv6_ATH.fa
NONATHT000879	lncRNA	0.18943591879322894	0.8105640812067704	NONCODEv6_ATH.fa
NONATHT000880	lncRNA	0.056278213022703985	0.9437217869772958	NONCODEv6_ATH.fa
NONATHT000881	lncRNA	0.030660864316016532	0.9693391356839833	NONCODEv6_ATH.fa
NONATHT000882	lncRNA	0.06503443862977684	0.9349655613702229	NONCODEv6_ATH.fa
NONATHT000883	lncRNA	0.12181389736487049	0.8781861026351298	NONCODEv6_ATH.fa
NONATHT000884	lncRNA	0.06791568801666027	0.93208431198334	NONCODEv6_ATH.fa
NONATHT000885	lncRNA	0.06968101375071263	0.9303189862492872	NONCODEv6_ATH.fa
NONATHT000886	lncRNA	0.17552628355393654	0.8244737164460628	NONCODEv6_ATH.fa
NONATHT000887	lncRNA	0.22022031028640163	0.7797796897135976	NONCODEv6_ATH.fa
NONATHT000888	lncRNA	0.16873031064377197	0.8312696893562277	NONCODEv6_ATH.fa
NONATHT000889	lncRNA	0.2614049565933797	0.7385950434066199	NONCODEv6_ATH.fa
NONATHT000890	lncRNA	0.13560306032005723	0.8643969396799427	NONCODEv6_ATH.fa
NONATHT000891	lncRNA	0.3436067553781492	0.6563932446218504	NONCODEv6_ATH.fa
NONATHT000892	lncRNA	0.050757802620542566	0.9492421973794579	NONCODEv6_ATH.fa
NONATHT000893	lncRNA	0.26487752217493726	0.7351224778250622	NONCODEv6_ATH.fa
NONATHT000894	lncRNA	0.06613181002223628	0.9338681899777633	NONCODEv6_ATH.fa
NONATHT000895	lncRNA	0.06544037836246056	0.9345596216375397	NONCODEv6_ATH.fa
NONATHT000896	lncRNA	0.09324049045203009	0.906759509547969	NONCODEv6_ATH.fa
NONATHT000898	lncRNA	0.06179678134418218	0.9382032186558178	NONCODEv6_ATH.fa
NONATHT000897	lncRNA	0.06179678134418218	0.9382032186558178	NONCODEv6_ATH.fa
NONATHT000899	lncRNA	0.1647352787285785	0.8352647212714212	NONCODEv6_ATH.fa
NONATHT000900	lncRNA	0.06587051439897401	0.9341294856010257	NONCODEv6_ATH.fa
NONATHT000901	lncRNA	0.053559507770245075	0.9464404922297552	NONCODEv6_ATH.fa
NONATHT000902	lncRNA	0.14767301439648292	0.8523269856035169	NONCODEv6_ATH.fa
NONATHT000903	lncRNA	0.05432032626137218	0.9456796737386275	NONCODEv6_ATH.fa
NONATHT000904	lncRNA	0.042229356010996616	0.9577706439890032	NONCODEv6_ATH.fa
NONATHT000905	lncRNA	0.0661469912359736	0.9338530087640261	NONCODEv6_ATH.fa
NONATHT000906	lncRNA	0.10680925912231297	0.8931907408776865	NONCODEv6_ATH.fa
NONATHT000907	lncRNA	0.25205714252156464	0.7479428574784344	NONCODEv6_ATH.fa
NONATHT000908	lncRNA	0.13329011552783487	0.8667098844721652	NONCODEv6_ATH.fa
NONATHT000909	lncRNA	0.017238724191710082	0.9827612758082903	NONCODEv6_ATH.fa
NONATHT000910	lncRNA	0.21932125488279042	0.7806787451172098	NONCODEv6_ATH.fa
NONATHT000911	lncRNA	0.20978686602787092	0.7902131339721297	NONCODEv6_ATH.fa
NONATHT000912	lncRNA	0.2501057992691958	0.7498942007308039	NONCODEv6_ATH.fa
NONATHT000913	lncRNA	0.07130224568089256	0.9286977543191073	NONCODEv6_ATH.fa
NONATHT000914	lncRNA	0.15909849190403774	0.8409015080959626	NONCODEv6_ATH.fa
NONATHT000915	lncRNA	0.08996412702307063	0.9100358729769297	NONCODEv6_ATH.fa
NONATHT000916	lncRNA	0.04768984826923538	0.9523101517307643	NONCODEv6_ATH.fa
NONATHT000917	lncRNA	0.08322101248460768	0.9167789875153922	NONCODEv6_ATH.fa
NONATHT000918	lncRNA	0.06291940305293772	0.9370805969470622	NONCODEv6_ATH.fa
NONATHT000919	lncRNA	0.06526154471956805	0.9347384552804318	NONCODEv6_ATH.fa
NONATHT000920	lncRNA	0.12139247214430697	0.8786075278556932	NONCODEv6_ATH.fa
NONATHT000921	lncRNA	0.4256115490152656	0.5743884509847342	NONCODEv6_ATH.fa
NONATHT000922	lncRNA	0.08725358139025743	0.9127464186097416	NONCODEv6_ATH.fa
NONATHT000923	lncRNA	0.06500344678135711	0.9349965532186431	NONCODEv6_ATH.fa
NONATHT000924	lncRNA	0.02962898626123281	0.9703710137387671	NONCODEv6_ATH.fa
NONATHT000925	lncRNA	0.23614684959565047	0.7638531504043491	NONCODEv6_ATH.fa
NONATHT000926	lncRNA	0.0878893751538798	0.91211062484612	NONCODEv6_ATH.fa
NONATHT000927	lncRNA	0.062486701178312905	0.9375132988216867	NONCODEv6_ATH.fa
NONATHT000928	lncRNA	0.2217517290796583	0.7782482709203412	NONCODEv6_ATH.fa
NONATHT000929	lncRNA	0.16886013597874608	0.8311398640212534	NONCODEv6_ATH.fa
NONATHT000930	lncRNA	0.09291457232611605	0.9070854276738836	NONCODEv6_ATH.fa
NONATHT000932	Protein_Coding	0.6041934441344503	0.39580655586554997	NONCODEv6_ATH.fa
NONATHT000931	Protein_Coding	0.6041934441344503	0.39580655586554997	NONCODEv6_ATH.fa
NONATHT000933	lncRNA	0.09354487679927662	0.906455123200724	NONCODEv6_ATH.fa
NONATHT000934	lncRNA	0.10846306070581305	0.891536939294187	NONCODEv6_ATH.fa
NONATHT000935	lncRNA	0.31367145118393314	0.6863285488160668	NONCODEv6_ATH.fa
NONATHT000936	lncRNA	0.08025072877754949	0.9197492712224509	NONCODEv6_ATH.fa
NONATHT000937	lncRNA	0.15556817031186437	0.8444318296881352	NONCODEv6_ATH.fa
NONATHT000938	lncRNA	0.062071223434395195	0.9379287765656049	NONCODEv6_ATH.fa
NONATHT000939	Protein_Coding	0.5467890802282951	0.4532109197717047	NONCODEv6_ATH.fa
NONATHT000940	lncRNA	0.20116840261570165	0.7988315973842985	NONCODEv6_ATH.fa
NONATHT000941	lncRNA	0.37110489642307215	0.6288951035769274	NONCODEv6_ATH.fa
NONATHT000942	lncRNA	0.08678449822663803	0.9132155017733616	NONCODEv6_ATH.fa
NONATHT000943	lncRNA	0.05484087555418273	0.9451591244458174	NONCODEv6_ATH.fa
NONATHT000944	Protein_Coding	0.5992054234013219	0.4007945765986779	NONCODEv6_ATH.fa
NONATHT000945	lncRNA	0.3419571606763548	0.6580428393236448	NONCODEv6_ATH.fa
NONATHT000946	lncRNA	0.09227769207996325	0.9077223079200366	NONCODEv6_ATH.fa
NONATHT000947	lncRNA	0.17582464550584273	0.8241753544941575	NONCODEv6_ATH.fa
NONATHT000948	lncRNA	0.09076523328522577	0.9092347667147735	NONCODEv6_ATH.fa
NONATHT000949	lncRNA	0.13740159634772944	0.8625984036522698	NONCODEv6_ATH.fa
NONATHT000950	lncRNA	0.30245554932950863	0.6975444506704913	NONCODEv6_ATH.fa
NONATHT000951	lncRNA	0.4803337558469275	0.5196662441530724	NONCODEv6_ATH.fa
NONATHT000952	lncRNA	0.49494857343441734	0.5050514265655826	NONCODEv6_ATH.fa
NONATHT000955	lncRNA	0.135033084775597	0.8649669152244026	NONCODEv6_ATH.fa
NONATHT000954	lncRNA	0.135033084775597	0.8649669152244026	NONCODEv6_ATH.fa
NONATHT000953	lncRNA	0.135033084775597	0.8649669152244026	NONCODEv6_ATH.fa
NONATHT000956	lncRNA	0.14645166937272328	0.8535483306272768	NONCODEv6_ATH.fa
NONATHT000957	Protein_Coding	0.5957480765823253	0.4042519234176746	NONCODEv6_ATH.fa
NONATHT000958	lncRNA	0.0917106809164568	0.9082893190835432	NONCODEv6_ATH.fa
NONATHT000959	lncRNA	0.08370633034163699	0.9162936696583626	NONCODEv6_ATH.fa
NONATHT000960	lncRNA	0.28601362889824433	0.7139863711017553	NONCODEv6_ATH.fa
NONATHT000961	lncRNA	0.18685462252463061	0.813145377475369	NONCODEv6_ATH.fa
NONATHT000964	lncRNA	0.14536635408125137	0.8546336459187488	NONCODEv6_ATH.fa
NONATHT000962	lncRNA	0.14536635408125137	0.8546336459187488	NONCODEv6_ATH.fa
NONATHT000963	lncRNA	0.14536635408125137	0.8546336459187488	NONCODEv6_ATH.fa
NONATHT000965	lncRNA	0.20064294897450183	0.7993570510254977	NONCODEv6_ATH.fa
NONATHT000966	lncRNA	0.20064294897450183	0.7993570510254977	NONCODEv6_ATH.fa
NONATHT000967	lncRNA	0.206061533253777	0.7939384667462228	NONCODEv6_ATH.fa
NONATHT000968	lncRNA	0.10694314953037444	0.8930568504696255	NONCODEv6_ATH.fa
NONATHT000969	lncRNA	0.0723659169820386	0.9276340830179605	NONCODEv6_ATH.fa
NONATHT000970	lncRNA	0.03928469647223683	0.9607153035277631	NONCODEv6_ATH.fa
NONATHT000971	lncRNA	0.05070880916384702	0.9492911908361528	NONCODEv6_ATH.fa
NONATHT000972	lncRNA	0.41895576033952303	0.5810442396604765	NONCODEv6_ATH.fa
NONATHT000973	lncRNA	0.40366520498327413	0.5963347950167254	NONCODEv6_ATH.fa
NONATHT000974	lncRNA	0.3564279300547923	0.6435720699452072	NONCODEv6_ATH.fa
NONATHT000975	lncRNA	0.2850966096723031	0.7149033903276968	NONCODEv6_ATH.fa
NONATHT000976	lncRNA	0.06906552641367546	0.9309344735863251	NONCODEv6_ATH.fa
NONATHT000977	lncRNA	0.13449540882140926	0.8655045911785905	NONCODEv6_ATH.fa
NONATHT000978	lncRNA	0.17735960612208035	0.8226403938779191	NONCODEv6_ATH.fa
NONATHT000979	lncRNA	0.1376598037228921	0.862340196277108	NONCODEv6_ATH.fa
NONATHT000980	lncRNA	0.1410849715377121	0.8589150284622883	NONCODEv6_ATH.fa
NONATHT000981	lncRNA	0.047251312824399705	0.9527486871755996	NONCODEv6_ATH.fa
NONATHT000982	lncRNA	0.09952305561662679	0.9004769443833732	NONCODEv6_ATH.fa
NONATHT000983	lncRNA	0.09952305561662679	0.9004769443833732	NONCODEv6_ATH.fa
NONATHT000984	lncRNA	0.1381369652622531	0.8618630347377465	NONCODEv6_ATH.fa
NONATHT000985	lncRNA	0.02735751150103119	0.9726424884989692	NONCODEv6_ATH.fa
NONATHT000986	lncRNA	0.0718773268612099	0.9281226731387898	NONCODEv6_ATH.fa
NONATHT000987	lncRNA	0.24217021340894268	0.757829786591057	NONCODEv6_ATH.fa
NONATHT000988	lncRNA	0.03153332869955842	0.9684666713004414	NONCODEv6_ATH.fa
NONATHT000989	lncRNA	0.41368054576189545	0.5863194542381042	NONCODEv6_ATH.fa
NONATHT000990	lncRNA	0.07315476549531545	0.9268452345046843	NONCODEv6_ATH.fa
NONATHT000991	lncRNA	0.09656774496388958	0.9034322550361097	NONCODEv6_ATH.fa
NONATHT000992	lncRNA	0.08346801113442058	0.9165319888655797	NONCODEv6_ATH.fa
NONATHT000993	lncRNA	0.2042040273070577	0.7957959726929423	NONCODEv6_ATH.fa
NONATHT000994	lncRNA	0.06194984513098304	0.9380501548690168	NONCODEv6_ATH.fa
NONATHT000995	lncRNA	0.15848482616697016	0.8415151738330301	NONCODEv6_ATH.fa
NONATHT000996	lncRNA	0.2748118821662297	0.7251881178337698	NONCODEv6_ATH.fa
NONATHT000997	lncRNA	0.10858495138354653	0.8914150486164535	NONCODEv6_ATH.fa
NONATHT000998	lncRNA	0.18713164054332085	0.8128683594566789	NONCODEv6_ATH.fa
NONATHT000999	lncRNA	0.014821029835949358	0.9851789701640509	NONCODEv6_ATH.fa
NONATHT001000	lncRNA	0.10793504025661191	0.8920649597433881	NONCODEv6_ATH.fa
NONATHT001001	lncRNA	0.1551390901964643	0.8448609098035352	NONCODEv6_ATH.fa
NONATHT001002	Protein_Coding	0.6359522064861588	0.36404779351384137	NONCODEv6_ATH.fa
NONATHT001003	lncRNA	0.055700135022468754	0.9442998649775309	NONCODEv6_ATH.fa
NONATHT001004	lncRNA	0.3908254678993103	0.6091745321006893	NONCODEv6_ATH.fa
NONATHT001005	lncRNA	0.12811265859599602	0.8718873414040041	NONCODEv6_ATH.fa
NONATHT001006	lncRNA	0.08446213905514434	0.9155378609448556	NONCODEv6_ATH.fa
NONATHT001007	lncRNA	0.024142750177526883	0.975857249822473	NONCODEv6_ATH.fa
NONATHT001008	lncRNA	0.14817846311096697	0.8518215368890328	NONCODEv6_ATH.fa
NONATHT001009	lncRNA	0.13840151358264535	0.8615984864173541	NONCODEv6_ATH.fa
NONATHT001010	lncRNA	0.03208894501529828	0.9679110549847014	NONCODEv6_ATH.fa
NONATHT001011	lncRNA	0.10771384573963938	0.8922861542603597	NONCODEv6_ATH.fa
NONATHT001012	lncRNA	0.048439324098980545	0.9515606759010197	NONCODEv6_ATH.fa
NONATHT001013	lncRNA	0.49869192150048064	0.5013080784995194	NONCODEv6_ATH.fa
NONATHT001014	lncRNA	0.49387877634469496	0.5061212236553051	NONCODEv6_ATH.fa
NONATHT001015	lncRNA	0.3805285779904821	0.6194714220095175	NONCODEv6_ATH.fa
NONATHT001016	lncRNA	0.02767665669451112	0.9723233433054889	NONCODEv6_ATH.fa
NONATHT001017	lncRNA	0.28918367861615596	0.7108163213838444	NONCODEv6_ATH.fa
NONATHT001018	lncRNA	0.17861279834429103	0.8213872016557086	NONCODEv6_ATH.fa
NONATHT001019	lncRNA	0.03143696058140308	0.9685630394185972	NONCODEv6_ATH.fa
NONATHT001020	lncRNA	0.08559311339629956	0.9144068866037001	NONCODEv6_ATH.fa
NONATHT001021	lncRNA	0.1105730639684068	0.8894269360315934	NONCODEv6_ATH.fa
NONATHT001022	lncRNA	0.17914660908740038	0.8208533909125989	NONCODEv6_ATH.fa
NONATHT001023	lncRNA	0.15649382018522212	0.8435061798147776	NONCODEv6_ATH.fa
NONATHT001024	lncRNA	0.4756886066632736	0.5243113933367262	NONCODEv6_ATH.fa
NONATHT001025	lncRNA	0.038737250014958036	0.9612627499850425	NONCODEv6_ATH.fa
NONATHT001026	lncRNA	0.058447913345533634	0.9415520866544668	NONCODEv6_ATH.fa
NONATHT001027	lncRNA	0.26761482094853145	0.7323851790514684	NONCODEv6_ATH.fa
NONATHT001028	lncRNA	0.23726388711787236	0.7627361128821268	NONCODEv6_ATH.fa
NONATHT001029	lncRNA	0.029819591787155715	0.9701804082128448	NONCODEv6_ATH.fa
NONATHT001030	Protein_Coding	0.5050821080313534	0.49491789196864666	NONCODEv6_ATH.fa
NONATHT001031	lncRNA	0.15255315175368445	0.8474468482463154	NONCODEv6_ATH.fa
NONATHT001032	lncRNA	0.04635675597460493	0.9536432440253946	NONCODEv6_ATH.fa
NONATHT001033	lncRNA	0.025443214481960626	0.9745567855180391	NONCODEv6_ATH.fa
NONATHT001034	lncRNA	0.03595194812850007	0.9640480518715001	NONCODEv6_ATH.fa
NONATHT001035	lncRNA	0.15395534735233798	0.8460446526476616	NONCODEv6_ATH.fa
NONATHT001036	lncRNA	0.03454983210632095	0.9654501678936792	NONCODEv6_ATH.fa
NONATHT001037	lncRNA	0.1353134206495017	0.8646865793504982	NONCODEv6_ATH.fa
NONATHT001038	lncRNA	0.1560489316220083	0.8439510683779919	NONCODEv6_ATH.fa
NONATHT001039	lncRNA	0.06516171277028805	0.9348382872297117	NONCODEv6_ATH.fa
NONATHT001040	lncRNA	0.3942800562296929	0.6057199437703071	NONCODEv6_ATH.fa
NONATHT001041	lncRNA	0.34581974609213273	0.6541802539078673	NONCODEv6_ATH.fa
NONATHT001042	lncRNA	0.24278299373500384	0.7572170062649959	NONCODEv6_ATH.fa
NONATHT001043	lncRNA	0.08248953322168988	0.9175104667783095	NONCODEv6_ATH.fa
NONATHT001044	lncRNA	0.3440562993159029	0.6559437006840975	NONCODEv6_ATH.fa
NONATHT001045	lncRNA	0.08231344738461643	0.9176865526153836	NONCODEv6_ATH.fa
NONATHT001046	lncRNA	0.1398731090980747	0.8601268909019247	NONCODEv6_ATH.fa
NONATHT001047	lncRNA	0.2268773688225189	0.7731226311774805	NONCODEv6_ATH.fa
NONATHT001048	lncRNA	0.20052934159870717	0.799470658401293	NONCODEv6_ATH.fa
NONATHT001049	lncRNA	0.2464338481087626	0.7535661518912372	NONCODEv6_ATH.fa
NONATHT001050	lncRNA	0.1313853337652067	0.8686146662347933	NONCODEv6_ATH.fa
NONATHT001051	lncRNA	0.31943009837999453	0.6805699016200055	NONCODEv6_ATH.fa
NONATHT001052	lncRNA	0.056504195110308915	0.9434958048896912	NONCODEv6_ATH.fa
NONATHT001053	lncRNA	0.2018534517934795	0.7981465482065205	NONCODEv6_ATH.fa
NONATHT001054	lncRNA	0.01828867687183034	0.9817113231281692	NONCODEv6_ATH.fa
NONATHT001055	lncRNA	0.09734245806043133	0.9026575419395688	NONCODEv6_ATH.fa
NONATHT001056	lncRNA	0.09130613798848757	0.9086938620115124	NONCODEv6_ATH.fa
NONATHT001057	lncRNA	0.07880575892064703	0.9211942410793528	NONCODEv6_ATH.fa
NONATHT001059	lncRNA	0.25571428381319594	0.7442857161868041	NONCODEv6_ATH.fa
NONATHT001058	lncRNA	0.25571428381319594	0.7442857161868041	NONCODEv6_ATH.fa
NONATHT001060	lncRNA	0.1624069445520164	0.8375930554479836	NONCODEv6_ATH.fa
NONATHT001061	lncRNA	0.070275895926971	0.9297241040730292	NONCODEv6_ATH.fa
NONATHT001062	lncRNA	0.08138810284464798	0.9186118971553521	NONCODEv6_ATH.fa
NONATHT001063	lncRNA	0.33295898197078483	0.667041018029215	NONCODEv6_ATH.fa
NONATHT001064	lncRNA	0.19399895220421243	0.8060010477957874	NONCODEv6_ATH.fa
NONATHT001065	lncRNA	0.2459393332749357	0.754060666725064	NONCODEv6_ATH.fa
NONATHT001066	lncRNA	0.11603951743535816	0.8839604825646415	NONCODEv6_ATH.fa
NONATHT001067	lncRNA	0.3993648480158486	0.6006351519841513	NONCODEv6_ATH.fa
NONATHT001068	lncRNA	0.1279056950670481	0.8720943049329514	NONCODEv6_ATH.fa
NONATHT001069	lncRNA	0.13106185935603057	0.8689381406439696	NONCODEv6_ATH.fa
NONATHT001070	lncRNA	0.11003861868424962	0.8899613813157503	NONCODEv6_ATH.fa
NONATHT001071	lncRNA	0.19543781415775432	0.8045621858422455	NONCODEv6_ATH.fa
NONATHT001072	lncRNA	0.2721599313988355	0.7278400686011639	NONCODEv6_ATH.fa
NONATHT001073	lncRNA	0.49811461271084556	0.5018853872891544	NONCODEv6_ATH.fa
NONATHT001074	lncRNA	0.10650189701253382	0.8934981029874667	NONCODEv6_ATH.fa
NONATHT001075	lncRNA	0.19239920389029827	0.8076007961097013	NONCODEv6_ATH.fa
NONATHT001076	lncRNA	0.15472081443428753	0.8452791855657126	NONCODEv6_ATH.fa
NONATHT001077	lncRNA	0.11437152649598911	0.8856284735040107	NONCODEv6_ATH.fa
NONATHT001078	lncRNA	0.31013166583568036	0.6898683341643196	NONCODEv6_ATH.fa
NONATHT001079	Protein_Coding	0.5326194509852402	0.4673805490147598	NONCODEv6_ATH.fa
NONATHT001080	lncRNA	0.3441781954576691	0.6558218045423309	NONCODEv6_ATH.fa
NONATHT001081	lncRNA	0.48842721200630335	0.5115727879936967	NONCODEv6_ATH.fa
NONATHT001082	lncRNA	0.29211800846593344	0.707881991534066	NONCODEv6_ATH.fa
NONATHT001083	lncRNA	0.3684127875825747	0.6315872124174245	NONCODEv6_ATH.fa
NONATHT001084	lncRNA	0.12737828448202018	0.8726217155179792	NONCODEv6_ATH.fa
NONATHT001085	lncRNA	0.3778840918953856	0.622115908104614	NONCODEv6_ATH.fa
NONATHT001086	lncRNA	0.09578903426415543	0.9042109657358451	NONCODEv6_ATH.fa
NONATHT001087	lncRNA	0.2327535154996117	0.7672464845003879	NONCODEv6_ATH.fa
NONATHT001088	lncRNA	0.0854698403146852	0.9145301596853144	NONCODEv6_ATH.fa
NONATHT001089	lncRNA	0.1930004038148232	0.8069995961851766	NONCODEv6_ATH.fa
NONATHT001090	lncRNA	0.15725624206424224	0.8427437579357573	NONCODEv6_ATH.fa
NONATHT001091	lncRNA	0.2845748675905138	0.7154251324094867	NONCODEv6_ATH.fa
NONATHT001092	lncRNA	0.18270354305965486	0.8172964569403446	NONCODEv6_ATH.fa
NONATHT001093	lncRNA	0.062257171868854454	0.9377428281311455	NONCODEv6_ATH.fa
NONATHT001094	lncRNA	0.16406210359915718	0.8359378964008424	NONCODEv6_ATH.fa
NONATHT001095	lncRNA	0.04841331198386914	0.9515866880161304	NONCODEv6_ATH.fa
NONATHT001096	lncRNA	0.1207026328903159	0.8792973671096835	NONCODEv6_ATH.fa
NONATHT001097	lncRNA	0.03208402442331743	0.9679159755766825	NONCODEv6_ATH.fa
NONATHT001098	lncRNA	0.10484144790607569	0.8951585520939245	NONCODEv6_ATH.fa
NONATHT001099	lncRNA	0.14747423753513528	0.8525257624648651	NONCODEv6_ATH.fa
NONATHT001100	lncRNA	0.014177147178108213	0.9858228528218919	NONCODEv6_ATH.fa
NONATHT001101	lncRNA	0.28724305875679323	0.7127569412432063	NONCODEv6_ATH.fa
NONATHT001102	lncRNA	0.09350023907339244	0.9064997609266074	NONCODEv6_ATH.fa
NONATHT001103	lncRNA	0.14613674521150496	0.8538632547884946	NONCODEv6_ATH.fa
NONATHT001104	lncRNA	0.10644961275925811	0.8935503872407422	NONCODEv6_ATH.fa
NONATHT001105	lncRNA	0.10836313027472662	0.8916368697252731	NONCODEv6_ATH.fa
NONATHT001106	lncRNA	0.02271730799336672	0.9772826920066331	NONCODEv6_ATH.fa
NONATHT001107	lncRNA	0.14973577580661862	0.8502642241933808	NONCODEv6_ATH.fa
NONATHT001108	lncRNA	0.21329452663479248	0.7867054733652067	NONCODEv6_ATH.fa
NONATHT001109	lncRNA	0.1419495879362549	0.8580504120637455	NONCODEv6_ATH.fa
NONATHT001110	lncRNA	0.2542830350613627	0.7457169649386364	NONCODEv6_ATH.fa
NONATHT001111	lncRNA	0.19711398486424425	0.8028860151357552	NONCODEv6_ATH.fa
NONATHT001112	lncRNA	0.12855026760763372	0.8714497323923658	NONCODEv6_ATH.fa
NONATHT001113	lncRNA	0.0593985445680993	0.9406014554319012	NONCODEv6_ATH.fa
NONATHT001114	lncRNA	0.3195068630467835	0.6804931369532164	NONCODEv6_ATH.fa
NONATHT001115	lncRNA	0.27845295201793896	0.7215470479820616	NONCODEv6_ATH.fa
NONATHT001116	lncRNA	0.15725428862501437	0.8427457113749853	NONCODEv6_ATH.fa
NONATHT001117	lncRNA	0.3909152367812034	0.6090847632187965	NONCODEv6_ATH.fa
NONATHT001118	lncRNA	0.1723970486715767	0.8276029513284234	NONCODEv6_ATH.fa
NONATHT001119	lncRNA	0.15862381447902762	0.8413761855209723	NONCODEv6_ATH.fa
NONATHT001120	lncRNA	0.15820030765608928	0.8417996923439104	NONCODEv6_ATH.fa
NONATHT001121	lncRNA	0.24047190744171348	0.7595280925582863	NONCODEv6_ATH.fa
NONATHT001122	lncRNA	0.33656576879619765	0.663434231203802	NONCODEv6_ATH.fa
NONATHT001123	lncRNA	0.13165543321232062	0.868344566787679	NONCODEv6_ATH.fa
NONATHT001124	lncRNA	0.27240854387145447	0.7275914561285455	NONCODEv6_ATH.fa
NONATHT001125	lncRNA	0.37353393709616917	0.6264660629038308	NONCODEv6_ATH.fa
NONATHT001126	lncRNA	0.050977754711195984	0.949022245288804	NONCODEv6_ATH.fa
NONATHT001127	lncRNA	0.10569752555777004	0.8943024744422298	NONCODEv6_ATH.fa
NONATHT001128	lncRNA	0.3566636745410304	0.6433363254589689	NONCODEv6_ATH.fa
NONATHT001129	lncRNA	0.16465701439286196	0.835342985607138	NONCODEv6_ATH.fa
NONATHT001130	lncRNA	0.1456540087878236	0.854345991212176	NONCODEv6_ATH.fa
NONATHT001131	lncRNA	0.08724250637272558	0.912757493627274	NONCODEv6_ATH.fa
NONATHT001132	lncRNA	0.045738066383024294	0.9542619336169759	NONCODEv6_ATH.fa
NONATHT001133	lncRNA	0.008044221052038045	0.9919557789479622	NONCODEv6_ATH.fa
NONATHT001134	lncRNA	0.3492862944241492	0.6507137055758508	NONCODEv6_ATH.fa
NONATHT001135	lncRNA	0.11237546255169936	0.8876245374483004	NONCODEv6_ATH.fa
NONATHT001136	lncRNA	0.1476732862466348	0.8523267137533647	NONCODEv6_ATH.fa
NONATHT001137	lncRNA	0.1476732862466348	0.8523267137533647	NONCODEv6_ATH.fa
NONATHT001138	lncRNA	0.1476732862466348	0.8523267137533647	NONCODEv6_ATH.fa
NONATHT001139	lncRNA	0.4259385860293034	0.5740614139706961	NONCODEv6_ATH.fa
NONATHT001140	lncRNA	0.0730972163640661	0.9269027836359337	NONCODEv6_ATH.fa
NONATHT001141	lncRNA	0.27675830062304113	0.7232416993769587	NONCODEv6_ATH.fa
NONATHT001142	lncRNA	0.1506007163676929	0.8493992836323072	NONCODEv6_ATH.fa
NONATHT001143	lncRNA	0.19485053682350226	0.805149463176498	NONCODEv6_ATH.fa
NONATHT001144	lncRNA	0.3219251265302692	0.6780748734697308	NONCODEv6_ATH.fa
NONATHT001145	lncRNA	0.27213384342344277	0.7278661565765572	NONCODEv6_ATH.fa
NONATHT001146	lncRNA	0.09336033513800392	0.9066396648619955	NONCODEv6_ATH.fa
NONATHT001147	lncRNA	0.018774227882715943	0.9812257721172838	NONCODEv6_ATH.fa
NONATHT001148	lncRNA	0.13971420196877418	0.8602857980312255	NONCODEv6_ATH.fa
NONATHT001149	lncRNA	0.2254351902823447	0.7745648097176554	NONCODEv6_ATH.fa
NONATHT001150	lncRNA	0.25505705180149246	0.7449429481985076	NONCODEv6_ATH.fa
NONATHT001151	lncRNA	0.47696989797451	0.5230301020254898	NONCODEv6_ATH.fa
NONATHT001152	lncRNA	0.1808640508188102	0.8191359491811896	NONCODEv6_ATH.fa
NONATHT001153	lncRNA	0.14415768909427076	0.85584231090573	NONCODEv6_ATH.fa
NONATHT001154	lncRNA	0.14415768909427076	0.85584231090573	NONCODEv6_ATH.fa
NONATHT001155	lncRNA	0.14415768909427076	0.85584231090573	NONCODEv6_ATH.fa
NONATHT001156	lncRNA	0.4732071027174696	0.5267928972825303	NONCODEv6_ATH.fa
NONATHT001157	lncRNA	0.37472843235908637	0.6252715676409136	NONCODEv6_ATH.fa
NONATHT001158	lncRNA	0.4133005909245202	0.5866994090754795	NONCODEv6_ATH.fa
NONATHT001159	lncRNA	0.05246588863437609	0.9475341113656237	NONCODEv6_ATH.fa
NONATHT001160	lncRNA	0.057797793770053854	0.9422022062299462	NONCODEv6_ATH.fa
NONATHT001161	lncRNA	0.17142250536296813	0.8285774946370317	NONCODEv6_ATH.fa
NONATHT001162	lncRNA	0.22063078491180535	0.7793692150881947	NONCODEv6_ATH.fa
NONATHT001163	lncRNA	0.06034346932269503	0.9396565306773046	NONCODEv6_ATH.fa
NONATHT001164	lncRNA	0.27113103588794013	0.7288689641120598	NONCODEv6_ATH.fa
NONATHT001165	lncRNA	0.21574361818623658	0.784256381813763	NONCODEv6_ATH.fa
NONATHT001166	lncRNA	0.10985563074064057	0.8901443692593591	NONCODEv6_ATH.fa
NONATHT001167	lncRNA	0.1962146068982731	0.8037853931017266	NONCODEv6_ATH.fa
NONATHT001168	lncRNA	0.1709550015957146	0.829044998404285	NONCODEv6_ATH.fa
NONATHT001169	lncRNA	0.04724176374375254	0.9527582362562474	NONCODEv6_ATH.fa
NONATHT001170	lncRNA	0.0516566884168825	0.9483433115831169	NONCODEv6_ATH.fa
NONATHT001171	lncRNA	0.4455233370236504	0.5544766629763493	NONCODEv6_ATH.fa
NONATHT001172	lncRNA	0.1327589398494987	0.8672410601505008	NONCODEv6_ATH.fa
NONATHT001173	lncRNA	0.49015917686557486	0.5098408231344249	NONCODEv6_ATH.fa
NONATHT001174	lncRNA	0.13247345333312638	0.8675265466668729	NONCODEv6_ATH.fa
NONATHT001175	lncRNA	0.3103646932623384	0.6896353067376606	NONCODEv6_ATH.fa
NONATHT001176	lncRNA	0.17942165975981011	0.82057834024019	NONCODEv6_ATH.fa
NONATHT001177	lncRNA	0.1887521499062361	0.8112478500937638	NONCODEv6_ATH.fa
NONATHT001178	lncRNA	0.2111375651955679	0.7888624348044319	NONCODEv6_ATH.fa
NONATHT001179	lncRNA	0.09053096059565205	0.9094690394043484	NONCODEv6_ATH.fa
NONATHT001180	lncRNA	0.06723421396567175	0.932765786034328	NONCODEv6_ATH.fa
NONATHT001181	lncRNA	0.1420422890636632	0.8579577109363363	NONCODEv6_ATH.fa
NONATHT001182	lncRNA	0.08954373419944921	0.9104562658005508	NONCODEv6_ATH.fa
NONATHT001183	lncRNA	0.16066595682028537	0.8393340431797137	NONCODEv6_ATH.fa
NONATHT001184	lncRNA	0.14053759999816315	0.8594624000018367	NONCODEv6_ATH.fa
NONATHT001185	lncRNA	0.2369206458056146	0.763079354194386	NONCODEv6_ATH.fa
NONATHT001186	lncRNA	0.04549308558032351	0.9545069144196761	NONCODEv6_ATH.fa
NONATHT001187	lncRNA	0.28103012619539275	0.7189698738046069	NONCODEv6_ATH.fa
NONATHT001188	lncRNA	0.41068859676876524	0.5893114032312345	NONCODEv6_ATH.fa
NONATHT001189	lncRNA	0.05816214641789795	0.9418378535821021	NONCODEv6_ATH.fa
NONATHT001190	lncRNA	0.1327698912591072	0.8672301087408927	NONCODEv6_ATH.fa
NONATHT001191	lncRNA	0.12651472515636145	0.8734852748436381	NONCODEv6_ATH.fa
NONATHT001192	lncRNA	0.42715883828694107	0.5728411617130588	NONCODEv6_ATH.fa
NONATHT001193	lncRNA	0.0891048120236939	0.9108951879763066	NONCODEv6_ATH.fa
NONATHT001194	lncRNA	0.191051367832891	0.8089486321671086	NONCODEv6_ATH.fa
NONATHT001195	lncRNA	0.03491390722527501	0.9650860927747251	NONCODEv6_ATH.fa
NONATHT001196	lncRNA	0.3063680158048816	0.6936319841951184	NONCODEv6_ATH.fa
NONATHT001197	lncRNA	0.06503244348002866	0.9349675565199718	NONCODEv6_ATH.fa
NONATHT001198	lncRNA	0.40414094389586686	0.595859056104133	NONCODEv6_ATH.fa
NONATHT001199	lncRNA	0.37766251599917866	0.6223374840008213	NONCODEv6_ATH.fa
NONATHT001200	lncRNA	0.12244581338130561	0.8775541866186943	NONCODEv6_ATH.fa
NONATHT001201	lncRNA	0.1372660151667461	0.8627339848332535	NONCODEv6_ATH.fa
NONATHT001202	lncRNA	0.1961501629278688	0.8038498370721308	NONCODEv6_ATH.fa
NONATHT001203	lncRNA	0.374234414639899	0.6257655853601007	NONCODEv6_ATH.fa
NONATHT001204	lncRNA	0.21576037170331508	0.7842396282966846	NONCODEv6_ATH.fa
NONATHT001205	lncRNA	0.29266671777110526	0.7073332822288948	NONCODEv6_ATH.fa
NONATHT001206	lncRNA	0.37611622999500727	0.6238837700049923	NONCODEv6_ATH.fa
NONATHT001207	lncRNA	0.255943810602351	0.7440561893976492	NONCODEv6_ATH.fa
NONATHT001208	lncRNA	0.10307729743396131	0.8969227025660381	NONCODEv6_ATH.fa
NONATHT001209	lncRNA	0.11170647253331732	0.8882935274666823	NONCODEv6_ATH.fa
NONATHT001210	lncRNA	0.298385564532468	0.7016144354675321	NONCODEv6_ATH.fa
NONATHT001211	lncRNA	0.10476663088473656	0.8952333691152626	NONCODEv6_ATH.fa
NONATHT001212	lncRNA	0.43722932043889834	0.5627706795611016	NONCODEv6_ATH.fa
NONATHT001213	lncRNA	0.019790207563606072	0.9802097924363937	NONCODEv6_ATH.fa
NONATHT001214	lncRNA	0.06592103641219571	0.9340789635878037	NONCODEv6_ATH.fa
NONATHT001215	lncRNA	0.2107154101875073	0.7892845898124923	NONCODEv6_ATH.fa
NONATHT001216	lncRNA	0.1606585768297503	0.83934142317025	NONCODEv6_ATH.fa
NONATHT001217	lncRNA	0.025760323761697648	0.9742396762383024	NONCODEv6_ATH.fa
NONATHT001218	lncRNA	0.25045003425999685	0.7495499657400027	NONCODEv6_ATH.fa
NONATHT001219	lncRNA	0.08676056264460137	0.9132394373553993	NONCODEv6_ATH.fa
NONATHT001220	lncRNA	0.10099894581141289	0.8990010541885872	NONCODEv6_ATH.fa
NONATHT001221	lncRNA	0.09590606013149044	0.9040939398685097	NONCODEv6_ATH.fa
NONATHT001222	lncRNA	0.31513919138081825	0.6848608086191819	NONCODEv6_ATH.fa
NONATHT001223	lncRNA	0.11449766559974947	0.8855023344002502	NONCODEv6_ATH.fa
NONATHT001224	lncRNA	0.39810367533597474	0.6018963246640247	NONCODEv6_ATH.fa
NONATHT001225	lncRNA	0.06333143085896878	0.9366685691410308	NONCODEv6_ATH.fa
NONATHT001226	lncRNA	0.2724415855532802	0.7275584144467193	NONCODEv6_ATH.fa
NONATHT001227	lncRNA	0.08801423925379934	0.911985760746201	NONCODEv6_ATH.fa
NONATHT001228	lncRNA	0.08500469475069633	0.914995305249303	NONCODEv6_ATH.fa
NONATHT001229	lncRNA	0.20523533183319237	0.7947646681668071	NONCODEv6_ATH.fa
NONATHT001230	lncRNA	0.28977252629605477	0.7102274737039452	NONCODEv6_ATH.fa
NONATHT001231	lncRNA	0.4508361091860014	0.5491638908139983	NONCODEv6_ATH.fa
NONATHT001232	lncRNA	0.17566130809997688	0.8243386919000223	NONCODEv6_ATH.fa
NONATHT001233	lncRNA	0.23993473742454816	0.7600652625754513	NONCODEv6_ATH.fa
NONATHT001234	lncRNA	0.032580730497880156	0.9674192695021198	NONCODEv6_ATH.fa
NONATHT001235	lncRNA	0.3412354695545889	0.6587645304454102	NONCODEv6_ATH.fa
NONATHT001236	lncRNA	0.23889514603962417	0.7611048539603755	NONCODEv6_ATH.fa
NONATHT001237	lncRNA	0.25971875899904706	0.7402812410009525	NONCODEv6_ATH.fa
NONATHT001238	lncRNA	0.4106648949880069	0.5893351050119928	NONCODEv6_ATH.fa
NONATHT001239	lncRNA	0.3591210956785631	0.6408789043214363	NONCODEv6_ATH.fa
NONATHT001240	lncRNA	0.2961212675730753	0.7038787324269246	NONCODEv6_ATH.fa
NONATHT001241	lncRNA	0.07913003929982193	0.9208699607001778	NONCODEv6_ATH.fa
NONATHT001242	lncRNA	0.0841041834536256	0.9158958165463744	NONCODEv6_ATH.fa
NONATHT001243	lncRNA	0.3945281332457225	0.6054718667542777	NONCODEv6_ATH.fa
NONATHT001244	lncRNA	0.3924419698864264	0.6075580301135736	NONCODEv6_ATH.fa
NONATHT001245	lncRNA	0.3924419698864264	0.6075580301135736	NONCODEv6_ATH.fa
NONATHT001246	lncRNA	0.4559803482936761	0.5440196517063233	NONCODEv6_ATH.fa
NONATHT001247	lncRNA	0.07445497571576846	0.9255450242842317	NONCODEv6_ATH.fa
NONATHT001248	lncRNA	0.1909964034855174	0.8090035965144824	NONCODEv6_ATH.fa
NONATHT001249	lncRNA	0.19848688629703562	0.8015131137029641	NONCODEv6_ATH.fa
NONATHT001250	lncRNA	0.10531355402642932	0.8946864459735703	NONCODEv6_ATH.fa
NONATHT001251	lncRNA	0.14398244047375044	0.8560175595262497	NONCODEv6_ATH.fa
NONATHT001252	lncRNA	0.2187411186761958	0.7812588813238039	NONCODEv6_ATH.fa
NONATHT001253	lncRNA	0.22732000928993448	0.7726799907100654	NONCODEv6_ATH.fa
NONATHT001254	lncRNA	0.25372712074469705	0.746272879255302	NONCODEv6_ATH.fa
NONATHT001255	lncRNA	0.1111617827454289	0.8888382172545709	NONCODEv6_ATH.fa
NONATHT001256	lncRNA	0.3778317034962761	0.6221682965037238	NONCODEv6_ATH.fa
NONATHT001257	lncRNA	0.2880365005164574	0.7119634994835424	NONCODEv6_ATH.fa
NONATHT001258	lncRNA	0.24173334161974178	0.7582666583802578	NONCODEv6_ATH.fa
NONATHT001259	lncRNA	0.1311366060615176	0.8688633939384821	NONCODEv6_ATH.fa
NONATHT001260	lncRNA	0.1248179388130597	0.8751820611869399	NONCODEv6_ATH.fa
NONATHT001261	lncRNA	0.23888334072145986	0.76111665927854	NONCODEv6_ATH.fa
NONATHT001262	lncRNA	0.4168752725066494	0.58312472749335	NONCODEv6_ATH.fa
NONATHT001263	lncRNA	0.04705164706001237	0.9529483529399886	NONCODEv6_ATH.fa
NONATHT001264	Protein_Coding	0.5789611896112635	0.4210388103887368	NONCODEv6_ATH.fa
NONATHT001265	lncRNA	0.17527821318837825	0.824721786811621	NONCODEv6_ATH.fa
NONATHT001266	lncRNA	0.23528603011087879	0.7647139698891212	NONCODEv6_ATH.fa
NONATHT001267	lncRNA	0.2071417490177634	0.7928582509822361	NONCODEv6_ATH.fa
NONATHT001268	lncRNA	0.026041724363903326	0.9739582756360969	NONCODEv6_ATH.fa
NONATHT001269	lncRNA	0.07286901557637128	0.9271309844236287	NONCODEv6_ATH.fa
NONATHT001270	lncRNA	0.07578940941354984	0.92421059058645	NONCODEv6_ATH.fa
NONATHT001271	lncRNA	0.027007455595012716	0.9729925444049871	NONCODEv6_ATH.fa
NONATHT001272	lncRNA	0.18214565594235177	0.8178543440576483	NONCODEv6_ATH.fa
NONATHT001273	lncRNA	0.183982380117895	0.8160176198821052	NONCODEv6_ATH.fa
NONATHT001274	lncRNA	0.08564076690899913	0.9143592330910009	NONCODEv6_ATH.fa
NONATHT001275	lncRNA	0.2626923867826893	0.7373076132173104	NONCODEv6_ATH.fa
NONATHT001276	lncRNA	0.0789466529573705	0.9210533470426296	NONCODEv6_ATH.fa
NONATHT001277	lncRNA	0.09295719969428397	0.9070428003057156	NONCODEv6_ATH.fa
NONATHT001278	lncRNA	0.2325437320792687	0.7674562679207305	NONCODEv6_ATH.fa
NONATHT001279	lncRNA	0.19263821458495148	0.807361785415048	NONCODEv6_ATH.fa
NONATHT001280	lncRNA	0.21034721890650385	0.7896527810934958	NONCODEv6_ATH.fa
NONATHT001281	lncRNA	0.09751068391337275	0.902489316086628	NONCODEv6_ATH.fa
NONATHT001282	lncRNA	0.1356050552509169	0.8643949447490831	NONCODEv6_ATH.fa
NONATHT001283	lncRNA	0.3434034314152345	0.6565965685847654	NONCODEv6_ATH.fa
NONATHT001284	lncRNA	0.022684290850060945	0.977315709149939	NONCODEv6_ATH.fa
NONATHT001285	lncRNA	0.4664226713027101	0.5335773286972897	NONCODEv6_ATH.fa
NONATHT001286	lncRNA	0.19412195741259977	0.8058780425873997	NONCODEv6_ATH.fa
NONATHT001288	lncRNA	0.3171092195857831	0.6828907804142167	NONCODEv6_ATH.fa
NONATHT001287	lncRNA	0.3171092195857831	0.6828907804142167	NONCODEv6_ATH.fa
NONATHT001289	lncRNA	0.07926304069936718	0.9207369593006325	NONCODEv6_ATH.fa
NONATHT001290	Protein_Coding	0.5000755186204136	0.4999244813795865	NONCODEv6_ATH.fa
NONATHT001291	lncRNA	0.04939273275560601	0.9506072672443941	NONCODEv6_ATH.fa
NONATHT001292	lncRNA	0.05757997371411477	0.9424200262858851	NONCODEv6_ATH.fa
NONATHT001293	lncRNA	0.1466666805830438	0.8533333194169557	NONCODEv6_ATH.fa
NONATHT001294	lncRNA	0.21985449464305287	0.780145505356947	NONCODEv6_ATH.fa
NONATHT001295	lncRNA	0.12596297751761892	0.8740370224823809	NONCODEv6_ATH.fa
NONATHT001296	lncRNA	0.27602561421116106	0.7239743857888387	NONCODEv6_ATH.fa
NONATHT001297	lncRNA	0.2539237775850889	0.7460762224149117	NONCODEv6_ATH.fa
NONATHT001298	lncRNA	0.1063422724627288	0.8936577275372711	NONCODEv6_ATH.fa
NONATHT001299	lncRNA	0.0804100162937711	0.9195899837062294	NONCODEv6_ATH.fa
NONATHT001300	lncRNA	0.04548259164936234	0.9545174083506377	NONCODEv6_ATH.fa
NONATHT001301	lncRNA	0.1253084354662195	0.8746915645337807	NONCODEv6_ATH.fa
NONATHT001302	Protein_Coding	0.5601580739576508	0.43984192604234923	NONCODEv6_ATH.fa
NONATHT001303	Protein_Coding	0.5660451381530474	0.43395486184695287	NONCODEv6_ATH.fa
NONATHT001304	lncRNA	0.13190992966862705	0.8680900703313726	NONCODEv6_ATH.fa
NONATHT001305	lncRNA	0.37274934289786305	0.6272506571021366	NONCODEv6_ATH.fa
NONATHT001306	lncRNA	0.07839956277485387	0.9216004372251457	NONCODEv6_ATH.fa
NONATHT001307	lncRNA	0.2219562585756296	0.7780437414243704	NONCODEv6_ATH.fa
NONATHT001308	lncRNA	0.1224197841975276	0.8775802158024724	NONCODEv6_ATH.fa
NONATHT001309	lncRNA	0.13909960080532785	0.8609003991946723	NONCODEv6_ATH.fa
NONATHT001310	Protein_Coding	0.6275645659986276	0.37243543400137286	NONCODEv6_ATH.fa
NONATHT001311	lncRNA	0.08087063587774657	0.9191293641222532	NONCODEv6_ATH.fa
NONATHT001312	lncRNA	0.13291375444195525	0.8670862455580448	NONCODEv6_ATH.fa
NONATHT001313	lncRNA	0.09718922485758276	0.902810775142417	NONCODEv6_ATH.fa
NONATHT001314	lncRNA	0.14978138655794535	0.8502186134420543	NONCODEv6_ATH.fa
NONATHT001315	lncRNA	0.07825169385202892	0.9217483061479707	NONCODEv6_ATH.fa
NONATHT001316	lncRNA	0.18993382019648827	0.8100661798035113	NONCODEv6_ATH.fa
NONATHT001317	lncRNA	0.07652494827556094	0.9234750517244392	NONCODEv6_ATH.fa
NONATHT001318	lncRNA	0.05616448365365452	0.9438355163463451	NONCODEv6_ATH.fa
NONATHT001319	lncRNA	0.1422080084468279	0.8577919915531718	NONCODEv6_ATH.fa
NONATHT001320	lncRNA	0.23133820417941284	0.7686617958205875	NONCODEv6_ATH.fa
NONATHT001321	lncRNA	0.1544978547341305	0.8455021452658693	NONCODEv6_ATH.fa
NONATHT001323	lncRNA	0.13974606989324123	0.8602539301067588	NONCODEv6_ATH.fa
NONATHT001322	lncRNA	0.13974606989324123	0.8602539301067588	NONCODEv6_ATH.fa
NONATHT001324	lncRNA	0.027999537137383835	0.9720004628626162	NONCODEv6_ATH.fa
NONATHT001325	lncRNA	0.1083474944227455	0.8916525055772543	NONCODEv6_ATH.fa
NONATHT001326	lncRNA	0.3049282435952682	0.6950717564047316	NONCODEv6_ATH.fa
NONATHT001327	lncRNA	0.17930072271990657	0.8206992772800931	NONCODEv6_ATH.fa
NONATHT001328	lncRNA	0.33764758348112206	0.6623524165188789	NONCODEv6_ATH.fa
NONATHT001329	lncRNA	0.06344034184704082	0.9365596581529593	NONCODEv6_ATH.fa
NONATHT001330	lncRNA	0.13030543219584872	0.869694567804151	NONCODEv6_ATH.fa
NONATHT001331	lncRNA	0.19925812265408038	0.8007418773459192	NONCODEv6_ATH.fa
NONATHT001332	lncRNA	0.10806941218374666	0.8919305878162531	NONCODEv6_ATH.fa
NONATHT001333	lncRNA	0.15210989566957608	0.8478901043304233	NONCODEv6_ATH.fa
NONATHT001334	lncRNA	0.16371230314233504	0.8362876968576645	NONCODEv6_ATH.fa
NONATHT001335	Protein_Coding	0.5493473365177685	0.4506526634822316	NONCODEv6_ATH.fa
NONATHT001336	lncRNA	0.028282414337443298	0.9717175856625563	NONCODEv6_ATH.fa
NONATHT001337	lncRNA	0.2596426905323766	0.7403573094676228	NONCODEv6_ATH.fa
NONATHT001338	lncRNA	0.07180749854159138	0.9281925014584084	NONCODEv6_ATH.fa
NONATHT001339	lncRNA	0.21548336822635233	0.7845166317736475	NONCODEv6_ATH.fa
NONATHT001340	lncRNA	0.32224179892394095	0.6777582010760594	NONCODEv6_ATH.fa
NONATHT001341	lncRNA	0.018644262927495967	0.9813557370725037	NONCODEv6_ATH.fa
NONATHT001342	lncRNA	0.11805622378323218	0.8819437762167674	NONCODEv6_ATH.fa
NONATHT001343	lncRNA	0.0312821500943051	0.9687178499056949	NONCODEv6_ATH.fa
NONATHT001344	lncRNA	0.351642162248968	0.6483578377510315	NONCODEv6_ATH.fa
NONATHT001345	Protein_Coding	0.5380894477110241	0.46191055228897576	NONCODEv6_ATH.fa
NONATHT001346	lncRNA	0.3057351624252886	0.694264837574711	NONCODEv6_ATH.fa
NONATHT001347	lncRNA	0.16975660123126235	0.8302433987687375	NONCODEv6_ATH.fa
NONATHT001348	lncRNA	0.10606377916673712	0.8939362208332625	NONCODEv6_ATH.fa
NONATHT001349	lncRNA	0.42433383092447186	0.5756661690755284	NONCODEv6_ATH.fa
NONATHT001350	lncRNA	0.33352253087409894	0.6664774691259009	NONCODEv6_ATH.fa
NONATHT001351	lncRNA	0.33352253087409894	0.6664774691259009	NONCODEv6_ATH.fa
NONATHT001352	lncRNA	0.07281441544700351	0.9271855845529962	NONCODEv6_ATH.fa
NONATHT001353	lncRNA	0.03455609988326825	0.9654439001167313	NONCODEv6_ATH.fa
NONATHT001354	lncRNA	0.30042563129944966	0.69957436870055	NONCODEv6_ATH.fa
NONATHT001355	lncRNA	0.12188782267838003	0.8781121773216196	NONCODEv6_ATH.fa
NONATHT001356	lncRNA	0.04819301848536108	0.9518069815146393	NONCODEv6_ATH.fa
NONATHT001357	lncRNA	0.06360826165719032	0.93639173834281	NONCODEv6_ATH.fa
NONATHT001358	Protein_Coding	0.5424478065301241	0.45755219346987547	NONCODEv6_ATH.fa
NONATHT001359	lncRNA	0.23441785058706108	0.7655821494129389	NONCODEv6_ATH.fa
NONATHT001360	lncRNA	0.07235704600966446	0.9276429539903351	NONCODEv6_ATH.fa
NONATHT001361	lncRNA	0.054646165843187676	0.9453538341568122	NONCODEv6_ATH.fa
NONATHT001362	lncRNA	0.1918122305300179	0.8081877694699822	NONCODEv6_ATH.fa
NONATHT001363	lncRNA	0.14147737990635018	0.858522620093649	NONCODEv6_ATH.fa
NONATHT001364	lncRNA	0.3167227109803317	0.683277289019668	NONCODEv6_ATH.fa
NONATHT001365	lncRNA	0.20940258941621692	0.7905974105837826	NONCODEv6_ATH.fa
NONATHT001366	lncRNA	0.06600953506765515	0.9339904649323445	NONCODEv6_ATH.fa
NONATHT001367	lncRNA	0.40456474396890346	0.5954352560310966	NONCODEv6_ATH.fa
NONATHT001368	lncRNA	0.09327126517027434	0.9067287348297259	NONCODEv6_ATH.fa
NONATHT001369	lncRNA	0.4259032506628227	0.5740967493371775	NONCODEv6_ATH.fa
NONATHT001370	lncRNA	0.426456168757887	0.5735438312421132	NONCODEv6_ATH.fa
NONATHT001371	lncRNA	0.37022161733888886	0.6297783826611112	NONCODEv6_ATH.fa
NONATHT001372	lncRNA	0.06542616206904912	0.9345738379309511	NONCODEv6_ATH.fa
NONATHT001373	lncRNA	0.14580324057296531	0.8541967594270343	NONCODEv6_ATH.fa
NONATHT001374	lncRNA	0.11350129071059646	0.8864987092894032	NONCODEv6_ATH.fa
NONATHT001375	lncRNA	0.35059846342408135	0.6494015365759178	NONCODEv6_ATH.fa
NONATHT001376	lncRNA	0.1691050262755758	0.8308949737244238	NONCODEv6_ATH.fa
NONATHT001377	lncRNA	0.29694840731251443	0.7030515926874862	NONCODEv6_ATH.fa
NONATHT001378	lncRNA	0.3645784859319725	0.6354215140680274	NONCODEv6_ATH.fa
NONATHT001379	lncRNA	0.061843309239614314	0.9381566907603852	NONCODEv6_ATH.fa
NONATHT001380	lncRNA	0.06551960216650629	0.9344803978334937	NONCODEv6_ATH.fa
NONATHT001381	lncRNA	0.036154724702845954	0.963845275297154	NONCODEv6_ATH.fa
NONATHT001382	lncRNA	0.1299432952066207	0.8700567047933785	NONCODEv6_ATH.fa
NONATHT001383	lncRNA	0.10872831976100325	0.891271680238997	NONCODEv6_ATH.fa
NONATHT001384	lncRNA	0.10130790073258542	0.8986920992674146	NONCODEv6_ATH.fa
NONATHT001385	lncRNA	0.08190043256885772	0.9180995674311427	NONCODEv6_ATH.fa
NONATHT001386	lncRNA	0.06317589146599015	0.9368241085340098	NONCODEv6_ATH.fa
NONATHT001387	lncRNA	0.042794678229757785	0.9572053217702423	NONCODEv6_ATH.fa
NONATHT001388	lncRNA	0.121753855420523	0.8782461445794773	NONCODEv6_ATH.fa
NONATHT001389	lncRNA	0.23512376615536684	0.7648762338446331	NONCODEv6_ATH.fa
NONATHT001390	lncRNA	0.02754520436485948	0.9724547956351398	NONCODEv6_ATH.fa
NONATHT001391	lncRNA	0.4935359977649344	0.5064640022350657	NONCODEv6_ATH.fa
NONATHT001392	lncRNA	0.25008111904371083	0.749918880956289	NONCODEv6_ATH.fa
NONATHT001393	Protein_Coding	0.5176557055247618	0.4823442944752381	NONCODEv6_ATH.fa
NONATHT001394	Protein_Coding	0.5176557055247618	0.4823442944752381	NONCODEv6_ATH.fa
NONATHT001395	lncRNA	0.036122477247555754	0.9638775227524435	NONCODEv6_ATH.fa
NONATHT001396	lncRNA	0.09350126049638285	0.9064987395036171	NONCODEv6_ATH.fa
NONATHT001397	lncRNA	0.045308062184506004	0.9546919378154938	NONCODEv6_ATH.fa
NONATHT001398	lncRNA	0.022148454986493104	0.9778515450135074	NONCODEv6_ATH.fa
NONATHT001399	lncRNA	0.47135890080080517	0.5286410991991949	NONCODEv6_ATH.fa
NONATHT001400	lncRNA	0.13909955122620976	0.8609004487737898	NONCODEv6_ATH.fa
NONATHT001401	lncRNA	0.17103135239866185	0.8289686476013385	NONCODEv6_ATH.fa
NONATHT001402	lncRNA	0.3015779543206204	0.6984220456793794	NONCODEv6_ATH.fa
NONATHT001403	lncRNA	0.07715320432303614	0.9228467956769635	NONCODEv6_ATH.fa
NONATHT001404	lncRNA	0.12729213864153352	0.8727078613584663	NONCODEv6_ATH.fa
NONATHT001405	lncRNA	0.12729213864153352	0.8727078613584663	NONCODEv6_ATH.fa
NONATHT001406	lncRNA	0.16669528867516284	0.8333047113248373	NONCODEv6_ATH.fa
NONATHT001407	lncRNA	0.2532358970518885	0.7467641029481112	NONCODEv6_ATH.fa
NONATHT001408	lncRNA	0.09156488750222685	0.9084351124977739	NONCODEv6_ATH.fa
NONATHT001409	lncRNA	0.11071277512823774	0.8892872248717615	NONCODEv6_ATH.fa
NONATHT001410	lncRNA	0.4119581967981427	0.5880418032018565	NONCODEv6_ATH.fa
NONATHT001411	lncRNA	0.2864499432360372	0.7135500567639631	NONCODEv6_ATH.fa
NONATHT001412	lncRNA	0.22664656442313175	0.7733534355768678	NONCODEv6_ATH.fa
NONATHT001413	lncRNA	0.2039713390028719	0.7960286609971274	NONCODEv6_ATH.fa
NONATHT001414	lncRNA	0.18653549274980563	0.8134645072501937	NONCODEv6_ATH.fa
NONATHT001415	lncRNA	0.1631383864595792	0.8368616135404208	NONCODEv6_ATH.fa
NONATHT001416	lncRNA	0.1010004050293744	0.8989995949706253	NONCODEv6_ATH.fa
NONATHT001417	lncRNA	0.058904987354292594	0.9410950126457073	NONCODEv6_ATH.fa
NONATHT001422	lncRNA	0.07538132567058217	0.9246186743294181	NONCODEv6_ATH.fa
NONATHT001421	lncRNA	0.07538132567058217	0.9246186743294181	NONCODEv6_ATH.fa
NONATHT001418	lncRNA	0.07538132567058217	0.9246186743294181	NONCODEv6_ATH.fa
NONATHT001419	lncRNA	0.07713668218259104	0.9228633178174093	NONCODEv6_ATH.fa
NONATHT001420	lncRNA	0.07157787023375665	0.9284221297662439	NONCODEv6_ATH.fa
NONATHT001423	lncRNA	0.060993340170358616	0.9390066598296413	NONCODEv6_ATH.fa
NONATHT001424	lncRNA	0.060993340170358616	0.9390066598296413	NONCODEv6_ATH.fa
NONATHT001425	lncRNA	0.06760107063486262	0.9323989293651375	NONCODEv6_ATH.fa
NONATHT001426	lncRNA	0.08992527015945144	0.910074729840549	NONCODEv6_ATH.fa
NONATHT001427	lncRNA	0.1473400976583864	0.8526599023416135	NONCODEv6_ATH.fa
NONATHT001428	lncRNA	0.165659892865123	0.8343401071348772	NONCODEv6_ATH.fa
NONATHT001430	lncRNA	0.07753286708838195	0.9224671329116173	NONCODEv6_ATH.fa
NONATHT001429	lncRNA	0.07753286708838195	0.9224671329116173	NONCODEv6_ATH.fa
NONATHT001431	lncRNA	0.14579143786733267	0.8542085621326668	NONCODEv6_ATH.fa
NONATHT001432	lncRNA	0.01087690777391049	0.98912309222609	NONCODEv6_ATH.fa
NONATHT001433	lncRNA	0.2639522029772773	0.7360477970227223	NONCODEv6_ATH.fa
NONATHT001434	lncRNA	0.06395593499327112	0.9360440650067282	NONCODEv6_ATH.fa
NONATHT001435	lncRNA	0.4918492752420236	0.5081507247579764	NONCODEv6_ATH.fa
NONATHT001436	lncRNA	0.3846772300636819	0.6153227699363178	NONCODEv6_ATH.fa
NONATHT001437	lncRNA	0.09070765484112288	0.9092923451588769	NONCODEv6_ATH.fa
NONATHT001438	Protein_Coding	0.5835103494194787	0.41648965058052123	NONCODEv6_ATH.fa
NONATHT001439	lncRNA	0.06168034189921208	0.9383196581007878	NONCODEv6_ATH.fa
NONATHT001440	lncRNA	0.16212480819431185	0.8378751918056881	NONCODEv6_ATH.fa
NONATHT001441	lncRNA	0.01814961343425016	0.9818503865657499	NONCODEv6_ATH.fa
NONATHT001442	lncRNA	0.21066632649520264	0.7893336735047971	NONCODEv6_ATH.fa
NONATHT001443	lncRNA	0.0719789935426348	0.9280210064573648	NONCODEv6_ATH.fa
NONATHT001444	lncRNA	0.397147815918451	0.6028521840815486	NONCODEv6_ATH.fa
NONATHT001445	lncRNA	0.13767714368873712	0.8623228563112619	NONCODEv6_ATH.fa
NONATHT001446	lncRNA	0.21535688433086062	0.7846431156691394	NONCODEv6_ATH.fa
NONATHT001447	lncRNA	0.11209322454736284	0.8879067754526365	NONCODEv6_ATH.fa
NONATHT001448	lncRNA	0.24132922941529478	0.7586707705847053	NONCODEv6_ATH.fa
NONATHT001449	lncRNA	0.1499810237661249	0.850018976233875	NONCODEv6_ATH.fa
NONATHT001450	lncRNA	0.182286702378527	0.8177132976214726	NONCODEv6_ATH.fa
NONATHT001451	lncRNA	0.15037896929576758	0.8496210307042322	NONCODEv6_ATH.fa
NONATHT001452	lncRNA	0.17152573455092043	0.8284742654490788	NONCODEv6_ATH.fa
NONATHT001453	lncRNA	0.2826945494263938	0.7173054505736056	NONCODEv6_ATH.fa
NONATHT001455	lncRNA	0.08731089513712172	0.912689104862878	NONCODEv6_ATH.fa
NONATHT001454	lncRNA	0.09131489736653572	0.9086851026334645	NONCODEv6_ATH.fa
NONATHT001456	lncRNA	0.3702216926068043	0.6297783073931957	NONCODEv6_ATH.fa
NONATHT001457	lncRNA	0.0724676352127947	0.9275323647872054	NONCODEv6_ATH.fa
NONATHT001458	lncRNA	0.01844623559782231	0.9815537644021775	NONCODEv6_ATH.fa
NONATHT001459	lncRNA	0.09254095617361653	0.9074590438263831	NONCODEv6_ATH.fa
NONATHT001460	lncRNA	0.06348089377598307	0.9365191062240174	NONCODEv6_ATH.fa
NONATHT001461	lncRNA	0.12408068631455621	0.8759193136854437	NONCODEv6_ATH.fa
NONATHT001462	lncRNA	0.09196476355111911	0.9080352364488808	NONCODEv6_ATH.fa
NONATHT001463	lncRNA	0.10416422336275867	0.8958357766372408	NONCODEv6_ATH.fa
NONATHT001464	lncRNA	0.3838597387294324	0.6161402612705673	NONCODEv6_ATH.fa
NONATHT001465	lncRNA	0.1958042725809727	0.8041957274190276	NONCODEv6_ATH.fa
NONATHT001466	lncRNA	0.16269387302618046	0.8373061269738197	NONCODEv6_ATH.fa
NONATHT001467	lncRNA	0.10331758944630005	0.8966824105536997	NONCODEv6_ATH.fa
NONATHT001468	lncRNA	0.015160943980992964	0.9848390560190078	NONCODEv6_ATH.fa
NONATHT001469	lncRNA	0.10557515288197473	0.8944248471180253	NONCODEv6_ATH.fa
NONATHT001470	lncRNA	0.047988073447043464	0.9520119265529566	NONCODEv6_ATH.fa
NONATHT001471	lncRNA	0.3631147228917972	0.6368852771082029	NONCODEv6_ATH.fa
NONATHT001472	lncRNA	0.26532631675119184	0.7346736832488082	NONCODEv6_ATH.fa
NONATHT001473	lncRNA	0.16776509840225215	0.8322349015977484	NONCODEv6_ATH.fa
NONATHT001474	lncRNA	0.08919990350369872	0.9108000964963012	NONCODEv6_ATH.fa
NONATHT001475	lncRNA	0.18249297405066747	0.8175070259493319	NONCODEv6_ATH.fa
NONATHT001476	lncRNA	0.28970105635649285	0.7102989436435068	NONCODEv6_ATH.fa
NONATHT001477	lncRNA	0.08243691434857586	0.917563085651424	NONCODEv6_ATH.fa
NONATHT001478	lncRNA	0.03161166068834532	0.9683883393116541	NONCODEv6_ATH.fa
NONATHT001479	lncRNA	0.05442794937256988	0.9455720506274294	NONCODEv6_ATH.fa
NONATHT001480	lncRNA	0.3054223338353478	0.6945776661646513	NONCODEv6_ATH.fa
NONATHT001481	lncRNA	0.4482492432329107	0.551750756767089	NONCODEv6_ATH.fa
NONATHT001482	lncRNA	0.08129699827209586	0.9187030017279039	NONCODEv6_ATH.fa
NONATHT001483	lncRNA	0.08129699827209586	0.9187030017279039	NONCODEv6_ATH.fa
NONATHT001484	lncRNA	0.06081811459854185	0.9391818854014581	NONCODEv6_ATH.fa
NONATHT001485	lncRNA	0.14653282537028575	0.8534671746297141	NONCODEv6_ATH.fa
NONATHT001486	lncRNA	0.018101012104203357	0.9818989878957967	NONCODEv6_ATH.fa
NONATHT001487	Protein_Coding	0.5163049055624354	0.4836950944375647	NONCODEv6_ATH.fa
NONATHT001488	lncRNA	0.2055544193746864	0.7944455806253136	NONCODEv6_ATH.fa
NONATHT001489	lncRNA	0.41900828133435974	0.5809917186656404	NONCODEv6_ATH.fa
NONATHT001490	lncRNA	0.1529497968748953	0.8470502031251038	NONCODEv6_ATH.fa
NONATHT001491	lncRNA	0.0391340574413747	0.9608659425586253	NONCODEv6_ATH.fa
NONATHT001492	lncRNA	0.06564017676428593	0.9343598232357144	NONCODEv6_ATH.fa
NONATHT001493	lncRNA	0.0360158588542735	0.9639841411457262	NONCODEv6_ATH.fa
NONATHT001494	lncRNA	0.016960109243673856	0.9830398907563264	NONCODEv6_ATH.fa
NONATHT001495	lncRNA	0.2838899877183886	0.716110012281612	NONCODEv6_ATH.fa
NONATHT001496	lncRNA	0.08278930727059063	0.9172106927294092	NONCODEv6_ATH.fa
NONATHT001497	lncRNA	0.19248055069547165	0.8075194493045281	NONCODEv6_ATH.fa
NONATHT001498	lncRNA	0.15846471661895353	0.8415352833810463	NONCODEv6_ATH.fa
NONATHT001499	lncRNA	0.16752814974967897	0.8324718502503201	NONCODEv6_ATH.fa
NONATHT001500	lncRNA	0.38113160749497904	0.6188683925050209	NONCODEv6_ATH.fa
NONATHT001501	lncRNA	0.08670845894183402	0.9132915410581657	NONCODEv6_ATH.fa
NONATHT001502	lncRNA	0.2556529050282422	0.7443470949717571	NONCODEv6_ATH.fa
NONATHT001503	lncRNA	0.04637352137375377	0.9536264786262459	NONCODEv6_ATH.fa
NONATHT001504	lncRNA	0.47218525716206516	0.5278147428379346	NONCODEv6_ATH.fa
NONATHT001505	lncRNA	0.3232442701088296	0.6767557298911704	NONCODEv6_ATH.fa
NONATHT001506	lncRNA	0.13182141276547282	0.8681785872345279	NONCODEv6_ATH.fa
NONATHT001507	lncRNA	0.0669291280630379	0.9330708719369621	NONCODEv6_ATH.fa
NONATHT001508	lncRNA	0.1820203890295014	0.8179796109704986	NONCODEv6_ATH.fa
NONATHT001509	lncRNA	0.3293836996567608	0.6706163003432389	NONCODEv6_ATH.fa
NONATHT001510	lncRNA	0.19837168884057693	0.8016283111594228	NONCODEv6_ATH.fa
NONATHT001511	lncRNA	0.09324952534254799	0.9067504746574517	NONCODEv6_ATH.fa
NONATHT001512	lncRNA	0.1165045229169305	0.883495477083069	NONCODEv6_ATH.fa
NONATHT001513	lncRNA	0.4648676431588829	0.5351323568411168	NONCODEv6_ATH.fa
NONATHT001514	lncRNA	0.46828554277205947	0.5317144572279404	NONCODEv6_ATH.fa
NONATHT001515	lncRNA	0.20248105911912215	0.7975189408808776	NONCODEv6_ATH.fa
NONATHT001516	lncRNA	0.18299027331510795	0.8170097266848917	NONCODEv6_ATH.fa
NONATHT001517	lncRNA	0.13397915957246756	0.8660208404275325	NONCODEv6_ATH.fa
NONATHT001518	lncRNA	0.23667193084201127	0.7633280691579885	NONCODEv6_ATH.fa
NONATHT001519	lncRNA	0.1186920456776213	0.8813079543223793	NONCODEv6_ATH.fa
NONATHT001520	lncRNA	0.16911802843202808	0.8308819715679716	NONCODEv6_ATH.fa
NONATHT001521	lncRNA	0.12916322830703186	0.8708367716929674	NONCODEv6_ATH.fa
NONATHT001523	lncRNA	0.09572004642976126	0.9042799535702388	NONCODEv6_ATH.fa
NONATHT001522	lncRNA	0.09572004642976126	0.9042799535702388	NONCODEv6_ATH.fa
NONATHT001524	lncRNA	0.0944968802284827	0.9055031197715174	NONCODEv6_ATH.fa
NONATHT001525	lncRNA	0.12953271150724915	0.8704672884927506	NONCODEv6_ATH.fa
NONATHT001526	lncRNA	0.16491387386222164	0.8350861261377782	NONCODEv6_ATH.fa
NONATHT001527	lncRNA	0.15314982770903893	0.8468501722909608	NONCODEv6_ATH.fa
NONATHT001528	lncRNA	0.09468864608677438	0.9053113539132255	NONCODEv6_ATH.fa
NONATHT001529	lncRNA	0.2673502250370806	0.7326497749629194	NONCODEv6_ATH.fa
NONATHT001530	lncRNA	0.17979682199630687	0.8202031780036928	NONCODEv6_ATH.fa
NONATHT001531	lncRNA	0.09562110693217388	0.9043788930678257	NONCODEv6_ATH.fa
NONATHT001532	lncRNA	0.06453377791321116	0.9354662220867892	NONCODEv6_ATH.fa
NONATHT001533	lncRNA	0.08029534704741562	0.9197046529525844	NONCODEv6_ATH.fa
NONATHT001534	lncRNA	0.1004925394172345	0.8995074605827658	NONCODEv6_ATH.fa
NONATHT001536	lncRNA	0.06106258685004481	0.9389374131499553	NONCODEv6_ATH.fa
NONATHT001535	lncRNA	0.10242652838929836	0.8975734716107019	NONCODEv6_ATH.fa
NONATHT001537	lncRNA	0.11999216865449167	0.8800078313455081	NONCODEv6_ATH.fa
NONATHT001538	lncRNA	0.04179856556902887	0.9582014344309709	NONCODEv6_ATH.fa
NONATHT001539	lncRNA	0.11820836105408417	0.8817916389459151	NONCODEv6_ATH.fa
NONATHT001540	lncRNA	0.14025686780999033	0.85974313219001	NONCODEv6_ATH.fa
NONATHT001541	lncRNA	0.05093096703895444	0.9490690329610455	NONCODEv6_ATH.fa
NONATHT001542	lncRNA	0.349339529988304	0.6506604700116952	NONCODEv6_ATH.fa
NONATHT001543	lncRNA	0.23757427773505985	0.7624257222649395	NONCODEv6_ATH.fa
NONATHT001544	lncRNA	0.12327379342867782	0.8767262065713222	NONCODEv6_ATH.fa
NONATHT001545	lncRNA	0.48232053018629656	0.5176794698137037	NONCODEv6_ATH.fa
NONATHT001546	lncRNA	0.021144761531638485	0.9788552384683612	NONCODEv6_ATH.fa
NONATHT001547	lncRNA	0.12288311173892594	0.8771168882610743	NONCODEv6_ATH.fa
NONATHT001548	lncRNA	0.17794551600822633	0.8220544839917737	NONCODEv6_ATH.fa
NONATHT001549	lncRNA	0.04155468649475839	0.9584453135052412	NONCODEv6_ATH.fa
NONATHT001550	lncRNA	0.26476468264438263	0.7352353173556162	NONCODEv6_ATH.fa
NONATHT001551	lncRNA	0.16703253594675815	0.832967464053242	NONCODEv6_ATH.fa
NONATHT001552	lncRNA	0.31148749170909357	0.6885125082909064	NONCODEv6_ATH.fa
NONATHT001553	lncRNA	0.12445466293283361	0.875545337067166	NONCODEv6_ATH.fa
NONATHT001554	lncRNA	0.10658637510014865	0.8934136248998512	NONCODEv6_ATH.fa
NONATHT001555	lncRNA	0.07615098846025026	0.9238490115397495	NONCODEv6_ATH.fa
NONATHT001556	lncRNA	0.41648125341855674	0.5835187465814428	NONCODEv6_ATH.fa
NONATHT001557	lncRNA	0.15535794453315768	0.8446420554668426	NONCODEv6_ATH.fa
NONATHT001558	lncRNA	0.04937500976868038	0.9506249902313194	NONCODEv6_ATH.fa
NONATHT001559	lncRNA	0.26567410867078517	0.7343258913292143	NONCODEv6_ATH.fa
NONATHT001560	lncRNA	0.12446172705613859	0.8755382729438608	NONCODEv6_ATH.fa
NONATHT001561	lncRNA	0.08115640449821775	0.9188435955017824	NONCODEv6_ATH.fa
NONATHT001562	lncRNA	0.23581242317238435	0.7641875768276153	NONCODEv6_ATH.fa
NONATHT001563	lncRNA	0.16374077728217531	0.8362592227178243	NONCODEv6_ATH.fa
NONATHT001564	lncRNA	0.17310703842906316	0.8268929615709363	NONCODEv6_ATH.fa
NONATHT001565	lncRNA	0.016110342127987263	0.9838896578720123	NONCODEv6_ATH.fa
NONATHT001566	lncRNA	0.07556690884236908	0.9244330911576301	NONCODEv6_ATH.fa
NONATHT001567	lncRNA	0.0946837583692569	0.905316241630743	NONCODEv6_ATH.fa
NONATHT001568	lncRNA	0.12828480542641288	0.8717151945735866	NONCODEv6_ATH.fa
NONATHT001569	lncRNA	0.3519633431300679	0.6480366568699324	NONCODEv6_ATH.fa
NONATHT001570	lncRNA	0.27141909399273934	0.7285809060072604	NONCODEv6_ATH.fa
NONATHT001571	Protein_Coding	0.5247727734217289	0.475227226578271	NONCODEv6_ATH.fa
NONATHT001572	lncRNA	0.029738272063090328	0.9702617279369089	NONCODEv6_ATH.fa
NONATHT001573	lncRNA	0.11027943961205106	0.8897205603879486	NONCODEv6_ATH.fa
NONATHT001574	lncRNA	0.4633777903101797	0.5366222096898203	NONCODEv6_ATH.fa
NONATHT001575	lncRNA	0.3741261931727818	0.625873806827218	NONCODEv6_ATH.fa
NONATHT001576	lncRNA	0.29993354861483057	0.7000664513851694	NONCODEv6_ATH.fa
NONATHT001577	lncRNA	0.3621027306688807	0.6378972693311197	NONCODEv6_ATH.fa
NONATHT001578	lncRNA	0.4826725250615473	0.5173274749384528	NONCODEv6_ATH.fa
NONATHT001579	lncRNA	0.08690970152476901	0.9130902984752305	NONCODEv6_ATH.fa
NONATHT001580	lncRNA	0.07996580609072225	0.9200341939092772	NONCODEv6_ATH.fa
NONATHT001581	lncRNA	0.06446208801865742	0.9355379119813423	NONCODEv6_ATH.fa
NONATHT001582	lncRNA	0.16169859938320252	0.8383014006167974	NONCODEv6_ATH.fa
NONATHT001583	lncRNA	0.3965478499215688	0.603452150078431	NONCODEv6_ATH.fa
NONATHT001584	lncRNA	0.15105486499282808	0.8489451350071723	NONCODEv6_ATH.fa
NONATHT001585	lncRNA	0.48775179869366725	0.5122482013063329	NONCODEv6_ATH.fa
NONATHT001586	lncRNA	0.0683617302502287	0.9316382697497708	NONCODEv6_ATH.fa
NONATHT001587	lncRNA	0.03131820099748878	0.9686817990025117	NONCODEv6_ATH.fa
NONATHT001588	lncRNA	0.07525764194837062	0.9247423580516294	NONCODEv6_ATH.fa
NONATHT001589	lncRNA	0.31207138932477396	0.6879286106752259	NONCODEv6_ATH.fa
NONATHT001590	lncRNA	0.3804918197408126	0.619508180259187	NONCODEv6_ATH.fa
NONATHT001591	lncRNA	0.11325317748192519	0.8867468225180749	NONCODEv6_ATH.fa
NONATHT001592	lncRNA	0.17694694159176821	0.8230530584082312	NONCODEv6_ATH.fa
NONATHT001593	lncRNA	0.1081041568989529	0.8918958431010466	NONCODEv6_ATH.fa
NONATHT001594	lncRNA	0.03355617390517696	0.9664438260948228	NONCODEv6_ATH.fa
NONATHT001595	lncRNA	0.09680522350359143	0.9031947764964082	NONCODEv6_ATH.fa
NONATHT001596	lncRNA	0.12716558441489806	0.872834415585102	NONCODEv6_ATH.fa
NONATHT001597	lncRNA	0.38581458490210657	0.6141854150978932	NONCODEv6_ATH.fa
NONATHT001598	lncRNA	0.05717007824550313	0.9428299217544964	NONCODEv6_ATH.fa
NONATHT001599	lncRNA	0.11856465690043254	0.8814353430995671	NONCODEv6_ATH.fa
NONATHT001600	lncRNA	0.10604401343401906	0.893955986565981	NONCODEv6_ATH.fa
NONATHT001601	lncRNA	0.017353068692991303	0.9826469313070088	NONCODEv6_ATH.fa
NONATHT001602	lncRNA	0.2010514806673089	0.7989485193326913	NONCODEv6_ATH.fa
NONATHT001603	lncRNA	0.0674885054444069	0.9325114945555931	NONCODEv6_ATH.fa
NONATHT001604	lncRNA	0.10682324326277712	0.8931767567372225	NONCODEv6_ATH.fa
NONATHT001605	lncRNA	0.0819510369949712	0.9180489630050288	NONCODEv6_ATH.fa
NONATHT001606	lncRNA	0.46973399390496107	0.530266006095039	NONCODEv6_ATH.fa
NONATHT001607	lncRNA	0.46973399390496107	0.530266006095039	NONCODEv6_ATH.fa
NONATHT001608	lncRNA	0.33792416751144955	0.6620758324885503	NONCODEv6_ATH.fa
NONATHT001609	lncRNA	0.14857994857483886	0.8514200514251615	NONCODEv6_ATH.fa
NONATHT001610	lncRNA	0.16387287489312963	0.8361271251068702	NONCODEv6_ATH.fa
NONATHT001611	lncRNA	0.2025368124332904	0.7974631875667095	NONCODEv6_ATH.fa
NONATHT001612	lncRNA	0.08245411548346458	0.9175458845165352	NONCODEv6_ATH.fa
NONATHT001613	lncRNA	0.023264522100664268	0.9767354778993353	NONCODEv6_ATH.fa
NONATHT001614	lncRNA	0.055636577177402766	0.9443634228225971	NONCODEv6_ATH.fa
NONATHT001615	lncRNA	0.226805306374472	0.7731946936255272	NONCODEv6_ATH.fa
NONATHT001616	lncRNA	0.08520603791362688	0.9147939620863733	NONCODEv6_ATH.fa
NONATHT001617	lncRNA	0.1347940908185398	0.8652059091814608	NONCODEv6_ATH.fa
NONATHT001618	lncRNA	0.10518006262264738	0.8948199373773522	NONCODEv6_ATH.fa
NONATHT001619	lncRNA	0.03390477023336959	0.9660952297666299	NONCODEv6_ATH.fa
NONATHT001620	lncRNA	0.11038960161024211	0.8896103983897572	NONCODEv6_ATH.fa
NONATHT001621	lncRNA	0.13964771717169974	0.8603522828283006	NONCODEv6_ATH.fa
NONATHT001622	lncRNA	0.2945501220071387	0.7054498779928609	NONCODEv6_ATH.fa
NONATHT001623	lncRNA	0.06535958376286907	0.9346404162371313	NONCODEv6_ATH.fa
NONATHT001624	lncRNA	0.04750617966486117	0.9524938203351389	NONCODEv6_ATH.fa
NONATHT001625	lncRNA	0.26208163044543975	0.7379183695545601	NONCODEv6_ATH.fa
NONATHT001626	lncRNA	0.08718996265611684	0.912810037343883	NONCODEv6_ATH.fa
NONATHT001627	lncRNA	0.07538591841140348	0.9246140815885964	NONCODEv6_ATH.fa
NONATHT001628	lncRNA	0.08659870802865141	0.9134012919713479	NONCODEv6_ATH.fa
NONATHT001629	lncRNA	0.2042309586260596	0.7957690413739413	NONCODEv6_ATH.fa
NONATHT001630	lncRNA	0.15516843913384515	0.844831560866155	NONCODEv6_ATH.fa
NONATHT001631	lncRNA	0.11260327604540314	0.8873967239545967	NONCODEv6_ATH.fa
NONATHT001632	lncRNA	0.04337634989576763	0.9566236501042334	NONCODEv6_ATH.fa
NONATHT001633	lncRNA	0.06927046155224129	0.9307295384477585	NONCODEv6_ATH.fa
NONATHT001634	lncRNA	0.04353694875059119	0.9564630512494086	NONCODEv6_ATH.fa
NONATHT001635	lncRNA	0.0997547420483794	0.9002452579516207	NONCODEv6_ATH.fa
NONATHT001637	lncRNA	0.19086820627601836	0.8091317937239814	NONCODEv6_ATH.fa
NONATHT001636	lncRNA	0.19086820627601836	0.8091317937239814	NONCODEv6_ATH.fa
NONATHT001639	lncRNA	0.18328488778670377	0.8167151122132962	NONCODEv6_ATH.fa
NONATHT001638	lncRNA	0.18328488778670377	0.8167151122132962	NONCODEv6_ATH.fa
NONATHT001640	lncRNA	0.12569268417468515	0.8743073158253146	NONCODEv6_ATH.fa
NONATHT001641	lncRNA	0.126108613015379	0.8738913869846208	NONCODEv6_ATH.fa
NONATHT001642	lncRNA	0.11996230285826971	0.8800376971417303	NONCODEv6_ATH.fa
NONATHT001643	lncRNA	0.0827985220317313	0.9172014779682688	NONCODEv6_ATH.fa
NONATHT001644	lncRNA	0.07992073631712389	0.920079263682876	NONCODEv6_ATH.fa
NONATHT001645	lncRNA	0.06196638468616991	0.9380336153138304	NONCODEv6_ATH.fa
NONATHT001646	lncRNA	0.06581556040717733	0.9341844395928226	NONCODEv6_ATH.fa
NONATHT001648	lncRNA	0.24175011861649034	0.7582498813835088	NONCODEv6_ATH.fa
NONATHT001647	lncRNA	0.24175011861649034	0.7582498813835088	NONCODEv6_ATH.fa
NONATHT001649	lncRNA	0.14649536984814862	0.8535046301518512	NONCODEv6_ATH.fa
NONATHT001650	lncRNA	0.024123191020678465	0.9758768089793214	NONCODEv6_ATH.fa
NONATHT001651	lncRNA	0.06331192165146005	0.9366880783485394	NONCODEv6_ATH.fa
NONATHT001652	lncRNA	0.06262025680624646	0.9373797431937534	NONCODEv6_ATH.fa
NONATHT001653	lncRNA	0.07820318922285119	0.9217968107771489	NONCODEv6_ATH.fa
NONATHT001654	lncRNA	0.17619874250194703	0.8238012574980523	NONCODEv6_ATH.fa
NONATHT001655	lncRNA	0.008621403585724533	0.9913785964142761	NONCODEv6_ATH.fa
NONATHT001656	lncRNA	0.16972774848778419	0.8302722515122156	NONCODEv6_ATH.fa
NONATHT001657	lncRNA	0.03886283401167125	0.9611371659883281	NONCODEv6_ATH.fa
NONATHT001658	lncRNA	0.11058791401786906	0.8894120859821307	NONCODEv6_ATH.fa
NONATHT001659	lncRNA	0.10280893215196894	0.8971910678480314	NONCODEv6_ATH.fa
NONATHT001660	lncRNA	0.22269642457451017	0.7773035754254892	NONCODEv6_ATH.fa
NONATHT001661	lncRNA	0.08976172445877016	0.9102382755412303	NONCODEv6_ATH.fa
NONATHT001662	lncRNA	0.1887383961061476	0.8112616038938526	NONCODEv6_ATH.fa
NONATHT001663	lncRNA	0.05698219825996673	0.9430178017400338	NONCODEv6_ATH.fa
NONATHT001664	lncRNA	0.11181095755349377	0.888189042446506	NONCODEv6_ATH.fa
NONATHT001665	lncRNA	0.04506165375346556	0.9549383462465346	NONCODEv6_ATH.fa
NONATHT001666	lncRNA	0.17653951948171942	0.8234604805182802	NONCODEv6_ATH.fa
NONATHT001667	lncRNA	0.036436366327234716	0.9635636336727652	NONCODEv6_ATH.fa
NONATHT001668	lncRNA	0.06723222607907386	0.9327677739209262	NONCODEv6_ATH.fa
NONATHT001669	lncRNA	0.0733880332504048	0.9266119667495953	NONCODEv6_ATH.fa
NONATHT001670	lncRNA	0.08085105271760988	0.91914894728239	NONCODEv6_ATH.fa
NONATHT001671	lncRNA	0.17937893354683215	0.8206210664531675	NONCODEv6_ATH.fa
NONATHT001672	lncRNA	0.03240588561681705	0.9675941143831824	NONCODEv6_ATH.fa
NONATHT001673	Protein_Coding	0.5925115985126076	0.40748840148739235	NONCODEv6_ATH.fa
NONATHT001674	lncRNA	0.06162203584370676	0.9383779641562937	NONCODEv6_ATH.fa
NONATHT001676	lncRNA	0.1819729189527845	0.8180270810472156	NONCODEv6_ATH.fa
NONATHT001675	lncRNA	0.1819729189527845	0.8180270810472156	NONCODEv6_ATH.fa
NONATHT001677	lncRNA	0.11639834211338827	0.8836016578866113	NONCODEv6_ATH.fa
NONATHT001678	Protein_Coding	0.5403594898195918	0.459640510180408	NONCODEv6_ATH.fa
NONATHT001679	lncRNA	0.35064116140454904	0.6493588385954502	NONCODEv6_ATH.fa
NONATHT001680	lncRNA	0.028621285569211678	0.9713787144307883	NONCODEv6_ATH.fa
NONATHT001682	lncRNA	0.39555020672713304	0.6044497932728671	NONCODEv6_ATH.fa
NONATHT001681	lncRNA	0.39555020672713304	0.6044497932728671	NONCODEv6_ATH.fa
NONATHT001683	lncRNA	0.09531881409966714	0.9046811859003322	NONCODEv6_ATH.fa
NONATHT001684	lncRNA	0.009423088482668596	0.990576911517332	NONCODEv6_ATH.fa
NONATHT001685	lncRNA	0.028191546244702693	0.9718084537552972	NONCODEv6_ATH.fa
NONATHT001686	lncRNA	0.10034781480126166	0.8996521851987387	NONCODEv6_ATH.fa
NONATHT001687	lncRNA	0.20647765171015056	0.7935223482898492	NONCODEv6_ATH.fa
NONATHT001688	lncRNA	0.11723076215859128	0.882769237841409	NONCODEv6_ATH.fa
NONATHT001689	lncRNA	0.02950786638505646	0.9704921336149432	NONCODEv6_ATH.fa
NONATHT001690	lncRNA	0.2098583479417997	0.7901416520582	NONCODEv6_ATH.fa
NONATHT001691	lncRNA	0.052320227507810145	0.9476797724921897	NONCODEv6_ATH.fa
NONATHT001692	lncRNA	0.21555891476082426	0.784441085239175	NONCODEv6_ATH.fa
NONATHT001693	lncRNA	0.054557853534237775	0.9454421464657622	NONCODEv6_ATH.fa
NONATHT001694	lncRNA	0.07876854012345982	0.9212314598765403	NONCODEv6_ATH.fa
NONATHT001695	lncRNA	0.225898104288372	0.7741018957116277	NONCODEv6_ATH.fa
NONATHT001696	lncRNA	0.07784914235323685	0.922150857646763	NONCODEv6_ATH.fa
NONATHT001697	lncRNA	0.48143498404157264	0.5185650159584276	NONCODEv6_ATH.fa
NONATHT001698	lncRNA	0.09502672928154811	0.9049732707184511	NONCODEv6_ATH.fa
NONATHT001699	lncRNA	0.0337263921173911	0.9662736078826094	NONCODEv6_ATH.fa
NONATHT001700	lncRNA	0.08285513590764358	0.9171448640923562	NONCODEv6_ATH.fa
NONATHT001701	lncRNA	0.15492429419471404	0.8450757058052857	NONCODEv6_ATH.fa
NONATHT001702	lncRNA	0.09601081173858891	0.9039891882614112	NONCODEv6_ATH.fa
NONATHT001703	lncRNA	0.08715084943232655	0.9128491505676729	NONCODEv6_ATH.fa
NONATHT001704	lncRNA	0.07581167459436197	0.9241883254056382	NONCODEv6_ATH.fa
NONATHT001705	lncRNA	0.22644450532464838	0.7735554946753519	NONCODEv6_ATH.fa
NONATHT001706	lncRNA	0.10584477025985702	0.8941552297401426	NONCODEv6_ATH.fa
NONATHT001707	lncRNA	0.09876137459195088	0.901238625408049	NONCODEv6_ATH.fa
NONATHT001708	lncRNA	0.12323375872565885	0.8767662412743408	NONCODEv6_ATH.fa
NONATHT001709	lncRNA	0.13073885880517644	0.8692611411948235	NONCODEv6_ATH.fa
NONATHT001710	lncRNA	0.14606301255638443	0.8539369874436155	NONCODEv6_ATH.fa
NONATHT001711	lncRNA	0.22253261010242076	0.7774673898975792	NONCODEv6_ATH.fa
NONATHT001712	lncRNA	0.09935230065843778	0.9006476993415623	NONCODEv6_ATH.fa
NONATHT001713	lncRNA	0.04377245518283637	0.9562275448171634	NONCODEv6_ATH.fa
NONATHT001714	lncRNA	0.05312391185465524	0.9468760881453447	NONCODEv6_ATH.fa
NONATHT001715	lncRNA	0.17910448280697414	0.8208955171930257	NONCODEv6_ATH.fa
NONATHT001716	lncRNA	0.1998336115642152	0.8001663884357845	NONCODEv6_ATH.fa
NONATHT001717	lncRNA	0.07146261861049946	0.9285373813895006	NONCODEv6_ATH.fa
NONATHT001721	lncRNA	0.09759901802204038	0.9024009819779596	NONCODEv6_ATH.fa
NONATHT001720	lncRNA	0.09759901802204038	0.9024009819779596	NONCODEv6_ATH.fa
NONATHT001718	lncRNA	0.09759901802204038	0.9024009819779596	NONCODEv6_ATH.fa
NONATHT001719	lncRNA	0.09759901802204038	0.9024009819779596	NONCODEv6_ATH.fa
NONATHT001723	lncRNA	0.05890590976134117	0.9410940902386586	NONCODEv6_ATH.fa
NONATHT001722	lncRNA	0.05890590976134117	0.9410940902386586	NONCODEv6_ATH.fa
NONATHT001724	lncRNA	0.158965939864827	0.8410340601351723	NONCODEv6_ATH.fa
NONATHT001725	lncRNA	0.07896994662864376	0.9210300533713562	NONCODEv6_ATH.fa
NONATHT001726	lncRNA	0.11057689333653116	0.8894231066634688	NONCODEv6_ATH.fa
NONATHT001727	lncRNA	0.4989377380901783	0.5010622619098217	NONCODEv6_ATH.fa
NONATHT001728	lncRNA	0.2823513063674322	0.7176486936325674	NONCODEv6_ATH.fa
NONATHT001729	lncRNA	0.36963820817286636	0.6303617918271335	NONCODEv6_ATH.fa
NONATHT001730	lncRNA	0.18650064849276374	0.8134993515072364	NONCODEv6_ATH.fa
NONATHT001731	lncRNA	0.420909081525373	0.5790909184746268	NONCODEv6_ATH.fa
NONATHT001732	lncRNA	0.24043552379673247	0.7595644762032673	NONCODEv6_ATH.fa
NONATHT001733	lncRNA	0.15011320722325458	0.849886792776745	NONCODEv6_ATH.fa
NONATHT001734	lncRNA	0.2806678375101939	0.7193321624898061	NONCODEv6_ATH.fa
NONATHT001735	lncRNA	0.057432699648768674	0.9425673003512312	NONCODEv6_ATH.fa
NONATHT001736	lncRNA	0.18245582704527313	0.8175441729547263	NONCODEv6_ATH.fa
NONATHT001737	Protein_Coding	0.5595657485982649	0.44043425140173503	NONCODEv6_ATH.fa
NONATHT001738	lncRNA	0.03184179091419818	0.9681582090858017	NONCODEv6_ATH.fa
NONATHT001739	lncRNA	0.2681419903011277	0.7318580096988725	NONCODEv6_ATH.fa
NONATHT001740	lncRNA	0.06870349543388195	0.9312965045661181	NONCODEv6_ATH.fa
NONATHT001741	lncRNA	0.07207269057219452	0.9279273094278055	NONCODEv6_ATH.fa
NONATHT001742	lncRNA	0.4907782350312982	0.5092217649687019	NONCODEv6_ATH.fa
NONATHT001743	lncRNA	0.14625557601363448	0.853744423986365	NONCODEv6_ATH.fa
NONATHT001744	lncRNA	0.03908033815089336	0.9609196618491065	NONCODEv6_ATH.fa
NONATHT001745	lncRNA	0.24054450571020342	0.7594554942897965	NONCODEv6_ATH.fa
NONATHT001746	lncRNA	0.3586410598730015	0.6413589401269985	NONCODEv6_ATH.fa
NONATHT001747	lncRNA	0.14522191880044716	0.8547780811995526	NONCODEv6_ATH.fa
NONATHT001748	lncRNA	0.08425190451973698	0.9157480954802624	NONCODEv6_ATH.fa
NONATHT001749	lncRNA	0.1328811481330055	0.8671188518669941	NONCODEv6_ATH.fa
NONATHT001750	lncRNA	0.040950715643053956	0.9590492843569457	NONCODEv6_ATH.fa
NONATHT001751	lncRNA	0.15675859426963287	0.8432414057303667	NONCODEv6_ATH.fa
NONATHT001752	lncRNA	0.20205518120682486	0.7979448187931747	NONCODEv6_ATH.fa
NONATHT001753	lncRNA	0.054537550305026626	0.9454624496949737	NONCODEv6_ATH.fa
NONATHT001754	lncRNA	0.3270328347860542	0.6729671652139458	NONCODEv6_ATH.fa
NONATHT001755	lncRNA	0.16652463205818074	0.8334753679418195	NONCODEv6_ATH.fa
NONATHT001756	lncRNA	0.16431779208883682	0.8356822079111631	NONCODEv6_ATH.fa
NONATHT001757	lncRNA	0.256645017136039	0.7433549828639613	NONCODEv6_ATH.fa
NONATHT001758	lncRNA	0.14898313020379747	0.8510168697962027	NONCODEv6_ATH.fa
NONATHT001759	lncRNA	0.05356135852298554	0.9464386414770147	NONCODEv6_ATH.fa
NONATHT001760	lncRNA	0.16287711836335644	0.8371228816366435	NONCODEv6_ATH.fa
NONATHT001761	lncRNA	0.35213288145676225	0.6478671185432379	NONCODEv6_ATH.fa
NONATHT001762	lncRNA	0.428966625286886	0.5710333747131137	NONCODEv6_ATH.fa
NONATHT001763	lncRNA	0.2521806863479606	0.7478193136520394	NONCODEv6_ATH.fa
NONATHT001764	lncRNA	0.1936718763873596	0.8063281236126404	NONCODEv6_ATH.fa
NONATHT001765	lncRNA	0.32280063896937566	0.6771993610306236	NONCODEv6_ATH.fa
NONATHT001766	lncRNA	0.13944418649073853	0.8605558135092615	NONCODEv6_ATH.fa
NONATHT001767	Protein_Coding	0.711179688558918	0.288820311441082	NONCODEv6_ATH.fa
NONATHT001768	lncRNA	0.13572385413758234	0.8642761458624174	NONCODEv6_ATH.fa
NONATHT001769	lncRNA	0.122783248225134	0.8772167517748664	NONCODEv6_ATH.fa
NONATHT001770	lncRNA	0.36734743226872474	0.6326525677312755	NONCODEv6_ATH.fa
NONATHT001771	lncRNA	0.1909218704568774	0.8090781295431223	NONCODEv6_ATH.fa
NONATHT001772	lncRNA	0.16994192037999814	0.8300580796200022	NONCODEv6_ATH.fa
NONATHT001773	lncRNA	0.148449402109805	0.8515505978901947	NONCODEv6_ATH.fa
NONATHT001774	lncRNA	0.148449402109805	0.8515505978901947	NONCODEv6_ATH.fa
NONATHT001775	lncRNA	0.06574552249159733	0.9342544775084025	NONCODEv6_ATH.fa
NONATHT001776	lncRNA	0.3222668642885114	0.6777331357114886	NONCODEv6_ATH.fa
NONATHT001777	lncRNA	0.18128541028891312	0.8187145897110868	NONCODEv6_ATH.fa
NONATHT001778	lncRNA	0.1806962669322624	0.8193037330677374	NONCODEv6_ATH.fa
NONATHT001779	Protein_Coding	0.6244970247298284	0.375502975270172	NONCODEv6_ATH.fa
NONATHT001780	Protein_Coding	0.6354409004237723	0.3645590995762283	NONCODEv6_ATH.fa
NONATHT001781	lncRNA	0.3120919715985518	0.6879080284014484	NONCODEv6_ATH.fa
NONATHT001782	lncRNA	0.2048930851469788	0.7951069148530214	NONCODEv6_ATH.fa
NONATHT001783	lncRNA	0.12569983102326007	0.8743001689767398	NONCODEv6_ATH.fa
NONATHT001784	lncRNA	0.10598901517812637	0.8940109848218735	NONCODEv6_ATH.fa
NONATHT001785	lncRNA	0.020526255183177286	0.9794737448168229	NONCODEv6_ATH.fa
NONATHT001786	lncRNA	0.1674018164161716	0.8325981835838285	NONCODEv6_ATH.fa
NONATHT001787	lncRNA	0.11489007278513988	0.8851099272148606	NONCODEv6_ATH.fa
NONATHT001788	lncRNA	0.11489007278513988	0.8851099272148606	NONCODEv6_ATH.fa
NONATHT001789	lncRNA	0.030377655254111718	0.9696223447458886	NONCODEv6_ATH.fa
NONATHT001790	lncRNA	0.20450604996205413	0.795493950037946	NONCODEv6_ATH.fa
NONATHT001791	lncRNA	0.11666970700036462	0.883330292999635	NONCODEv6_ATH.fa
NONATHT001792	lncRNA	0.4140412479317423	0.5859587520682571	NONCODEv6_ATH.fa
NONATHT001793	lncRNA	0.12415171693133177	0.8758482830686675	NONCODEv6_ATH.fa
NONATHT001794	lncRNA	0.09447552148366081	0.9055244785163392	NONCODEv6_ATH.fa
NONATHT001795	lncRNA	0.06227765117671586	0.9377223488232844	NONCODEv6_ATH.fa
NONATHT001796	lncRNA	0.18890403353077367	0.8110959664692259	NONCODEv6_ATH.fa
NONATHT001797	lncRNA	0.06720832148792079	0.9327916785120794	NONCODEv6_ATH.fa
NONATHT001798	lncRNA	0.3965315487343517	0.6034684512656476	NONCODEv6_ATH.fa
NONATHT001799	lncRNA	0.1498161995318233	0.8501838004681762	NONCODEv6_ATH.fa
NONATHT001800	lncRNA	0.11841597027178503	0.8815840297282138	NONCODEv6_ATH.fa
NONATHT001801	lncRNA	0.3076626842038896	0.6923373157961102	NONCODEv6_ATH.fa
NONATHT001802	lncRNA	0.040306187258661946	0.9596938127413378	NONCODEv6_ATH.fa
NONATHT001803	lncRNA	0.07201906640721609	0.9279809335927836	NONCODEv6_ATH.fa
NONATHT001804	lncRNA	0.4612930692987749	0.5387069307012252	NONCODEv6_ATH.fa
NONATHT001805	lncRNA	0.013158075402753894	0.9868419245972465	NONCODEv6_ATH.fa
NONATHT001806	lncRNA	0.029673486881502845	0.9703265131184975	NONCODEv6_ATH.fa
NONATHT001807	lncRNA	0.1910071674323897	0.8089928325676105	NONCODEv6_ATH.fa
NONATHT001808	lncRNA	0.06815810573187057	0.9318418942681296	NONCODEv6_ATH.fa
NONATHT001809	Protein_Coding	0.6553283809942682	0.3446716190057319	NONCODEv6_ATH.fa
NONATHT001810	lncRNA	0.028998032633021545	0.9710019673669779	NONCODEv6_ATH.fa
NONATHT001811	lncRNA	0.08616370160675277	0.9138362983932468	NONCODEv6_ATH.fa
NONATHT001812	lncRNA	0.14211603659827216	0.8578839634017281	NONCODEv6_ATH.fa
NONATHT001813	lncRNA	0.050598382791484514	0.9494016172085156	NONCODEv6_ATH.fa
NONATHT001814	lncRNA	0.32408453160035433	0.6759154683996454	NONCODEv6_ATH.fa
NONATHT001815	lncRNA	0.21438957035640469	0.785610429643595	NONCODEv6_ATH.fa
NONATHT001816	lncRNA	0.29524620761288795	0.7047537923871119	NONCODEv6_ATH.fa
NONATHT001817	lncRNA	0.03495399190949952	0.9650460080905003	NONCODEv6_ATH.fa
NONATHT001818	lncRNA	0.1318217124163701	0.8681782875836296	NONCODEv6_ATH.fa
NONATHT001819	lncRNA	0.04875628068775442	0.9512437193122458	NONCODEv6_ATH.fa
NONATHT001820	lncRNA	0.05080316866669646	0.9491968313333035	NONCODEv6_ATH.fa
NONATHT001821	lncRNA	0.0468547546540136	0.9531452453459865	NONCODEv6_ATH.fa
NONATHT001822	lncRNA	0.3553245497333091	0.6446754502666913	NONCODEv6_ATH.fa
NONATHT001823	lncRNA	0.026213366191231467	0.973786633808768	NONCODEv6_ATH.fa
NONATHT001824	lncRNA	0.059949145789871996	0.9400508542101277	NONCODEv6_ATH.fa
NONATHT001825	lncRNA	0.18967488488810821	0.8103251151118916	NONCODEv6_ATH.fa
NONATHT001826	lncRNA	0.1483894182883721	0.8516105817116282	NONCODEv6_ATH.fa
NONATHT001827	lncRNA	0.05384601721919349	0.9461539827808064	NONCODEv6_ATH.fa
NONATHT001828	lncRNA	0.1404553065711773	0.8595446934288226	NONCODEv6_ATH.fa
NONATHT001829	lncRNA	0.17676472632058907	0.8232352736794113	NONCODEv6_ATH.fa
NONATHT001830	lncRNA	0.0539014302025063	0.9460985697974934	NONCODEv6_ATH.fa
NONATHT001831	lncRNA	0.064182337918805	0.9358176620811955	NONCODEv6_ATH.fa
NONATHT001832	lncRNA	0.024504949531422557	0.9754950504685779	NONCODEv6_ATH.fa
NONATHT001833	Protein_Coding	0.5435697742847522	0.4564302257152483	NONCODEv6_ATH.fa
NONATHT001834	lncRNA	0.3885664493654267	0.6114335506345728	NONCODEv6_ATH.fa
NONATHT001835	Protein_Coding	0.6598535424895932	0.34014645751040673	NONCODEv6_ATH.fa
NONATHT001836	lncRNA	0.1544041835498923	0.8455958164501077	NONCODEv6_ATH.fa
NONATHT001837	lncRNA	0.1631171017925514	0.8368828982074482	NONCODEv6_ATH.fa
NONATHT001838	lncRNA	0.054251726844106195	0.9457482731558942	NONCODEv6_ATH.fa
NONATHT001839	lncRNA	0.014586666797920766	0.9854133332020796	NONCODEv6_ATH.fa
NONATHT001840	lncRNA	0.09411427368072109	0.905885726319279	NONCODEv6_ATH.fa
NONATHT001841	lncRNA	0.18736758686912988	0.8126324131308699	NONCODEv6_ATH.fa
NONATHT001842	lncRNA	0.1348122064386316	0.8651877935613684	NONCODEv6_ATH.fa
NONATHT001843	Protein_Coding	0.6340537472914203	0.36594625270857917	NONCODEv6_ATH.fa
NONATHT001844	Protein_Coding	0.8240463278962132	0.1759536721037866	NONCODEv6_ATH.fa
NONATHT001845	lncRNA	0.13049243444888295	0.8695075655511162	NONCODEv6_ATH.fa
NONATHT001846	lncRNA	0.09788572380206277	0.9021142761979369	NONCODEv6_ATH.fa
NONATHT001847	lncRNA	0.18880081254392625	0.8111991874560738	NONCODEv6_ATH.fa
NONATHT001848	lncRNA	0.13220483521005674	0.8677951647899432	NONCODEv6_ATH.fa
NONATHT001849	lncRNA	0.12349387808729455	0.8765061219127049	NONCODEv6_ATH.fa
NONATHT001850	lncRNA	0.028758999994683187	0.9712410000053173	NONCODEv6_ATH.fa
NONATHT001851	lncRNA	0.2144227216946662	0.7855772783053336	NONCODEv6_ATH.fa
NONATHT001852	lncRNA	0.3042028364609447	0.6957971635390553	NONCODEv6_ATH.fa
NONATHT001853	lncRNA	0.10772358852221607	0.8922764114777845	NONCODEv6_ATH.fa
NONATHT001854	lncRNA	0.10308310076722026	0.8969168992327805	NONCODEv6_ATH.fa
NONATHT001855	lncRNA	0.18349708644431334	0.8165029135556863	NONCODEv6_ATH.fa
NONATHT001856	lncRNA	0.022592351210637827	0.9774076487893621	NONCODEv6_ATH.fa
NONATHT001857	lncRNA	0.12747546433189233	0.8725245356681074	NONCODEv6_ATH.fa
NONATHT001858	lncRNA	0.047250968751713245	0.952749031248286	NONCODEv6_ATH.fa
NONATHT001859	lncRNA	0.060201023673121114	0.9397989763268785	NONCODEv6_ATH.fa
NONATHT001860	lncRNA	0.05929183429597325	0.9407081657040265	NONCODEv6_ATH.fa
NONATHT001861	lncRNA	0.03213510805885459	0.9678648919411453	NONCODEv6_ATH.fa
NONATHT001862	lncRNA	0.10055813523362216	0.8994418647663778	NONCODEv6_ATH.fa
NONATHT001863	lncRNA	0.13897698009294718	0.861023019907053	NONCODEv6_ATH.fa
NONATHT001864	lncRNA	0.12225291396555796	0.8777470860344415	NONCODEv6_ATH.fa
NONATHT001865	lncRNA	0.3511962435536803	0.6488037564463198	NONCODEv6_ATH.fa
NONATHT001866	lncRNA	0.09789279152620632	0.9021072084737939	NONCODEv6_ATH.fa
NONATHT001867	lncRNA	0.32812405143956036	0.6718759485604395	NONCODEv6_ATH.fa
NONATHT001868	lncRNA	0.03640552963067412	0.9635944703693258	NONCODEv6_ATH.fa
NONATHT001869	lncRNA	0.3315170724607206	0.6684829275392797	NONCODEv6_ATH.fa
NONATHT001870	lncRNA	0.14899366876735862	0.8510063312326417	NONCODEv6_ATH.fa
NONATHT001871	lncRNA	0.04310471153713443	0.9568952884628648	NONCODEv6_ATH.fa
NONATHT001872	lncRNA	0.02104545191488976	0.9789545480851101	NONCODEv6_ATH.fa
NONATHT001873	lncRNA	0.15942589838014445	0.8405741016198548	NONCODEv6_ATH.fa
NONATHT001874	lncRNA	0.12962389848172143	0.870376101518278	NONCODEv6_ATH.fa
NONATHT001875	lncRNA	0.305329223420633	0.6946707765793667	NONCODEv6_ATH.fa
NONATHT001876	lncRNA	0.14244091358287672	0.8575590864171232	NONCODEv6_ATH.fa
NONATHT001877	Protein_Coding	0.6098884605520359	0.39011153944796423	NONCODEv6_ATH.fa
NONATHT001879	lncRNA	0.06268076377140276	0.9373192362285969	NONCODEv6_ATH.fa
NONATHT001878	lncRNA	0.06268076377140276	0.9373192362285969	NONCODEv6_ATH.fa
NONATHT001880	lncRNA	0.10441359246546304	0.8955864075345368	NONCODEv6_ATH.fa
NONATHT001881	lncRNA	0.013845208462990213	0.9861547915370099	NONCODEv6_ATH.fa
NONATHT001882	lncRNA	0.3695691831514777	0.630430816848522	NONCODEv6_ATH.fa
NONATHT001883	lncRNA	0.09286373833554457	0.9071362616644549	NONCODEv6_ATH.fa
NONATHT001884	lncRNA	0.010022042043326972	0.9899779579566728	NONCODEv6_ATH.fa
NONATHT001885	lncRNA	0.01414000499660318	0.9858599950033972	NONCODEv6_ATH.fa
NONATHT001886	lncRNA	0.1231816426811026	0.8768183573188976	NONCODEv6_ATH.fa
NONATHT001887	lncRNA	0.31702884969118755	0.6829711503088127	NONCODEv6_ATH.fa
NONATHT001888	lncRNA	0.05876743999403266	0.9412325600059672	NONCODEv6_ATH.fa
NONATHT001889	lncRNA	0.17135409782830546	0.8286459021716942	NONCODEv6_ATH.fa
NONATHT001890	lncRNA	0.4149139764663363	0.5850860235336636	NONCODEv6_ATH.fa
NONATHT001891	lncRNA	0.29283232331708564	0.7071676766829146	NONCODEv6_ATH.fa
NONATHT001892	lncRNA	0.2102023511903266	0.7897976488096731	NONCODEv6_ATH.fa
NONATHT001893	lncRNA	0.015426976206410144	0.9845730237935899	NONCODEv6_ATH.fa
NONATHT001894	lncRNA	0.14805390847418556	0.8519460915258149	NONCODEv6_ATH.fa
NONATHT001895	lncRNA	0.09614114354542429	0.9038588564545756	NONCODEv6_ATH.fa
NONATHT001896	lncRNA	0.03515717884908997	0.9648428211509101	NONCODEv6_ATH.fa
NONATHT001897	lncRNA	0.0858921680476879	0.9141078319523118	NONCODEv6_ATH.fa
NONATHT001898	lncRNA	0.0760642453158241	0.9239357546841762	NONCODEv6_ATH.fa
NONATHT001899	lncRNA	0.08977693080198242	0.9102230691980174	NONCODEv6_ATH.fa
NONATHT001900	lncRNA	0.053443756615470246	0.94655624338453	NONCODEv6_ATH.fa
NONATHT001901	lncRNA	0.24253234871493654	0.757467651285063	NONCODEv6_ATH.fa
NONATHT001902	lncRNA	0.237747667641021	0.7622523323589785	NONCODEv6_ATH.fa
NONATHT001903	lncRNA	0.26904957511491756	0.7309504248850823	NONCODEv6_ATH.fa
NONATHT001904	lncRNA	0.21778406268511646	0.7822159373148834	NONCODEv6_ATH.fa
NONATHT001905	lncRNA	0.29074144343278946	0.7092585565672107	NONCODEv6_ATH.fa
NONATHT001906	lncRNA	0.2772837130598974	0.7227162869401025	NONCODEv6_ATH.fa
NONATHT001907	lncRNA	0.16799334102732255	0.8320066589726777	NONCODEv6_ATH.fa
NONATHT001908	lncRNA	0.10046295596184175	0.8995370440381576	NONCODEv6_ATH.fa
NONATHT001909	lncRNA	0.0504224902646303	0.9495775097353696	NONCODEv6_ATH.fa
NONATHT001910	lncRNA	0.06033325403697505	0.939666745963025	NONCODEv6_ATH.fa
NONATHT001911	lncRNA	0.09100221656270473	0.9089977834372955	NONCODEv6_ATH.fa
NONATHT001912	lncRNA	0.05285392766941946	0.9471460723305802	NONCODEv6_ATH.fa
NONATHT001914	lncRNA	0.1487318371912791	0.8512681628087201	NONCODEv6_ATH.fa
NONATHT001913	lncRNA	0.1487318371912791	0.8512681628087201	NONCODEv6_ATH.fa
NONATHT001915	lncRNA	0.07824617730967626	0.9217538226903242	NONCODEv6_ATH.fa
NONATHT001916	lncRNA	0.14685844567888795	0.8531415543211118	NONCODEv6_ATH.fa
NONATHT001917	lncRNA	0.08426498836889948	0.9157350116311007	NONCODEv6_ATH.fa
NONATHT001918	lncRNA	0.08426498836889948	0.9157350116311007	NONCODEv6_ATH.fa
NONATHT001919	lncRNA	0.19462984245373613	0.8053701575462632	NONCODEv6_ATH.fa
NONATHT001920	lncRNA	0.1475829559303277	0.8524170440696722	NONCODEv6_ATH.fa
NONATHT001921	lncRNA	0.2460321058965333	0.7539678941034665	NONCODEv6_ATH.fa
NONATHT001922	lncRNA	0.3400671559939098	0.6599328440060901	NONCODEv6_ATH.fa
NONATHT001923	lncRNA	0.0911137859280992	0.9088862140719012	NONCODEv6_ATH.fa
NONATHT001924	lncRNA	0.2284257746615208	0.7715742253384785	NONCODEv6_ATH.fa
NONATHT001925	lncRNA	0.09294398552476162	0.9070560144752379	NONCODEv6_ATH.fa
NONATHT001926	lncRNA	0.1614887304370534	0.8385112695629466	NONCODEv6_ATH.fa
NONATHT001927	lncRNA	0.1671353600845655	0.832864639915434	NONCODEv6_ATH.fa
NONATHT001928	lncRNA	0.10147546807110534	0.8985245319288943	NONCODEv6_ATH.fa
NONATHT001929	lncRNA	0.12535852820517132	0.8746414717948287	NONCODEv6_ATH.fa
NONATHT001930	lncRNA	0.05409935309356526	0.9459006469064348	NONCODEv6_ATH.fa
NONATHT001931	lncRNA	0.1176725266362979	0.8823274733637019	NONCODEv6_ATH.fa
NONATHT001932	lncRNA	0.20013935186119897	0.7998606481388004	NONCODEv6_ATH.fa
NONATHT001933	lncRNA	0.06502382935993752	0.9349761706400618	NONCODEv6_ATH.fa
NONATHT001934	lncRNA	0.042529072293223065	0.9574709277067772	NONCODEv6_ATH.fa
NONATHT001935	lncRNA	0.16647146570987117	0.8335285342901287	NONCODEv6_ATH.fa
NONATHT001936	lncRNA	0.16208781093850896	0.837912189061491	NONCODEv6_ATH.fa
NONATHT001937	lncRNA	0.3242859197823758	0.6757140802176231	NONCODEv6_ATH.fa
NONATHT001938	lncRNA	0.037620158770141146	0.9623798412298585	NONCODEv6_ATH.fa
NONATHT001939	lncRNA	0.11969324565096912	0.8803067543490307	NONCODEv6_ATH.fa
NONATHT001940	lncRNA	0.08543520678112208	0.9145647932188781	NONCODEv6_ATH.fa
NONATHT001941	lncRNA	0.07310362012639027	0.9268963798736091	NONCODEv6_ATH.fa
NONATHT001942	lncRNA	0.25735954052285404	0.7426404594771463	NONCODEv6_ATH.fa
NONATHT001943	lncRNA	0.15607368529449978	0.8439263147054998	NONCODEv6_ATH.fa
NONATHT001944	lncRNA	0.032698731422844296	0.9673012685771557	NONCODEv6_ATH.fa
NONATHT001945	lncRNA	0.12278078202562667	0.8772192179743733	NONCODEv6_ATH.fa
NONATHT001946	lncRNA	0.0999921186539934	0.9000078813460066	NONCODEv6_ATH.fa
NONATHT001947	lncRNA	0.07023644374612237	0.9297635562538779	NONCODEv6_ATH.fa
NONATHT001948	lncRNA	0.11005163551381864	0.8899483644861808	NONCODEv6_ATH.fa
NONATHT001949	lncRNA	0.36160090648571114	0.6383990935142886	NONCODEv6_ATH.fa
NONATHT001950	lncRNA	0.026844597221226292	0.9731554027787739	NONCODEv6_ATH.fa
NONATHT001951	lncRNA	0.015842657414805287	0.9841573425851948	NONCODEv6_ATH.fa
NONATHT001952	lncRNA	0.07299813094034516	0.9270018690596544	NONCODEv6_ATH.fa
NONATHT001953	lncRNA	0.09755886190564894	0.9024411380943503	NONCODEv6_ATH.fa
NONATHT001954	lncRNA	0.02513146082227745	0.974868539177723	NONCODEv6_ATH.fa
NONATHT001955	lncRNA	0.19819691192953462	0.8018030880704651	NONCODEv6_ATH.fa
NONATHT001956	lncRNA	0.02059992868764196	0.9794000713123578	NONCODEv6_ATH.fa
NONATHT001957	lncRNA	0.10646378767387914	0.8935362123261211	NONCODEv6_ATH.fa
NONATHT001958	lncRNA	0.09593570741420493	0.9040642925857953	NONCODEv6_ATH.fa
NONATHT001959	lncRNA	0.16736211552045832	0.8326378844795411	NONCODEv6_ATH.fa
NONATHT001960	lncRNA	0.40333070276138766	0.5966692972386123	NONCODEv6_ATH.fa
NONATHT001961	lncRNA	0.215573909317946	0.7844260906820535	NONCODEv6_ATH.fa
NONATHT001962	lncRNA	0.09440663181533321	0.9055933681846663	NONCODEv6_ATH.fa
NONATHT001963	lncRNA	0.0760208074631845	0.9239791925368158	NONCODEv6_ATH.fa
NONATHT001964	lncRNA	0.3342941653076671	0.6657058346923324	NONCODEv6_ATH.fa
NONATHT001965	lncRNA	0.15818575253508238	0.8418142474649173	NONCODEv6_ATH.fa
NONATHT001966	lncRNA	0.18378876365235144	0.8162112363476481	NONCODEv6_ATH.fa
NONATHT001967	lncRNA	0.18378876365235144	0.8162112363476481	NONCODEv6_ATH.fa
NONATHT001968	lncRNA	0.21125381705731722	0.7887461829426822	NONCODEv6_ATH.fa
NONATHT001969	lncRNA	0.06053991039538999	0.9394600896046094	NONCODEv6_ATH.fa
NONATHT001970	lncRNA	0.061562884282642526	0.9384371157173573	NONCODEv6_ATH.fa
NONATHT001971	lncRNA	0.0730489125220115	0.9269510874779886	NONCODEv6_ATH.fa
NONATHT001972	lncRNA	0.05588532599618025	0.9441146740038191	NONCODEv6_ATH.fa
NONATHT001973	lncRNA	0.06651259663131792	0.9334874033686824	NONCODEv6_ATH.fa
NONATHT001974	lncRNA	0.3639642681924342	0.6360357318075656	NONCODEv6_ATH.fa
NONATHT001975	lncRNA	0.10500377960468348	0.8949962203953163	NONCODEv6_ATH.fa
NONATHT001976	lncRNA	0.1423398968612068	0.857660103138793	NONCODEv6_ATH.fa
NONATHT001977	lncRNA	0.25760759642331776	0.7423924035766821	NONCODEv6_ATH.fa
NONATHT001978	lncRNA	0.01585931691875205	0.9841406830812477	NONCODEv6_ATH.fa
NONATHT001979	lncRNA	0.40859601861278816	0.5914039813872117	NONCODEv6_ATH.fa
NONATHT001980	lncRNA	0.2007750759593162	0.7992249240406841	NONCODEv6_ATH.fa
NONATHT001981	lncRNA	0.1491571530026594	0.8508428469973405	NONCODEv6_ATH.fa
NONATHT001982	lncRNA	0.21927064785730785	0.7807293521426919	NONCODEv6_ATH.fa
NONATHT001983	lncRNA	0.1364971552259929	0.8635028447740071	NONCODEv6_ATH.fa
NONATHT001984	lncRNA	0.41655338774667866	0.5834466122533211	NONCODEv6_ATH.fa
NONATHT001985	lncRNA	0.03475362053770486	0.9652463794622953	NONCODEv6_ATH.fa
NONATHT001986	lncRNA	0.39937623814999934	0.6006237618500004	NONCODEv6_ATH.fa
NONATHT001987	Protein_Coding	0.5998225221649388	0.40017747783506136	NONCODEv6_ATH.fa
NONATHT001988	lncRNA	0.4932323996334812	0.5067676003665188	NONCODEv6_ATH.fa
NONATHT001989	lncRNA	0.16386208758865556	0.836137912411344	NONCODEv6_ATH.fa
NONATHT001990	lncRNA	0.05303740360621486	0.9469625963937851	NONCODEv6_ATH.fa
NONATHT001991	lncRNA	0.049322478000995346	0.9506775219990041	NONCODEv6_ATH.fa
NONATHT001992	lncRNA	0.17020793863566452	0.8297920613643354	NONCODEv6_ATH.fa
NONATHT001993	lncRNA	0.06604221994996722	0.9339577800500325	NONCODEv6_ATH.fa
NONATHT001994	lncRNA	0.01775450394921045	0.9822454960507897	NONCODEv6_ATH.fa
NONATHT001995	lncRNA	0.22973419289235125	0.7702658071076485	NONCODEv6_ATH.fa
NONATHT001996	lncRNA	0.16552723932118127	0.8344727606788185	NONCODEv6_ATH.fa
NONATHT001997	lncRNA	0.10933670554797681	0.8906632944520229	NONCODEv6_ATH.fa
NONATHT001998	lncRNA	0.04297918280670517	0.9570208171932947	NONCODEv6_ATH.fa
NONATHT001999	lncRNA	0.04224033796902006	0.9577596620309797	NONCODEv6_ATH.fa
NONATHT002001	lncRNA	0.07392314777595352	0.9260768522240462	NONCODEv6_ATH.fa
NONATHT002000	lncRNA	0.07349798243889027	0.9265020175611094	NONCODEv6_ATH.fa
NONATHT002002	lncRNA	0.4168729676929797	0.5831270323070203	NONCODEv6_ATH.fa
NONATHT002003	lncRNA	0.07481020546499734	0.9251897945350027	NONCODEv6_ATH.fa
NONATHT002004	lncRNA	0.06547449063443934	0.9345255093655603	NONCODEv6_ATH.fa
NONATHT002005	lncRNA	0.19039254176194872	0.8096074582380505	NONCODEv6_ATH.fa
NONATHT002006	lncRNA	0.02890146636402263	0.9710985336359772	NONCODEv6_ATH.fa
NONATHT002007	lncRNA	0.15458902973519562	0.8454109702648039	NONCODEv6_ATH.fa
NONATHT002008	lncRNA	0.31491487825812203	0.6850851217418779	NONCODEv6_ATH.fa
NONATHT002009	lncRNA	0.13131162041638877	0.8686883795836111	NONCODEv6_ATH.fa
NONATHT002010	lncRNA	0.08568707332017571	0.9143129266798247	NONCODEv6_ATH.fa
NONATHT002011	lncRNA	0.29918752709201146	0.7008124729079886	NONCODEv6_ATH.fa
NONATHT002012	lncRNA	0.06807979451988753	0.9319202054801129	NONCODEv6_ATH.fa
NONATHT002013	lncRNA	0.025677995426662065	0.9743220045733381	NONCODEv6_ATH.fa
NONATHT002014	lncRNA	0.35395942574318134	0.6460405742568185	NONCODEv6_ATH.fa
NONATHT002015	lncRNA	0.09210111548496992	0.90789888451503	NONCODEv6_ATH.fa
NONATHT002016	lncRNA	0.151884847563338	0.8481151524366616	NONCODEv6_ATH.fa
NONATHT002017	lncRNA	0.17045321485471068	0.8295467851452888	NONCODEv6_ATH.fa
NONATHT002018	lncRNA	0.030766965424660238	0.9692330345753404	NONCODEv6_ATH.fa
NONATHT002019	lncRNA	0.048103698050365955	0.9518963019496345	NONCODEv6_ATH.fa
NONATHT002020	lncRNA	0.059329155463762384	0.9406708445362381	NONCODEv6_ATH.fa
NONATHT002021	lncRNA	0.07335940691210799	0.9266405930878914	NONCODEv6_ATH.fa
NONATHT002022	lncRNA	0.19935242117893817	0.8006475788210619	NONCODEv6_ATH.fa
NONATHT002023	lncRNA	0.0174113849989116	0.9825886150010882	NONCODEv6_ATH.fa
NONATHT002024	lncRNA	0.07248204438406637	0.9275179556159333	NONCODEv6_ATH.fa
NONATHT002025	lncRNA	0.052444827220006644	0.9475551727799935	NONCODEv6_ATH.fa
NONATHT002026	lncRNA	0.08585082480964364	0.9141491751903558	NONCODEv6_ATH.fa
NONATHT002027	lncRNA	0.07421010015142165	0.9257898998485792	NONCODEv6_ATH.fa
NONATHT002028	lncRNA	0.050191527197513644	0.9498084728024865	NONCODEv6_ATH.fa
NONATHT002029	lncRNA	0.30209319037944815	0.6979068096205515	NONCODEv6_ATH.fa
NONATHT002030	lncRNA	0.18985695277269946	0.8101430472273005	NONCODEv6_ATH.fa
NONATHT002034	lncRNA	0.11681641927812435	0.8831835807218754	NONCODEv6_ATH.fa
NONATHT002031	lncRNA	0.11681641927812435	0.8831835807218754	NONCODEv6_ATH.fa
NONATHT002032	lncRNA	0.11681641927812435	0.8831835807218754	NONCODEv6_ATH.fa
NONATHT002033	lncRNA	0.11681641927812435	0.8831835807218754	NONCODEv6_ATH.fa
NONATHT002035	lncRNA	0.20377076419655166	0.7962292358034478	NONCODEv6_ATH.fa
NONATHT002036	Protein_Coding	0.5662645211362617	0.4337354788637386	NONCODEv6_ATH.fa
NONATHT002037	lncRNA	0.04992099640605416	0.9500790035939457	NONCODEv6_ATH.fa
NONATHT002038	lncRNA	0.33556897306088534	0.6644310269391145	NONCODEv6_ATH.fa
NONATHT002039	lncRNA	0.06064957502097485	0.9393504249790255	NONCODEv6_ATH.fa
NONATHT002040	lncRNA	0.3342376138646671	0.6657623861353329	NONCODEv6_ATH.fa
NONATHT002041	lncRNA	0.12434615945827986	0.8756538405417195	NONCODEv6_ATH.fa
NONATHT002042	lncRNA	0.10517670174744381	0.894823298252556	NONCODEv6_ATH.fa
NONATHT002043	lncRNA	0.31038977026309	0.6896102297369106	NONCODEv6_ATH.fa
NONATHT002044	lncRNA	0.1639804474198861	0.8360195525801133	NONCODEv6_ATH.fa
NONATHT002045	lncRNA	0.23581859579643924	0.7641814042035605	NONCODEv6_ATH.fa
NONATHT002047	lncRNA	0.22100513991408377	0.7789948600859159	NONCODEv6_ATH.fa
NONATHT002046	lncRNA	0.22100513991408377	0.7789948600859159	NONCODEv6_ATH.fa
NONATHT002048	lncRNA	0.05834559746870744	0.9416544025312931	NONCODEv6_ATH.fa
NONATHT002049	lncRNA	0.22229427194316526	0.7777057280568348	NONCODEv6_ATH.fa
NONATHT002050	lncRNA	0.49420986607006384	0.5057901339299362	NONCODEv6_ATH.fa
NONATHT002051	lncRNA	0.02567682681405367	0.9743231731859464	NONCODEv6_ATH.fa
NONATHT002052	lncRNA	0.313711902497262	0.686288097502738	NONCODEv6_ATH.fa
NONATHT002053	lncRNA	0.09008991228134695	0.9099100877186528	NONCODEv6_ATH.fa
NONATHT002054	lncRNA	0.1412294345959616	0.8587705654040378	NONCODEv6_ATH.fa
NONATHT002055	lncRNA	0.11196141134573376	0.8880385886542661	NONCODEv6_ATH.fa
NONATHT002056	lncRNA	0.1368091192700258	0.8631908807299741	NONCODEv6_ATH.fa
NONATHT002057	lncRNA	0.15627670242213423	0.8437232975778656	NONCODEv6_ATH.fa
NONATHT002058	lncRNA	0.0970436805081103	0.9029563194918888	NONCODEv6_ATH.fa
NONATHT002059	lncRNA	0.24202666895398012	0.7579733310460194	NONCODEv6_ATH.fa
NONATHT002060	lncRNA	0.12972040251687725	0.870279597483123	NONCODEv6_ATH.fa
NONATHT002061	lncRNA	0.021514629406915647	0.9784853705930838	NONCODEv6_ATH.fa
NONATHT002062	lncRNA	0.4474852006238595	0.5525147993761406	NONCODEv6_ATH.fa
NONATHT002063	lncRNA	0.3352075528114775	0.6647924471885223	NONCODEv6_ATH.fa
NONATHT002064	lncRNA	0.16527547068641624	0.834724529313583	NONCODEv6_ATH.fa
NONATHT002065	lncRNA	0.15402902652896774	0.8459709734710321	NONCODEv6_ATH.fa
NONATHT002066	lncRNA	0.12876749213226685	0.8712325078677333	NONCODEv6_ATH.fa
NONATHT002067	lncRNA	0.36631437885020457	0.6336856211497958	NONCODEv6_ATH.fa
NONATHT002068	Protein_Coding	0.5599186820641334	0.4400813179358667	NONCODEv6_ATH.fa
NONATHT002069	lncRNA	0.13287301105840835	0.8671269889415915	NONCODEv6_ATH.fa
NONATHT002070	lncRNA	0.1332157236834607	0.8667842763165393	NONCODEv6_ATH.fa
NONATHT002071	lncRNA	0.04572345670486474	0.9542765432951354	NONCODEv6_ATH.fa
NONATHT002072	lncRNA	0.038554361018525746	0.9614456389814737	NONCODEv6_ATH.fa
NONATHT002073	lncRNA	0.09861994151301699	0.9013800584869821	NONCODEv6_ATH.fa
NONATHT002074	lncRNA	0.3242247988275216	0.6757752011724786	NONCODEv6_ATH.fa
NONATHT002075	lncRNA	0.12642696943934503	0.873573030560655	NONCODEv6_ATH.fa
NONATHT002076	lncRNA	0.23951991058987637	0.7604800894101231	NONCODEv6_ATH.fa
NONATHT002077	lncRNA	0.14603010840251346	0.8539698915974863	NONCODEv6_ATH.fa
NONATHT002078	lncRNA	0.10816657479844435	0.8918334252015561	NONCODEv6_ATH.fa
NONATHT002079	lncRNA	0.030381102207896766	0.9696188977921028	NONCODEv6_ATH.fa
NONATHT002080	lncRNA	0.04443492601358247	0.9555650739864181	NONCODEv6_ATH.fa
NONATHT002081	lncRNA	0.12713713100350127	0.8728628689964982	NONCODEv6_ATH.fa
NONATHT002082	lncRNA	0.0440096730896804	0.9559903269103188	NONCODEv6_ATH.fa
NONATHT002083	lncRNA	0.1130136997683982	0.8869863002316015	NONCODEv6_ATH.fa
NONATHT002084	lncRNA	0.21644122327553125	0.7835587767244686	NONCODEv6_ATH.fa
NONATHT002085	lncRNA	0.3469861331491151	0.6530138668508851	NONCODEv6_ATH.fa
NONATHT002086	lncRNA	0.2906831333507581	0.7093168666492415	NONCODEv6_ATH.fa
NONATHT002087	lncRNA	0.13747103951307832	0.8625289604869214	NONCODEv6_ATH.fa
NONATHT002088	lncRNA	0.35414381501231834	0.6458561849876812	NONCODEv6_ATH.fa
NONATHT002089	lncRNA	0.23726106743446868	0.762738932565531	NONCODEv6_ATH.fa
NONATHT002090	Protein_Coding	0.6073856497112476	0.3926143502887523	NONCODEv6_ATH.fa
NONATHT002091	lncRNA	0.2693121694460532	0.7306878305539463	NONCODEv6_ATH.fa
NONATHT002092	lncRNA	0.1477319513499619	0.852268048650038	NONCODEv6_ATH.fa
NONATHT002093	lncRNA	0.31050073743408124	0.6894992625659186	NONCODEv6_ATH.fa
NONATHT002094	lncRNA	0.1486293768805413	0.8513706231194584	NONCODEv6_ATH.fa
NONATHT002095	lncRNA	0.24588172580992046	0.7541182741900795	NONCODEv6_ATH.fa
NONATHT002096	lncRNA	0.11031938962223456	0.8896806103777646	NONCODEv6_ATH.fa
NONATHT002097	lncRNA	0.20143186506226268	0.7985681349377374	NONCODEv6_ATH.fa
NONATHT002098	lncRNA	0.0623462924599863	0.937653707540014	NONCODEv6_ATH.fa
NONATHT002099	lncRNA	0.1983954987886102	0.8016045012113893	NONCODEv6_ATH.fa
NONATHT002100	lncRNA	0.10530030192890698	0.8946996980710927	NONCODEv6_ATH.fa
NONATHT002101	lncRNA	0.10530030192890698	0.8946996980710927	NONCODEv6_ATH.fa
NONATHT002102	lncRNA	0.10530030192890698	0.8946996980710927	NONCODEv6_ATH.fa
NONATHT002103	lncRNA	0.06951362208061036	0.9304863779193899	NONCODEv6_ATH.fa
NONATHT002104	lncRNA	0.19156426000924284	0.8084357399907569	NONCODEv6_ATH.fa
NONATHT002105	lncRNA	0.1612102488066126	0.8387897511933867	NONCODEv6_ATH.fa
NONATHT002106	lncRNA	0.1939542349122346	0.8060457650877653	NONCODEv6_ATH.fa
NONATHT002107	lncRNA	0.2092622206885693	0.7907377793114302	NONCODEv6_ATH.fa
NONATHT002108	Protein_Coding	0.6706931763016292	0.3293068236983705	NONCODEv6_ATH.fa
NONATHT002109	lncRNA	0.33530303664374933	0.6646969633562502	NONCODEv6_ATH.fa
NONATHT002110	lncRNA	0.21198604095492338	0.7880139590450767	NONCODEv6_ATH.fa
NONATHT002111	lncRNA	0.17491108516750836	0.8250889148324918	NONCODEv6_ATH.fa
NONATHT002112	lncRNA	0.29725732803710553	0.7027426719628941	NONCODEv6_ATH.fa
NONATHT002113	lncRNA	0.3819913806320649	0.6180086193679349	NONCODEv6_ATH.fa
NONATHT002114	lncRNA	0.4691108686108112	0.5308891313891887	NONCODEv6_ATH.fa
NONATHT002115	lncRNA	0.4438515423212591	0.556148457678741	NONCODEv6_ATH.fa
NONATHT002116	lncRNA	0.28818783112731733	0.7118121688726828	NONCODEv6_ATH.fa
NONATHT002117	lncRNA	0.12427371022019551	0.8757262897798044	NONCODEv6_ATH.fa
NONATHT002118	Protein_Coding	0.5342361094061301	0.4657638905938696	NONCODEv6_ATH.fa
NONATHT002119	lncRNA	0.17971352576931257	0.8202864742306869	NONCODEv6_ATH.fa
NONATHT002120	lncRNA	0.12045013944352771	0.8795498605564724	NONCODEv6_ATH.fa
NONATHT002122	lncRNA	0.36798080206655626	0.632019197933444	NONCODEv6_ATH.fa
NONATHT002123	lncRNA	0.36798080206655626	0.632019197933444	NONCODEv6_ATH.fa
NONATHT002121	lncRNA	0.36798080206655626	0.632019197933444	NONCODEv6_ATH.fa
NONATHT002124	lncRNA	0.36798080206655626	0.632019197933444	NONCODEv6_ATH.fa
NONATHT002125	lncRNA	0.09351663879971009	0.9064833612002895	NONCODEv6_ATH.fa
NONATHT002126	lncRNA	0.145078865735016	0.854921134264984	NONCODEv6_ATH.fa
NONATHT002127	lncRNA	0.07369043320924097	0.9263095667907593	NONCODEv6_ATH.fa
NONATHT002128	lncRNA	0.43086397422485484	0.5691360257751447	NONCODEv6_ATH.fa
NONATHT002129	lncRNA	0.3652882819665839	0.6347117180334158	NONCODEv6_ATH.fa
NONATHT002130	lncRNA	0.2725669636589446	0.7274330363410545	NONCODEv6_ATH.fa
NONATHT002131	Protein_Coding	0.5504674058311962	0.44953259416880365	NONCODEv6_ATH.fa
NONATHT002132	lncRNA	0.06325201634262081	0.9367479836573792	NONCODEv6_ATH.fa
NONATHT002133	lncRNA	0.21770246279863226	0.7822975372013676	NONCODEv6_ATH.fa
NONATHT002134	lncRNA	0.053593884694493124	0.9464061153055068	NONCODEv6_ATH.fa
NONATHT002135	lncRNA	0.11254871213146675	0.8874512878685332	NONCODEv6_ATH.fa
NONATHT002136	lncRNA	0.1747780194701793	0.8252219805298211	NONCODEv6_ATH.fa
NONATHT002137	lncRNA	0.4475192984387747	0.5524807015612253	NONCODEv6_ATH.fa
NONATHT002138	lncRNA	0.054876767887511016	0.9451232321124884	NONCODEv6_ATH.fa
NONATHT002139	lncRNA	0.1275217057821219	0.8724782942178779	NONCODEv6_ATH.fa
NONATHT002140	lncRNA	0.28634224910453754	0.7136577508954618	NONCODEv6_ATH.fa
NONATHT002141	lncRNA	0.2180121303384968	0.7819878696615029	NONCODEv6_ATH.fa
NONATHT002142	lncRNA	0.0766482703299507	0.9233517296700485	NONCODEv6_ATH.fa
NONATHT002143	lncRNA	0.07757361982231833	0.9224263801776814	NONCODEv6_ATH.fa
NONATHT002144	lncRNA	0.03253583252596312	0.9674641674740366	NONCODEv6_ATH.fa
NONATHT002145	lncRNA	0.1734364605993104	0.8265635394006896	NONCODEv6_ATH.fa
NONATHT002146	lncRNA	0.12711451725115872	0.8728854827488416	NONCODEv6_ATH.fa
NONATHT002147	Protein_Coding	0.6346117270169226	0.365388272983078	NONCODEv6_ATH.fa
NONATHT002148	lncRNA	0.1375491704359114	0.8624508295640886	NONCODEv6_ATH.fa
NONATHT002149	lncRNA	0.22547412744946135	0.7745258725505384	NONCODEv6_ATH.fa
NONATHT002150	lncRNA	0.10098339941555094	0.8990166005844494	NONCODEv6_ATH.fa
NONATHT002151	lncRNA	0.33619626774951705	0.663803732250483	NONCODEv6_ATH.fa
NONATHT002152	lncRNA	0.1617144335771512	0.8382855664228487	NONCODEv6_ATH.fa
NONATHT002153	lncRNA	0.17876014037061264	0.8212398596293877	NONCODEv6_ATH.fa
NONATHT002154	lncRNA	0.139480721818525	0.8605192781814752	NONCODEv6_ATH.fa
NONATHT002155	lncRNA	0.08026270768592464	0.9197372923140755	NONCODEv6_ATH.fa
NONATHT002156	lncRNA	0.02996037485189143	0.9700396251481077	NONCODEv6_ATH.fa
NONATHT002157	lncRNA	0.09851132331340262	0.9014886766865979	NONCODEv6_ATH.fa
NONATHT002158	lncRNA	0.025304672457487676	0.9746953275425123	NONCODEv6_ATH.fa
NONATHT002159	lncRNA	0.14650865668729063	0.8534913433127091	NONCODEv6_ATH.fa
NONATHT002161	lncRNA	0.3604973920025069	0.639502607997493	NONCODEv6_ATH.fa
NONATHT002160	lncRNA	0.3604973920025069	0.639502607997493	NONCODEv6_ATH.fa
NONATHT002162	lncRNA	0.3621984371558469	0.6378015628441529	NONCODEv6_ATH.fa
NONATHT002163	lncRNA	0.08350685645718108	0.9164931435428187	NONCODEv6_ATH.fa
NONATHT002164	lncRNA	0.15627626030943423	0.8437237396905654	NONCODEv6_ATH.fa
NONATHT002165	lncRNA	0.09361396934697536	0.9063860306530246	NONCODEv6_ATH.fa
NONATHT002166	lncRNA	0.08371240774461292	0.9162875922553864	NONCODEv6_ATH.fa
NONATHT002167	lncRNA	0.14983817628315968	0.8501618237168397	NONCODEv6_ATH.fa
NONATHT002168	lncRNA	0.04534587249032551	0.9546541275096742	NONCODEv6_ATH.fa
NONATHT002169	lncRNA	0.193485172153973	0.8065148278460265	NONCODEv6_ATH.fa
NONATHT002170	lncRNA	0.10788023789191907	0.8921197621080805	NONCODEv6_ATH.fa
NONATHT002171	lncRNA	0.3625983095061264	0.6374016904938739	NONCODEv6_ATH.fa
NONATHT002172	lncRNA	0.3172509338651873	0.6827490661348127	NONCODEv6_ATH.fa
NONATHT002173	lncRNA	0.10954150557500943	0.8904584944249903	NONCODEv6_ATH.fa
NONATHT002174	lncRNA	0.14820928810336814	0.8517907118966314	NONCODEv6_ATH.fa
NONATHT002175	lncRNA	0.11537966555653367	0.8846203344434664	NONCODEv6_ATH.fa
NONATHT002176	Protein_Coding	0.5074785807771477	0.4925214192228523	NONCODEv6_ATH.fa
NONATHT002177	lncRNA	0.12542505632695136	0.874574943673049	NONCODEv6_ATH.fa
NONATHT002178	lncRNA	0.03861733565181701	0.9613826643481829	NONCODEv6_ATH.fa
NONATHT002179	lncRNA	0.07050202110616532	0.9294979788938351	NONCODEv6_ATH.fa
NONATHT002180	lncRNA	0.03979922682631458	0.9602007731736861	NONCODEv6_ATH.fa
NONATHT002181	lncRNA	0.37902895779084256	0.6209710422091579	NONCODEv6_ATH.fa
NONATHT002182	lncRNA	0.13217057230972654	0.8678294276902732	NONCODEv6_ATH.fa
NONATHT002183	lncRNA	0.12088332633075256	0.8791166736692468	NONCODEv6_ATH.fa
NONATHT002184	lncRNA	0.10990584833655097	0.8900941516634494	NONCODEv6_ATH.fa
NONATHT002185	lncRNA	0.2964046920906839	0.7035953079093163	NONCODEv6_ATH.fa
NONATHT002186	lncRNA	0.12057381294826176	0.8794261870517386	NONCODEv6_ATH.fa
NONATHT002187	lncRNA	0.11796273573534174	0.8820372642646582	NONCODEv6_ATH.fa
NONATHT002188	lncRNA	0.34383367221690736	0.6561663277830918	NONCODEv6_ATH.fa
NONATHT002189	lncRNA	0.030398813025123428	0.969601186974877	NONCODEv6_ATH.fa
NONATHT002190	lncRNA	0.11178122525225813	0.8882187747477419	NONCODEv6_ATH.fa
NONATHT002191	lncRNA	0.06621718734986039	0.9337828126501398	NONCODEv6_ATH.fa
NONATHT002192	lncRNA	0.399775635142529	0.6002243648574713	NONCODEv6_ATH.fa
NONATHT002193	lncRNA	0.1759320821119641	0.8240679178880355	NONCODEv6_ATH.fa
NONATHT002194	lncRNA	0.1392634630654737	0.8607365369345265	NONCODEv6_ATH.fa
NONATHT002195	lncRNA	0.3111151157915366	0.6888848842084629	NONCODEv6_ATH.fa
NONATHT002196	lncRNA	0.06737475919990812	0.9326252408000917	NONCODEv6_ATH.fa
NONATHT002197	lncRNA	0.15070482406226518	0.849295175937734	NONCODEv6_ATH.fa
NONATHT002198	lncRNA	0.2486986962913531	0.7513013037086472	NONCODEv6_ATH.fa
NONATHT002199	lncRNA	0.45481356008433277	0.5451864399156677	NONCODEv6_ATH.fa
NONATHT002200	lncRNA	0.38707224675608876	0.6129277532439115	NONCODEv6_ATH.fa
NONATHT002201	lncRNA	0.2678328670342034	0.7321671329657959	NONCODEv6_ATH.fa
NONATHT002202	lncRNA	0.22547555298109176	0.7745244470189082	NONCODEv6_ATH.fa
NONATHT002203	lncRNA	0.3315467652257486	0.6684532347742516	NONCODEv6_ATH.fa
NONATHT002204	lncRNA	0.2816404578369787	0.7183595421630207	NONCODEv6_ATH.fa
NONATHT002205	lncRNA	0.48612054833237495	0.513879451667625	NONCODEv6_ATH.fa
NONATHT002206	lncRNA	0.25203801691007055	0.7479619830899292	NONCODEv6_ATH.fa
NONATHT002207	lncRNA	0.35316996342341384	0.646830036576586	NONCODEv6_ATH.fa
NONATHT002208	lncRNA	0.34032072457563023	0.6596792754243689	NONCODEv6_ATH.fa
NONATHT002209	lncRNA	0.1510811115572045	0.8489188884427955	NONCODEv6_ATH.fa
NONATHT002210	lncRNA	0.15958074496662988	0.8404192550333703	NONCODEv6_ATH.fa
NONATHT002211	lncRNA	0.1351858217486342	0.8648141782513654	NONCODEv6_ATH.fa
NONATHT002212	lncRNA	0.15958074496662988	0.8404192550333703	NONCODEv6_ATH.fa
NONATHT002213	lncRNA	0.06705761614306763	0.9329423838569321	NONCODEv6_ATH.fa
NONATHT002214	lncRNA	0.3932956947722645	0.6067043052277352	NONCODEv6_ATH.fa
NONATHT002215	lncRNA	0.29644105249558317	0.703558947504417	NONCODEv6_ATH.fa
NONATHT002216	lncRNA	0.20742660464662593	0.7925733953533741	NONCODEv6_ATH.fa
NONATHT002217	lncRNA	0.14159644980122332	0.8584035501987759	NONCODEv6_ATH.fa
NONATHT002218	lncRNA	0.08091761734753515	0.9190823826524644	NONCODEv6_ATH.fa
NONATHT002219	lncRNA	0.055742433400890405	0.9442575665991096	NONCODEv6_ATH.fa
NONATHT002220	lncRNA	0.07784073396633127	0.9221592660336684	NONCODEv6_ATH.fa
NONATHT002221	lncRNA	0.1446294596237083	0.8553705403762915	NONCODEv6_ATH.fa
NONATHT002222	lncRNA	0.1343718252969465	0.8656281747030532	NONCODEv6_ATH.fa
NONATHT002223	lncRNA	0.10909547646427907	0.8909045235357206	NONCODEv6_ATH.fa
NONATHT002224	lncRNA	0.08321964551987862	0.916780354480122	NONCODEv6_ATH.fa
NONATHT002225	lncRNA	0.2272337676676908	0.7727662323323089	NONCODEv6_ATH.fa
NONATHT002226	lncRNA	0.1778356983627901	0.82216430163721	NONCODEv6_ATH.fa
NONATHT002227	lncRNA	0.21501281312772558	0.7849871868722741	NONCODEv6_ATH.fa
NONATHT002228	lncRNA	0.17468841173069308	0.8253115882693071	NONCODEv6_ATH.fa
NONATHT002229	lncRNA	0.3383264802480164	0.6616735197519835	NONCODEv6_ATH.fa
NONATHT002230	lncRNA	0.018696873133715812	0.9813031268662841	NONCODEv6_ATH.fa
NONATHT002231	lncRNA	0.2852281434258264	0.7147718565741736	NONCODEv6_ATH.fa
NONATHT002232	lncRNA	0.07796579577525518	0.922034204224745	NONCODEv6_ATH.fa
NONATHT002233	lncRNA	0.11609770353106319	0.8839022964689365	NONCODEv6_ATH.fa
NONATHT002234	lncRNA	0.07837758884699983	0.9216224111529997	NONCODEv6_ATH.fa
NONATHT002235	lncRNA	0.17184225875382653	0.8281577412461733	NONCODEv6_ATH.fa
NONATHT002236	lncRNA	0.36333358066922233	0.6366664193307774	NONCODEv6_ATH.fa
NONATHT002237	lncRNA	0.19932371075634997	0.8006762892436493	NONCODEv6_ATH.fa
NONATHT002238	lncRNA	0.12088100523812377	0.8791189947618756	NONCODEv6_ATH.fa
NONATHT002239	Protein_Coding	0.5690084657567595	0.4309915342432402	NONCODEv6_ATH.fa
NONATHT002240	lncRNA	0.275990391262738	0.7240096087372621	NONCODEv6_ATH.fa
NONATHT002241	lncRNA	0.24957180136217202	0.7504281986378281	NONCODEv6_ATH.fa
NONATHT002242	lncRNA	0.06739211493965928	0.9326078850603402	NONCODEv6_ATH.fa
NONATHT002243	lncRNA	0.47354510950829803	0.5264548904917018	NONCODEv6_ATH.fa
NONATHT002244	lncRNA	0.04920588493206503	0.950794115067935	NONCODEv6_ATH.fa
NONATHT002245	lncRNA	0.12939915392338763	0.870600846076612	NONCODEv6_ATH.fa
NONATHT002246	lncRNA	0.03396743421038791	0.9660325657896129	NONCODEv6_ATH.fa
NONATHT002247	lncRNA	0.08230922646150493	0.9176907735384946	NONCODEv6_ATH.fa
NONATHT002248	lncRNA	0.20455125576930153	0.7954487442306983	NONCODEv6_ATH.fa
NONATHT002249	lncRNA	0.12498177247296664	0.8750182275270337	NONCODEv6_ATH.fa
NONATHT002250	lncRNA	0.4232784119608638	0.576721588039136	NONCODEv6_ATH.fa
NONATHT002251	lncRNA	0.1912219666431945	0.8087780333568051	NONCODEv6_ATH.fa
NONATHT002252	lncRNA	0.2849756961568934	0.7150243038431068	NONCODEv6_ATH.fa
NONATHT002253	lncRNA	0.471618296901759	0.5283817030982411	NONCODEv6_ATH.fa
NONATHT002254	lncRNA	0.4793137891891492	0.5206862108108509	NONCODEv6_ATH.fa
NONATHT002255	lncRNA	0.3674707748346497	0.6325292251653507	NONCODEv6_ATH.fa
NONATHT002256	lncRNA	0.01301514977794719	0.9869848502220527	NONCODEv6_ATH.fa
NONATHT002257	lncRNA	0.35487242657994783	0.6451275734200519	NONCODEv6_ATH.fa
NONATHT002258	lncRNA	0.32911656175572784	0.6708834382442719	NONCODEv6_ATH.fa
NONATHT002259	lncRNA	0.10056433398707286	0.8994356660129269	NONCODEv6_ATH.fa
NONATHT002260	Protein_Coding	0.518213516511203	0.48178648348879716	NONCODEv6_ATH.fa
NONATHT002261	lncRNA	0.1205071425371842	0.8794928574628154	NONCODEv6_ATH.fa
NONATHT002262	lncRNA	0.12410130723469166	0.8758986927653077	NONCODEv6_ATH.fa
NONATHT002263	lncRNA	0.09192840193341402	0.9080715980665865	NONCODEv6_ATH.fa
NONATHT002264	Protein_Coding	0.6423604473802814	0.35763955261971864	NONCODEv6_ATH.fa
NONATHT002265	lncRNA	0.2519422687587703	0.7480577312412303	NONCODEv6_ATH.fa
NONATHT002266	lncRNA	0.253521897595813	0.7464781024041871	NONCODEv6_ATH.fa
NONATHT002267	lncRNA	0.026159732007779175	0.9738402679922208	NONCODEv6_ATH.fa
NONATHT002268	lncRNA	0.11341618296640908	0.8865838170335915	NONCODEv6_ATH.fa
NONATHT002269	lncRNA	0.22754348219677079	0.7724565178032294	NONCODEv6_ATH.fa
NONATHT002270	lncRNA	0.172181300320685	0.8278186996793148	NONCODEv6_ATH.fa
NONATHT002271	lncRNA	0.23256180722495226	0.7674381927750478	NONCODEv6_ATH.fa
NONATHT002272	lncRNA	0.41364042446854166	0.5863595755314582	NONCODEv6_ATH.fa
NONATHT002273	lncRNA	0.14681212343135233	0.8531878765686475	NONCODEv6_ATH.fa
NONATHT002274	lncRNA	0.4256976887383387	0.574302311261661	NONCODEv6_ATH.fa
NONATHT002275	lncRNA	0.02048869649724749	0.9795113035027524	NONCODEv6_ATH.fa
NONATHT002276	lncRNA	0.14952880764813622	0.8504711923518634	NONCODEv6_ATH.fa
NONATHT002277	lncRNA	0.4780058355233751	0.5219941644766249	NONCODEv6_ATH.fa
NONATHT002278	lncRNA	0.37755902847726963	0.6224409715227303	NONCODEv6_ATH.fa
NONATHT002279	lncRNA	0.11520639318652297	0.8847936068134769	NONCODEv6_ATH.fa
NONATHT002280	lncRNA	0.2325462012530224	0.7674537987469776	NONCODEv6_ATH.fa
NONATHT002281	lncRNA	0.13778897549652497	0.862211024503475	NONCODEv6_ATH.fa
NONATHT002282	Protein_Coding	0.50466027539256	0.4953397246074399	NONCODEv6_ATH.fa
NONATHT002283	lncRNA	0.2010519062509105	0.7989480937490898	NONCODEv6_ATH.fa
NONATHT002284	lncRNA	0.28454952790742966	0.7154504720925698	NONCODEv6_ATH.fa
NONATHT002285	lncRNA	0.20400826276237174	0.7959917372376281	NONCODEv6_ATH.fa
NONATHT002286	lncRNA	0.24241974597652566	0.7575802540234738	NONCODEv6_ATH.fa
NONATHT002287	lncRNA	0.18053054079351394	0.8194694592064856	NONCODEv6_ATH.fa
NONATHT002288	lncRNA	0.2537002893525327	0.7462997106474674	NONCODEv6_ATH.fa
NONATHT002289	lncRNA	0.17146143638616215	0.8285385636138379	NONCODEv6_ATH.fa
NONATHT002290	lncRNA	0.09366257425151552	0.9063374257484842	NONCODEv6_ATH.fa
NONATHT002291	lncRNA	0.06770727297635055	0.9322927270236486	NONCODEv6_ATH.fa
NONATHT002292	lncRNA	0.1494964564679946	0.8505035435320055	NONCODEv6_ATH.fa
NONATHT002293	lncRNA	0.40202198954718615	0.5979780104528136	NONCODEv6_ATH.fa
NONATHT002294	Protein_Coding	0.5325263088566572	0.46747369114334286	NONCODEv6_ATH.fa
NONATHT002295	lncRNA	0.05815402129695859	0.9418459787030414	NONCODEv6_ATH.fa
NONATHT002296	lncRNA	0.28043316444662264	0.7195668355533774	NONCODEv6_ATH.fa
NONATHT002297	lncRNA	0.16775433000882786	0.8322456699911719	NONCODEv6_ATH.fa
NONATHT002298	lncRNA	0.19958671107971865	0.8004132889202812	NONCODEv6_ATH.fa
NONATHT002299	lncRNA	0.10685241900288758	0.8931475809971124	NONCODEv6_ATH.fa
NONATHT002300	lncRNA	0.11261777095514047	0.8873822290448593	NONCODEv6_ATH.fa
NONATHT002301	lncRNA	0.2051920955184358	0.794807904481564	NONCODEv6_ATH.fa
NONATHT002302	lncRNA	0.18679526297416646	0.8132047370258328	NONCODEv6_ATH.fa
NONATHT002303	lncRNA	0.4671703767456351	0.5328296232543647	NONCODEv6_ATH.fa
NONATHT002304	lncRNA	0.09485646710217435	0.9051435328978247	NONCODEv6_ATH.fa
NONATHT002305	lncRNA	0.23886177906254763	0.7611382209374519	NONCODEv6_ATH.fa
NONATHT002306	lncRNA	0.1516945254819214	0.8483054745180786	NONCODEv6_ATH.fa
NONATHT002307	lncRNA	0.393837245430814	0.6061627545691863	NONCODEv6_ATH.fa
NONATHT002308	lncRNA	0.2433339400235596	0.7566660599764403	NONCODEv6_ATH.fa
NONATHT002309	lncRNA	0.0779999204030778	0.9220000795969222	NONCODEv6_ATH.fa
NONATHT002310	lncRNA	0.46424968958726365	0.5357503104127365	NONCODEv6_ATH.fa
NONATHT002311	lncRNA	0.4939180366208489	0.5060819633791512	NONCODEv6_ATH.fa
NONATHT002312	Protein_Coding	0.6438962352955637	0.35610376470443655	NONCODEv6_ATH.fa
NONATHT002313	lncRNA	0.24203627144560408	0.7579637285543956	NONCODEv6_ATH.fa
NONATHT002314	lncRNA	0.07684038015843403	0.9231596198415658	NONCODEv6_ATH.fa
NONATHT002315	lncRNA	0.31341311686402434	0.6865868831359755	NONCODEv6_ATH.fa
NONATHT002316	lncRNA	0.07911251716546998	0.9208874828345299	NONCODEv6_ATH.fa
NONATHT002317	lncRNA	0.06310013572854009	0.9368998642714605	NONCODEv6_ATH.fa
NONATHT002318	lncRNA	0.1560132851797929	0.8439867148202077	NONCODEv6_ATH.fa
NONATHT002319	lncRNA	0.3999267392267048	0.6000732607732951	NONCODEv6_ATH.fa
NONATHT002320	lncRNA	0.1306048531904231	0.8693951468095764	NONCODEv6_ATH.fa
NONATHT002321	lncRNA	0.16903659793955256	0.8309634020604465	NONCODEv6_ATH.fa
NONATHT002322	lncRNA	0.03563838493440708	0.9643616150655923	NONCODEv6_ATH.fa
NONATHT002323	lncRNA	0.11705531733728582	0.8829446826627145	NONCODEv6_ATH.fa
NONATHT002324	lncRNA	0.26568244995886003	0.7343175500411394	NONCODEv6_ATH.fa
NONATHT002325	lncRNA	0.17906279976712045	0.8209372002328791	NONCODEv6_ATH.fa
NONATHT002326	lncRNA	0.382980210296063	0.6170197897039369	NONCODEv6_ATH.fa
NONATHT002327	lncRNA	0.19677459605437467	0.8032254039456248	NONCODEv6_ATH.fa
NONATHT002328	lncRNA	0.11101551815673877	0.8889844818432608	NONCODEv6_ATH.fa
NONATHT002329	lncRNA	0.04454822643972419	0.9554517735602751	NONCODEv6_ATH.fa
NONATHT002330	lncRNA	0.31484854998367656	0.6851514500163228	NONCODEv6_ATH.fa
NONATHT002331	lncRNA	0.4685071192435957	0.5314928807564043	NONCODEv6_ATH.fa
NONATHT002332	Protein_Coding	0.5145325977989891	0.4854674022010108	NONCODEv6_ATH.fa
NONATHT002333	lncRNA	0.143451948989468	0.8565480510105313	NONCODEv6_ATH.fa
NONATHT002334	lncRNA	0.15139546156920852	0.8486045384307908	NONCODEv6_ATH.fa
NONATHT002335	lncRNA	0.04440182855031242	0.9555981714496872	NONCODEv6_ATH.fa
NONATHT002336	lncRNA	0.07728900681975358	0.9227109931802464	NONCODEv6_ATH.fa
NONATHT002337	lncRNA	0.2880883477870974	0.7119116522129026	NONCODEv6_ATH.fa
NONATHT002338	lncRNA	0.21069717652655418	0.7893028234734456	NONCODEv6_ATH.fa
NONATHT002339	lncRNA	0.1895745212322151	0.8104254787677853	NONCODEv6_ATH.fa
NONATHT002340	Protein_Coding	0.5371097247107446	0.4628902752892554	NONCODEv6_ATH.fa
NONATHT002341	lncRNA	0.3506898227442885	0.6493101772557114	NONCODEv6_ATH.fa
NONATHT002342	lncRNA	0.24372641092131497	0.7562735890786851	NONCODEv6_ATH.fa
NONATHT002343	lncRNA	0.26176381242273283	0.7382361875772672	NONCODEv6_ATH.fa
NONATHT002344	lncRNA	0.14897259001253418	0.8510274099874653	NONCODEv6_ATH.fa
NONATHT002345	lncRNA	0.1954111938292335	0.8045888061707666	NONCODEv6_ATH.fa
NONATHT002346	lncRNA	0.06573301630604528	0.934266983693955	NONCODEv6_ATH.fa
NONATHT002347	lncRNA	0.12311553509319098	0.8768844649068084	NONCODEv6_ATH.fa
NONATHT002348	lncRNA	0.030787817144464484	0.9692121828555352	NONCODEv6_ATH.fa
NONATHT002349	lncRNA	0.1444792270064636	0.8555207729935365	NONCODEv6_ATH.fa
NONATHT002350	lncRNA	0.17509801076700504	0.8249019892329943	NONCODEv6_ATH.fa
NONATHT002351	lncRNA	0.270490665776678	0.7295093342233216	NONCODEv6_ATH.fa
NONATHT002352	lncRNA	0.10547537352515661	0.8945246264748437	NONCODEv6_ATH.fa
NONATHT002353	lncRNA	0.14582687869177022	0.8541731213082292	NONCODEv6_ATH.fa
NONATHT002354	lncRNA	0.09760521441977424	0.9023947855802261	NONCODEv6_ATH.fa
NONATHT002355	lncRNA	0.0173237449176788	0.9826762550823213	NONCODEv6_ATH.fa
NONATHT002356	lncRNA	0.1212203653714002	0.8787796346285999	NONCODEv6_ATH.fa
NONATHT002357	lncRNA	0.057824440937568694	0.9421755590624309	NONCODEv6_ATH.fa
NONATHT002358	lncRNA	0.11814482330817842	0.8818551766918208	NONCODEv6_ATH.fa
NONATHT002359	lncRNA	0.04595479867609709	0.9540452013239028	NONCODEv6_ATH.fa
NONATHT002360	lncRNA	0.17909961266328753	0.8209003873367122	NONCODEv6_ATH.fa
NONATHT002361	lncRNA	0.10114961315266358	0.8988503868473361	NONCODEv6_ATH.fa
NONATHT002362	lncRNA	0.28297792381537157	0.7170220761846285	NONCODEv6_ATH.fa
NONATHT002363	lncRNA	0.13001858282865808	0.8699814171713417	NONCODEv6_ATH.fa
NONATHT002364	lncRNA	0.052437576095915386	0.9475624239040837	NONCODEv6_ATH.fa
NONATHT002365	lncRNA	0.14533354348520783	0.8546664565147918	NONCODEv6_ATH.fa
NONATHT002366	lncRNA	0.09743590906417368	0.9025640909358267	NONCODEv6_ATH.fa
NONATHT002367	lncRNA	0.2269476703035023	0.7730523296964977	NONCODEv6_ATH.fa
NONATHT002368	lncRNA	0.01930180947627231	0.9806981905237279	NONCODEv6_ATH.fa
NONATHT002369	lncRNA	0.4878850487539194	0.5121149512460806	NONCODEv6_ATH.fa
NONATHT002370	lncRNA	0.24853799720589195	0.7514620027941075	NONCODEv6_ATH.fa
NONATHT002371	lncRNA	0.11542835280601728	0.8845716471939826	NONCODEv6_ATH.fa
NONATHT002372	lncRNA	0.05515100074617523	0.944848999253825	NONCODEv6_ATH.fa
NONATHT002373	lncRNA	0.22718314513153295	0.7728168548684671	NONCODEv6_ATH.fa
NONATHT002374	lncRNA	0.0466238329499145	0.953376167050085	NONCODEv6_ATH.fa
NONATHT002375	lncRNA	0.04030489223051947	0.95969510776948	NONCODEv6_ATH.fa
NONATHT002376	lncRNA	0.2765582508727314	0.7234417491272683	NONCODEv6_ATH.fa
NONATHT002377	lncRNA	0.09652033545406336	0.903479664545936	NONCODEv6_ATH.fa
NONATHT002378	lncRNA	0.11863650677765632	0.8813634932223435	NONCODEv6_ATH.fa
NONATHT002379	lncRNA	0.05120129728680628	0.9487987027131933	NONCODEv6_ATH.fa
NONATHT002380	lncRNA	0.2674557972596881	0.7325442027403116	NONCODEv6_ATH.fa
NONATHT002381	lncRNA	0.04673164681250329	0.9532683531874966	NONCODEv6_ATH.fa
NONATHT002382	Protein_Coding	0.563880332286724	0.4361196677132761	NONCODEv6_ATH.fa
NONATHT002383	lncRNA	0.29295116700572316	0.707048832994277	NONCODEv6_ATH.fa
NONATHT002384	lncRNA	0.14815167160700138	0.8518483283929983	NONCODEv6_ATH.fa
NONATHT002385	lncRNA	0.03534130370769883	0.964658696292301	NONCODEv6_ATH.fa
NONATHT002386	lncRNA	0.2504380600630983	0.7495619399369018	NONCODEv6_ATH.fa
NONATHT002387	lncRNA	0.05952187201070086	0.9404781279892989	NONCODEv6_ATH.fa
NONATHT002388	lncRNA	0.05821043946296004	0.9417895605370393	NONCODEv6_ATH.fa
NONATHT002389	lncRNA	0.053391388694413115	0.9466086113055867	NONCODEv6_ATH.fa
NONATHT002390	lncRNA	0.059878011810449376	0.9401219881895506	NONCODEv6_ATH.fa
NONATHT002391	lncRNA	0.042980048816938794	0.9570199511830613	NONCODEv6_ATH.fa
NONATHT002392	lncRNA	0.4919372324841694	0.5080627675158308	NONCODEv6_ATH.fa
NONATHT002393	lncRNA	0.20219647113376152	0.7978035288662386	NONCODEv6_ATH.fa
NONATHT002394	lncRNA	0.31689002805850697	0.683109971941493	NONCODEv6_ATH.fa
NONATHT002395	lncRNA	0.16948302310236357	0.8305169768976364	NONCODEv6_ATH.fa
NONATHT002396	lncRNA	0.028465276678902727	0.9715347233210972	NONCODEv6_ATH.fa
NONATHT002397	lncRNA	0.04904998931367999	0.9509500106863202	NONCODEv6_ATH.fa
NONATHT002398	lncRNA	0.3369559054633718	0.6630440945366285	NONCODEv6_ATH.fa
NONATHT002399	lncRNA	0.15527999998731012	0.8447200000126904	NONCODEv6_ATH.fa
NONATHT002400	lncRNA	0.21335554982887545	0.7866444501711243	NONCODEv6_ATH.fa
NONATHT002401	lncRNA	0.15751587775703338	0.842484122242967	NONCODEv6_ATH.fa
NONATHT002402	lncRNA	0.16205886049467177	0.8379411395053278	NONCODEv6_ATH.fa
NONATHT002403	lncRNA	0.17921806558076067	0.8207819344192392	NONCODEv6_ATH.fa
NONATHT002404	lncRNA	0.239611289627683	0.7603887103723166	NONCODEv6_ATH.fa
NONATHT002405	lncRNA	0.29142615882965833	0.7085738411703412	NONCODEv6_ATH.fa
NONATHT002406	lncRNA	0.03227041287406323	0.9677295871259369	NONCODEv6_ATH.fa
NONATHT002407	lncRNA	0.20121053417855408	0.7987894658214458	NONCODEv6_ATH.fa
NONATHT002408	lncRNA	0.08873317149790474	0.9112668285020952	NONCODEv6_ATH.fa
NONATHT002409	lncRNA	0.10352375995077624	0.8964762400492239	NONCODEv6_ATH.fa
NONATHT002410	lncRNA	0.16921707201921396	0.8307829279807853	NONCODEv6_ATH.fa
NONATHT002411	lncRNA	0.10474360309540937	0.8952563969045902	NONCODEv6_ATH.fa
NONATHT002412	lncRNA	0.1485910823700871	0.8514089176299132	NONCODEv6_ATH.fa
NONATHT002413	lncRNA	0.036347909497416474	0.9636520905025832	NONCODEv6_ATH.fa
NONATHT002414	lncRNA	0.03920599581800229	0.9607940041819975	NONCODEv6_ATH.fa
NONATHT002415	lncRNA	0.299054507206611	0.7009454927933889	NONCODEv6_ATH.fa
NONATHT002416	lncRNA	0.1682406301632879	0.8317593698367115	NONCODEv6_ATH.fa
NONATHT002417	lncRNA	0.1512220784284163	0.8487779215715837	NONCODEv6_ATH.fa
NONATHT002418	lncRNA	0.19280637247763752	0.8071936275223619	NONCODEv6_ATH.fa
NONATHT002419	lncRNA	0.12465554881481998	0.8753444511851797	NONCODEv6_ATH.fa
NONATHT002420	lncRNA	0.10889654498931849	0.8911034550106814	NONCODEv6_ATH.fa
NONATHT002421	lncRNA	0.09304755194075144	0.9069524480592481	NONCODEv6_ATH.fa
NONATHT002422	lncRNA	0.1619977675607999	0.8380022324391997	NONCODEv6_ATH.fa
NONATHT002423	lncRNA	0.07293347589318604	0.927066524106813	NONCODEv6_ATH.fa
NONATHT002424	lncRNA	0.24065237468544454	0.7593476253145555	NONCODEv6_ATH.fa
NONATHT002425	lncRNA	0.33765047554139366	0.6623495244586055	NONCODEv6_ATH.fa
NONATHT002426	lncRNA	0.06185508370494754	0.9381449162950523	NONCODEv6_ATH.fa
NONATHT002427	Protein_Coding	0.5454477895305747	0.45455221046942534	NONCODEv6_ATH.fa
NONATHT002428	lncRNA	0.03165044877003743	0.9683495512299634	NONCODEv6_ATH.fa
NONATHT002429	lncRNA	0.3017951823437398	0.6982048176562601	NONCODEv6_ATH.fa
NONATHT002430	lncRNA	0.044528821707023325	0.9554711782929767	NONCODEv6_ATH.fa
NONATHT002431	lncRNA	0.22171310765959362	0.7782868923404063	NONCODEv6_ATH.fa
NONATHT002432	lncRNA	0.09770373153576946	0.9022962684642306	NONCODEv6_ATH.fa
NONATHT002433	lncRNA	0.10694462642481974	0.8930553735751792	NONCODEv6_ATH.fa
NONATHT002434	lncRNA	0.04658581330946596	0.9534141866905341	NONCODEv6_ATH.fa
NONATHT002435	lncRNA	0.12848269703879836	0.8715173029612012	NONCODEv6_ATH.fa
NONATHT002436	lncRNA	0.2075658977118078	0.7924341022881923	NONCODEv6_ATH.fa
NONATHT002437	lncRNA	0.02281062083404216	0.9771893791659579	NONCODEv6_ATH.fa
NONATHT002438	lncRNA	0.15257717887472969	0.8474228211252702	NONCODEv6_ATH.fa
NONATHT002439	lncRNA	0.2731908974592439	0.7268091025407563	NONCODEv6_ATH.fa
NONATHT002440	lncRNA	0.10298534969088396	0.8970146503091156	NONCODEv6_ATH.fa
NONATHT002441	lncRNA	0.0780274942126717	0.9219725057873278	NONCODEv6_ATH.fa
NONATHT002442	lncRNA	0.3652176475886349	0.634782352411365	NONCODEv6_ATH.fa
NONATHT002443	lncRNA	0.06629126038176678	0.9337087396182326	NONCODEv6_ATH.fa
NONATHT002445	lncRNA	0.304326219022505	0.6956737809774945	NONCODEv6_ATH.fa
NONATHT002444	lncRNA	0.304326219022505	0.6956737809774945	NONCODEv6_ATH.fa
NONATHT002446	lncRNA	0.24962415364124502	0.7503758463587549	NONCODEv6_ATH.fa
NONATHT002447	lncRNA	0.2938316266831469	0.7061683733168527	NONCODEv6_ATH.fa
NONATHT002448	lncRNA	0.16651487786880603	0.8334851221311943	NONCODEv6_ATH.fa
NONATHT002449	lncRNA	0.16864838403958285	0.8313516159604168	NONCODEv6_ATH.fa
NONATHT002450	lncRNA	0.17876261213303096	0.8212373878669685	NONCODEv6_ATH.fa
NONATHT002451	lncRNA	0.13937383960758176	0.8606261603924189	NONCODEv6_ATH.fa
NONATHT002452	lncRNA	0.039988984423150714	0.960011015576849	NONCODEv6_ATH.fa
NONATHT002453	lncRNA	0.4484301290667404	0.5515698709332597	NONCODEv6_ATH.fa
NONATHT002454	lncRNA	0.07770437672846132	0.9222956232715387	NONCODEv6_ATH.fa
NONATHT002455	lncRNA	0.32911943471159344	0.6708805652884069	NONCODEv6_ATH.fa
NONATHT002456	lncRNA	0.0716196707099128	0.9283803292900871	NONCODEv6_ATH.fa
NONATHT002457	lncRNA	0.14283090724858752	0.8571690927514121	NONCODEv6_ATH.fa
NONATHT002458	lncRNA	0.14011349030392234	0.8598865096960783	NONCODEv6_ATH.fa
NONATHT002459	lncRNA	0.13049712862588095	0.8695028713741193	NONCODEv6_ATH.fa
NONATHT002460	lncRNA	0.270070801288091	0.7299291987119083	NONCODEv6_ATH.fa
NONATHT002461	lncRNA	0.15811615745174	0.84188384254826	NONCODEv6_ATH.fa
NONATHT002462	lncRNA	0.09368540961246165	0.9063145903875385	NONCODEv6_ATH.fa
NONATHT002463	lncRNA	0.02087129483097352	0.9791287051690263	NONCODEv6_ATH.fa
NONATHT002464	lncRNA	0.01960331483373299	0.980396685166267	NONCODEv6_ATH.fa
NONATHT002465	lncRNA	0.14309653727901694	0.856903462720983	NONCODEv6_ATH.fa
NONATHT002466	lncRNA	0.07563786455517785	0.924362135444822	NONCODEv6_ATH.fa
NONATHT002467	lncRNA	0.16602834459850394	0.8339716554014958	NONCODEv6_ATH.fa
NONATHT002468	lncRNA	0.14905471997169267	0.850945280028307	NONCODEv6_ATH.fa
NONATHT002469	lncRNA	0.3001383084695492	0.6998616915304501	NONCODEv6_ATH.fa
NONATHT002470	lncRNA	0.14896208690406137	0.8510379130959378	NONCODEv6_ATH.fa
NONATHT002471	lncRNA	0.06910626954588431	0.9308937304541154	NONCODEv6_ATH.fa
NONATHT002472	lncRNA	0.1608705042082197	0.8391294957917804	NONCODEv6_ATH.fa
NONATHT002473	lncRNA	0.11899677760957846	0.8810032223904208	NONCODEv6_ATH.fa
NONATHT002474	lncRNA	0.13360135138571289	0.8663986486142871	NONCODEv6_ATH.fa
NONATHT002475	lncRNA	0.06837641180602219	0.9316235881939774	NONCODEv6_ATH.fa
NONATHT002476	lncRNA	0.02291792404264717	0.9770820759573527	NONCODEv6_ATH.fa
NONATHT002477	lncRNA	0.08790757054393766	0.9120924294560621	NONCODEv6_ATH.fa
NONATHT002478	lncRNA	0.06023765352062674	0.9397623464793735	NONCODEv6_ATH.fa
NONATHT002479	lncRNA	0.08911757201164612	0.9108824279883536	NONCODEv6_ATH.fa
NONATHT002480	lncRNA	0.014026523753373587	0.9859734762466262	NONCODEv6_ATH.fa
NONATHT002481	lncRNA	0.17605877332970624	0.8239412266702931	NONCODEv6_ATH.fa
NONATHT002482	lncRNA	0.07823035480521737	0.9217696451947825	NONCODEv6_ATH.fa
NONATHT002483	lncRNA	0.049476068206546854	0.9505239317934535	NONCODEv6_ATH.fa
NONATHT002484	lncRNA	0.09964204180619715	0.9003579581938027	NONCODEv6_ATH.fa
NONATHT002485	lncRNA	0.1494657232430879	0.8505342767569122	NONCODEv6_ATH.fa
NONATHT002487	lncRNA	0.1494657232430879	0.8505342767569122	NONCODEv6_ATH.fa
NONATHT002486	lncRNA	0.1494657232430879	0.8505342767569122	NONCODEv6_ATH.fa
NONATHT002488	lncRNA	0.12021586551299669	0.8797841344870037	NONCODEv6_ATH.fa
NONATHT002489	lncRNA	0.05835213217168604	0.9416478678283137	NONCODEv6_ATH.fa
NONATHT002490	lncRNA	0.08123076774319535	0.9187692322568046	NONCODEv6_ATH.fa
NONATHT002491	lncRNA	0.03147956262701241	0.9685204373729875	NONCODEv6_ATH.fa
NONATHT002492	lncRNA	0.13238321507981	0.8676167849201898	NONCODEv6_ATH.fa
NONATHT002493	lncRNA	0.4992914603183328	0.5007085396816672	NONCODEv6_ATH.fa
NONATHT002494	lncRNA	0.03283386533552505	0.9671661346644744	NONCODEv6_ATH.fa
NONATHT002495	lncRNA	0.059891515798044685	0.9401084842019556	NONCODEv6_ATH.fa
NONATHT002496	lncRNA	0.07146157859837085	0.9285384214016296	NONCODEv6_ATH.fa
NONATHT002497	lncRNA	0.09185115622781537	0.9081488437721845	NONCODEv6_ATH.fa
NONATHT002498	lncRNA	0.13244533247235687	0.8675546675276438	NONCODEv6_ATH.fa
NONATHT002499	lncRNA	0.03266006482607061	0.9673399351739299	NONCODEv6_ATH.fa
NONATHT002500	lncRNA	0.405781830756511	0.5942181692434889	NONCODEv6_ATH.fa
NONATHT002501	lncRNA	0.17048332816224876	0.8295166718377512	NONCODEv6_ATH.fa
NONATHT002502	lncRNA	0.11084408828629704	0.8891559117137025	NONCODEv6_ATH.fa
NONATHT002503	lncRNA	0.15591648196198046	0.8440835180380193	NONCODEv6_ATH.fa
NONATHT002504	lncRNA	0.21725071363081866	0.7827492863691808	NONCODEv6_ATH.fa
NONATHT002505	lncRNA	0.07094429959471582	0.9290557004052843	NONCODEv6_ATH.fa
NONATHT002506	lncRNA	0.06996215650624574	0.9300378434937536	NONCODEv6_ATH.fa
NONATHT002507	lncRNA	0.10974393040075064	0.8902560695992494	NONCODEv6_ATH.fa
NONATHT002508	lncRNA	0.15230259582305775	0.8476974041769422	NONCODEv6_ATH.fa
NONATHT002509	lncRNA	0.11876187451849593	0.8812381254815039	NONCODEv6_ATH.fa
NONATHT002510	lncRNA	0.13329902790031067	0.8667009720996893	NONCODEv6_ATH.fa
NONATHT002511	lncRNA	0.05859352475697297	0.9414064752430273	NONCODEv6_ATH.fa
NONATHT002512	lncRNA	0.1006085642551974	0.8993914357448021	NONCODEv6_ATH.fa
NONATHT002513	lncRNA	0.17510121996646197	0.8248987800335376	NONCODEv6_ATH.fa
NONATHT002514	lncRNA	0.44301591750839625	0.5569840824916035	NONCODEv6_ATH.fa
NONATHT002515	lncRNA	0.1515072219508922	0.8484927780491082	NONCODEv6_ATH.fa
NONATHT002516	Protein_Coding	0.5633605166295432	0.43663948337045666	NONCODEv6_ATH.fa
NONATHT002517	lncRNA	0.32347699487176773	0.6765230051282318	NONCODEv6_ATH.fa
NONATHT002518	lncRNA	0.23251150413421415	0.7674884958657858	NONCODEv6_ATH.fa
NONATHT002519	lncRNA	0.04188535111173833	0.9581146488882624	NONCODEv6_ATH.fa
NONATHT002520	lncRNA	0.19708465224318455	0.8029153477568153	NONCODEv6_ATH.fa
NONATHT002521	lncRNA	0.03959217769250763	0.960407822307492	NONCODEv6_ATH.fa
NONATHT002522	lncRNA	0.10936803747308338	0.8906319625269156	NONCODEv6_ATH.fa
NONATHT002523	lncRNA	0.10440727418091254	0.8955927258190869	NONCODEv6_ATH.fa
NONATHT002525	lncRNA	0.10440727418091254	0.8955927258190869	NONCODEv6_ATH.fa
NONATHT002524	lncRNA	0.10359108246394388	0.8964089175360553	NONCODEv6_ATH.fa
NONATHT002526	lncRNA	0.021758264511171375	0.9782417354888288	NONCODEv6_ATH.fa
NONATHT002527	lncRNA	0.051242984662601514	0.9487570153373983	NONCODEv6_ATH.fa
NONATHT002528	lncRNA	0.019581844290836384	0.9804181557091639	NONCODEv6_ATH.fa
NONATHT002529	lncRNA	0.035040400784972704	0.9649595992150266	NONCODEv6_ATH.fa
NONATHT002530	lncRNA	0.2289903543172787	0.7710096456827212	NONCODEv6_ATH.fa
NONATHT002531	lncRNA	0.20826688267081564	0.7917331173291845	NONCODEv6_ATH.fa
NONATHT002532	lncRNA	0.19076104628740492	0.8092389537125945	NONCODEv6_ATH.fa
NONATHT002533	lncRNA	0.2643467082409118	0.7356532917590882	NONCODEv6_ATH.fa
NONATHT002534	lncRNA	0.4197668994177522	0.5802331005822473	NONCODEv6_ATH.fa
NONATHT002535	lncRNA	0.18864155182811002	0.8113584481718897	NONCODEv6_ATH.fa
NONATHT002536	lncRNA	0.13782665045143158	0.8621733495485678	NONCODEv6_ATH.fa
NONATHT002537	lncRNA	0.3624741562981222	0.6375258437018781	NONCODEv6_ATH.fa
NONATHT002539	lncRNA	0.17226083282892513	0.8277391671710748	NONCODEv6_ATH.fa
NONATHT002538	lncRNA	0.17226083282892513	0.8277391671710748	NONCODEv6_ATH.fa
NONATHT002540	lncRNA	0.2198979384740795	0.7801020615259194	NONCODEv6_ATH.fa
NONATHT002541	lncRNA	0.050724699153609	0.9492753008463912	NONCODEv6_ATH.fa
NONATHT002543	lncRNA	0.09878905224198767	0.9012109477580124	NONCODEv6_ATH.fa
NONATHT002542	lncRNA	0.07651716928986611	0.9234828307101335	NONCODEv6_ATH.fa
NONATHT002544	lncRNA	0.13698031615118117	0.8630196838488181	NONCODEv6_ATH.fa
NONATHT002545	lncRNA	0.4669295108892571	0.533070489110743	NONCODEv6_ATH.fa
NONATHT002546	lncRNA	0.07771237419602466	0.9222876258039752	NONCODEv6_ATH.fa
NONATHT002547	lncRNA	0.12038919380797093	0.8796108061920296	NONCODEv6_ATH.fa
NONATHT002548	lncRNA	0.06951380988513922	0.9304861901148607	NONCODEv6_ATH.fa
NONATHT002549	lncRNA	0.4327655008902646	0.5672344991097357	NONCODEv6_ATH.fa
NONATHT002550	lncRNA	0.11204005082113022	0.8879599491788693	NONCODEv6_ATH.fa
NONATHT002551	lncRNA	0.07487403999599646	0.9251259600040038	NONCODEv6_ATH.fa
NONATHT002552	lncRNA	0.19245706935026133	0.8075429306497381	NONCODEv6_ATH.fa
NONATHT002553	lncRNA	0.0706957318706381	0.9293042681293616	NONCODEv6_ATH.fa
NONATHT002554	lncRNA	0.014680455227005286	0.9853195447729947	NONCODEv6_ATH.fa
NONATHT002555	lncRNA	0.15391054370791366	0.8460894562920863	NONCODEv6_ATH.fa
NONATHT002556	lncRNA	0.08561010597827923	0.9143898940217204	NONCODEv6_ATH.fa
NONATHT002557	lncRNA	0.2566962250673321	0.7433037749326676	NONCODEv6_ATH.fa
NONATHT002558	lncRNA	0.06894283854683664	0.9310571614531632	NONCODEv6_ATH.fa
NONATHT002559	lncRNA	0.17923500554511887	0.8207649944548807	NONCODEv6_ATH.fa
NONATHT002560	lncRNA	0.11045377128861275	0.8895462287113866	NONCODEv6_ATH.fa
NONATHT002561	lncRNA	0.060080745726583396	0.939919254273416	NONCODEv6_ATH.fa
NONATHT002562	lncRNA	0.48387849391437543	0.5161215060856247	NONCODEv6_ATH.fa
NONATHT002563	lncRNA	0.07698076033081734	0.9230192396691828	NONCODEv6_ATH.fa
NONATHT002564	lncRNA	0.037069726585732994	0.9629302734142668	NONCODEv6_ATH.fa
NONATHT002565	lncRNA	0.05989535913729763	0.9401046408627025	NONCODEv6_ATH.fa
NONATHT002566	lncRNA	0.2236650814785126	0.7763349185214871	NONCODEv6_ATH.fa
NONATHT002567	lncRNA	0.04496549218864033	0.9550345078113593	NONCODEv6_ATH.fa
NONATHT002568	lncRNA	0.24311847119196714	0.7568815288080323	NONCODEv6_ATH.fa
NONATHT002569	lncRNA	0.15104682066771957	0.8489531793322798	NONCODEv6_ATH.fa
NONATHT002570	lncRNA	0.15666921532041608	0.8433307846795841	NONCODEv6_ATH.fa
NONATHT002571	lncRNA	0.007908516593351319	0.9920914834066487	NONCODEv6_ATH.fa
NONATHT002572	lncRNA	0.027749910066320643	0.9722500899336791	NONCODEv6_ATH.fa
NONATHT002573	lncRNA	0.13360796256400398	0.8663920374359962	NONCODEv6_ATH.fa
NONATHT002574	lncRNA	0.057201560387233764	0.9427984396127659	NONCODEv6_ATH.fa
NONATHT002575	lncRNA	0.129742467671218	0.8702575323287818	NONCODEv6_ATH.fa
NONATHT002576	lncRNA	0.14725477899048567	0.852745221009514	NONCODEv6_ATH.fa
NONATHT002577	lncRNA	0.02154306835409524	0.9784569316459044	NONCODEv6_ATH.fa
NONATHT002578	lncRNA	0.22640234243465293	0.7735976575653472	NONCODEv6_ATH.fa
NONATHT002579	lncRNA	0.06661870856224997	0.9333812914377505	NONCODEv6_ATH.fa
NONATHT002580	Protein_Coding	0.5786079107386372	0.42139208926136273	NONCODEv6_ATH.fa
NONATHT002581	lncRNA	0.10254153340077561	0.8974584665992238	NONCODEv6_ATH.fa
NONATHT002582	lncRNA	0.11893562956222058	0.8810643704377792	NONCODEv6_ATH.fa
NONATHT002583	lncRNA	0.3999163409196854	0.6000836590803144	NONCODEv6_ATH.fa
NONATHT002584	lncRNA	0.1852576210713775	0.814742378928622	NONCODEv6_ATH.fa
NONATHT002585	lncRNA	0.07987034321122438	0.9201296567887756	NONCODEv6_ATH.fa
NONATHT002586	lncRNA	0.397449308765091	0.6025506912349086	NONCODEv6_ATH.fa
NONATHT002587	lncRNA	0.0961275034593049	0.9038724965406949	NONCODEv6_ATH.fa
NONATHT002588	lncRNA	0.017498719552662988	0.9825012804473366	NONCODEv6_ATH.fa
NONATHT002589	lncRNA	0.05842358919083341	0.9415764108091663	NONCODEv6_ATH.fa
NONATHT002590	lncRNA	0.075635517602113	0.9243644823978867	NONCODEv6_ATH.fa
NONATHT002591	lncRNA	0.04814792558914657	0.9518520744108533	NONCODEv6_ATH.fa
NONATHT002595	lncRNA	0.09805187001933777	0.9019481299806615	NONCODEv6_ATH.fa
NONATHT002592	lncRNA	0.09861553481785404	0.9013844651821454	NONCODEv6_ATH.fa
NONATHT002593	lncRNA	0.03790991328496308	0.9620900867150369	NONCODEv6_ATH.fa
NONATHT002594	lncRNA	0.10317134674712733	0.8968286532528722	NONCODEv6_ATH.fa
NONATHT002596	lncRNA	0.1923163377223171	0.8076836622776826	NONCODEv6_ATH.fa
NONATHT002597	lncRNA	0.301440387219687	0.6985596127803126	NONCODEv6_ATH.fa
NONATHT002599	lncRNA	0.301440387219687	0.6985596127803126	NONCODEv6_ATH.fa
NONATHT002598	lncRNA	0.301440387219687	0.6985596127803126	NONCODEv6_ATH.fa
NONATHT002600	lncRNA	0.16659551609060144	0.8334044839093981	NONCODEv6_ATH.fa
NONATHT002601	lncRNA	0.04907018182719075	0.9509298181728091	NONCODEv6_ATH.fa
NONATHT002602	lncRNA	0.17139377179188822	0.8286062282081106	NONCODEv6_ATH.fa
NONATHT002603	Protein_Coding	0.5200087139826983	0.4799912860173017	NONCODEv6_ATH.fa
NONATHT002604	lncRNA	0.036504057816177216	0.9634959421838231	NONCODEv6_ATH.fa
NONATHT002605	lncRNA	0.14615870855282695	0.8538412914471731	NONCODEv6_ATH.fa
NONATHT002606	lncRNA	0.060250597663482536	0.9397494023365176	NONCODEv6_ATH.fa
NONATHT002607	lncRNA	0.2622065309303956	0.7377934690696043	NONCODEv6_ATH.fa
NONATHT002608	lncRNA	0.313665433027596	0.6863345669724039	NONCODEv6_ATH.fa
NONATHT002609	lncRNA	0.09753931997134613	0.9024606800286537	NONCODEv6_ATH.fa
NONATHT002610	lncRNA	0.3776718486616793	0.6223281513383204	NONCODEv6_ATH.fa
NONATHT002611	lncRNA	0.10378377077149858	0.8962162292285007	NONCODEv6_ATH.fa
NONATHT002612	lncRNA	0.18497480317457388	0.8150251968254264	NONCODEv6_ATH.fa
NONATHT002613	lncRNA	0.022620070248549604	0.9773799297514505	NONCODEv6_ATH.fa
NONATHT002614	lncRNA	0.10785675447436913	0.8921432455256305	NONCODEv6_ATH.fa
NONATHT002615	lncRNA	0.22836772676303493	0.7716322732369655	NONCODEv6_ATH.fa
NONATHT002616	lncRNA	0.27657049339450857	0.7234295066054912	NONCODEv6_ATH.fa
NONATHT002617	lncRNA	0.08144538262083796	0.9185546173791618	NONCODEv6_ATH.fa
NONATHT002618	lncRNA	0.13535887430943264	0.8646411256905672	NONCODEv6_ATH.fa
NONATHT002619	lncRNA	0.28573134661861976	0.7142686533813806	NONCODEv6_ATH.fa
NONATHT002620	lncRNA	0.11206465740714933	0.8879353425928507	NONCODEv6_ATH.fa
NONATHT002621	lncRNA	0.09954964913122351	0.9004503508687758	NONCODEv6_ATH.fa
NONATHT002622	lncRNA	0.10289297486990379	0.8971070251300964	NONCODEv6_ATH.fa
NONATHT002623	lncRNA	0.06449574301853728	0.9355042569814628	NONCODEv6_ATH.fa
NONATHT002624	lncRNA	0.0763580355882891	0.9236419644117109	NONCODEv6_ATH.fa
NONATHT002625	lncRNA	0.20431946208474783	0.7956805379152518	NONCODEv6_ATH.fa
NONATHT002626	lncRNA	0.19973102763993103	0.800268972360069	NONCODEv6_ATH.fa
NONATHT002627	lncRNA	0.14423851674416496	0.8557614832558343	NONCODEv6_ATH.fa
NONATHT002628	lncRNA	0.1243138692309519	0.8756861307690481	NONCODEv6_ATH.fa
NONATHT002629	lncRNA	0.18605798731467507	0.8139420126853248	NONCODEv6_ATH.fa
NONATHT002630	lncRNA	0.14626034388246625	0.8537396561175334	NONCODEv6_ATH.fa
NONATHT002631	lncRNA	0.4058872892843985	0.5941127107156017	NONCODEv6_ATH.fa
NONATHT002632	lncRNA	0.26311925175538325	0.7368807482446162	NONCODEv6_ATH.fa
NONATHT002633	lncRNA	0.1862205225383121	0.8137794774616879	NONCODEv6_ATH.fa
NONATHT002634	lncRNA	0.156979278837685	0.8430207211623141	NONCODEv6_ATH.fa
NONATHT002635	lncRNA	0.10489899379734563	0.895101006202654	NONCODEv6_ATH.fa
NONATHT002636	lncRNA	0.14279579665676134	0.8572042033432381	NONCODEv6_ATH.fa
NONATHT002637	lncRNA	0.13399537208786053	0.8660046279121394	NONCODEv6_ATH.fa
NONATHT002638	lncRNA	0.10420474768153537	0.8957952523184645	NONCODEv6_ATH.fa
NONATHT002639	lncRNA	0.25404948007003125	0.7459505199299687	NONCODEv6_ATH.fa
NONATHT002640	lncRNA	0.3503900044000132	0.6496099955999873	NONCODEv6_ATH.fa
NONATHT002641	lncRNA	0.130700826129267	0.8692991738707321	NONCODEv6_ATH.fa
NONATHT002642	lncRNA	0.43351258065464443	0.5664874193453556	NONCODEv6_ATH.fa
NONATHT002643	lncRNA	0.10430788361122262	0.895692116388777	NONCODEv6_ATH.fa
NONATHT002644	lncRNA	0.08545237673449398	0.9145476232655061	NONCODEv6_ATH.fa
NONATHT002645	lncRNA	0.08806691561763666	0.9119330843823634	NONCODEv6_ATH.fa
NONATHT002646	lncRNA	0.36114097913496973	0.6388590208650304	NONCODEv6_ATH.fa
NONATHT002647	Protein_Coding	0.5900021523199434	0.40999784768005676	NONCODEv6_ATH.fa
NONATHT002648	lncRNA	0.44267091924785607	0.5573290807521443	NONCODEv6_ATH.fa
NONATHT002649	lncRNA	0.1906135914679488	0.8093864085320506	NONCODEv6_ATH.fa
NONATHT002650	lncRNA	0.06616500139041158	0.9338349986095885	NONCODEv6_ATH.fa
NONATHT002651	lncRNA	0.15171428183170324	0.8482857181682963	NONCODEv6_ATH.fa
NONATHT002652	lncRNA	0.2943154161081666	0.7056845838918336	NONCODEv6_ATH.fa
NONATHT002653	lncRNA	0.2757657024272836	0.7242342975727158	NONCODEv6_ATH.fa
NONATHT002654	lncRNA	0.045128381562226476	0.9548716184377734	NONCODEv6_ATH.fa
NONATHT002655	lncRNA	0.09919026182696683	0.9008097381730328	NONCODEv6_ATH.fa
NONATHT002656	lncRNA	0.0965067035239418	0.9034932964760579	NONCODEv6_ATH.fa
NONATHT002657	lncRNA	0.04706652005972182	0.9529334799402781	NONCODEv6_ATH.fa
NONATHT002658	lncRNA	0.19424314586852975	0.8057568541314695	NONCODEv6_ATH.fa
NONATHT002659	lncRNA	0.16632343581331369	0.8336765641866856	NONCODEv6_ATH.fa
NONATHT002660	lncRNA	0.19611397390620997	0.80388602609379	NONCODEv6_ATH.fa
NONATHT002661	lncRNA	0.030532566543042847	0.9694674334569573	NONCODEv6_ATH.fa
NONATHT002662	lncRNA	0.11767292765188381	0.8823270723481159	NONCODEv6_ATH.fa
NONATHT002663	lncRNA	0.37118707363986375	0.6288129263601355	NONCODEv6_ATH.fa
NONATHT002664	lncRNA	0.199171283934793	0.8008287160652072	NONCODEv6_ATH.fa
NONATHT002665	lncRNA	0.2840239563312457	0.7159760436687544	NONCODEv6_ATH.fa
NONATHT002666	lncRNA	0.07577514521900763	0.9242248547809924	NONCODEv6_ATH.fa
NONATHT002667	lncRNA	0.07010411671373779	0.9298958832862622	NONCODEv6_ATH.fa
NONATHT002668	lncRNA	0.1830848318225965	0.8169151681774034	NONCODEv6_ATH.fa
NONATHT002669	lncRNA	0.022256793758322898	0.9777432062416773	NONCODEv6_ATH.fa
NONATHT002670	lncRNA	0.10459450137911214	0.8954054986208876	NONCODEv6_ATH.fa
NONATHT002671	lncRNA	0.07086531426544845	0.9291346857345518	NONCODEv6_ATH.fa
NONATHT002672	lncRNA	0.03885896119381363	0.9611410388061864	NONCODEv6_ATH.fa
NONATHT002673	lncRNA	0.03389961859366462	0.9661003814063353	NONCODEv6_ATH.fa
NONATHT002674	lncRNA	0.056546543691971644	0.9434534563080277	NONCODEv6_ATH.fa
NONATHT002675	lncRNA	0.056979060051678805	0.9430209399483213	NONCODEv6_ATH.fa
NONATHT002676	lncRNA	0.4144191129960416	0.585580887003958	NONCODEv6_ATH.fa
NONATHT002677	lncRNA	0.18413169956581893	0.8158683004341809	NONCODEv6_ATH.fa
NONATHT002678	lncRNA	0.19287679661304272	0.8071232033869573	NONCODEv6_ATH.fa
NONATHT002679	lncRNA	0.14750165549179917	0.852498344508201	NONCODEv6_ATH.fa
NONATHT002680	lncRNA	0.18698450928882865	0.8130154907111716	NONCODEv6_ATH.fa
NONATHT002681	lncRNA	0.17899259781877813	0.8210074021812221	NONCODEv6_ATH.fa
NONATHT002682	Protein_Coding	0.6686813211279887	0.33131867887201155	NONCODEv6_ATH.fa
NONATHT002683	Protein_Coding	0.5454662315121961	0.4545337684878036	NONCODEv6_ATH.fa
NONATHT002684	Protein_Coding	0.5140692865432428	0.48593071345675704	NONCODEv6_ATH.fa
NONATHT002685	lncRNA	0.2917320514630431	0.7082679485369571	NONCODEv6_ATH.fa
NONATHT002686	lncRNA	0.2316916401446398	0.7683083598553601	NONCODEv6_ATH.fa
NONATHT002687	lncRNA	0.31379407558782296	0.6862059244121771	NONCODEv6_ATH.fa
NONATHT002688	lncRNA	0.06839685274104311	0.9316031472589571	NONCODEv6_ATH.fa
NONATHT002689	lncRNA	0.308335694802027	0.6916643051979726	NONCODEv6_ATH.fa
NONATHT002690	lncRNA	0.2504153551759051	0.7495846448240946	NONCODEv6_ATH.fa
NONATHT002691	lncRNA	0.12781106116873286	0.872188938831267	NONCODEv6_ATH.fa
NONATHT002692	lncRNA	0.2564273754460068	0.7435726245539931	NONCODEv6_ATH.fa
NONATHT002693	lncRNA	0.24805898275854144	0.751941017241458	NONCODEv6_ATH.fa
NONATHT002694	lncRNA	0.15466632098685867	0.8453336790131408	NONCODEv6_ATH.fa
NONATHT002695	lncRNA	0.3105644528614862	0.6894355471385141	NONCODEv6_ATH.fa
NONATHT002696	lncRNA	0.30078767751707475	0.699212322482925	NONCODEv6_ATH.fa
NONATHT002697	lncRNA	0.14595346981984553	0.8540465301801549	NONCODEv6_ATH.fa
NONATHT002698	lncRNA	0.3004712707691268	0.699528729230873	NONCODEv6_ATH.fa
NONATHT002699	lncRNA	0.35187142084072126	0.6481285791592788	NONCODEv6_ATH.fa
NONATHT002700	lncRNA	0.2109590898675951	0.7890409101324047	NONCODEv6_ATH.fa
NONATHT002701	lncRNA	0.14239913068466614	0.8576008693153336	NONCODEv6_ATH.fa
NONATHT002702	lncRNA	0.4217520399547692	0.5782479600452307	NONCODEv6_ATH.fa
NONATHT002703	lncRNA	0.14279421197544567	0.8572057880245543	NONCODEv6_ATH.fa
NONATHT002704	lncRNA	0.12119172171291612	0.8788082782870837	NONCODEv6_ATH.fa
NONATHT002705	lncRNA	0.018358139900529993	0.9816418600994695	NONCODEv6_ATH.fa
NONATHT002706	lncRNA	0.31381652337980853	0.6861834766201916	NONCODEv6_ATH.fa
NONATHT002707	lncRNA	0.34329272771660735	0.6567072722833927	NONCODEv6_ATH.fa
NONATHT002708	lncRNA	0.2419442568098125	0.7580557431901872	NONCODEv6_ATH.fa
NONATHT002709	lncRNA	0.422966074708913	0.5770339252910863	NONCODEv6_ATH.fa
NONATHT002710	lncRNA	0.3189072133570931	0.6810927866429061	NONCODEv6_ATH.fa
NONATHT002711	lncRNA	0.044839748529558326	0.9551602514704418	NONCODEv6_ATH.fa
NONATHT002712	lncRNA	0.2074292669780799	0.7925707330219199	NONCODEv6_ATH.fa
NONATHT002713	lncRNA	0.04798695422003689	0.9520130457799626	NONCODEv6_ATH.fa
NONATHT002714	lncRNA	0.3982817076527524	0.6017182923472473	NONCODEv6_ATH.fa
NONATHT002715	lncRNA	0.10905809911902643	0.8909419008809731	NONCODEv6_ATH.fa
NONATHT002716	lncRNA	0.17395039319501357	0.8260496068049858	NONCODEv6_ATH.fa
NONATHT002717	lncRNA	0.1145941621715705	0.8854058378284294	NONCODEv6_ATH.fa
NONATHT002718	lncRNA	0.3647508646241649	0.6352491353758352	NONCODEv6_ATH.fa
NONATHT002719	lncRNA	0.4683472659882557	0.5316527340117443	NONCODEv6_ATH.fa
NONATHT002720	lncRNA	0.3019580590233831	0.698041940976617	NONCODEv6_ATH.fa
NONATHT002721	lncRNA	0.0657751869491557	0.9342248130508439	NONCODEv6_ATH.fa
NONATHT002722	lncRNA	0.47217403791662665	0.5278259620833734	NONCODEv6_ATH.fa
NONATHT002723	lncRNA	0.13125868803405283	0.8687413119659473	NONCODEv6_ATH.fa
NONATHT002724	lncRNA	0.2964955546403718	0.7035044453596283	NONCODEv6_ATH.fa
NONATHT002725	lncRNA	0.20178969871786345	0.7982103012821365	NONCODEv6_ATH.fa
NONATHT002726	lncRNA	0.11523231289967259	0.8847676871003267	NONCODEv6_ATH.fa
NONATHT002727	lncRNA	0.055521783745607886	0.9444782162543924	NONCODEv6_ATH.fa
NONATHT002728	lncRNA	0.058519988536244974	0.941480011463755	NONCODEv6_ATH.fa
NONATHT002729	lncRNA	0.19421068332645325	0.8057893166735465	NONCODEv6_ATH.fa
NONATHT002730	lncRNA	0.22102669869158556	0.7789733013084145	NONCODEv6_ATH.fa
NONATHT002731	lncRNA	0.2277597457462322	0.7722402542537672	NONCODEv6_ATH.fa
NONATHT002732	lncRNA	0.278160297520027	0.7218397024799729	NONCODEv6_ATH.fa
NONATHT002739	lncRNA	0.12423422892332327	0.8757657710766757	NONCODEv6_ATH.fa
NONATHT002733	lncRNA	0.12197102066362199	0.878028979336377	NONCODEv6_ATH.fa
NONATHT002734	lncRNA	0.11159245402370523	0.8884075459762939	NONCODEv6_ATH.fa
NONATHT002737	lncRNA	0.11159245402370523	0.8884075459762939	NONCODEv6_ATH.fa
NONATHT002735	lncRNA	0.11159245402370523	0.8884075459762939	NONCODEv6_ATH.fa
NONATHT002738	lncRNA	0.11159245402370523	0.8884075459762939	NONCODEv6_ATH.fa
NONATHT002736	lncRNA	0.11378573409038772	0.8862142659096114	NONCODEv6_ATH.fa
NONATHT002740	lncRNA	0.15660021294019053	0.8433997870598099	NONCODEv6_ATH.fa
NONATHT002741	lncRNA	0.1046551887867718	0.8953448112132284	NONCODEv6_ATH.fa
NONATHT002742	lncRNA	0.24974472670926567	0.750255273290734	NONCODEv6_ATH.fa
NONATHT002743	lncRNA	0.12424992456067765	0.8757500754393227	NONCODEv6_ATH.fa
NONATHT002745	lncRNA	0.14241091078010784	0.8575890892198922	NONCODEv6_ATH.fa
NONATHT002744	lncRNA	0.13288974840585652	0.8671102515941436	NONCODEv6_ATH.fa
NONATHT002746	lncRNA	0.06692235061622205	0.9330776493837776	NONCODEv6_ATH.fa
NONATHT002747	lncRNA	0.17948379537543116	0.820516204624568	NONCODEv6_ATH.fa
NONATHT002748	lncRNA	0.2277597457462322	0.7722402542537672	NONCODEv6_ATH.fa
NONATHT002749	lncRNA	0.2060533434117346	0.7939466565882651	NONCODEv6_ATH.fa
NONATHT002750	lncRNA	0.25750766573497896	0.7424923342650213	NONCODEv6_ATH.fa
NONATHT002751	lncRNA	0.23109227570528257	0.7689077242947178	NONCODEv6_ATH.fa
NONATHT002752	lncRNA	0.24651198646401037	0.7534880135359896	NONCODEv6_ATH.fa
NONATHT002753	lncRNA	0.11384483116151821	0.8861551688384817	NONCODEv6_ATH.fa
NONATHT002754	lncRNA	0.26838566088973	0.7316143391102699	NONCODEv6_ATH.fa
NONATHT002755	lncRNA	0.3010908997293173	0.6989091002706823	NONCODEv6_ATH.fa
NONATHT002756	lncRNA	0.24108010756238418	0.7589198924376155	NONCODEv6_ATH.fa
NONATHT002757	Protein_Coding	0.5990014218021656	0.4009985781978344	NONCODEv6_ATH.fa
NONATHT002758	lncRNA	0.113811154957844	0.8861888450421559	NONCODEv6_ATH.fa
NONATHT002759	lncRNA	0.09619529104669788	0.9038047089533019	NONCODEv6_ATH.fa
NONATHT002760	lncRNA	0.09163659973520087	0.9083634002647988	NONCODEv6_ATH.fa
NONATHT002761	lncRNA	0.04421525173044855	0.9557847482695521	NONCODEv6_ATH.fa
NONATHT002762	lncRNA	0.20816924643306156	0.7918307535669381	NONCODEv6_ATH.fa
NONATHT002763	lncRNA	0.10187105571416176	0.8981289442858374	NONCODEv6_ATH.fa
NONATHT002764	lncRNA	0.36982878594707147	0.6301712140529289	NONCODEv6_ATH.fa
NONATHT002765	lncRNA	0.07654090343350162	0.9234590965664985	NONCODEv6_ATH.fa
NONATHT002766	lncRNA	0.0665026125466623	0.9334973874533375	NONCODEv6_ATH.fa
NONATHT002767	lncRNA	0.06597817082247444	0.9340218291775262	NONCODEv6_ATH.fa
NONATHT002768	lncRNA	0.07948548004386795	0.920514519956132	NONCODEv6_ATH.fa
NONATHT002769	lncRNA	0.4431858395899476	0.5568141604100528	NONCODEv6_ATH.fa
NONATHT002770	lncRNA	0.06804135378185816	0.9319586462181414	NONCODEv6_ATH.fa
NONATHT002771	lncRNA	0.3093596998978074	0.6906403001021926	NONCODEv6_ATH.fa
NONATHT002772	lncRNA	0.0775099104989857	0.9224900895010137	NONCODEv6_ATH.fa
NONATHT002773	lncRNA	0.40771254683497016	0.5922874531650298	NONCODEv6_ATH.fa
NONATHT002774	Protein_Coding	0.577076837662949	0.42292316233705085	NONCODEv6_ATH.fa
NONATHT002775	lncRNA	0.13152789943932208	0.8684721005606779	NONCODEv6_ATH.fa
NONATHT002776	lncRNA	0.0955391257461153	0.9044608742538841	NONCODEv6_ATH.fa
NONATHT002777	lncRNA	0.24292733116523407	0.7570726688347654	NONCODEv6_ATH.fa
NONATHT002778	lncRNA	0.4866192015600807	0.5133807984399194	NONCODEv6_ATH.fa
NONATHT002779	lncRNA	0.32499850327739815	0.6750014967226018	NONCODEv6_ATH.fa
NONATHT002780	lncRNA	0.1053012710495282	0.894698728950471	NONCODEv6_ATH.fa
NONATHT002781	lncRNA	0.1582143986269689	0.8417856013730316	NONCODEv6_ATH.fa
NONATHT002782	lncRNA	0.04654263475654501	0.9534573652434543	NONCODEv6_ATH.fa
NONATHT002783	lncRNA	0.0771898876156218	0.9228101123843775	NONCODEv6_ATH.fa
NONATHT002784	lncRNA	0.09921448239262967	0.9007855176073699	NONCODEv6_ATH.fa
NONATHT002785	lncRNA	0.27698731776037805	0.7230126822396225	NONCODEv6_ATH.fa
NONATHT002786	lncRNA	0.31207044149244206	0.6879295585075579	NONCODEv6_ATH.fa
NONATHT002787	lncRNA	0.1594123604505061	0.8405876395494931	NONCODEv6_ATH.fa
NONATHT002788	lncRNA	0.16231286543935278	0.8376871345606474	NONCODEv6_ATH.fa
NONATHT002790	lncRNA	0.2195585231724647	0.7804414768275351	NONCODEv6_ATH.fa
NONATHT002789	lncRNA	0.2195585231724647	0.7804414768275351	NONCODEv6_ATH.fa
NONATHT002791	lncRNA	0.027902254346511102	0.9720977456534883	NONCODEv6_ATH.fa
NONATHT002792	lncRNA	0.15689987808209177	0.843100121917908	NONCODEv6_ATH.fa
NONATHT002793	lncRNA	0.2127943218506899	0.7872056781493101	NONCODEv6_ATH.fa
NONATHT002794	lncRNA	0.2127943218506899	0.7872056781493101	NONCODEv6_ATH.fa
NONATHT002795	lncRNA	0.23498331555530194	0.765016684444698	NONCODEv6_ATH.fa
NONATHT002796	lncRNA	0.40156476512741895	0.5984352348725811	NONCODEv6_ATH.fa
NONATHT002797	lncRNA	0.15143521978536004	0.8485647802146395	NONCODEv6_ATH.fa
NONATHT002798	lncRNA	0.20668419799005044	0.7933158020099497	NONCODEv6_ATH.fa
NONATHT002799	lncRNA	0.06088527986579016	0.9391147201342096	NONCODEv6_ATH.fa
NONATHT002800	lncRNA	0.14032748524944522	0.8596725147505543	NONCODEv6_ATH.fa
NONATHT002801	lncRNA	0.1085447895805726	0.8914552104194268	NONCODEv6_ATH.fa
NONATHT002802	lncRNA	0.10421314678209939	0.895786853217901	NONCODEv6_ATH.fa
NONATHT002803	lncRNA	0.08750607760462865	0.9124939223953715	NONCODEv6_ATH.fa
NONATHT002804	lncRNA	0.08117437223351037	0.9188256277664898	NONCODEv6_ATH.fa
NONATHT002805	lncRNA	0.31753682990113125	0.6824631700988688	NONCODEv6_ATH.fa
NONATHT002806	lncRNA	0.07672360050897159	0.9232763994910281	NONCODEv6_ATH.fa
NONATHT002807	lncRNA	0.2583062035716079	0.7416937964283917	NONCODEv6_ATH.fa
NONATHT002808	lncRNA	0.4577054754351236	0.5422945245648766	NONCODEv6_ATH.fa
NONATHT002809	lncRNA	0.09304257979794574	0.9069574202020544	NONCODEv6_ATH.fa
NONATHT002810	lncRNA	0.10304031044005564	0.896959689559944	NONCODEv6_ATH.fa
NONATHT002812	lncRNA	0.05065023014670999	0.9493497698532893	NONCODEv6_ATH.fa
NONATHT002811	lncRNA	0.05065023014670999	0.9493497698532893	NONCODEv6_ATH.fa
NONATHT002813	lncRNA	0.05078926171572261	0.9492107382842767	NONCODEv6_ATH.fa
NONATHT002814	lncRNA	0.12310547185329984	0.8768945281466998	NONCODEv6_ATH.fa
NONATHT002815	lncRNA	0.1234211890243481	0.8765788109756514	NONCODEv6_ATH.fa
NONATHT002816	lncRNA	0.17353998574204516	0.8264600142579545	NONCODEv6_ATH.fa
NONATHT002817	lncRNA	0.24414266018229627	0.7558573398177031	NONCODEv6_ATH.fa
NONATHT002818	lncRNA	0.19819862770599125	0.8018013722940089	NONCODEv6_ATH.fa
NONATHT002819	lncRNA	0.41090372953368937	0.5890962704663109	NONCODEv6_ATH.fa
NONATHT002820	lncRNA	0.060973898601924904	0.9390261013980745	NONCODEv6_ATH.fa
NONATHT002821	lncRNA	0.04173883056417184	0.9582611694358282	NONCODEv6_ATH.fa
NONATHT002822	lncRNA	0.41753321823147244	0.5824667817685275	NONCODEv6_ATH.fa
NONATHT002823	lncRNA	0.03700616466272894	0.9629938353372711	NONCODEv6_ATH.fa
NONATHT002824	lncRNA	0.47050618662154736	0.5294938133784526	NONCODEv6_ATH.fa
NONATHT002825	lncRNA	0.07195883201433058	0.9280411679856695	NONCODEv6_ATH.fa
NONATHT002826	lncRNA	0.04597179017857768	0.9540282098214224	NONCODEv6_ATH.fa
NONATHT002827	lncRNA	0.2610733534520927	0.7389266465479069	NONCODEv6_ATH.fa
NONATHT002828	lncRNA	0.027132543428670157	0.9728674565713296	NONCODEv6_ATH.fa
NONATHT002829	lncRNA	0.12301350345111077	0.8769864965488889	NONCODEv6_ATH.fa
NONATHT002830	lncRNA	0.03285422506929401	0.9671457749307059	NONCODEv6_ATH.fa
NONATHT002831	lncRNA	0.1731012527741214	0.8268987472258784	NONCODEv6_ATH.fa
NONATHT002832	lncRNA	0.2551237125811661	0.744876287418834	NONCODEv6_ATH.fa
NONATHT002833	lncRNA	0.08158665203770386	0.9184133479622962	NONCODEv6_ATH.fa
NONATHT002834	lncRNA	0.3477540762795931	0.6522459237204062	NONCODEv6_ATH.fa
NONATHT002835	lncRNA	0.2709675853423855	0.7290324146576138	NONCODEv6_ATH.fa
NONATHT002836	lncRNA	0.3488790914700367	0.6511209085299635	NONCODEv6_ATH.fa
NONATHT002837	lncRNA	0.13078901638436455	0.8692109836156348	NONCODEv6_ATH.fa
NONATHT002838	Protein_Coding	0.560445895565228	0.439554104434772	NONCODEv6_ATH.fa
NONATHT002839	Protein_Coding	0.560445895565228	0.439554104434772	NONCODEv6_ATH.fa
NONATHT002840	Protein_Coding	0.560445895565228	0.439554104434772	NONCODEv6_ATH.fa
NONATHT002841	lncRNA	0.251956866090811	0.7480431339091886	NONCODEv6_ATH.fa
NONATHT002842	lncRNA	0.18387154445075252	0.8161284555492473	NONCODEv6_ATH.fa
NONATHT002843	lncRNA	0.14273586482894798	0.8572641351710524	NONCODEv6_ATH.fa
NONATHT002844	lncRNA	0.27325626685877996	0.7267437331412201	NONCODEv6_ATH.fa
NONATHT002845	lncRNA	0.37222828381098344	0.6277717161890164	NONCODEv6_ATH.fa
NONATHT002846	lncRNA	0.16112324002594716	0.8388767599740526	NONCODEv6_ATH.fa
NONATHT002847	lncRNA	0.1595009727554571	0.8404990272445431	NONCODEv6_ATH.fa
NONATHT002848	lncRNA	0.33176878520993985	0.6682312147900595	NONCODEv6_ATH.fa
NONATHT002851	lncRNA	0.22473338413188385	0.7752666158681167	NONCODEv6_ATH.fa
NONATHT002849	lncRNA	0.1529232368103628	0.8470767631896372	NONCODEv6_ATH.fa
NONATHT002852	lncRNA	0.2892983671101888	0.7107016328898118	NONCODEv6_ATH.fa
NONATHT002850	lncRNA	0.2892983671101888	0.7107016328898118	NONCODEv6_ATH.fa
NONATHT002853	lncRNA	0.019275766498933207	0.9807242335010667	NONCODEv6_ATH.fa
NONATHT002854	Protein_Coding	0.5276752563767552	0.47232474362324467	NONCODEv6_ATH.fa
NONATHT002855	Protein_Coding	0.5198940935959353	0.4801059064040645	NONCODEv6_ATH.fa
NONATHT002856	lncRNA	0.26425195764110887	0.7357480423588906	NONCODEv6_ATH.fa
NONATHT002857	lncRNA	0.35687353229161406	0.6431264677083858	NONCODEv6_ATH.fa
NONATHT002858	lncRNA	0.12075249498603355	0.879247505013967	NONCODEv6_ATH.fa
NONATHT002859	lncRNA	0.17276974797393277	0.827230252026067	NONCODEv6_ATH.fa
NONATHT002860	lncRNA	0.034801957529589776	0.96519804247041	NONCODEv6_ATH.fa
NONATHT002861	lncRNA	0.06456337766128455	0.9354366223387158	NONCODEv6_ATH.fa
NONATHT002862	lncRNA	0.1301025785604137	0.8698974214395869	NONCODEv6_ATH.fa
NONATHT002863	lncRNA	0.06105011424092328	0.9389498857590767	NONCODEv6_ATH.fa
NONATHT002864	lncRNA	0.021721646217969258	0.978278353782031	NONCODEv6_ATH.fa
NONATHT002865	lncRNA	0.27790818263223066	0.7220918173677694	NONCODEv6_ATH.fa
NONATHT002866	lncRNA	0.07612904357040816	0.9238709564295914	NONCODEv6_ATH.fa
NONATHT002867	lncRNA	0.01405899818121356	0.9859410018187864	NONCODEv6_ATH.fa
NONATHT002868	lncRNA	0.10327051064961927	0.8967294893503808	NONCODEv6_ATH.fa
NONATHT002869	lncRNA	0.20650213892578007	0.79349786107422	NONCODEv6_ATH.fa
NONATHT002870	lncRNA	0.04175692943891295	0.9582430705610875	NONCODEv6_ATH.fa
NONATHT002871	lncRNA	0.11095571296762302	0.8890442870323766	NONCODEv6_ATH.fa
NONATHT002872	lncRNA	0.2518518243560421	0.748148175643958	NONCODEv6_ATH.fa
NONATHT002873	lncRNA	0.12001548202054972	0.8799845179794501	NONCODEv6_ATH.fa
NONATHT002874	lncRNA	0.10965580728296197	0.8903441927170382	NONCODEv6_ATH.fa
NONATHT002875	lncRNA	0.3061531374378609	0.6938468625621389	NONCODEv6_ATH.fa
NONATHT002878	lncRNA	0.10854732903544059	0.8914526709645593	NONCODEv6_ATH.fa
NONATHT002876	lncRNA	0.10854732903544059	0.8914526709645593	NONCODEv6_ATH.fa
NONATHT002877	lncRNA	0.10854732903544059	0.8914526709645593	NONCODEv6_ATH.fa
NONATHT002879	lncRNA	0.11282669008205415	0.8871733099179457	NONCODEv6_ATH.fa
NONATHT002880	lncRNA	0.11253943490065646	0.8874605650993432	NONCODEv6_ATH.fa
NONATHT002881	lncRNA	0.09908361597415782	0.9009163840258415	NONCODEv6_ATH.fa
NONATHT002882	lncRNA	0.1634376520621483	0.836562347937851	NONCODEv6_ATH.fa
NONATHT002883	lncRNA	0.16490617659859363	0.8350938234014059	NONCODEv6_ATH.fa
NONATHT002884	lncRNA	0.03904554136814658	0.9609544586318531	NONCODEv6_ATH.fa
NONATHT002885	lncRNA	0.15711958955155605	0.8428804104484438	NONCODEv6_ATH.fa
NONATHT002887	lncRNA	0.14805919698500877	0.8519408030149908	NONCODEv6_ATH.fa
NONATHT002886	lncRNA	0.14805919698500877	0.8519408030149908	NONCODEv6_ATH.fa
NONATHT002888	lncRNA	0.2537004868771286	0.7462995131228711	NONCODEv6_ATH.fa
NONATHT002889	lncRNA	0.04497697127015511	0.9550230287298443	NONCODEv6_ATH.fa
NONATHT002890	lncRNA	0.10283837383854078	0.897161626161459	NONCODEv6_ATH.fa
NONATHT002891	lncRNA	0.03148969582787641	0.9685103041721232	NONCODEv6_ATH.fa
NONATHT002892	Protein_Coding	0.5431544254437862	0.4568455745562139	NONCODEv6_ATH.fa
NONATHT002893	lncRNA	0.4621145070019959	0.5378854929980037	NONCODEv6_ATH.fa
NONATHT002894	lncRNA	0.11633154479047349	0.8836684552095262	NONCODEv6_ATH.fa
NONATHT002895	lncRNA	0.12703810500792814	0.8729618949920716	NONCODEv6_ATH.fa
NONATHT002896	lncRNA	0.21634238778292808	0.7836576122170713	NONCODEv6_ATH.fa
NONATHT002897	lncRNA	0.08080035598656249	0.9191996440134378	NONCODEv6_ATH.fa
NONATHT002898	lncRNA	0.07099978345209551	0.9290002165479044	NONCODEv6_ATH.fa
NONATHT002899	lncRNA	0.030030541236829387	0.9699694587631702	NONCODEv6_ATH.fa
NONATHT002900	lncRNA	0.09371465812515525	0.9062853418748444	NONCODEv6_ATH.fa
NONATHT002901	lncRNA	0.09371465812515525	0.9062853418748444	NONCODEv6_ATH.fa
NONATHT002902	lncRNA	0.08984977536962321	0.9101502246303763	NONCODEv6_ATH.fa
NONATHT002903	lncRNA	0.10687510144077372	0.8931248985592259	NONCODEv6_ATH.fa
NONATHT002904	lncRNA	0.07059577968494815	0.9294042203150515	NONCODEv6_ATH.fa
NONATHT002905	lncRNA	0.15345096208328368	0.8465490379167158	NONCODEv6_ATH.fa
NONATHT002906	lncRNA	0.053264804358947815	0.9467351956410517	NONCODEv6_ATH.fa
NONATHT002907	lncRNA	0.06274541234732668	0.9372545876526736	NONCODEv6_ATH.fa
NONATHT002908	lncRNA	0.07613720315841473	0.9238627968415849	NONCODEv6_ATH.fa
NONATHT002909	lncRNA	0.0480585837356227	0.9519414162643768	NONCODEv6_ATH.fa
NONATHT002910	lncRNA	0.19092220374016805	0.8090777962598316	NONCODEv6_ATH.fa
NONATHT002911	lncRNA	0.048476479947815856	0.9515235200521834	NONCODEv6_ATH.fa
NONATHT002912	lncRNA	0.18653412410733478	0.8134658758926651	NONCODEv6_ATH.fa
NONATHT002913	lncRNA	0.047084103297502275	0.9529158967024971	NONCODEv6_ATH.fa
NONATHT002914	lncRNA	0.06488445311589114	0.9351155468841086	NONCODEv6_ATH.fa
NONATHT002915	lncRNA	0.09486929044183164	0.9051307095581682	NONCODEv6_ATH.fa
NONATHT002916	lncRNA	0.04258021510044279	0.9574197848995577	NONCODEv6_ATH.fa
NONATHT002917	lncRNA	0.08730054290613554	0.9126994570938647	NONCODEv6_ATH.fa
NONATHT002918	lncRNA	0.055771573234051484	0.9442284267659479	NONCODEv6_ATH.fa
NONATHT002919	lncRNA	0.18773791567493728	0.8122620843250622	NONCODEv6_ATH.fa
NONATHT002920	lncRNA	0.10807286782179736	0.8919271321782023	NONCODEv6_ATH.fa
NONATHT002921	lncRNA	0.2689891041165181	0.7310108958834814	NONCODEv6_ATH.fa
NONATHT002922	lncRNA	0.042972991875679274	0.9570270081243204	NONCODEv6_ATH.fa
NONATHT002923	lncRNA	0.03374788336953928	0.9662521166304604	NONCODEv6_ATH.fa
NONATHT002924	lncRNA	0.061696203899072974	0.9383037961009274	NONCODEv6_ATH.fa
NONATHT002925	lncRNA	0.0780348955222576	0.9219651044777423	NONCODEv6_ATH.fa
NONATHT002926	Protein_Coding	0.5087093480018673	0.4912906519981328	NONCODEv6_ATH.fa
NONATHT002927	lncRNA	0.17924682704918463	0.820753172950815	NONCODEv6_ATH.fa
NONATHT002928	lncRNA	0.05256677582652962	0.9474332241734702	NONCODEv6_ATH.fa
NONATHT002929	lncRNA	0.22543264677528882	0.7745673532247108	NONCODEv6_ATH.fa
NONATHT002930	Protein_Coding	0.5040341948422414	0.4959658051577585	NONCODEv6_ATH.fa
NONATHT002931	lncRNA	0.2133338768257908	0.7866661231742091	NONCODEv6_ATH.fa
NONATHT002932	lncRNA	0.33908130481694304	0.6609186951830565	NONCODEv6_ATH.fa
NONATHT002933	lncRNA	0.2828290322640288	0.7171709677359712	NONCODEv6_ATH.fa
NONATHT002934	lncRNA	0.08223454156851896	0.9177654584314817	NONCODEv6_ATH.fa
NONATHT002935	lncRNA	0.07807623790633673	0.9219237620936629	NONCODEv6_ATH.fa
NONATHT002936	lncRNA	0.09496146075627196	0.9050385392437279	NONCODEv6_ATH.fa
NONATHT002937	lncRNA	0.12215789535388318	0.8778421046461161	NONCODEv6_ATH.fa
NONATHT002938	lncRNA	0.07859571943660715	0.9214042805633926	NONCODEv6_ATH.fa
NONATHT002939	lncRNA	0.0743932146319613	0.9256067853680386	NONCODEv6_ATH.fa
NONATHT002940	lncRNA	0.042519631651812245	0.957480368348188	NONCODEv6_ATH.fa
NONATHT002941	lncRNA	0.03539009686429049	0.964609903135709	NONCODEv6_ATH.fa
NONATHT002942	lncRNA	0.06763836854595563	0.9323616314540446	NONCODEv6_ATH.fa
NONATHT002943	lncRNA	0.18697278276751317	0.8130272172324862	NONCODEv6_ATH.fa
NONATHT002944	lncRNA	0.21342223321320783	0.7865777667867918	NONCODEv6_ATH.fa
NONATHT002945	lncRNA	0.1936086129742278	0.8063913870257721	NONCODEv6_ATH.fa
NONATHT002946	lncRNA	0.14538055387074889	0.8546194461292503	NONCODEv6_ATH.fa
NONATHT002947	lncRNA	0.44048321020342807	0.5595167897965715	NONCODEv6_ATH.fa
NONATHT002948	lncRNA	0.25621987287960774	0.7437801271203919	NONCODEv6_ATH.fa
NONATHT002949	lncRNA	0.11982631864876166	0.8801736813512386	NONCODEv6_ATH.fa
NONATHT002950	Protein_Coding	0.5175530394148431	0.48244696058515696	NONCODEv6_ATH.fa
NONATHT002951	lncRNA	0.20724958190419104	0.7927504180958087	NONCODEv6_ATH.fa
NONATHT002952	lncRNA	0.17059572543372392	0.829404274566276	NONCODEv6_ATH.fa
NONATHT002953	lncRNA	0.17211210488745746	0.8278878951125425	NONCODEv6_ATH.fa
NONATHT002954	lncRNA	0.380441855926069	0.6195581440739308	NONCODEv6_ATH.fa
NONATHT002955	lncRNA	0.2262951727172215	0.7737048272827781	NONCODEv6_ATH.fa
NONATHT002956	lncRNA	0.10799433583999855	0.8920056641600013	NONCODEv6_ATH.fa
NONATHT002957	lncRNA	0.13063861453373185	0.8693613854662682	NONCODEv6_ATH.fa
NONATHT002958	lncRNA	0.11374579624416001	0.8862542037558399	NONCODEv6_ATH.fa
NONATHT002959	lncRNA	0.05147205832897771	0.9485279416710224	NONCODEv6_ATH.fa
NONATHT002961	lncRNA	0.2442324445867125	0.7557675554132871	NONCODEv6_ATH.fa
NONATHT002960	lncRNA	0.2442324445867125	0.7557675554132871	NONCODEv6_ATH.fa
NONATHT002962	lncRNA	0.057373650225143145	0.9426263497748562	NONCODEv6_ATH.fa
NONATHT002963	lncRNA	0.2495197356773046	0.7504802643226953	NONCODEv6_ATH.fa
NONATHT002964	lncRNA	0.06409371577222187	0.9359062842277784	NONCODEv6_ATH.fa
NONATHT002965	lncRNA	0.22386265085505647	0.7761373491449433	NONCODEv6_ATH.fa
NONATHT002966	lncRNA	0.05693944307955204	0.9430605569204481	NONCODEv6_ATH.fa
NONATHT002967	lncRNA	0.1482793755446341	0.8517206244553658	NONCODEv6_ATH.fa
NONATHT002968	lncRNA	0.051390372278964765	0.9486096277210347	NONCODEv6_ATH.fa
NONATHT002969	lncRNA	0.17693117159776556	0.8230688284022344	NONCODEv6_ATH.fa
NONATHT002970	lncRNA	0.07957850350333112	0.9204214964966689	NONCODEv6_ATH.fa
NONATHT002971	lncRNA	0.09522077636262259	0.904779223637377	NONCODEv6_ATH.fa
NONATHT002972	lncRNA	0.4421750970241431	0.5578249029758567	NONCODEv6_ATH.fa
NONATHT002973	lncRNA	0.42640762704006246	0.5735923729599367	NONCODEv6_ATH.fa
NONATHT002974	lncRNA	0.1566939192812893	0.8433060807187105	NONCODEv6_ATH.fa
NONATHT002975	lncRNA	0.0989155593896123	0.9010844406103866	NONCODEv6_ATH.fa
NONATHT002976	lncRNA	0.04607697080926728	0.9539230291907326	NONCODEv6_ATH.fa
NONATHT002977	lncRNA	0.038401912429014126	0.9615980875709857	NONCODEv6_ATH.fa
NONATHT002978	lncRNA	0.21155682815972007	0.7884431718402798	NONCODEv6_ATH.fa
NONATHT002979	lncRNA	0.175526053889059	0.8244739461109406	NONCODEv6_ATH.fa
NONATHT002980	lncRNA	0.10762113282295324	0.8923788671770467	NONCODEv6_ATH.fa
NONATHT002981	lncRNA	0.0806846049286417	0.9193153950713582	NONCODEv6_ATH.fa
NONATHT002982	lncRNA	0.14815376421245824	0.8518462357875419	NONCODEv6_ATH.fa
NONATHT002983	lncRNA	0.13688457140605242	0.863115428593947	NONCODEv6_ATH.fa
NONATHT002984	lncRNA	0.13220285815520097	0.8677971418447984	NONCODEv6_ATH.fa
NONATHT002985	lncRNA	0.12607329622971888	0.8739267037702808	NONCODEv6_ATH.fa
NONATHT002986	lncRNA	0.09686480693629476	0.9031351930637056	NONCODEv6_ATH.fa
NONATHT002987	lncRNA	0.04625933950985134	0.9537406604901486	NONCODEv6_ATH.fa
NONATHT002989	lncRNA	0.16617236955942694	0.8338276304405732	NONCODEv6_ATH.fa
NONATHT002988	lncRNA	0.16773144493106582	0.8322685550689343	NONCODEv6_ATH.fa
NONATHT002990	lncRNA	0.15669369653072834	0.8433063034692722	NONCODEv6_ATH.fa
NONATHT002991	lncRNA	0.46747032009694256	0.5325296799030571	NONCODEv6_ATH.fa
NONATHT002992	lncRNA	0.10464570449000214	0.8953542955099977	NONCODEv6_ATH.fa
NONATHT002993	lncRNA	0.18773446532369348	0.8122655346763065	NONCODEv6_ATH.fa
NONATHT002994	lncRNA	0.10564106594518982	0.8943589340548103	NONCODEv6_ATH.fa
NONATHT002995	lncRNA	0.22241993048625733	0.7775800695137427	NONCODEv6_ATH.fa
NONATHT002996	lncRNA	0.1622544608579881	0.8377455391420118	NONCODEv6_ATH.fa
NONATHT002997	lncRNA	0.04805223529443671	0.9519477647055631	NONCODEv6_ATH.fa
NONATHT002998	lncRNA	0.09432051220046692	0.9056794877995323	NONCODEv6_ATH.fa
NONATHT002999	lncRNA	0.06607904726792027	0.933920952732079	NONCODEv6_ATH.fa
NONATHT003000	lncRNA	0.17945106714402131	0.8205489328559787	NONCODEv6_ATH.fa
NONATHT003001	lncRNA	0.10435756912729477	0.895642430872705	NONCODEv6_ATH.fa
NONATHT003002	lncRNA	0.44202299826648034	0.5579770017335197	NONCODEv6_ATH.fa
NONATHT003003	lncRNA	0.35300338759210914	0.6469966124078906	NONCODEv6_ATH.fa
NONATHT003004	lncRNA	0.3271604063668929	0.6728395936331075	NONCODEv6_ATH.fa
NONATHT003005	lncRNA	0.23698084321384988	0.7630191567861501	NONCODEv6_ATH.fa
NONATHT003006	lncRNA	0.13256324753565885	0.8674367524643412	NONCODEv6_ATH.fa
NONATHT003007	lncRNA	0.10362994997882934	0.8963700500211702	NONCODEv6_ATH.fa
NONATHT003008	lncRNA	0.1758989981463456	0.8241010018536541	NONCODEv6_ATH.fa
NONATHT003009	lncRNA	0.4037802602846621	0.596219739715338	NONCODEv6_ATH.fa
NONATHT003010	lncRNA	0.39136707757765304	0.6086329224223471	NONCODEv6_ATH.fa
NONATHT003011	lncRNA	0.1197342164236554	0.8802657835763453	NONCODEv6_ATH.fa
NONATHT003012	lncRNA	0.40041008752821816	0.5995899124717814	NONCODEv6_ATH.fa
NONATHT003013	lncRNA	0.10207213242925528	0.897927867570744	NONCODEv6_ATH.fa
NONATHT003014	lncRNA	0.08939020468559862	0.9106097953144012	NONCODEv6_ATH.fa
NONATHT003015	lncRNA	0.0975861865179135	0.9024138134820866	NONCODEv6_ATH.fa
NONATHT003016	lncRNA	0.13051599694131855	0.869484003058681	NONCODEv6_ATH.fa
NONATHT003017	lncRNA	0.15574673452269241	0.8442532654773072	NONCODEv6_ATH.fa
NONATHT003018	Protein_Coding	0.5055508904321899	0.49444910956781	NONCODEv6_ATH.fa
NONATHT003019	lncRNA	0.36153048086620554	0.6384695191337943	NONCODEv6_ATH.fa
NONATHT003020	lncRNA	0.30183179508236796	0.6981682049176318	NONCODEv6_ATH.fa
NONATHT003021	lncRNA	0.03942469959636517	0.9605753004036345	NONCODEv6_ATH.fa
NONATHT003022	lncRNA	0.278750502780765	0.7212494972192345	NONCODEv6_ATH.fa
NONATHT003023	lncRNA	0.32039375496192013	0.6796062450380794	NONCODEv6_ATH.fa
NONATHT003024	lncRNA	0.056222364074660615	0.9437776359253394	NONCODEv6_ATH.fa
NONATHT003025	lncRNA	0.04770429329855732	0.9522957067014427	NONCODEv6_ATH.fa
NONATHT003026	lncRNA	0.0064356125230953295	0.9935643874769048	NONCODEv6_ATH.fa
NONATHT003027	lncRNA	0.0064356125230953295	0.9935643874769048	NONCODEv6_ATH.fa
NONATHT003028	lncRNA	0.0064356125230953295	0.9935643874769048	NONCODEv6_ATH.fa
NONATHT003029	lncRNA	0.08819658495010199	0.9118034150498978	NONCODEv6_ATH.fa
NONATHT003030	lncRNA	0.05171207845844635	0.9482879215415533	NONCODEv6_ATH.fa
NONATHT003031	lncRNA	0.17182649115297266	0.8281735088470275	NONCODEv6_ATH.fa
NONATHT003032	lncRNA	0.007909362276169648	0.99209063772383	NONCODEv6_ATH.fa
NONATHT003033	lncRNA	0.2423812144614012	0.7576187855385982	NONCODEv6_ATH.fa
NONATHT003034	lncRNA	0.16628245244744266	0.8337175475525576	NONCODEv6_ATH.fa
NONATHT003035	lncRNA	0.13605240216171646	0.8639475978382839	NONCODEv6_ATH.fa
NONATHT003036	lncRNA	0.31148516234750473	0.6885148376524947	NONCODEv6_ATH.fa
NONATHT003037	lncRNA	0.1479855488322392	0.8520144511677602	NONCODEv6_ATH.fa
NONATHT003038	lncRNA	0.16464387366694277	0.8353561263330571	NONCODEv6_ATH.fa
NONATHT003039	lncRNA	0.23156598513198257	0.7684340148680173	NONCODEv6_ATH.fa
NONATHT003040	lncRNA	0.4570651583846891	0.5429348416153107	NONCODEv6_ATH.fa
NONATHT003041	lncRNA	0.3518946156825494	0.6481053843174498	NONCODEv6_ATH.fa
NONATHT003042	lncRNA	0.020477177334459515	0.979522822665541	NONCODEv6_ATH.fa
NONATHT003043	lncRNA	0.03226600198884557	0.9677339980111548	NONCODEv6_ATH.fa
NONATHT003044	lncRNA	0.06106860761753968	0.9389313923824606	NONCODEv6_ATH.fa
NONATHT003045	lncRNA	0.13399353898619368	0.8660064610138059	NONCODEv6_ATH.fa
NONATHT003046	lncRNA	0.07760133683542013	0.9223986631645795	NONCODEv6_ATH.fa
NONATHT003047	lncRNA	0.14513191763831657	0.8548680823616829	NONCODEv6_ATH.fa
NONATHT003048	lncRNA	0.12985803857355332	0.8701419614264471	NONCODEv6_ATH.fa
NONATHT003049	lncRNA	0.1516093779848738	0.848390622015126	NONCODEv6_ATH.fa
NONATHT003050	lncRNA	0.0932011257735774	0.9067988742264225	NONCODEv6_ATH.fa
NONATHT003051	lncRNA	0.14692835037770804	0.8530716496222918	NONCODEv6_ATH.fa
NONATHT003052	lncRNA	0.1279714402441927	0.8720285597558073	NONCODEv6_ATH.fa
NONATHT003053	lncRNA	0.18107570529965086	0.8189242947003488	NONCODEv6_ATH.fa
NONATHT003054	lncRNA	0.06761426740296184	0.9323857325970374	NONCODEv6_ATH.fa
NONATHT003055	lncRNA	0.23447452751369857	0.7655254724863009	NONCODEv6_ATH.fa
NONATHT003056	lncRNA	0.23445906110821002	0.7655409388917891	NONCODEv6_ATH.fa
NONATHT003057	lncRNA	0.027121988725255168	0.9728780112747445	NONCODEv6_ATH.fa
NONATHT003058	lncRNA	0.08817918726494935	0.9118208127350507	NONCODEv6_ATH.fa
NONATHT003059	lncRNA	0.01470471902631523	0.9852952809736845	NONCODEv6_ATH.fa
NONATHT003060	lncRNA	0.2193104948142399	0.78068950518576	NONCODEv6_ATH.fa
NONATHT003061	lncRNA	0.1816586773593969	0.8183413226406023	NONCODEv6_ATH.fa
NONATHT003062	lncRNA	0.1816586773593969	0.8183413226406023	NONCODEv6_ATH.fa
NONATHT003063	lncRNA	0.08853357630704098	0.9114664236929589	NONCODEv6_ATH.fa
NONATHT003064	lncRNA	0.07916922196929184	0.9208307780307078	NONCODEv6_ATH.fa
NONATHT003065	lncRNA	0.03523417291936036	0.9647658270806397	NONCODEv6_ATH.fa
NONATHT003066	lncRNA	0.05931860433251994	0.9406813956674805	NONCODEv6_ATH.fa
NONATHT003067	lncRNA	0.1670135212546135	0.8329864787453859	NONCODEv6_ATH.fa
NONATHT003068	lncRNA	0.040653843647604326	0.9593461563523952	NONCODEv6_ATH.fa
NONATHT003069	Protein_Coding	0.5269670559420441	0.47303294405795615	NONCODEv6_ATH.fa
NONATHT003071	lncRNA	0.06707626683097986	0.93292373316902	NONCODEv6_ATH.fa
NONATHT003070	lncRNA	0.08977910452341574	0.9102208954765842	NONCODEv6_ATH.fa
NONATHT003072	lncRNA	0.12560420949466913	0.8743957905053305	NONCODEv6_ATH.fa
NONATHT003073	lncRNA	0.016573940860218392	0.9834260591397811	NONCODEv6_ATH.fa
NONATHT003074	lncRNA	0.12559643461402742	0.8744035653859725	NONCODEv6_ATH.fa
NONATHT003075	lncRNA	0.07249436934085078	0.9275056306591488	NONCODEv6_ATH.fa
NONATHT003076	lncRNA	0.3035407856712319	0.6964592143287678	NONCODEv6_ATH.fa
NONATHT003077	lncRNA	0.2608575397955224	0.7391424602044768	NONCODEv6_ATH.fa
NONATHT003078	lncRNA	0.053927328363792076	0.9460726716362078	NONCODEv6_ATH.fa
NONATHT003079	lncRNA	0.26412880817971734	0.7358711918202829	NONCODEv6_ATH.fa
NONATHT003080	lncRNA	0.048520915609950685	0.9514790843900482	NONCODEv6_ATH.fa
NONATHT003081	lncRNA	0.06007551589899478	0.9399244841010045	NONCODEv6_ATH.fa
NONATHT003082	lncRNA	0.023195605872123083	0.9768043941278767	NONCODEv6_ATH.fa
NONATHT003083	lncRNA	0.04797862164911252	0.9520213783508878	NONCODEv6_ATH.fa
NONATHT003084	lncRNA	0.26810878984332853	0.7318912101566715	NONCODEv6_ATH.fa
NONATHT003085	lncRNA	0.18946355426861958	0.81053644573138	NONCODEv6_ATH.fa
NONATHT003086	lncRNA	0.16218901869433403	0.8378109813056651	NONCODEv6_ATH.fa
NONATHT003087	lncRNA	0.10408788925568271	0.895912110744317	NONCODEv6_ATH.fa
NONATHT003088	lncRNA	0.26775421677342043	0.7322457832265795	NONCODEv6_ATH.fa
NONATHT003089	lncRNA	0.1141783593112283	0.8858216406887711	NONCODEv6_ATH.fa
NONATHT003090	lncRNA	0.2789407009078837	0.7210592990921167	NONCODEv6_ATH.fa
NONATHT003091	lncRNA	0.13238173705993408	0.8676182629400659	NONCODEv6_ATH.fa
NONATHT003092	lncRNA	0.2055785720231237	0.794421427976876	NONCODEv6_ATH.fa
NONATHT003093	lncRNA	0.1502278499165454	0.8497721500834546	NONCODEv6_ATH.fa
NONATHT003094	lncRNA	0.4142884474311115	0.5857115525688882	NONCODEv6_ATH.fa
NONATHT003095	lncRNA	0.10224775915914507	0.8977522408408551	NONCODEv6_ATH.fa
NONATHT003096	lncRNA	0.10224775915914507	0.8977522408408551	NONCODEv6_ATH.fa
NONATHT003097	lncRNA	0.15740658559434445	0.8425934144056552	NONCODEv6_ATH.fa
NONATHT003098	lncRNA	0.39878200610815195	0.6012179938918478	NONCODEv6_ATH.fa
NONATHT003099	lncRNA	0.48845388768561765	0.5115461123143824	NONCODEv6_ATH.fa
NONATHT003100	lncRNA	0.15468954830081685	0.8453104516991826	NONCODEv6_ATH.fa
NONATHT003101	lncRNA	0.02249701612415538	0.9775029838758439	NONCODEv6_ATH.fa
NONATHT003102	lncRNA	0.11560050019582543	0.8843994998041743	NONCODEv6_ATH.fa
NONATHT003103	lncRNA	0.040534626237903736	0.9594653737620967	NONCODEv6_ATH.fa
NONATHT003104	lncRNA	0.1437262467044903	0.8562737532955098	NONCODEv6_ATH.fa
NONATHT003105	lncRNA	0.17337599877174414	0.8266240012282556	NONCODEv6_ATH.fa
NONATHT003106	lncRNA	0.156546310983994	0.8434536890160058	NONCODEv6_ATH.fa
NONATHT003107	lncRNA	0.13042227624757952	0.8695777237524206	NONCODEv6_ATH.fa
NONATHT003108	lncRNA	0.235901642638404	0.7640983573615953	NONCODEv6_ATH.fa
NONATHT003109	lncRNA	0.10507524901125424	0.8949247509887455	NONCODEv6_ATH.fa
NONATHT003110	lncRNA	0.03974303197178518	0.9602569680282144	NONCODEv6_ATH.fa
NONATHT003111	lncRNA	0.029132201419546724	0.9708677985804531	NONCODEv6_ATH.fa
NONATHT003112	lncRNA	0.2744660957541337	0.7255339042458663	NONCODEv6_ATH.fa
NONATHT003113	lncRNA	0.238675152540425	0.7613248474595742	NONCODEv6_ATH.fa
NONATHT003114	lncRNA	0.07099108804011652	0.9290089119598828	NONCODEv6_ATH.fa
NONATHT003115	lncRNA	0.22306862210550846	0.776931377894491	NONCODEv6_ATH.fa
NONATHT003116	lncRNA	0.16772856371501574	0.8322714362849839	NONCODEv6_ATH.fa
NONATHT003117	lncRNA	0.43665125864810567	0.5633487413518944	NONCODEv6_ATH.fa
NONATHT003118	lncRNA	0.11400215436397905	0.8859978456360211	NONCODEv6_ATH.fa
NONATHT003119	lncRNA	0.18746543600390328	0.8125345639960967	NONCODEv6_ATH.fa
NONATHT003120	lncRNA	0.24522155382814048	0.7547784461718594	NONCODEv6_ATH.fa
NONATHT003121	lncRNA	0.05433949502250781	0.9456605049774917	NONCODEv6_ATH.fa
NONATHT003122	lncRNA	0.18719050427089695	0.8128094957291028	NONCODEv6_ATH.fa
NONATHT003123	lncRNA	0.14247557581190834	0.8575244241880914	NONCODEv6_ATH.fa
NONATHT003124	lncRNA	0.08763432660871992	0.9123656733912795	NONCODEv6_ATH.fa
NONATHT003125	lncRNA	0.14572812349689293	0.8542718765031077	NONCODEv6_ATH.fa
NONATHT003126	lncRNA	0.06841046285183097	0.9315895371481688	NONCODEv6_ATH.fa
NONATHT003127	lncRNA	0.1462696503956432	0.8537303496043568	NONCODEv6_ATH.fa
NONATHT003128	lncRNA	0.1443522876837444	0.8556477123162555	NONCODEv6_ATH.fa
NONATHT003129	lncRNA	0.052697923927770576	0.9473020760722283	NONCODEv6_ATH.fa
NONATHT003130	lncRNA	0.05490433444847085	0.9450956655515298	NONCODEv6_ATH.fa
NONATHT003131	lncRNA	0.09626684441896553	0.903733155581034	NONCODEv6_ATH.fa
NONATHT003132	lncRNA	0.167653717216963	0.832346282783037	NONCODEv6_ATH.fa
NONATHT003133	lncRNA	0.16969699333607474	0.8303030066639248	NONCODEv6_ATH.fa
NONATHT003134	lncRNA	0.15848001565503797	0.8415199843449619	NONCODEv6_ATH.fa
NONATHT003135	lncRNA	0.15848001565503797	0.8415199843449619	NONCODEv6_ATH.fa
NONATHT003136	lncRNA	0.21214202552054956	0.78785797447945	NONCODEv6_ATH.fa
NONATHT003137	lncRNA	0.1654513050734274	0.8345486949265724	NONCODEv6_ATH.fa
NONATHT003138	lncRNA	0.4846005833929805	0.5153994166070194	NONCODEv6_ATH.fa
NONATHT003139	lncRNA	0.1934352505029653	0.8065647494970344	NONCODEv6_ATH.fa
NONATHT003140	lncRNA	0.031220173825215258	0.968779826174785	NONCODEv6_ATH.fa
NONATHT003141	lncRNA	0.16621835268092405	0.8337816473190758	NONCODEv6_ATH.fa
NONATHT003142	lncRNA	0.0335189785612737	0.9664810214387264	NONCODEv6_ATH.fa
NONATHT003143	lncRNA	0.05276398970849417	0.9472360102915056	NONCODEv6_ATH.fa
NONATHT003144	lncRNA	0.27472500386147275	0.7252749961385265	NONCODEv6_ATH.fa
NONATHT003145	lncRNA	0.2890757513023836	0.7109242486976162	NONCODEv6_ATH.fa
NONATHT003146	lncRNA	0.32495083740123476	0.6750491625987659	NONCODEv6_ATH.fa
NONATHT003147	lncRNA	0.13568280777758113	0.8643171922224184	NONCODEv6_ATH.fa
NONATHT003148	lncRNA	0.11922797555871698	0.8807720244412834	NONCODEv6_ATH.fa
NONATHT003149	lncRNA	0.11221905676979542	0.8877809432302038	NONCODEv6_ATH.fa
NONATHT003150	lncRNA	0.038214782156410484	0.9617852178435904	NONCODEv6_ATH.fa
NONATHT003151	lncRNA	0.21977022252100561	0.7802297774789942	NONCODEv6_ATH.fa
NONATHT003152	lncRNA	0.04004062825532472	0.9599593717446746	NONCODEv6_ATH.fa
NONATHT003153	lncRNA	0.060915245877467904	0.9390847541225317	NONCODEv6_ATH.fa
NONATHT003154	lncRNA	0.19835356455905698	0.8016464354409428	NONCODEv6_ATH.fa
NONATHT003155	lncRNA	0.4130210758576049	0.5869789241423952	NONCODEv6_ATH.fa
NONATHT003156	lncRNA	0.11208060584644369	0.8879193941535561	NONCODEv6_ATH.fa
NONATHT003157	lncRNA	0.1559992853298635	0.8440007146701364	NONCODEv6_ATH.fa
NONATHT003158	lncRNA	0.22622440458607707	0.7737755954139229	NONCODEv6_ATH.fa
NONATHT003159	Protein_Coding	0.511910923569056	0.48808907643094396	NONCODEv6_ATH.fa
NONATHT003160	lncRNA	0.0868490271184292	0.9131509728815711	NONCODEv6_ATH.fa
NONATHT003161	lncRNA	0.3902412751248947	0.609758724875105	NONCODEv6_ATH.fa
NONATHT003162	lncRNA	0.3286700236107443	0.6713299763892557	NONCODEv6_ATH.fa
NONATHT003163	lncRNA	0.010135441650132367	0.9898645583498676	NONCODEv6_ATH.fa
NONATHT003165	lncRNA	0.06235719820984449	0.937642801790156	NONCODEv6_ATH.fa
NONATHT003164	lncRNA	0.06235719820984449	0.937642801790156	NONCODEv6_ATH.fa
NONATHT003166	lncRNA	0.039428938366996145	0.9605710616330038	NONCODEv6_ATH.fa
NONATHT003167	lncRNA	0.11597901367924097	0.8840209863207588	NONCODEv6_ATH.fa
NONATHT003168	lncRNA	0.06930913954035611	0.9306908604596438	NONCODEv6_ATH.fa
NONATHT003169	lncRNA	0.06793245045352043	0.9320675495464796	NONCODEv6_ATH.fa
NONATHT003170	lncRNA	0.06793245045352043	0.9320675495464796	NONCODEv6_ATH.fa
NONATHT003171	lncRNA	0.2114735307751809	0.7885264692248187	NONCODEv6_ATH.fa
NONATHT003172	lncRNA	0.05503305928679505	0.944966940713205	NONCODEv6_ATH.fa
NONATHT003173	lncRNA	0.05176217120160582	0.9482378287983935	NONCODEv6_ATH.fa
NONATHT003174	lncRNA	0.2582235843660655	0.7417764156339348	NONCODEv6_ATH.fa
NONATHT003175	lncRNA	0.11392197518640211	0.8860780248135979	NONCODEv6_ATH.fa
NONATHT003176	lncRNA	0.3396080980813321	0.6603919019186676	NONCODEv6_ATH.fa
NONATHT003177	lncRNA	0.05302350538299775	0.9469764946170015	NONCODEv6_ATH.fa
NONATHT003178	lncRNA	0.32574424127220997	0.6742557587277898	NONCODEv6_ATH.fa
NONATHT003179	lncRNA	0.12769017908377814	0.8723098209162218	NONCODEv6_ATH.fa
NONATHT003180	lncRNA	0.13974147841902337	0.8602585215809764	NONCODEv6_ATH.fa
NONATHT003181	lncRNA	0.10915269480030906	0.8908473051996907	NONCODEv6_ATH.fa
NONATHT003182	lncRNA	0.2560428222866265	0.7439571777133733	NONCODEv6_ATH.fa
NONATHT003183	lncRNA	0.08713383572739203	0.9128661642726077	NONCODEv6_ATH.fa
NONATHT003184	lncRNA	0.028687066133327215	0.9713129338666727	NONCODEv6_ATH.fa
NONATHT003185	lncRNA	0.06960955415212865	0.9303904458478716	NONCODEv6_ATH.fa
NONATHT003186	lncRNA	0.20220627392216065	0.7977937260778395	NONCODEv6_ATH.fa
NONATHT003188	lncRNA	0.4426249887827372	0.5573750112172627	NONCODEv6_ATH.fa
NONATHT003187	Protein_Coding	0.5251483411951078	0.4748516588048924	NONCODEv6_ATH.fa
NONATHT003189	lncRNA	0.17917977853343006	0.8208202214665696	NONCODEv6_ATH.fa
NONATHT003190	lncRNA	0.09615096899038707	0.9038490310096123	NONCODEv6_ATH.fa
NONATHT003192	lncRNA	0.09239706370109757	0.9076029362989024	NONCODEv6_ATH.fa
NONATHT003191	lncRNA	0.09239706370109757	0.9076029362989024	NONCODEv6_ATH.fa
NONATHT003193	lncRNA	0.43843025485099635	0.5615697451490033	NONCODEv6_ATH.fa
NONATHT003194	Protein_Coding	0.5096092782359283	0.4903907217640716	NONCODEv6_ATH.fa
NONATHT003195	lncRNA	0.3129029191067252	0.6870970808932751	NONCODEv6_ATH.fa
NONATHT003196	lncRNA	0.05640605636612861	0.9435939436338707	NONCODEv6_ATH.fa
NONATHT003197	lncRNA	0.4653619266539415	0.5346380733460588	NONCODEv6_ATH.fa
NONATHT003198	lncRNA	0.08693826186745661	0.9130617381325437	NONCODEv6_ATH.fa
NONATHT003199	lncRNA	0.16587423962338763	0.8341257603766116	NONCODEv6_ATH.fa
NONATHT003200	lncRNA	0.030857075861189517	0.9691429241388108	NONCODEv6_ATH.fa
NONATHT003201	lncRNA	0.25369705774376994	0.74630294225623	NONCODEv6_ATH.fa
NONATHT003202	lncRNA	0.05341705106070862	0.9465829489392911	NONCODEv6_ATH.fa
NONATHT003203	lncRNA	0.021506396684570165	0.9784936033154298	NONCODEv6_ATH.fa
NONATHT003204	lncRNA	0.1543416079585375	0.8456583920414621	NONCODEv6_ATH.fa
NONATHT003205	lncRNA	0.49618863628827675	0.5038113637117232	NONCODEv6_ATH.fa
NONATHT003206	lncRNA	0.03413722783352384	0.965862772166476	NONCODEv6_ATH.fa
NONATHT003207	lncRNA	0.03413722783352384	0.965862772166476	NONCODEv6_ATH.fa
NONATHT003208	lncRNA	0.044895642263795846	0.9551043577362044	NONCODEv6_ATH.fa
NONATHT003209	lncRNA	0.3486826201730565	0.6513173798269436	NONCODEv6_ATH.fa
NONATHT003210	lncRNA	0.278187720368376	0.7218122796316232	NONCODEv6_ATH.fa
NONATHT003211	lncRNA	0.4178638224765625	0.5821361775234375	NONCODEv6_ATH.fa
NONATHT003212	lncRNA	0.31775509459530205	0.6822449054046976	NONCODEv6_ATH.fa
NONATHT003213	lncRNA	0.27136455163717654	0.7286354483628238	NONCODEv6_ATH.fa
NONATHT003214	lncRNA	0.08656009380136725	0.9134399061986327	NONCODEv6_ATH.fa
NONATHT003215	lncRNA	0.04929396418397356	0.9507060358160264	NONCODEv6_ATH.fa
NONATHT003216	lncRNA	0.09056936261841977	0.90943063738158	NONCODEv6_ATH.fa
NONATHT003217	lncRNA	0.1255905012647883	0.8744094987352122	NONCODEv6_ATH.fa
NONATHT003218	lncRNA	0.1265727462562352	0.8734272537437643	NONCODEv6_ATH.fa
NONATHT003219	lncRNA	0.15903328473696188	0.8409667152630375	NONCODEv6_ATH.fa
NONATHT003220	lncRNA	0.27049686390387684	0.729503136096123	NONCODEv6_ATH.fa
NONATHT003221	lncRNA	0.10189494989956194	0.8981050501004381	NONCODEv6_ATH.fa
NONATHT003222	lncRNA	0.14468925590197326	0.8553107440980268	NONCODEv6_ATH.fa
NONATHT003223	lncRNA	0.10919153217501473	0.8908084678249857	NONCODEv6_ATH.fa
NONATHT003224	lncRNA	0.1800758449813956	0.8199241550186039	NONCODEv6_ATH.fa
NONATHT003225	lncRNA	0.11629042901216524	0.883709570987835	NONCODEv6_ATH.fa
NONATHT003226	lncRNA	0.1175737344657624	0.882426265534238	NONCODEv6_ATH.fa
NONATHT003227	lncRNA	0.24751576686578444	0.7524842331342159	NONCODEv6_ATH.fa
NONATHT003228	lncRNA	0.2584854959938172	0.7415145040061828	NONCODEv6_ATH.fa
NONATHT003229	lncRNA	0.18025449992702647	0.8197455000729731	NONCODEv6_ATH.fa
NONATHT003232	lncRNA	0.18025449992702647	0.8197455000729731	NONCODEv6_ATH.fa
NONATHT003230	lncRNA	0.18025449992702647	0.8197455000729731	NONCODEv6_ATH.fa
NONATHT003231	lncRNA	0.18211303926629857	0.8178869607337009	NONCODEv6_ATH.fa
NONATHT003233	lncRNA	0.18211303926629857	0.8178869607337009	NONCODEv6_ATH.fa
NONATHT003234	lncRNA	0.1064148474147632	0.8935851525852369	NONCODEv6_ATH.fa
NONATHT003235	lncRNA	0.300829457305217	0.6991705426947831	NONCODEv6_ATH.fa
NONATHT003236	lncRNA	0.06926133322483209	0.9307386667751675	NONCODEv6_ATH.fa
NONATHT003237	lncRNA	0.3576915305202166	0.6423084694797829	NONCODEv6_ATH.fa
NONATHT003238	lncRNA	0.09584184676624831	0.9041581532337516	NONCODEv6_ATH.fa
NONATHT003240	lncRNA	0.09588095713443535	0.9041190428655645	NONCODEv6_ATH.fa
NONATHT003239	lncRNA	0.09588095713443535	0.9041190428655645	NONCODEv6_ATH.fa
NONATHT003241	lncRNA	0.07656667146191966	0.9234333285380804	NONCODEv6_ATH.fa
NONATHT003242	lncRNA	0.0929579994282787	0.9070420005717212	NONCODEv6_ATH.fa
NONATHT003243	lncRNA	0.022017506638345133	0.9779824933616549	NONCODEv6_ATH.fa
NONATHT003244	lncRNA	0.16350456141710615	0.836495438582894	NONCODEv6_ATH.fa
NONATHT003245	lncRNA	0.02830462798034729	0.9716953720196533	NONCODEv6_ATH.fa
NONATHT003246	lncRNA	0.12333991004841918	0.8766600899515807	NONCODEv6_ATH.fa
NONATHT003247	lncRNA	0.13613797695123617	0.8638620230487635	NONCODEv6_ATH.fa
NONATHT003248	lncRNA	0.0875266465211235	0.9124733534788765	NONCODEv6_ATH.fa
NONATHT003249	lncRNA	0.22136613859549512	0.7786338614045049	NONCODEv6_ATH.fa
NONATHT003250	lncRNA	0.1102218333581478	0.8897781666418517	NONCODEv6_ATH.fa
NONATHT003251	lncRNA	0.25149378674302336	0.7485062132569763	NONCODEv6_ATH.fa
NONATHT003252	Protein_Coding	0.5300116789414684	0.4699883210585316	NONCODEv6_ATH.fa
NONATHT003253	lncRNA	0.05064031995514379	0.9493596800448564	NONCODEv6_ATH.fa
NONATHT003254	lncRNA	0.21175944062144852	0.7882405593785515	NONCODEv6_ATH.fa
NONATHT003255	lncRNA	0.1051895857672963	0.8948104142327039	NONCODEv6_ATH.fa
NONATHT003256	lncRNA	0.19139797811790946	0.8086020218820902	NONCODEv6_ATH.fa
NONATHT003257	lncRNA	0.3159604133730451	0.6840395866269549	NONCODEv6_ATH.fa
NONATHT003258	lncRNA	0.14358709789358134	0.8564129021064187	NONCODEv6_ATH.fa
NONATHT003259	lncRNA	0.11912141219271086	0.880878587807289	NONCODEv6_ATH.fa
NONATHT003260	lncRNA	0.049856470703743376	0.9501435292962565	NONCODEv6_ATH.fa
NONATHT003261	lncRNA	0.11403384764409977	0.8859661523558999	NONCODEv6_ATH.fa
NONATHT003265	lncRNA	0.13115897527469428	0.8688410247253054	NONCODEv6_ATH.fa
NONATHT003262	lncRNA	0.13115897527469428	0.8688410247253054	NONCODEv6_ATH.fa
NONATHT003264	lncRNA	0.1363533074056531	0.8636466925943468	NONCODEv6_ATH.fa
NONATHT003263	lncRNA	0.1363533074056531	0.8636466925943468	NONCODEv6_ATH.fa
NONATHT003266	lncRNA	0.06444991515499389	0.9355500848450058	NONCODEv6_ATH.fa
NONATHT003267	lncRNA	0.16030120166504017	0.8396987983349596	NONCODEv6_ATH.fa
NONATHT003268	lncRNA	0.05534994497923716	0.9446500550207628	NONCODEv6_ATH.fa
NONATHT003269	lncRNA	0.06746804841423047	0.9325319515857694	NONCODEv6_ATH.fa
NONATHT003271	lncRNA	0.28357333968189935	0.7164266603181004	NONCODEv6_ATH.fa
NONATHT003270	lncRNA	0.28357333968189935	0.7164266603181004	NONCODEv6_ATH.fa
NONATHT003273	lncRNA	0.28357333968189935	0.7164266603181004	NONCODEv6_ATH.fa
NONATHT003272	lncRNA	0.28357333968189935	0.7164266603181004	NONCODEv6_ATH.fa
NONATHT003274	lncRNA	0.37227124685864227	0.6277287531413578	NONCODEv6_ATH.fa
NONATHT003275	lncRNA	0.16256671107257586	0.8374332889274241	NONCODEv6_ATH.fa
NONATHT003276	lncRNA	0.037003675262297316	0.9629963247377024	NONCODEv6_ATH.fa
NONATHT003277	lncRNA	0.19023324834958713	0.8097667516504133	NONCODEv6_ATH.fa
NONATHT003278	lncRNA	0.09269993951830788	0.9073000604816919	NONCODEv6_ATH.fa
NONATHT003279	lncRNA	0.15820605782178676	0.8417939421782128	NONCODEv6_ATH.fa
NONATHT003280	lncRNA	0.08572205607502699	0.914277943924973	NONCODEv6_ATH.fa
NONATHT003281	lncRNA	0.0873261248393259	0.9126738751606739	NONCODEv6_ATH.fa
NONATHT003282	lncRNA	0.09051264297017549	0.9094873570298242	NONCODEv6_ATH.fa
NONATHT003283	lncRNA	0.06239378829332214	0.937606211706678	NONCODEv6_ATH.fa
NONATHT003284	lncRNA	0.3313114856557677	0.6686885143442319	NONCODEv6_ATH.fa
NONATHT003285	lncRNA	0.1980252897008984	0.8019747102991015	NONCODEv6_ATH.fa
NONATHT003286	lncRNA	0.3745685058122402	0.6254314941877587	NONCODEv6_ATH.fa
NONATHT003287	lncRNA	0.0904464609077397	0.9095535390922597	NONCODEv6_ATH.fa
NONATHT003288	lncRNA	0.15777073414431936	0.8422292658556801	NONCODEv6_ATH.fa
NONATHT003289	lncRNA	0.1622952312396827	0.837704768760317	NONCODEv6_ATH.fa
NONATHT003290	lncRNA	0.32161157086375913	0.6783884291362406	NONCODEv6_ATH.fa
NONATHT003291	lncRNA	0.31986633257830493	0.6801336674216948	NONCODEv6_ATH.fa
NONATHT003292	lncRNA	0.08292225537494788	0.9170777446250526	NONCODEv6_ATH.fa
NONATHT003293	lncRNA	0.05852087968134668	0.9414791203186528	NONCODEv6_ATH.fa
NONATHT003294	lncRNA	0.03935251151522829	0.9606474884847717	NONCODEv6_ATH.fa
NONATHT003295	lncRNA	0.008189016913604324	0.9918109830863958	NONCODEv6_ATH.fa
NONATHT003296	lncRNA	0.20938047190072062	0.790619528099279	NONCODEv6_ATH.fa
NONATHT003297	lncRNA	0.03741473062934517	0.9625852693706549	NONCODEv6_ATH.fa
NONATHT003298	lncRNA	0.05220245390430531	0.9477975460956947	NONCODEv6_ATH.fa
NONATHT003299	lncRNA	0.18670196391519303	0.8132980360848067	NONCODEv6_ATH.fa
NONATHT003300	Protein_Coding	0.6096937076318112	0.39030629236818876	NONCODEv6_ATH.fa
NONATHT003301	lncRNA	0.4009651907497306	0.5990348092502692	NONCODEv6_ATH.fa
NONATHT003302	lncRNA	0.19194579630029948	0.8080542036997	NONCODEv6_ATH.fa
NONATHT003303	lncRNA	0.16557776341725225	0.8344222365827475	NONCODEv6_ATH.fa
NONATHT003304	Protein_Coding	0.5089654745770043	0.49103452542299575	NONCODEv6_ATH.fa
NONATHT003305	lncRNA	0.021184764291146664	0.9788152357088535	NONCODEv6_ATH.fa
NONATHT003307	lncRNA	0.021184764291146664	0.9788152357088535	NONCODEv6_ATH.fa
NONATHT003306	lncRNA	0.021184764291146664	0.9788152357088535	NONCODEv6_ATH.fa
NONATHT003309	lncRNA	0.021184764291146664	0.9788152357088535	NONCODEv6_ATH.fa
NONATHT003308	lncRNA	0.021184764291146664	0.9788152357088535	NONCODEv6_ATH.fa
NONATHT003310	lncRNA	0.021184764291146664	0.9788152357088535	NONCODEv6_ATH.fa
NONATHT003311	lncRNA	0.0297479437597856	0.9702520562402145	NONCODEv6_ATH.fa
NONATHT003312	lncRNA	0.023765954938568108	0.9762340450614321	NONCODEv6_ATH.fa
NONATHT003313	lncRNA	0.14379050238898444	0.8562094976110155	NONCODEv6_ATH.fa
NONATHT003314	lncRNA	0.09343168633357034	0.9065683136664296	NONCODEv6_ATH.fa
NONATHT003315	lncRNA	0.17679016582626786	0.8232098341737318	NONCODEv6_ATH.fa
NONATHT003316	lncRNA	0.2283914503093898	0.7716085496906097	NONCODEv6_ATH.fa
NONATHT003317	lncRNA	0.052130576509273475	0.9478694234907264	NONCODEv6_ATH.fa
NONATHT003318	lncRNA	0.0033818172062911856	0.9966181827937087	NONCODEv6_ATH.fa
NONATHT003319	lncRNA	0.01803004571749267	0.9819699542825078	NONCODEv6_ATH.fa
NONATHT003320	lncRNA	0.05843856053067104	0.9415614394693289	NONCODEv6_ATH.fa
NONATHT003321	lncRNA	0.055976886070606025	0.9440231139293938	NONCODEv6_ATH.fa
NONATHT003322	lncRNA	0.20087841447100838	0.7991215855289914	NONCODEv6_ATH.fa
NONATHT003323	lncRNA	0.13004714999731126	0.8699528500026887	NONCODEv6_ATH.fa
NONATHT003324	lncRNA	0.028131926632295187	0.9718680733677053	NONCODEv6_ATH.fa
NONATHT003325	lncRNA	0.040203699945246994	0.9597963000547527	NONCODEv6_ATH.fa
NONATHT003326	lncRNA	0.2220075237732669	0.7779924762267334	NONCODEv6_ATH.fa
NONATHT003327	lncRNA	0.05776556234435224	0.9422344376556474	NONCODEv6_ATH.fa
NONATHT003328	lncRNA	0.07438487120200266	0.9256151287979963	NONCODEv6_ATH.fa
NONATHT003329	lncRNA	0.03449033005287744	0.9655096699471221	NONCODEv6_ATH.fa
NONATHT003330	lncRNA	0.15521274303318056	0.8447872569668194	NONCODEv6_ATH.fa
NONATHT003331	lncRNA	0.26322712196552184	0.7367728780344781	NONCODEv6_ATH.fa
NONATHT003332	lncRNA	0.12306465820092055	0.8769353417990795	NONCODEv6_ATH.fa
NONATHT003333	lncRNA	0.158875260208553	0.8411247397914462	NONCODEv6_ATH.fa
NONATHT003334	lncRNA	0.0745777636679251	0.9254222363320751	NONCODEv6_ATH.fa
NONATHT003335	lncRNA	0.12376428975370572	0.8762357102462939	NONCODEv6_ATH.fa
NONATHT003336	lncRNA	0.05732959053892385	0.9426704094610762	NONCODEv6_ATH.fa
NONATHT003337	lncRNA	0.03700169896403376	0.9629983010359665	NONCODEv6_ATH.fa
NONATHT003338	lncRNA	0.0506346751986363	0.9493653248013633	NONCODEv6_ATH.fa
NONATHT003339	lncRNA	0.21589780098114877	0.7841021990188516	NONCODEv6_ATH.fa
NONATHT003340	lncRNA	0.08568381261631886	0.9143161873836813	NONCODEv6_ATH.fa
NONATHT003341	lncRNA	0.14391126080703096	0.8560887391929689	NONCODEv6_ATH.fa
NONATHT003342	lncRNA	0.15469386922417516	0.8453061307758245	NONCODEv6_ATH.fa
NONATHT003343	lncRNA	0.02664125357124735	0.9733587464287525	NONCODEv6_ATH.fa
NONATHT003344	lncRNA	0.07403839995997834	0.9259616000400223	NONCODEv6_ATH.fa
NONATHT003345	lncRNA	0.026555894660108426	0.9734441053398922	NONCODEv6_ATH.fa
NONATHT003346	lncRNA	0.419323961597816	0.5806760384021841	NONCODEv6_ATH.fa
NONATHT003347	lncRNA	0.42102347300571147	0.5789765269942887	NONCODEv6_ATH.fa
NONATHT003348	lncRNA	0.42102347300571147	0.5789765269942887	NONCODEv6_ATH.fa
NONATHT003349	lncRNA	0.4215588544857018	0.5784411455142983	NONCODEv6_ATH.fa
NONATHT003350	lncRNA	0.3994705754298973	0.6005294245701028	NONCODEv6_ATH.fa
NONATHT003351	lncRNA	0.3159620802535373	0.6840379197464626	NONCODEv6_ATH.fa
NONATHT003352	lncRNA	0.3129316392530183	0.6870683607469815	NONCODEv6_ATH.fa
NONATHT003353	lncRNA	0.30943151121673074	0.6905684887832693	NONCODEv6_ATH.fa
NONATHT003354	lncRNA	0.028904155570509158	0.9710958444294906	NONCODEv6_ATH.fa
NONATHT003355	lncRNA	0.34244449893569195	0.6575555010643079	NONCODEv6_ATH.fa
NONATHT003356	lncRNA	0.09277476785146269	0.9072252321485366	NONCODEv6_ATH.fa
NONATHT003357	lncRNA	0.26168255318015377	0.7383174468198463	NONCODEv6_ATH.fa
NONATHT003358	lncRNA	0.23296334084444056	0.7670366591555591	NONCODEv6_ATH.fa
NONATHT003359	lncRNA	0.11135544122674268	0.8886445587732575	NONCODEv6_ATH.fa
NONATHT003360	lncRNA	0.11594758771624376	0.8840524122837569	NONCODEv6_ATH.fa
NONATHT003361	lncRNA	0.11582605827011404	0.8841739417298863	NONCODEv6_ATH.fa
NONATHT003362	lncRNA	0.1025412491930826	0.8974587508069175	NONCODEv6_ATH.fa
NONATHT003363	lncRNA	0.18428339297454938	0.8157166070254501	NONCODEv6_ATH.fa
NONATHT003364	lncRNA	0.13996408305209015	0.86003591694791	NONCODEv6_ATH.fa
NONATHT003365	lncRNA	0.07009706449847558	0.9299029355015239	NONCODEv6_ATH.fa
NONATHT003366	lncRNA	0.203237027880128	0.7967629721198719	NONCODEv6_ATH.fa
NONATHT003367	lncRNA	0.14937418545600584	0.8506258145439937	NONCODEv6_ATH.fa
NONATHT003368	lncRNA	0.15458252469136433	0.8454174753086354	NONCODEv6_ATH.fa
NONATHT003369	lncRNA	0.17545942842293502	0.8245405715770651	NONCODEv6_ATH.fa
NONATHT003370	lncRNA	0.3397414887146834	0.6602585112853161	NONCODEv6_ATH.fa
NONATHT003371	lncRNA	0.042072485195843994	0.9579275148041562	NONCODEv6_ATH.fa
NONATHT003372	lncRNA	0.06094713872328025	0.9390528612767199	NONCODEv6_ATH.fa
NONATHT003373	lncRNA	0.2922106111584585	0.7077893888415419	NONCODEv6_ATH.fa
NONATHT003374	lncRNA	0.06255796487512633	0.9374420351248737	NONCODEv6_ATH.fa
NONATHT003375	lncRNA	0.05377468973058455	0.9462253102694155	NONCODEv6_ATH.fa
NONATHT003376	lncRNA	0.05377468973058455	0.9462253102694155	NONCODEv6_ATH.fa
NONATHT003377	lncRNA	0.05036606871010236	0.9496339312898974	NONCODEv6_ATH.fa
NONATHT003378	lncRNA	0.06722938184618157	0.9327706181538181	NONCODEv6_ATH.fa
NONATHT003379	lncRNA	0.08814330872059782	0.9118566912794018	NONCODEv6_ATH.fa
NONATHT003380	lncRNA	0.11617658054316156	0.883823419456838	NONCODEv6_ATH.fa
NONATHT003381	lncRNA	0.03708833966971127	0.9629116603302885	NONCODEv6_ATH.fa
NONATHT003382	lncRNA	0.06219739873952792	0.9378026012604723	NONCODEv6_ATH.fa
NONATHT003383	lncRNA	0.24553500640043757	0.7544649935995622	NONCODEv6_ATH.fa
NONATHT003384	lncRNA	0.46628377509832525	0.5337162249016743	NONCODEv6_ATH.fa
NONATHT003385	lncRNA	0.1576713802129809	0.8423286197870192	NONCODEv6_ATH.fa
NONATHT003386	lncRNA	0.01828195308414017	0.9817180469158597	NONCODEv6_ATH.fa
NONATHT003387	lncRNA	0.032098418781045794	0.9679015812189538	NONCODEv6_ATH.fa
NONATHT003388	lncRNA	0.12761705931904202	0.8723829406809579	NONCODEv6_ATH.fa
NONATHT003389	lncRNA	0.061434531586287436	0.9385654684137129	NONCODEv6_ATH.fa
NONATHT003390	lncRNA	0.09247838194206602	0.907521618057934	NONCODEv6_ATH.fa
NONATHT003391	lncRNA	0.1772873477239596	0.82271265227604	NONCODEv6_ATH.fa
NONATHT003392	lncRNA	0.14713332407130278	0.8528666759286976	NONCODEv6_ATH.fa
NONATHT003393	lncRNA	0.18080847308128029	0.8191915269187194	NONCODEv6_ATH.fa
NONATHT003394	lncRNA	0.12251285173295173	0.877487148267048	NONCODEv6_ATH.fa
NONATHT003395	lncRNA	0.020802947883137895	0.9791970521168623	NONCODEv6_ATH.fa
NONATHT003396	lncRNA	0.1100399235042271	0.8899600764957729	NONCODEv6_ATH.fa
NONATHT003397	lncRNA	0.010908497529746855	0.9890915024702528	NONCODEv6_ATH.fa
NONATHT003398	lncRNA	0.0808429586088153	0.9191570413911844	NONCODEv6_ATH.fa
NONATHT003399	lncRNA	0.32282618667018925	0.6771738133298107	NONCODEv6_ATH.fa
NONATHT003400	lncRNA	0.038392918873142015	0.9616070811268584	NONCODEv6_ATH.fa
NONATHT003401	lncRNA	0.17590143554358828	0.8240985644564113	NONCODEv6_ATH.fa
NONATHT003402	lncRNA	0.07934093865694726	0.9206590613430528	NONCODEv6_ATH.fa
NONATHT003403	lncRNA	0.05325262375732259	0.9467473762426776	NONCODEv6_ATH.fa
NONATHT003404	lncRNA	0.09163835952988979	0.9083616404701097	NONCODEv6_ATH.fa
NONATHT003405	lncRNA	0.07663690284439865	0.923363097155601	NONCODEv6_ATH.fa
NONATHT003406	lncRNA	0.20832728112740412	0.7916727188725958	NONCODEv6_ATH.fa
NONATHT003407	lncRNA	0.1139603382783073	0.8860396617216927	NONCODEv6_ATH.fa
NONATHT003408	lncRNA	0.005060927326802737	0.9949390726731971	NONCODEv6_ATH.fa
NONATHT003409	lncRNA	0.061524817038223996	0.9384751829617759	NONCODEv6_ATH.fa
NONATHT003410	lncRNA	0.17964487287962871	0.8203551271203712	NONCODEv6_ATH.fa
NONATHT003411	lncRNA	0.1743331022138898	0.8256668977861099	NONCODEv6_ATH.fa
NONATHT003412	lncRNA	0.1743331022138898	0.8256668977861099	NONCODEv6_ATH.fa
NONATHT003413	lncRNA	0.19402992849457254	0.8059700715054265	NONCODEv6_ATH.fa
NONATHT003414	lncRNA	0.09306894359592198	0.9069310564040786	NONCODEv6_ATH.fa
NONATHT003415	lncRNA	0.2547973955013081	0.7452026044986911	NONCODEv6_ATH.fa
NONATHT003416	lncRNA	0.06530155405628608	0.9346984459437133	NONCODEv6_ATH.fa
NONATHT003417	lncRNA	0.10379526764988879	0.8962047323501112	NONCODEv6_ATH.fa
NONATHT003418	lncRNA	0.07599648112946573	0.924003518870534	NONCODEv6_ATH.fa
NONATHT003419	lncRNA	0.20541023052238025	0.7945897694776197	NONCODEv6_ATH.fa
NONATHT003420	lncRNA	0.20541023052238025	0.7945897694776197	NONCODEv6_ATH.fa
NONATHT003421	lncRNA	0.20050429447407325	0.7994957055259269	NONCODEv6_ATH.fa
NONATHT003422	lncRNA	0.14879215126551001	0.8512078487344902	NONCODEv6_ATH.fa
NONATHT003423	lncRNA	0.0734489507081188	0.9265510492918809	NONCODEv6_ATH.fa
NONATHT003424	lncRNA	0.052401422040695825	0.9475985779593045	NONCODEv6_ATH.fa
NONATHT003425	lncRNA	0.0967354967016842	0.903264503298315	NONCODEv6_ATH.fa
NONATHT003426	lncRNA	0.20310361016519432	0.7968963898348059	NONCODEv6_ATH.fa
NONATHT003427	lncRNA	0.08109219234567794	0.9189078076543227	NONCODEv6_ATH.fa
NONATHT003428	lncRNA	0.026817340400152188	0.9731826595998475	NONCODEv6_ATH.fa
NONATHT003429	lncRNA	0.10333658935565575	0.8966634106443452	NONCODEv6_ATH.fa
NONATHT003430	lncRNA	0.2762929300270765	0.7237070699729233	NONCODEv6_ATH.fa
NONATHT003431	lncRNA	0.020555728757541546	0.9794442712424583	NONCODEv6_ATH.fa
NONATHT003432	lncRNA	0.08236829375282168	0.9176317062471777	NONCODEv6_ATH.fa
NONATHT003433	lncRNA	0.14588152881488833	0.8541184711851117	NONCODEv6_ATH.fa
NONATHT003434	lncRNA	0.11557634889499586	0.884423651105004	NONCODEv6_ATH.fa
NONATHT003435	lncRNA	0.15048355851319037	0.849516441486809	NONCODEv6_ATH.fa
NONATHT003436	lncRNA	0.08121567401501013	0.91878432598499	NONCODEv6_ATH.fa
NONATHT003437	lncRNA	0.23047379047514435	0.7695262095248554	NONCODEv6_ATH.fa
NONATHT003438	lncRNA	0.41118403592097963	0.5888159640790206	NONCODEv6_ATH.fa
NONATHT003439	lncRNA	0.4074921994293878	0.5925078005706123	NONCODEv6_ATH.fa
NONATHT003440	lncRNA	0.2739656415872178	0.7260343584127814	NONCODEv6_ATH.fa
NONATHT003441	lncRNA	0.09414507571833862	0.9058549242816614	NONCODEv6_ATH.fa
NONATHT003442	lncRNA	0.10954391833749264	0.8904560816625064	NONCODEv6_ATH.fa
NONATHT003443	lncRNA	0.16628372115025306	0.8337162788497463	NONCODEv6_ATH.fa
NONATHT003444	lncRNA	0.05078203134246763	0.9492179686575324	NONCODEv6_ATH.fa
NONATHT003445	lncRNA	0.029799806019188163	0.9702001939808119	NONCODEv6_ATH.fa
NONATHT003446	lncRNA	0.1466680240427611	0.8533319759572385	NONCODEv6_ATH.fa
NONATHT003447	lncRNA	0.2510838310778845	0.7489161689221152	NONCODEv6_ATH.fa
NONATHT003448	lncRNA	0.21141019855678464	0.7885898014432154	NONCODEv6_ATH.fa
NONATHT003449	lncRNA	0.15359703374574665	0.8464029662542529	NONCODEv6_ATH.fa
NONATHT003450	lncRNA	0.4905574047449183	0.5094425952550818	NONCODEv6_ATH.fa
NONATHT003451	lncRNA	0.19021170780934912	0.8097882921906505	NONCODEv6_ATH.fa
NONATHT003452	lncRNA	0.09029258938395876	0.9097074106160412	NONCODEv6_ATH.fa
NONATHT003453	lncRNA	0.10616962490237868	0.8938303750976206	NONCODEv6_ATH.fa
NONATHT003455	lncRNA	0.24920726987655725	0.7507927301234429	NONCODEv6_ATH.fa
NONATHT003454	lncRNA	0.24920726987655725	0.7507927301234429	NONCODEv6_ATH.fa
NONATHT003456	lncRNA	0.4035365998499972	0.5964634001500024	NONCODEv6_ATH.fa
NONATHT003457	lncRNA	0.1051232560763549	0.8948767439236457	NONCODEv6_ATH.fa
NONATHT003458	lncRNA	0.2977683041862651	0.7022316958137345	NONCODEv6_ATH.fa
NONATHT003459	lncRNA	0.15752872293711906	0.8424712770628805	NONCODEv6_ATH.fa
NONATHT003460	lncRNA	0.11944051871399504	0.8805594812860044	NONCODEv6_ATH.fa
NONATHT003461	lncRNA	0.2157068797203886	0.7842931202796104	NONCODEv6_ATH.fa
NONATHT003462	lncRNA	0.12136071687679098	0.8786392831232088	NONCODEv6_ATH.fa
NONATHT003463	lncRNA	0.05756059123256988	0.9424394087674298	NONCODEv6_ATH.fa
NONATHT003464	lncRNA	0.19910525117523062	0.8008947488247695	NONCODEv6_ATH.fa
NONATHT003465	lncRNA	0.23212849854858403	0.7678715014514155	NONCODEv6_ATH.fa
NONATHT003466	lncRNA	0.030613477111621303	0.9693865228883787	NONCODEv6_ATH.fa
NONATHT003467	lncRNA	0.3291581434267869	0.670841856573213	NONCODEv6_ATH.fa
NONATHT003468	lncRNA	0.08885908074332075	0.9111409192566786	NONCODEv6_ATH.fa
NONATHT003469	lncRNA	0.0777734414900036	0.922226558509996	NONCODEv6_ATH.fa
NONATHT003470	lncRNA	0.18551589193224066	0.8144841080677587	NONCODEv6_ATH.fa
NONATHT003471	lncRNA	0.05596935274189192	0.9440306472581081	NONCODEv6_ATH.fa
NONATHT003472	lncRNA	0.29623890758180144	0.7037610924181991	NONCODEv6_ATH.fa
NONATHT003473	lncRNA	0.2861440647141734	0.7138559352858262	NONCODEv6_ATH.fa
NONATHT003474	lncRNA	0.21723532984869356	0.7827646701513066	NONCODEv6_ATH.fa
NONATHT003475	lncRNA	0.2885720834983084	0.7114279165016918	NONCODEv6_ATH.fa
NONATHT003476	lncRNA	0.03200903512501505	0.967990964874985	NONCODEv6_ATH.fa
NONATHT003478	lncRNA	0.029469650692690034	0.9705303493073101	NONCODEv6_ATH.fa
NONATHT003477	lncRNA	0.029469650692690034	0.9705303493073101	NONCODEv6_ATH.fa
NONATHT003479	lncRNA	0.02279266404570624	0.9772073359542935	NONCODEv6_ATH.fa
NONATHT003480	lncRNA	0.04434514361504224	0.9556548563849578	NONCODEv6_ATH.fa
NONATHT003481	lncRNA	0.02213745357972794	0.9778625464202717	NONCODEv6_ATH.fa
NONATHT003482	lncRNA	0.02213745357972794	0.9778625464202717	NONCODEv6_ATH.fa
NONATHT003483	lncRNA	0.19290681109635593	0.8070931889036437	NONCODEv6_ATH.fa
NONATHT003484	lncRNA	0.15801079526331013	0.841989204736689	NONCODEv6_ATH.fa
NONATHT003485	lncRNA	0.23648133174298122	0.7635186682570185	NONCODEv6_ATH.fa
NONATHT003486	Protein_Coding	0.573488459625389	0.42651154037461103	NONCODEv6_ATH.fa
NONATHT003487	lncRNA	0.2448028627563326	0.7551971372436668	NONCODEv6_ATH.fa
NONATHT003488	lncRNA	0.1191215581345483	0.8808784418654512	NONCODEv6_ATH.fa
NONATHT003489	lncRNA	0.11546291365689125	0.8845370863431082	NONCODEv6_ATH.fa
NONATHT003490	Protein_Coding	0.7496044865950581	0.25039551340494187	NONCODEv6_ATH.fa
NONATHT003491	lncRNA	0.06618123183554288	0.9338187681644566	NONCODEv6_ATH.fa
NONATHT003492	lncRNA	0.09929021876368613	0.9007097812363137	NONCODEv6_ATH.fa
NONATHT003493	lncRNA	0.411959082960473	0.5880409170395269	NONCODEv6_ATH.fa
NONATHT003494	lncRNA	0.3912861376246186	0.6087138623753814	NONCODEv6_ATH.fa
NONATHT003495	lncRNA	0.13331155944620424	0.8666884405537956	NONCODEv6_ATH.fa
NONATHT003496	lncRNA	0.11723034639787999	0.8827696536021195	NONCODEv6_ATH.fa
NONATHT003497	lncRNA	0.2312420320551175	0.7687579679448822	NONCODEv6_ATH.fa
NONATHT003498	lncRNA	0.11292301893147541	0.8870769810685241	NONCODEv6_ATH.fa
NONATHT003499	lncRNA	0.08012840885257964	0.9198715911474193	NONCODEv6_ATH.fa
NONATHT003500	lncRNA	0.044633822207182434	0.9553661777928171	NONCODEv6_ATH.fa
NONATHT003501	lncRNA	0.017729472707949254	0.9822705272920508	NONCODEv6_ATH.fa
NONATHT003502	lncRNA	0.35348456531395345	0.6465154346860463	NONCODEv6_ATH.fa
NONATHT003503	lncRNA	0.3741862141996382	0.6258137858003621	NONCODEv6_ATH.fa
NONATHT003504	lncRNA	0.09978567861569011	0.9002143213843098	NONCODEv6_ATH.fa
NONATHT003505	lncRNA	0.15412478985818065	0.8458752101418193	NONCODEv6_ATH.fa
NONATHT003506	lncRNA	0.2515318803434615	0.7484681196565383	NONCODEv6_ATH.fa
NONATHT003507	lncRNA	0.15242748379576262	0.8475725162042373	NONCODEv6_ATH.fa
NONATHT003508	lncRNA	0.15242748379576262	0.8475725162042373	NONCODEv6_ATH.fa
NONATHT003509	lncRNA	0.15258075483087571	0.8474192451691244	NONCODEv6_ATH.fa
NONATHT003510	lncRNA	0.0566821231163153	0.9433178768836844	NONCODEv6_ATH.fa
NONATHT003511	lncRNA	0.1761342632356078	0.8238657367643925	NONCODEv6_ATH.fa
NONATHT003512	lncRNA	0.3185684864177349	0.6814315135822647	NONCODEv6_ATH.fa
NONATHT003513	lncRNA	0.11842746593078485	0.8815725340692154	NONCODEv6_ATH.fa
NONATHT003514	lncRNA	0.4339323721882234	0.5660676278117769	NONCODEv6_ATH.fa
NONATHT003515	lncRNA	0.13092023749792722	0.8690797625020722	NONCODEv6_ATH.fa
NONATHT003516	lncRNA	0.2966729009480567	0.7033270990519435	NONCODEv6_ATH.fa
NONATHT003517	lncRNA	0.10370088508979808	0.8962991149102022	NONCODEv6_ATH.fa
NONATHT003518	lncRNA	0.25671558447537846	0.7432844155246205	NONCODEv6_ATH.fa
NONATHT003519	lncRNA	0.09611233912257851	0.9038876608774216	NONCODEv6_ATH.fa
NONATHT003520	lncRNA	0.14179220038880538	0.8582077996111945	NONCODEv6_ATH.fa
NONATHT003521	lncRNA	0.21898879809151384	0.7810112019084854	NONCODEv6_ATH.fa
NONATHT003522	lncRNA	0.21898879809151384	0.7810112019084854	NONCODEv6_ATH.fa
NONATHT003523	lncRNA	0.14657653897761241	0.853423461022387	NONCODEv6_ATH.fa
NONATHT003524	lncRNA	0.40768115757892404	0.5923188424210757	NONCODEv6_ATH.fa
NONATHT003525	lncRNA	0.43362176505611183	0.5663782349438883	NONCODEv6_ATH.fa
NONATHT003526	lncRNA	0.0632778476262312	0.9367221523737685	NONCODEv6_ATH.fa
NONATHT003527	lncRNA	0.06253243998289408	0.9374675600171053	NONCODEv6_ATH.fa
NONATHT003528	lncRNA	0.17794494439677222	0.8220550556032281	NONCODEv6_ATH.fa
NONATHT003529	lncRNA	0.028820490987603507	0.9711795090123965	NONCODEv6_ATH.fa
NONATHT003530	lncRNA	0.20713700344197683	0.792862996558023	NONCODEv6_ATH.fa
NONATHT003531	lncRNA	0.15871180612828595	0.8412881938717138	NONCODEv6_ATH.fa
NONATHT003532	lncRNA	0.41853989309701145	0.5814601069029885	NONCODEv6_ATH.fa
NONATHT003533	lncRNA	0.03525786360381297	0.9647421363961873	NONCODEv6_ATH.fa
NONATHT003534	lncRNA	0.13190989467118786	0.8680901053288121	NONCODEv6_ATH.fa
NONATHT003535	lncRNA	0.23874274603433096	0.7612572539656686	NONCODEv6_ATH.fa
NONATHT003536	lncRNA	0.14220887856163608	0.8577911214383637	NONCODEv6_ATH.fa
NONATHT003537	lncRNA	0.12535065985931607	0.8746493401406834	NONCODEv6_ATH.fa
NONATHT003538	lncRNA	0.2385853868801079	0.7614146131198917	NONCODEv6_ATH.fa
NONATHT003539	lncRNA	0.19201015746277633	0.807989842537223	NONCODEv6_ATH.fa
NONATHT003541	lncRNA	0.10120692553085202	0.8987930744691478	NONCODEv6_ATH.fa
NONATHT003540	lncRNA	0.10120692553085202	0.8987930744691478	NONCODEv6_ATH.fa
NONATHT003542	lncRNA	0.2915512176395652	0.7084487823604351	NONCODEv6_ATH.fa
NONATHT003543	lncRNA	0.16871587135538516	0.8312841286446145	NONCODEv6_ATH.fa
NONATHT003544	lncRNA	0.2970454065326998	0.7029545934672998	NONCODEv6_ATH.fa
NONATHT003545	lncRNA	0.22028774273821694	0.7797122572617828	NONCODEv6_ATH.fa
NONATHT003546	lncRNA	0.026067074263262054	0.9739329257367378	NONCODEv6_ATH.fa
NONATHT003547	lncRNA	0.07638691983169843	0.923613080168301	NONCODEv6_ATH.fa
NONATHT003548	lncRNA	0.09271851241102466	0.9072814875889754	NONCODEv6_ATH.fa
NONATHT003549	lncRNA	0.05800351523195211	0.9419964847680481	NONCODEv6_ATH.fa
NONATHT003550	lncRNA	0.2632659440453306	0.7367340559546692	NONCODEv6_ATH.fa
NONATHT003551	lncRNA	0.33274856974097294	0.6672514302590271	NONCODEv6_ATH.fa
NONATHT003552	lncRNA	0.3093801353970102	0.6906198646029899	NONCODEv6_ATH.fa
NONATHT003553	lncRNA	0.12216788639102964	0.8778321136089696	NONCODEv6_ATH.fa
NONATHT003554	lncRNA	0.4400381998043965	0.5599618001956035	NONCODEv6_ATH.fa
NONATHT003555	lncRNA	0.04632264280880954	0.9536773571911901	NONCODEv6_ATH.fa
NONATHT003556	Protein_Coding	0.5926917634823395	0.40730823651766035	NONCODEv6_ATH.fa
NONATHT003557	Protein_Coding	0.5073154296368927	0.49268457036310714	NONCODEv6_ATH.fa
NONATHT003558	lncRNA	0.4877990752210958	0.5122009247789042	NONCODEv6_ATH.fa
NONATHT003559	lncRNA	0.08470388691355421	0.9152961130864462	NONCODEv6_ATH.fa
NONATHT003560	lncRNA	0.20878162706943726	0.7912183729305626	NONCODEv6_ATH.fa
NONATHT003561	lncRNA	0.2445210930090352	0.7554789069909644	NONCODEv6_ATH.fa
NONATHT003562	lncRNA	0.3096918177782008	0.690308182221799	NONCODEv6_ATH.fa
NONATHT003563	lncRNA	0.12136848979136862	0.878631510208631	NONCODEv6_ATH.fa
NONATHT003564	lncRNA	0.14889987538444438	0.8511001246155555	NONCODEv6_ATH.fa
NONATHT003565	lncRNA	0.46376364591383695	0.5362363540861631	NONCODEv6_ATH.fa
NONATHT003566	lncRNA	0.044014298086992316	0.9559857019130076	NONCODEv6_ATH.fa
NONATHT003567	lncRNA	0.10145584064878511	0.8985441593512141	NONCODEv6_ATH.fa
NONATHT003568	lncRNA	0.24426539372726505	0.7557346062727346	NONCODEv6_ATH.fa
NONATHT003569	lncRNA	0.09858287882521109	0.9014171211747889	NONCODEv6_ATH.fa
NONATHT003570	lncRNA	0.2512973500480764	0.7487026499519229	NONCODEv6_ATH.fa
NONATHT003571	lncRNA	0.25665816274842684	0.7433418372515733	NONCODEv6_ATH.fa
NONATHT003572	lncRNA	0.12316059754163433	0.8768394024583653	NONCODEv6_ATH.fa
NONATHT003573	lncRNA	0.13421867650681735	0.8657813234931824	NONCODEv6_ATH.fa
NONATHT003574	lncRNA	0.06952802989718457	0.930471970102815	NONCODEv6_ATH.fa
NONATHT003575	lncRNA	0.22833356699457008	0.7716664330054296	NONCODEv6_ATH.fa
NONATHT003576	lncRNA	0.14322527826374745	0.8567747217362521	NONCODEv6_ATH.fa
NONATHT003577	lncRNA	0.1287252198333535	0.8712747801666465	NONCODEv6_ATH.fa
NONATHT003578	lncRNA	0.05992669436428017	0.9400733056357201	NONCODEv6_ATH.fa
NONATHT003579	lncRNA	0.12358767107775083	0.8764123289222487	NONCODEv6_ATH.fa
NONATHT003580	lncRNA	0.2726412740110419	0.727358725988958	NONCODEv6_ATH.fa
NONATHT003581	lncRNA	0.12214809182070335	0.8778519081792958	NONCODEv6_ATH.fa
NONATHT003582	lncRNA	0.0878246033417305	0.9121753966582694	NONCODEv6_ATH.fa
NONATHT003583	lncRNA	0.21000198489704766	0.7899980151029522	NONCODEv6_ATH.fa
NONATHT003584	lncRNA	0.4259171223056409	0.5740828776943592	NONCODEv6_ATH.fa
NONATHT003585	Protein_Coding	0.5078145397888547	0.49218546021114506	NONCODEv6_ATH.fa
NONATHT003586	Protein_Coding	0.518608470200811	0.4813915297991888	NONCODEv6_ATH.fa
NONATHT003587	Protein_Coding	0.5149756156641975	0.4850243843358025	NONCODEv6_ATH.fa
NONATHT003588	lncRNA	0.40963488855539987	0.5903651114446001	NONCODEv6_ATH.fa
NONATHT003589	lncRNA	0.2932181732410699	0.7067818267589305	NONCODEv6_ATH.fa
NONATHT003590	lncRNA	0.13801313142814914	0.8619868685718501	NONCODEv6_ATH.fa
NONATHT003591	lncRNA	0.2313474781679224	0.7686525218320776	NONCODEv6_ATH.fa
NONATHT003592	lncRNA	0.22891852120302264	0.7710814787969772	NONCODEv6_ATH.fa
NONATHT003593	lncRNA	0.40872317583077816	0.5912768241692218	NONCODEv6_ATH.fa
NONATHT003594	lncRNA	0.39912383344530916	0.6008761665546909	NONCODEv6_ATH.fa
NONATHT003595	Protein_Coding	0.5130620866911415	0.48693791330885866	NONCODEv6_ATH.fa
NONATHT003596	lncRNA	0.4249931627448679	0.5750068372551322	NONCODEv6_ATH.fa
NONATHT003597	lncRNA	0.4152682817944466	0.584731718205553	NONCODEv6_ATH.fa
NONATHT003598	lncRNA	0.43000687876898713	0.5699931212310124	NONCODEv6_ATH.fa
NONATHT003599	Protein_Coding	0.5174277972730437	0.4825722027269565	NONCODEv6_ATH.fa
NONATHT003600	lncRNA	0.3918889841325445	0.608111015867455	NONCODEv6_ATH.fa
NONATHT003601	lncRNA	0.43000687876898713	0.5699931212310124	NONCODEv6_ATH.fa
NONATHT003602	lncRNA	0.437666722634811	0.5623332773651891	NONCODEv6_ATH.fa
NONATHT003603	lncRNA	0.11979914722916513	0.8802008527708352	NONCODEv6_ATH.fa
NONATHT003604	lncRNA	0.22285644028580104	0.7771435597141992	NONCODEv6_ATH.fa
NONATHT003605	lncRNA	0.23877005035392093	0.7612299496460787	NONCODEv6_ATH.fa
NONATHT003606	lncRNA	0.1707998733382456	0.8292001266617545	NONCODEv6_ATH.fa
NONATHT003607	Protein_Coding	0.5005907690734664	0.4994092309265336	NONCODEv6_ATH.fa
NONATHT003608	lncRNA	0.31464424645070505	0.6853557535492949	NONCODEv6_ATH.fa
NONATHT003609	lncRNA	0.18713105001177952	0.8128689499882203	NONCODEv6_ATH.fa
NONATHT003610	lncRNA	0.19495713924082253	0.8050428607591774	NONCODEv6_ATH.fa
NONATHT003611	lncRNA	0.2022207302756117	0.7977792697243886	NONCODEv6_ATH.fa
NONATHT003612	lncRNA	0.2636843701989186	0.7363156298010809	NONCODEv6_ATH.fa
NONATHT003613	lncRNA	0.40215338366409104	0.5978466163359082	NONCODEv6_ATH.fa
NONATHT003614	lncRNA	0.3251836361431647	0.6748163638568353	NONCODEv6_ATH.fa
NONATHT003615	lncRNA	0.33078067761538094	0.6692193223846187	NONCODEv6_ATH.fa
NONATHT003616	lncRNA	0.08259442042698006	0.9174055795730198	NONCODEv6_ATH.fa
NONATHT003617	lncRNA	0.12968930432763304	0.8703106956723669	NONCODEv6_ATH.fa
NONATHT003618	lncRNA	0.3694052164673486	0.6305947835326515	NONCODEv6_ATH.fa
NONATHT003619	lncRNA	0.1782429365332416	0.8217570634667583	NONCODEv6_ATH.fa
NONATHT003620	lncRNA	0.01398651634603648	0.9860134836539636	NONCODEv6_ATH.fa
NONATHT003621	lncRNA	0.20337576582612715	0.7966242341738726	NONCODEv6_ATH.fa
NONATHT003622	lncRNA	0.2271866455365337	0.7728133544634654	NONCODEv6_ATH.fa
NONATHT003623	lncRNA	0.07679587286512539	0.9232041271348743	NONCODEv6_ATH.fa
NONATHT003624	lncRNA	0.12990522602646376	0.8700947739735364	NONCODEv6_ATH.fa
NONATHT003625	lncRNA	0.10751114836515137	0.892488851634848	NONCODEv6_ATH.fa
NONATHT003626	lncRNA	0.4347801402128316	0.5652198597871684	NONCODEv6_ATH.fa
NONATHT003627	lncRNA	0.3289118624333261	0.6710881375666741	NONCODEv6_ATH.fa
NONATHT003628	lncRNA	0.09515233613529259	0.9048476638647074	NONCODEv6_ATH.fa
NONATHT003629	lncRNA	0.2425278709363181	0.7574721290636814	NONCODEv6_ATH.fa
NONATHT003630	lncRNA	0.45348800841920456	0.5465119915807952	NONCODEv6_ATH.fa
NONATHT003631	lncRNA	0.35326801511062383	0.6467319848893764	NONCODEv6_ATH.fa
NONATHT003632	lncRNA	0.17488475032721226	0.8251152496727875	NONCODEv6_ATH.fa
NONATHT003633	lncRNA	0.044213703850144545	0.9557862961498558	NONCODEv6_ATH.fa
NONATHT003634	lncRNA	0.17781583054702108	0.8221841694529786	NONCODEv6_ATH.fa
NONATHT003635	lncRNA	0.1300123419078605	0.8699876580921392	NONCODEv6_ATH.fa
NONATHT003636	lncRNA	0.1331933048695822	0.866806695130418	NONCODEv6_ATH.fa
NONATHT003637	lncRNA	0.20798707702176863	0.792012922978231	NONCODEv6_ATH.fa
NONATHT003638	lncRNA	0.20108812867526196	0.7989118713247381	NONCODEv6_ATH.fa
NONATHT003639	lncRNA	0.10218932901258056	0.8978106709874193	NONCODEv6_ATH.fa
NONATHT003640	lncRNA	0.17386662963457933	0.8261333703654209	NONCODEv6_ATH.fa
NONATHT003641	lncRNA	0.09772960905712154	0.9022703909428786	NONCODEv6_ATH.fa
NONATHT003642	lncRNA	0.03882347575844965	0.9611765242415501	NONCODEv6_ATH.fa
NONATHT003643	lncRNA	0.10176753022942998	0.8982324697705691	NONCODEv6_ATH.fa
NONATHT003644	lncRNA	0.2629911784106625	0.7370088215893373	NONCODEv6_ATH.fa
NONATHT003645	lncRNA	0.1396523308491952	0.8603476691508049	NONCODEv6_ATH.fa
NONATHT003646	lncRNA	0.09434812959364192	0.9056518704063575	NONCODEv6_ATH.fa
NONATHT003647	lncRNA	0.2672315237319858	0.7327684762680146	NONCODEv6_ATH.fa
NONATHT003648	lncRNA	0.2056714266705298	0.7943285733294694	NONCODEv6_ATH.fa
NONATHT003649	lncRNA	0.1967144755038333	0.8032855244961661	NONCODEv6_ATH.fa
NONATHT003650	lncRNA	0.2056714266705298	0.7943285733294694	NONCODEv6_ATH.fa
NONATHT003651	lncRNA	0.2179508379242594	0.7820491620757406	NONCODEv6_ATH.fa
NONATHT003652	lncRNA	0.12210195549150327	0.8778980445084972	NONCODEv6_ATH.fa
NONATHT003653	lncRNA	0.15632682225758357	0.8436731777424161	NONCODEv6_ATH.fa
NONATHT003654	lncRNA	0.16851018303566528	0.8314898169643348	NONCODEv6_ATH.fa
NONATHT003655	lncRNA	0.14226471378217262	0.8577352862178271	NONCODEv6_ATH.fa
NONATHT003656	lncRNA	0.18610369760616133	0.8138963023938385	NONCODEv6_ATH.fa
NONATHT003657	lncRNA	0.17526356842292268	0.8247364315770771	NONCODEv6_ATH.fa
NONATHT003658	lncRNA	0.07308346230560826	0.9269165376943922	NONCODEv6_ATH.fa
NONATHT003659	lncRNA	0.2561229763586726	0.7438770236413278	NONCODEv6_ATH.fa
NONATHT003660	lncRNA	0.05665623894701691	0.9433437610529835	NONCODEv6_ATH.fa
NONATHT003661	lncRNA	0.21114739481077918	0.7888526051892207	NONCODEv6_ATH.fa
NONATHT003662	lncRNA	0.2318847164492974	0.7681152835507022	NONCODEv6_ATH.fa
NONATHT003663	lncRNA	0.10240090374114458	0.8975990962588557	NONCODEv6_ATH.fa
NONATHT003664	lncRNA	0.1396260728651264	0.8603739271348744	NONCODEv6_ATH.fa
NONATHT003665	lncRNA	0.22076648336758875	0.7792335166324112	NONCODEv6_ATH.fa
NONATHT003666	lncRNA	0.08090023886274578	0.9190997611372541	NONCODEv6_ATH.fa
NONATHT003667	lncRNA	0.05814301012660502	0.9418569898733958	NONCODEv6_ATH.fa
NONATHT003668	lncRNA	0.009427088310411474	0.9905729116895888	NONCODEv6_ATH.fa
NONATHT003669	lncRNA	0.2551766912543205	0.7448233087456795	NONCODEv6_ATH.fa
NONATHT003670	lncRNA	0.4919862796853258	0.5080137203146741	NONCODEv6_ATH.fa
NONATHT003671	lncRNA	0.37761832149421815	0.6223816785057816	NONCODEv6_ATH.fa
NONATHT003672	lncRNA	0.3173037194882104	0.6826962805117894	NONCODEv6_ATH.fa
NONATHT003673	lncRNA	0.2231878757656233	0.7768121242343761	NONCODEv6_ATH.fa
NONATHT003674	lncRNA	0.14138956147843065	0.8586104385215688	NONCODEv6_ATH.fa
NONATHT003675	lncRNA	0.11158835187786595	0.8884116481221338	NONCODEv6_ATH.fa
NONATHT003676	lncRNA	0.11059592733353718	0.8894040726664627	NONCODEv6_ATH.fa
NONATHT003677	lncRNA	0.13283611616191784	0.8671638838380822	NONCODEv6_ATH.fa
NONATHT003678	lncRNA	0.13359383638493863	0.8664061636150616	NONCODEv6_ATH.fa
NONATHT003679	lncRNA	0.13295024777316486	0.867049752226835	NONCODEv6_ATH.fa
NONATHT003680	lncRNA	0.1284062661858583	0.871593733814141	NONCODEv6_ATH.fa
NONATHT003681	lncRNA	0.2914328548933313	0.708567145106668	NONCODEv6_ATH.fa
NONATHT003682	lncRNA	0.10531179273327369	0.8946882072667263	NONCODEv6_ATH.fa
NONATHT003683	lncRNA	0.13175664478741322	0.868243355212587	NONCODEv6_ATH.fa
NONATHT003684	lncRNA	0.3405607798242141	0.6594392201757858	NONCODEv6_ATH.fa
NONATHT003685	lncRNA	0.06454800658338958	0.9354519934166101	NONCODEv6_ATH.fa
NONATHT003686	lncRNA	0.09687045725469562	0.9031295427453047	NONCODEv6_ATH.fa
NONATHT003687	lncRNA	0.34434391812755527	0.6556560818724445	NONCODEv6_ATH.fa
NONATHT003688	lncRNA	0.14560961394534574	0.8543903860546539	NONCODEv6_ATH.fa
NONATHT003689	lncRNA	0.06192626446431001	0.9380737355356898	NONCODEv6_ATH.fa
NONATHT003690	lncRNA	0.2584443999221744	0.741555600077826	NONCODEv6_ATH.fa
NONATHT003691	lncRNA	0.40247666348881833	0.5975233365111816	NONCODEv6_ATH.fa
NONATHT003692	lncRNA	0.2259592699864978	0.7740407300135016	NONCODEv6_ATH.fa
NONATHT003693	lncRNA	0.06810878358276855	0.9318912164172315	NONCODEv6_ATH.fa
NONATHT003694	lncRNA	0.10729163659637929	0.8927083634036207	NONCODEv6_ATH.fa
NONATHT003695	lncRNA	0.11823445753102026	0.8817655424689796	NONCODEv6_ATH.fa
NONATHT003696	lncRNA	0.10250338740460059	0.8974966125953993	NONCODEv6_ATH.fa
NONATHT003697	lncRNA	0.02714821443904173	0.9728517855609581	NONCODEv6_ATH.fa
NONATHT003698	lncRNA	0.13709061474900167	0.8629093852509984	NONCODEv6_ATH.fa
NONATHT003699	lncRNA	0.10139855333215765	0.8986014466678421	NONCODEv6_ATH.fa
NONATHT003700	Protein_Coding	0.5815092363647157	0.4184907636352844	NONCODEv6_ATH.fa
NONATHT003701	lncRNA	0.1571878976612303	0.8428121023387689	NONCODEv6_ATH.fa
NONATHT003702	lncRNA	0.14875279247712347	0.8512472075228765	NONCODEv6_ATH.fa
NONATHT003703	lncRNA	0.26388761496652197	0.7361123850334773	NONCODEv6_ATH.fa
NONATHT003704	lncRNA	0.24844667715826074	0.7515533228417395	NONCODEv6_ATH.fa
NONATHT003705	lncRNA	0.11306272784952529	0.8869372721504741	NONCODEv6_ATH.fa
NONATHT003706	lncRNA	0.32817610043103823	0.6718238995689617	NONCODEv6_ATH.fa
NONATHT003707	lncRNA	0.19716104718744823	0.802838952812551	NONCODEv6_ATH.fa
NONATHT003708	lncRNA	0.18921083826487842	0.8107891617351217	NONCODEv6_ATH.fa
NONATHT003709	lncRNA	0.11122347830341411	0.8887765216965853	NONCODEv6_ATH.fa
NONATHT003710	lncRNA	0.2567998660676881	0.7432001339323119	NONCODEv6_ATH.fa
NONATHT003711	lncRNA	0.11591649220769808	0.8840835077923015	NONCODEv6_ATH.fa
NONATHT003712	lncRNA	0.13870812480431535	0.8612918751956841	NONCODEv6_ATH.fa
NONATHT003713	lncRNA	0.27552830242336623	0.7244716975766337	NONCODEv6_ATH.fa
NONATHT003714	lncRNA	0.0882792547961431	0.9117207452038566	NONCODEv6_ATH.fa
NONATHT003715	lncRNA	0.15893599610591694	0.8410640038940825	NONCODEv6_ATH.fa
NONATHT003716	lncRNA	0.08144384154486715	0.918556158455133	NONCODEv6_ATH.fa
NONATHT003717	lncRNA	0.402664056266434	0.5973359437335659	NONCODEv6_ATH.fa
NONATHT003718	lncRNA	0.050729305796886934	0.949270694203113	NONCODEv6_ATH.fa
NONATHT003719	lncRNA	0.46112244332486263	0.5388775566751375	NONCODEv6_ATH.fa
NONATHT003720	lncRNA	0.19569257574561505	0.8043074242543844	NONCODEv6_ATH.fa
NONATHT003721	lncRNA	0.24169851980773374	0.7583014801922662	NONCODEv6_ATH.fa
NONATHT003722	Protein_Coding	0.5940039448909359	0.40599605510906445	NONCODEv6_ATH.fa
NONATHT003723	lncRNA	0.12199527194385223	0.8780047280561473	NONCODEv6_ATH.fa
NONATHT003724	lncRNA	0.40566656622862857	0.5943334337713714	NONCODEv6_ATH.fa
NONATHT003725	lncRNA	0.10363764187094142	0.8963623581290586	NONCODEv6_ATH.fa
NONATHT003726	lncRNA	0.2827890928266604	0.7172109071733392	NONCODEv6_ATH.fa
NONATHT003727	lncRNA	0.04339129941930658	0.9566087005806931	NONCODEv6_ATH.fa
NONATHT003728	lncRNA	0.2970962108148805	0.7029037891851193	NONCODEv6_ATH.fa
NONATHT003729	lncRNA	0.05125432104781236	0.948745678952188	NONCODEv6_ATH.fa
NONATHT003730	lncRNA	0.0427601831739601	0.9572398168260401	NONCODEv6_ATH.fa
NONATHT003731	lncRNA	0.32924384505019216	0.6707561549498082	NONCODEv6_ATH.fa
NONATHT003733	lncRNA	0.10806144512171698	0.8919385548782826	NONCODEv6_ATH.fa
NONATHT003732	lncRNA	0.10806144512171698	0.8919385548782826	NONCODEv6_ATH.fa
NONATHT003734	lncRNA	0.45131058138505525	0.5486894186149447	NONCODEv6_ATH.fa
NONATHT003735	lncRNA	0.23238892680460502	0.7676110731953942	NONCODEv6_ATH.fa
NONATHT003736	lncRNA	0.2176638332736397	0.7823361667263602	NONCODEv6_ATH.fa
NONATHT003737	lncRNA	0.17570982431077745	0.8242901756892224	NONCODEv6_ATH.fa
NONATHT003738	lncRNA	0.2566885834513699	0.7433114165486298	NONCODEv6_ATH.fa
NONATHT003739	lncRNA	0.06979319117546089	0.9302068088245387	NONCODEv6_ATH.fa
NONATHT003740	lncRNA	0.0701356020402991	0.9298643979597009	NONCODEv6_ATH.fa
NONATHT003741	lncRNA	0.07209404912282616	0.9279059508771732	NONCODEv6_ATH.fa
NONATHT003742	lncRNA	0.06628832129197096	0.9337116787080284	NONCODEv6_ATH.fa
NONATHT003743	lncRNA	0.16506097179789916	0.8349390282021004	NONCODEv6_ATH.fa
NONATHT003744	lncRNA	0.33140755785079556	0.6685924421492044	NONCODEv6_ATH.fa
NONATHT003745	lncRNA	0.330972411141235	0.6690275888587647	NONCODEv6_ATH.fa
NONATHT003746	lncRNA	0.07450658148601724	0.925493418513983	NONCODEv6_ATH.fa
NONATHT003747	lncRNA	0.14152752027158969	0.85847247972841	NONCODEv6_ATH.fa
NONATHT003748	lncRNA	0.3004717790131857	0.6995282209868143	NONCODEv6_ATH.fa
NONATHT003749	lncRNA	0.050622224712618374	0.9493777752873811	NONCODEv6_ATH.fa
NONATHT003750	lncRNA	0.038496694067529404	0.9615033059324702	NONCODEv6_ATH.fa
NONATHT003751	lncRNA	0.3481577657114856	0.6518422342885144	NONCODEv6_ATH.fa
NONATHT003752	lncRNA	0.07867563453819573	0.9213243654618037	NONCODEv6_ATH.fa
NONATHT003753	lncRNA	0.08525858108341819	0.9147414189165812	NONCODEv6_ATH.fa
NONATHT003754	lncRNA	0.02945462945907294	0.970545370540927	NONCODEv6_ATH.fa
NONATHT003755	lncRNA	0.014589578332860592	0.9854104216671394	NONCODEv6_ATH.fa
NONATHT003756	lncRNA	0.13953428969746615	0.8604657103025334	NONCODEv6_ATH.fa
NONATHT003757	lncRNA	0.04737663569870307	0.9526233643012967	NONCODEv6_ATH.fa
NONATHT003758	lncRNA	0.10677045126644402	0.893229548733556	NONCODEv6_ATH.fa
NONATHT003759	lncRNA	0.1633532017599314	0.836646798240068	NONCODEv6_ATH.fa
NONATHT003760	lncRNA	0.059099290895280376	0.94090070910472	NONCODEv6_ATH.fa
NONATHT003761	lncRNA	0.04846521271291748	0.9515347872870833	NONCODEv6_ATH.fa
NONATHT003762	lncRNA	0.10935990259829317	0.8906400974017066	NONCODEv6_ATH.fa
NONATHT003763	lncRNA	0.13227386540767708	0.8677261345923227	NONCODEv6_ATH.fa
NONATHT003764	lncRNA	0.1103597687629775	0.8896402312370227	NONCODEv6_ATH.fa
NONATHT003765	lncRNA	0.09675743035497637	0.9032425696450227	NONCODEv6_ATH.fa
NONATHT003766	lncRNA	0.059836731398182234	0.9401632686018179	NONCODEv6_ATH.fa
NONATHT003767	lncRNA	0.21652818855421704	0.783471811445783	NONCODEv6_ATH.fa
NONATHT003768	lncRNA	0.11741118019034316	0.8825888198096566	NONCODEv6_ATH.fa
NONATHT003769	lncRNA	0.0463782488666351	0.9536217511333644	NONCODEv6_ATH.fa
NONATHT003770	lncRNA	0.11968495780610566	0.8803150421938939	NONCODEv6_ATH.fa
NONATHT003771	lncRNA	0.1086318375852544	0.8913681624147458	NONCODEv6_ATH.fa
NONATHT003772	lncRNA	0.09168052707948092	0.9083194729205183	NONCODEv6_ATH.fa
NONATHT003773	lncRNA	0.12148884035093548	0.878511159649064	NONCODEv6_ATH.fa
NONATHT003774	lncRNA	0.24547691017225964	0.75452308982774	NONCODEv6_ATH.fa
NONATHT003775	lncRNA	0.06901992621192322	0.9309800737880765	NONCODEv6_ATH.fa
NONATHT003776	lncRNA	0.06153485631619862	0.9384651436838013	NONCODEv6_ATH.fa
NONATHT003777	lncRNA	0.35402848939071435	0.645971510609285	NONCODEv6_ATH.fa
NONATHT003778	lncRNA	0.20826955665082897	0.7917304433491708	NONCODEv6_ATH.fa
NONATHT003779	lncRNA	0.08623122317875681	0.9137687768212431	NONCODEv6_ATH.fa
NONATHT003780	lncRNA	0.1782611702594707	0.8217388297405295	NONCODEv6_ATH.fa
NONATHT003781	lncRNA	0.1503404100203394	0.8496595899796603	NONCODEv6_ATH.fa
NONATHT003782	lncRNA	0.08368259218932621	0.9163174078106738	NONCODEv6_ATH.fa
NONATHT003783	lncRNA	0.038381846418973374	0.9616181535810263	NONCODEv6_ATH.fa
NONATHT003784	lncRNA	0.2597442101797862	0.7402557898202136	NONCODEv6_ATH.fa
NONATHT003785	lncRNA	0.0954310212521407	0.9045689787478589	NONCODEv6_ATH.fa
NONATHT003786	lncRNA	0.0954310212521407	0.9045689787478589	NONCODEv6_ATH.fa
NONATHT003787	lncRNA	0.21898706873393903	0.7810129312660611	NONCODEv6_ATH.fa
NONATHT003788	lncRNA	0.09094372906521858	0.9090562709347817	NONCODEv6_ATH.fa
NONATHT003789	lncRNA	0.1315222593920077	0.868477740607992	NONCODEv6_ATH.fa
NONATHT003790	Protein_Coding	0.5066306003033935	0.4933693996966066	NONCODEv6_ATH.fa
NONATHT003791	lncRNA	0.311415621358213	0.6885843786417868	NONCODEv6_ATH.fa
NONATHT003792	lncRNA	0.10289761605022713	0.8971023839497729	NONCODEv6_ATH.fa
NONATHT003793	Protein_Coding	0.5065494723529774	0.49345052764702263	NONCODEv6_ATH.fa
NONATHT003794	lncRNA	0.09849544329547401	0.9015045567045252	NONCODEv6_ATH.fa
NONATHT003795	lncRNA	0.31828402529901983	0.6817159747009802	NONCODEv6_ATH.fa
NONATHT003796	lncRNA	0.08959235540538464	0.9104076445946153	NONCODEv6_ATH.fa
NONATHT003797	lncRNA	0.06696832459162493	0.933031675408375	NONCODEv6_ATH.fa
NONATHT003798	lncRNA	0.05384596978900379	0.9461540302109962	NONCODEv6_ATH.fa
NONATHT003799	Protein_Coding	0.584074424829934	0.41592557517006623	NONCODEv6_ATH.fa
NONATHT003800	lncRNA	0.06323417921102394	0.9367658207889762	NONCODEv6_ATH.fa
NONATHT003801	lncRNA	0.05584895000330315	0.9441510499966965	NONCODEv6_ATH.fa
NONATHT003802	Protein_Coding	0.5210945081597929	0.47890549184020714	NONCODEv6_ATH.fa
NONATHT003803	lncRNA	0.0658570995668801	0.9341429004331199	NONCODEv6_ATH.fa
NONATHT003804	lncRNA	0.0658570995668801	0.9341429004331199	NONCODEv6_ATH.fa
NONATHT003805	lncRNA	0.01658510937245891	0.9834148906275412	NONCODEv6_ATH.fa
NONATHT003806	lncRNA	0.09728867218877237	0.9027113278112274	NONCODEv6_ATH.fa
NONATHT003808	lncRNA	0.10870808476182227	0.8912919152381775	NONCODEv6_ATH.fa
NONATHT003809	lncRNA	0.10870808476182227	0.8912919152381775	NONCODEv6_ATH.fa
NONATHT003807	lncRNA	0.10870808476182227	0.8912919152381775	NONCODEv6_ATH.fa
NONATHT003810	lncRNA	0.3039521529997107	0.6960478470002892	NONCODEv6_ATH.fa
NONATHT003811	lncRNA	0.12220224943688218	0.8777977505631173	NONCODEv6_ATH.fa
NONATHT003812	lncRNA	0.07717471939041434	0.9228252806095846	NONCODEv6_ATH.fa
NONATHT003813	lncRNA	0.08406371530887058	0.9159362846911293	NONCODEv6_ATH.fa
NONATHT003814	lncRNA	0.23186108066750333	0.7681389193324963	NONCODEv6_ATH.fa
NONATHT003815	lncRNA	0.4955275009003513	0.5044724990996486	NONCODEv6_ATH.fa
NONATHT003816	lncRNA	0.20563552785807987	0.79436447214192	NONCODEv6_ATH.fa
NONATHT003817	lncRNA	0.2145265501783357	0.7854734498216639	NONCODEv6_ATH.fa
NONATHT003818	lncRNA	0.2448555373145695	0.7551444626854306	NONCODEv6_ATH.fa
NONATHT003819	lncRNA	0.02497844242672956	0.9750215575732702	NONCODEv6_ATH.fa
NONATHT003820	lncRNA	0.2678497646282577	0.7321502353717421	NONCODEv6_ATH.fa
NONATHT003821	lncRNA	0.05840795827477059	0.9415920417252293	NONCODEv6_ATH.fa
NONATHT003822	lncRNA	0.07396300380921901	0.9260369961907807	NONCODEv6_ATH.fa
NONATHT003823	lncRNA	0.08116031500966936	0.9188396849903305	NONCODEv6_ATH.fa
NONATHT003824	lncRNA	0.442301519631859	0.5576984803681408	NONCODEv6_ATH.fa
NONATHT003825	lncRNA	0.060402899316839176	0.9395971006831604	NONCODEv6_ATH.fa
NONATHT003826	lncRNA	0.022274544024772847	0.9777254559752264	NONCODEv6_ATH.fa
NONATHT003827	lncRNA	0.0463620684140053	0.9536379315859946	NONCODEv6_ATH.fa
NONATHT003828	lncRNA	0.10927014536405052	0.8907298546359491	NONCODEv6_ATH.fa
NONATHT003829	lncRNA	0.48801607979250305	0.5119839202074971	NONCODEv6_ATH.fa
NONATHT003830	lncRNA	0.34528827725950584	0.654711722740494	NONCODEv6_ATH.fa
NONATHT003831	lncRNA	0.16924760318270227	0.8307523968172971	NONCODEv6_ATH.fa
NONATHT003832	lncRNA	0.0663760757817029	0.9336239242182969	NONCODEv6_ATH.fa
NONATHT003833	lncRNA	0.1963367209807921	0.8036632790192073	NONCODEv6_ATH.fa
NONATHT003834	lncRNA	0.0906203132242083	0.9093796867757916	NONCODEv6_ATH.fa
NONATHT003835	lncRNA	0.09250492202697676	0.9074950779730226	NONCODEv6_ATH.fa
NONATHT003836	lncRNA	0.03757662851517585	0.9624233714848242	NONCODEv6_ATH.fa
NONATHT003837	lncRNA	0.1263183343937147	0.8736816656062851	NONCODEv6_ATH.fa
NONATHT003838	lncRNA	0.15751880023496317	0.8424811997650364	NONCODEv6_ATH.fa
NONATHT003839	lncRNA	0.19312627442577168	0.8068737255742278	NONCODEv6_ATH.fa
NONATHT003840	lncRNA	0.12708269081859688	0.8729173091814032	NONCODEv6_ATH.fa
NONATHT003841	lncRNA	0.2848830121347333	0.7151169878652667	NONCODEv6_ATH.fa
NONATHT003842	lncRNA	0.16060663654369856	0.8393933634563011	NONCODEv6_ATH.fa
NONATHT003843	lncRNA	0.1885072076264834	0.8114927923735161	NONCODEv6_ATH.fa
NONATHT003844	lncRNA	0.03993963248820444	0.9600603675117954	NONCODEv6_ATH.fa
NONATHT003845	lncRNA	0.06280962791956553	0.9371903720804341	NONCODEv6_ATH.fa
NONATHT003846	lncRNA	0.14686648319101034	0.8531335168089893	NONCODEv6_ATH.fa
NONATHT003847	lncRNA	0.2577397418087253	0.7422602581912745	NONCODEv6_ATH.fa
NONATHT003848	lncRNA	0.033854620412852456	0.9661453795871477	NONCODEv6_ATH.fa
NONATHT003849	Protein_Coding	0.529953378930409	0.4700466210695912	NONCODEv6_ATH.fa
NONATHT003850	lncRNA	0.1986497557905048	0.8013502442094945	NONCODEv6_ATH.fa
NONATHT003851	lncRNA	0.05442357797166174	0.9455764220283378	NONCODEv6_ATH.fa
NONATHT003852	lncRNA	0.32039520196113014	0.6796047980388693	NONCODEv6_ATH.fa
NONATHT003853	lncRNA	0.1333677269508035	0.8666322730491964	NONCODEv6_ATH.fa
NONATHT003854	lncRNA	0.055008764391778556	0.9449912356082214	NONCODEv6_ATH.fa
NONATHT003855	lncRNA	0.46260141460789334	0.5373985853921067	NONCODEv6_ATH.fa
NONATHT003856	lncRNA	0.3937005268783068	0.6062994731216931	NONCODEv6_ATH.fa
NONATHT003857	lncRNA	0.09015106920121856	0.9098489307987813	NONCODEv6_ATH.fa
NONATHT003858	lncRNA	0.2989794499813173	0.7010205500186828	NONCODEv6_ATH.fa
NONATHT003859	lncRNA	0.2575426915056179	0.7424573084943824	NONCODEv6_ATH.fa
NONATHT003860	lncRNA	0.2575426915056179	0.7424573084943824	NONCODEv6_ATH.fa
NONATHT003861	lncRNA	0.21460281393928443	0.7853971860607158	NONCODEv6_ATH.fa
NONATHT003862	lncRNA	0.2741105544536857	0.7258894455463135	NONCODEv6_ATH.fa
NONATHT003863	lncRNA	0.28944352116952954	0.71055647883047	NONCODEv6_ATH.fa
NONATHT003864	lncRNA	0.09801594983269174	0.9019840501673081	NONCODEv6_ATH.fa
NONATHT003865	lncRNA	0.041191246099784085	0.9588087539002159	NONCODEv6_ATH.fa
NONATHT003866	lncRNA	0.1783538739086666	0.8216461260913334	NONCODEv6_ATH.fa
NONATHT003867	Protein_Coding	0.5394561154380983	0.4605438845619017	NONCODEv6_ATH.fa
NONATHT003868	lncRNA	0.026899385340048276	0.9731006146599521	NONCODEv6_ATH.fa
NONATHT003869	lncRNA	0.2563214194679883	0.7436785805320114	NONCODEv6_ATH.fa
NONATHT003870	lncRNA	0.045942082685196665	0.9540579173148029	NONCODEv6_ATH.fa
NONATHT003871	lncRNA	0.04059943855404473	0.9594005614459551	NONCODEv6_ATH.fa
NONATHT003872	lncRNA	0.09288969461412357	0.9071103053858768	NONCODEv6_ATH.fa
NONATHT003873	lncRNA	0.041157424481290006	0.9588425755187091	NONCODEv6_ATH.fa
NONATHT003874	lncRNA	0.17401671558385956	0.82598328441614	NONCODEv6_ATH.fa
NONATHT003875	lncRNA	0.043393460875302714	0.9566065391246974	NONCODEv6_ATH.fa
NONATHT003876	lncRNA	0.19979521903750552	0.8002047809624945	NONCODEv6_ATH.fa
NONATHT003877	lncRNA	0.2182354871571862	0.7817645128428135	NONCODEv6_ATH.fa
NONATHT003878	lncRNA	0.12216659345853144	0.8778334065414682	NONCODEv6_ATH.fa
NONATHT003879	lncRNA	0.050322806161762934	0.9496771938382371	NONCODEv6_ATH.fa
NONATHT003880	lncRNA	0.08014302407289034	0.9198569759271088	NONCODEv6_ATH.fa
NONATHT003881	lncRNA	0.39293806815417137	0.6070619318458286	NONCODEv6_ATH.fa
NONATHT003882	lncRNA	0.11117115004001589	0.8888288499599836	NONCODEv6_ATH.fa
NONATHT003883	lncRNA	0.44364371758630494	0.5563562824136946	NONCODEv6_ATH.fa
NONATHT003884	lncRNA	0.2226449570654471	0.7773550429345529	NONCODEv6_ATH.fa
NONATHT003885	lncRNA	0.09119239274420954	0.9088076072557902	NONCODEv6_ATH.fa
NONATHT003886	lncRNA	0.1820154869482516	0.817984513051748	NONCODEv6_ATH.fa
NONATHT003887	lncRNA	0.1737542369917373	0.8262457630082622	NONCODEv6_ATH.fa
NONATHT003888	lncRNA	0.20843925233669544	0.7915607476633039	NONCODEv6_ATH.fa
NONATHT003889	lncRNA	0.040881669407891896	0.9591183305921084	NONCODEv6_ATH.fa
NONATHT003890	lncRNA	0.10158695748634665	0.8984130425136533	NONCODEv6_ATH.fa
NONATHT003891	lncRNA	0.029225688275667808	0.9707743117243326	NONCODEv6_ATH.fa
NONATHT003892	lncRNA	0.13206137980842675	0.8679386201915731	NONCODEv6_ATH.fa
NONATHT003893	lncRNA	0.17638831682693876	0.8236116831730611	NONCODEv6_ATH.fa
NONATHT003894	lncRNA	0.12711078582062374	0.8728892141793758	NONCODEv6_ATH.fa
NONATHT003895	lncRNA	0.27708667749378363	0.7229133225062163	NONCODEv6_ATH.fa
NONATHT003896	lncRNA	0.17225596878454258	0.8277440312154567	NONCODEv6_ATH.fa
NONATHT003897	lncRNA	0.22549492947321165	0.7745050705267876	NONCODEv6_ATH.fa
NONATHT003898	lncRNA	0.02661391569518535	0.9733860843048147	NONCODEv6_ATH.fa
NONATHT003899	lncRNA	0.4090627167455013	0.590937283254499	NONCODEv6_ATH.fa
NONATHT003900	lncRNA	0.15735068481605868	0.84264931518394	NONCODEv6_ATH.fa
NONATHT003901	lncRNA	0.027111041227135944	0.9728889587728645	NONCODEv6_ATH.fa
NONATHT003902	lncRNA	0.08964934536248984	0.9103506546375096	NONCODEv6_ATH.fa
NONATHT003903	lncRNA	0.11081523672747867	0.8891847632725213	NONCODEv6_ATH.fa
NONATHT003904	lncRNA	0.09095120911998494	0.9090487908800153	NONCODEv6_ATH.fa
NONATHT003905	lncRNA	0.06139895690573808	0.9386010430942617	NONCODEv6_ATH.fa
NONATHT003906	Protein_Coding	0.5207672241934039	0.4792327758065961	NONCODEv6_ATH.fa
NONATHT003907	Protein_Coding	0.6258335724474335	0.37416642755256657	NONCODEv6_ATH.fa
NONATHT003908	lncRNA	0.17377276893454197	0.8262272310654579	NONCODEv6_ATH.fa
NONATHT003909	lncRNA	0.11365405489765183	0.8863459451023478	NONCODEv6_ATH.fa
NONATHT003910	lncRNA	0.21329759684528687	0.7867024031547132	NONCODEv6_ATH.fa
NONATHT003911	lncRNA	0.021322642652598704	0.9786773573474014	NONCODEv6_ATH.fa
NONATHT003912	lncRNA	0.19629537646075593	0.8037046235392437	NONCODEv6_ATH.fa
NONATHT003913	lncRNA	0.09621691345613913	0.9037830865438602	NONCODEv6_ATH.fa
NONATHT003914	Protein_Coding	0.6947400307928763	0.3052599692071237	NONCODEv6_ATH.fa
NONATHT003915	lncRNA	0.04665920526575053	0.9533407947342497	NONCODEv6_ATH.fa
NONATHT003916	lncRNA	0.0837406155128399	0.9162593844871602	NONCODEv6_ATH.fa
NONATHT003917	lncRNA	0.438640790373943	0.5613592096260568	NONCODEv6_ATH.fa
NONATHT003918	lncRNA	0.4394594546562728	0.560540545343727	NONCODEv6_ATH.fa
NONATHT003919	lncRNA	0.02909958663072081	0.9709004133692791	NONCODEv6_ATH.fa
NONATHT003920	lncRNA	0.09819272677425159	0.901807273225748	NONCODEv6_ATH.fa
NONATHT003921	lncRNA	0.09024636739887032	0.9097536326011298	NONCODEv6_ATH.fa
NONATHT003922	lncRNA	0.4515550099058862	0.5484449900941135	NONCODEv6_ATH.fa
NONATHT003923	lncRNA	0.040609501119561825	0.959390498880438	NONCODEv6_ATH.fa
NONATHT003924	lncRNA	0.16810440757013242	0.8318955924298672	NONCODEv6_ATH.fa
NONATHT003925	Protein_Coding	0.7265278336387693	0.2734721663612305	NONCODEv6_ATH.fa
NONATHT003926	lncRNA	0.051277460222098996	0.9487225397779007	NONCODEv6_ATH.fa
NONATHT003927	lncRNA	0.05429887123081829	0.945701128769181	NONCODEv6_ATH.fa
NONATHT003928	lncRNA	0.18335075472906734	0.8166492452709332	NONCODEv6_ATH.fa
NONATHT003929	lncRNA	0.16028958036953447	0.8397104196304657	NONCODEv6_ATH.fa
NONATHT003930	lncRNA	0.05901846156117075	0.9409815384388295	NONCODEv6_ATH.fa
NONATHT003931	lncRNA	0.19085112983598268	0.809148870164016	NONCODEv6_ATH.fa
NONATHT003932	lncRNA	0.29025995316153524	0.7097400468384645	NONCODEv6_ATH.fa
NONATHT003933	lncRNA	0.013662931073457618	0.9863370689265427	NONCODEv6_ATH.fa
NONATHT003934	lncRNA	0.15430716780542902	0.8456928321945706	NONCODEv6_ATH.fa
NONATHT003935	lncRNA	0.22287480702645732	0.7771251929735424	NONCODEv6_ATH.fa
NONATHT003936	lncRNA	0.1149393506967873	0.8850606493032129	NONCODEv6_ATH.fa
NONATHT003937	lncRNA	0.034944833384272185	0.9650551666157271	NONCODEv6_ATH.fa
NONATHT003938	lncRNA	0.49448066029699056	0.5055193397030097	NONCODEv6_ATH.fa
NONATHT003939	lncRNA	0.08084217292809497	0.9191578270719051	NONCODEv6_ATH.fa
NONATHT003940	lncRNA	0.08985035303572439	0.9101496469642759	NONCODEv6_ATH.fa
NONATHT003941	lncRNA	0.02807272813044712	0.9719272718695531	NONCODEv6_ATH.fa
NONATHT003942	lncRNA	0.29908084751154224	0.7009191524884576	NONCODEv6_ATH.fa
NONATHT003943	lncRNA	0.2769640861495083	0.7230359138504907	NONCODEv6_ATH.fa
NONATHT003944	lncRNA	0.09084306089352909	0.9091569391064704	NONCODEv6_ATH.fa
NONATHT003945	lncRNA	0.013636086204930278	0.9863639137950698	NONCODEv6_ATH.fa
NONATHT003946	Protein_Coding	0.5049863387243609	0.49501366127563895	NONCODEv6_ATH.fa
NONATHT003947	Protein_Coding	0.592298847614088	0.40770115238591204	NONCODEv6_ATH.fa
NONATHT003948	lncRNA	0.11006438962643457	0.8899356103735652	NONCODEv6_ATH.fa
NONATHT003949	lncRNA	0.02905601943895731	0.9709439805610428	NONCODEv6_ATH.fa
NONATHT003950	Protein_Coding	0.5129405564192134	0.48705944358078657	NONCODEv6_ATH.fa
NONATHT003951	lncRNA	0.1242443436775955	0.8757556563224049	NONCODEv6_ATH.fa
NONATHT003952	lncRNA	0.062473634868843574	0.9375263651311565	NONCODEv6_ATH.fa
NONATHT003953	lncRNA	0.18611074705927777	0.8138892529407226	NONCODEv6_ATH.fa
NONATHT003954	lncRNA	0.06538381163078456	0.9346161883692156	NONCODEv6_ATH.fa
NONATHT003955	lncRNA	0.07378686788148646	0.9262131321185134	NONCODEv6_ATH.fa
NONATHT003956	lncRNA	0.242737996947678	0.7572620030523223	NONCODEv6_ATH.fa
NONATHT003957	lncRNA	0.2658173525322546	0.7341826474677451	NONCODEv6_ATH.fa
NONATHT003958	lncRNA	0.2775276930965749	0.7224723069034248	NONCODEv6_ATH.fa
NONATHT003959	lncRNA	0.14453472998403935	0.8554652700159606	NONCODEv6_ATH.fa
NONATHT003960	lncRNA	0.02517580644197006	0.9748241935580299	NONCODEv6_ATH.fa
NONATHT003961	lncRNA	0.17536744455518738	0.8246325554448122	NONCODEv6_ATH.fa
NONATHT003962	lncRNA	0.4210783007311389	0.5789216992688606	NONCODEv6_ATH.fa
NONATHT003963	lncRNA	0.15689591620565024	0.8431040837943492	NONCODEv6_ATH.fa
NONATHT003964	lncRNA	0.08671846652149051	0.9132815334785094	NONCODEv6_ATH.fa
NONATHT003965	lncRNA	0.028168727353740545	0.971831272646259	NONCODEv6_ATH.fa
NONATHT003966	Protein_Coding	0.5472456330061851	0.4527543669938149	NONCODEv6_ATH.fa
NONATHT003968	lncRNA	0.04973923852991889	0.9502607614700812	NONCODEv6_ATH.fa
NONATHT003967	lncRNA	0.04650083415258948	0.9534991658474111	NONCODEv6_ATH.fa
NONATHT003969	Protein_Coding	0.6285547845871513	0.371445215412849	NONCODEv6_ATH.fa
NONATHT003970	lncRNA	0.13405569424616318	0.8659443057538365	NONCODEv6_ATH.fa
NONATHT003971	lncRNA	0.08855972013621263	0.9114402798637871	NONCODEv6_ATH.fa
NONATHT003972	Protein_Coding	0.6425743317719687	0.35742566822803135	NONCODEv6_ATH.fa
NONATHT003973	lncRNA	0.23167041050630668	0.7683295894936936	NONCODEv6_ATH.fa
NONATHT003974	lncRNA	0.14169228056450775	0.8583077194354927	NONCODEv6_ATH.fa
NONATHT003975	lncRNA	0.007734415697723128	0.9922655843022773	NONCODEv6_ATH.fa
NONATHT003976	lncRNA	0.12678571685006865	0.8732142831499311	NONCODEv6_ATH.fa
NONATHT003977	lncRNA	0.06950091206285464	0.930499087937145	NONCODEv6_ATH.fa
NONATHT003978	lncRNA	0.030744983511236397	0.9692550164887636	NONCODEv6_ATH.fa
NONATHT003979	lncRNA	0.36983220810091666	0.6301677918990831	NONCODEv6_ATH.fa
NONATHT003980	lncRNA	0.11890268377741624	0.8810973162225834	NONCODEv6_ATH.fa
NONATHT003981	lncRNA	0.3134153077618917	0.6865846922381078	NONCODEv6_ATH.fa
NONATHT003982	lncRNA	0.04903542038739507	0.9509645796126046	NONCODEv6_ATH.fa
NONATHT003983	lncRNA	0.2762147805745677	0.7237852194254322	NONCODEv6_ATH.fa
NONATHT003984	lncRNA	0.26472196592224073	0.7352780340777589	NONCODEv6_ATH.fa
NONATHT003985	lncRNA	0.3908470393892113	0.6091529606107884	NONCODEv6_ATH.fa
NONATHT003986	lncRNA	0.16788859971487896	0.8321114002851207	NONCODEv6_ATH.fa
NONATHT003987	lncRNA	0.13082670177077335	0.8691732982292264	NONCODEv6_ATH.fa
NONATHT003988	lncRNA	0.06439230049849007	0.93560769950151	NONCODEv6_ATH.fa
NONATHT003989	lncRNA	0.48703859663952664	0.5129614033604736	NONCODEv6_ATH.fa
NONATHT003990	lncRNA	0.27054199491162234	0.7294580050883775	NONCODEv6_ATH.fa
NONATHT003991	lncRNA	0.4071388877900639	0.5928611122099359	NONCODEv6_ATH.fa
NONATHT003992	lncRNA	0.06667757185471583	0.9333224281452845	NONCODEv6_ATH.fa
NONATHT003993	lncRNA	0.049885626676311474	0.9501143733236879	NONCODEv6_ATH.fa
NONATHT003994	lncRNA	0.05863879856150863	0.9413612014384917	NONCODEv6_ATH.fa
NONATHT003995	lncRNA	0.26498612617390366	0.735013873826096	NONCODEv6_ATH.fa
NONATHT003996	lncRNA	0.07090986928364244	0.9290901307163574	NONCODEv6_ATH.fa
NONATHT003997	lncRNA	0.10614504337616792	0.893854956623832	NONCODEv6_ATH.fa
NONATHT003998	lncRNA	0.06606907783399713	0.9339309221660024	NONCODEv6_ATH.fa
NONATHT003999	lncRNA	0.0781753660199245	0.9218246339800753	NONCODEv6_ATH.fa
NONATHT004000	lncRNA	0.014531882648855025	0.9854681173511454	NONCODEv6_ATH.fa
NONATHT004001	lncRNA	0.1717383238274515	0.8282616761725485	NONCODEv6_ATH.fa
NONATHT004002	Protein_Coding	0.5494332321693107	0.4505667678306894	NONCODEv6_ATH.fa
NONATHT004003	lncRNA	0.06394424931099689	0.9360557506890033	NONCODEv6_ATH.fa
NONATHT004004	lncRNA	0.0787080201330044	0.921291979866995	NONCODEv6_ATH.fa
NONATHT004005	lncRNA	0.17292900275477532	0.8270709972452248	NONCODEv6_ATH.fa
NONATHT004006	lncRNA	0.04603894703029	0.9539610529697095	NONCODEv6_ATH.fa
NONATHT004007	lncRNA	0.24795405496624284	0.7520459450337571	NONCODEv6_ATH.fa
NONATHT004008	lncRNA	0.2651574835213293	0.7348425164786706	NONCODEv6_ATH.fa
NONATHT004009	lncRNA	0.16010829674742352	0.839891703252576	NONCODEv6_ATH.fa
NONATHT004010	lncRNA	0.24582580109813498	0.7541741989018652	NONCODEv6_ATH.fa
NONATHT004011	lncRNA	0.24582580109813498	0.7541741989018652	NONCODEv6_ATH.fa
NONATHT004012	lncRNA	0.03768226109544555	0.9623177389045542	NONCODEv6_ATH.fa
NONATHT004013	lncRNA	0.4067950718435132	0.5932049281564865	NONCODEv6_ATH.fa
NONATHT004014	lncRNA	0.050077910047687295	0.949922089952313	NONCODEv6_ATH.fa
NONATHT004015	lncRNA	0.15077663050551526	0.8492233694944847	NONCODEv6_ATH.fa
NONATHT004016	Protein_Coding	0.5402143044606585	0.4597856955393413	NONCODEv6_ATH.fa
NONATHT004017	lncRNA	0.15692242745392646	0.8430775725460731	NONCODEv6_ATH.fa
NONATHT004018	lncRNA	0.06272395648882491	0.9372760435111759	NONCODEv6_ATH.fa
NONATHT004019	lncRNA	0.07739703071850004	0.9226029692814998	NONCODEv6_ATH.fa
NONATHT004020	lncRNA	0.19801568565840943	0.8019843143415906	NONCODEv6_ATH.fa
NONATHT004021	Protein_Coding	0.5140102999789369	0.4859897000210631	NONCODEv6_ATH.fa
NONATHT004022	lncRNA	0.07666994802637037	0.9233300519736295	NONCODEv6_ATH.fa
NONATHT004023	lncRNA	0.20355685209765537	0.7964431479023443	NONCODEv6_ATH.fa
NONATHT004024	lncRNA	0.029150981899562885	0.9708490181004381	NONCODEv6_ATH.fa
NONATHT004025	lncRNA	0.0708144840620238	0.9291855159379758	NONCODEv6_ATH.fa
NONATHT004026	lncRNA	0.25504567650249954	0.7449543234975	NONCODEv6_ATH.fa
NONATHT004027	lncRNA	0.14667108742790802	0.8533289125720919	NONCODEv6_ATH.fa
NONATHT004028	lncRNA	0.08007249060009637	0.9199275093999039	NONCODEv6_ATH.fa
NONATHT004029	lncRNA	0.3162485809474414	0.6837514190525582	NONCODEv6_ATH.fa
NONATHT004030	lncRNA	0.09749904120060573	0.9025009587993937	NONCODEv6_ATH.fa
NONATHT004031	lncRNA	0.16880223736969965	0.8311977626302997	NONCODEv6_ATH.fa
NONATHT004032	lncRNA	0.04719187548768513	0.9528081245123149	NONCODEv6_ATH.fa
NONATHT004033	lncRNA	0.3954379268962789	0.6045620731037207	NONCODEv6_ATH.fa
NONATHT004034	lncRNA	0.03301658807602644	0.9669834119239732	NONCODEv6_ATH.fa
NONATHT004035	lncRNA	0.1668188089581479	0.8331811910418517	NONCODEv6_ATH.fa
NONATHT004036	lncRNA	0.49178681640258753	0.5082131835974124	NONCODEv6_ATH.fa
NONATHT004037	lncRNA	0.49178681640258753	0.5082131835974124	NONCODEv6_ATH.fa
NONATHT004038	lncRNA	0.48066694580856156	0.5193330541914385	NONCODEv6_ATH.fa
NONATHT004039	lncRNA	0.184538599742641	0.8154614002573589	NONCODEv6_ATH.fa
NONATHT004040	lncRNA	0.1845009796451911	0.8154990203548088	NONCODEv6_ATH.fa
NONATHT004041	lncRNA	0.254243669371094	0.7457563306289057	NONCODEv6_ATH.fa
NONATHT004042	lncRNA	0.39654491638595074	0.6034550836140491	NONCODEv6_ATH.fa
NONATHT004043	lncRNA	0.22471553454378732	0.7752844654562125	NONCODEv6_ATH.fa
NONATHT004044	lncRNA	0.07482247637706513	0.9251775236229347	NONCODEv6_ATH.fa
NONATHT004045	lncRNA	0.053134381295261074	0.9468656187047387	NONCODEv6_ATH.fa
NONATHT004046	lncRNA	0.3138722320549846	0.6861277679450151	NONCODEv6_ATH.fa
