Transcript_ID	Prediction	Prob_Protein_Coding	Prob_lncRNA	FASTA_File
NONCELT000006.2	lncRNA	0.17096442662572958	0.829035573374271	NONCODEv6_celegans.fa
NONCELT000022.2	lncRNA	0.18422130942940806	0.8157786905705923	NONCODEv6_celegans.fa
NONCELT000029.2	lncRNA	0.09553039535136451	0.9044696046486363	NONCODEv6_celegans.fa
NONCELT000035.2	lncRNA	0.15205500950450848	0.8479449904954918	NONCODEv6_celegans.fa
NONCELT000039.2	lncRNA	0.07277910018997773	0.9272208998100231	NONCODEv6_celegans.fa
NONCELT000042.2	lncRNA	0.021038143427675963	0.9789618565723248	NONCODEv6_celegans.fa
NONCELT000047.2	lncRNA	0.16976921496297337	0.8302307850370266	NONCODEv6_celegans.fa
NONCELT000050.2	lncRNA	0.0787760048029968	0.9212239951970035	NONCODEv6_celegans.fa
NONCELT000062.2	lncRNA	0.0960845118401635	0.9039154881598374	NONCODEv6_celegans.fa
NONCELT000063.2	lncRNA	0.12410494514659853	0.8758950548534022	NONCODEv6_celegans.fa
NONCELT000068.2	lncRNA	0.07837554565278972	0.9216244543472102	NONCODEv6_celegans.fa
NONCELT000070.2	lncRNA	0.017876205570389204	0.9821237944296112	NONCODEv6_celegans.fa
NONCELT000087.2	lncRNA	0.12341018337658924	0.8765898166234111	NONCODEv6_celegans.fa
NONCELT000090.2	lncRNA	0.2740645950549265	0.7259354049450741	NONCODEv6_celegans.fa
NONCELT000094.2	lncRNA	0.06538881214345331	0.9346111878565473	NONCODEv6_celegans.fa
NONCELT000097.2	lncRNA	0.27609011662440003	0.7239098833756	NONCODEv6_celegans.fa
NONCELT000102.2	lncRNA	0.10240291503474698	0.8975970849652528	NONCODEv6_celegans.fa
NONCELT000103.2	lncRNA	0.07101718507561158	0.9289828149243882	NONCODEv6_celegans.fa
NONCELT000128.2	lncRNA	0.25249342617813175	0.7475065738218681	NONCODEv6_celegans.fa
NONCELT000135.2	lncRNA	0.21441819704183795	0.7855818029581625	NONCODEv6_celegans.fa
NONCELT000136.2	lncRNA	0.2914997691764549	0.7085002308235453	NONCODEv6_celegans.fa
NONCELT000140.2	Protein_Coding	0.7189839946542184	0.2810160053457819	NONCODEv6_celegans.fa
NONCELT000143.2	lncRNA	0.37543145508057185	0.6245685449194284	NONCODEv6_celegans.fa
NONCELT000154.2	lncRNA	0.2748526588285855	0.7251473411714139	NONCODEv6_celegans.fa
NONCELT000158.2	lncRNA	0.1918421566959391	0.8081578433040607	NONCODEv6_celegans.fa
NONCELT000171.2	lncRNA	0.11763337061270347	0.8823666293872968	NONCODEv6_celegans.fa
NONCELT000177.2	lncRNA	0.07266540979778477	0.9273345902022154	NONCODEv6_celegans.fa
NONCELT000193.2	lncRNA	0.236969334769293	0.7630306652307075	NONCODEv6_celegans.fa
NONCELT000194.2	lncRNA	0.2002322960346807	0.7997677039653195	NONCODEv6_celegans.fa
NONCELT000195.2	lncRNA	0.11666870163988038	0.8833312983601196	NONCODEv6_celegans.fa
NONCELT000197.2	lncRNA	0.26575030518919	0.73424969481081	NONCODEv6_celegans.fa
NONCELT000198.2	lncRNA	0.20915153497466119	0.790848465025339	NONCODEv6_celegans.fa
NONCELT000216.2	lncRNA	0.06371984680279262	0.9362801531972078	NONCODEv6_celegans.fa
NONCELT000221.2	lncRNA	0.058809086590778756	0.9411909134092216	NONCODEv6_celegans.fa
NONCELT000229.2	lncRNA	0.4052966249517817	0.5947033750482182	NONCODEv6_celegans.fa
NONCELT000230.2	lncRNA	0.2210692376460073	0.7789307623539926	NONCODEv6_celegans.fa
NONCELT000233.2	lncRNA	0.0405490853306824	0.9594509146693181	NONCODEv6_celegans.fa
NONCELT000234.2	lncRNA	0.11267468413614475	0.8873253158638558	NONCODEv6_celegans.fa
NONCELT000236.2	lncRNA	0.39962829721701865	0.6003717027829816	NONCODEv6_celegans.fa
NONCELT000238.2	lncRNA	0.03657097003216295	0.9634290299678374	NONCODEv6_celegans.fa
NONCELT000253.2	lncRNA	0.363806393293292	0.6361936067067079	NONCODEv6_celegans.fa
NONCELT000254.2	lncRNA	0.13170762553448806	0.868292374465512	NONCODEv6_celegans.fa
NONCELT000278.2	lncRNA	0.08612936803040849	0.913870631969592	NONCODEv6_celegans.fa
NONCELT000279.2	lncRNA	0.1052258263237299	0.8947741736762703	NONCODEv6_celegans.fa
NONCELT000297.2	lncRNA	0.4307649195041288	0.5692350804958711	NONCODEv6_celegans.fa
NONCELT000298.2	lncRNA	0.1858172507698953	0.8141827492301054	NONCODEv6_celegans.fa
NONCELT000299.2	lncRNA	0.23331517469365354	0.7666848253063469	NONCODEv6_celegans.fa
NONCELT000301.2	lncRNA	0.3806666361519412	0.6193333638480588	NONCODEv6_celegans.fa
NONCELT000310.2	lncRNA	0.08253672521635026	0.9174632747836501	NONCODEv6_celegans.fa
NONCELT000321.2	lncRNA	0.18536906819951351	0.8146309318004862	NONCODEv6_celegans.fa
NONCELT000322.2	lncRNA	0.14535821818125927	0.8546417818187408	NONCODEv6_celegans.fa
NONCELT000323.2	lncRNA	0.16657534095929155	0.8334246590407087	NONCODEv6_celegans.fa
NONCELT000336.2	lncRNA	0.1469372872820002	0.853062712718	NONCODEv6_celegans.fa
NONCELT000339.2	lncRNA	0.26489071437598877	0.7351092856240118	NONCODEv6_celegans.fa
NONCELT000340.2	lncRNA	0.11425400919773743	0.885745990802263	NONCODEv6_celegans.fa
NONCELT000381.2	lncRNA	0.26998594387993946	0.7300140561200611	NONCODEv6_celegans.fa
NONCELT000382.2	lncRNA	0.1180619322013698	0.8819380677986299	NONCODEv6_celegans.fa
NONCELT000388.2	lncRNA	0.02628921746648552	0.973710782533515	NONCODEv6_celegans.fa
NONCELT000403.2	lncRNA	0.17360846125586776	0.8263915387441324	NONCODEv6_celegans.fa
NONCELT000409.2	lncRNA	0.13312646043694695	0.8668735395630529	NONCODEv6_celegans.fa
NONCELT000426.2	lncRNA	0.17493125423276656	0.8250687457672334	NONCODEv6_celegans.fa
NONCELT000435.2	lncRNA	0.2289081255716149	0.7710918744283849	NONCODEv6_celegans.fa
NONCELT000436.2	lncRNA	0.10012512511698586	0.8998748748830141	NONCODEv6_celegans.fa
NONCELT000442.2	lncRNA	0.15443604530354707	0.8455639546964531	NONCODEv6_celegans.fa
NONCELT000451.2	lncRNA	0.1186092304185424	0.8813907695814578	NONCODEv6_celegans.fa
NONCELT000456.2	lncRNA	0.1413449828072324	0.8586550171927672	NONCODEv6_celegans.fa
NONCELT000459.2	lncRNA	0.19119748407901913	0.8088025159209817	NONCODEv6_celegans.fa
NONCELT000488.2	lncRNA	0.0996063465399394	0.9003936534600611	NONCODEv6_celegans.fa
NONCELT000497.2	lncRNA	0.05808026475184233	0.941919735248158	NONCODEv6_celegans.fa
NONCELT000502.2	lncRNA	0.2267706690435399	0.7732293309564601	NONCODEv6_celegans.fa
NONCELT000506.2	lncRNA	0.120721294448412	0.8792787055515878	NONCODEv6_celegans.fa
NONCELT000509.2	lncRNA	0.4013832625876924	0.5986167374123078	NONCODEv6_celegans.fa
NONCELT000510.2	Protein_Coding	0.6342185533961147	0.3657814466038855	NONCODEv6_celegans.fa
NONCELT000515.2	lncRNA	0.12593179778442717	0.8740682022155731	NONCODEv6_celegans.fa
NONCELT000519.2	lncRNA	0.11931655196926913	0.880683448030731	NONCODEv6_celegans.fa
NONCELT000536.2	lncRNA	0.09349282045588393	0.9065071795441164	NONCODEv6_celegans.fa
NONCELT000537.2	lncRNA	0.028580148162224005	0.9714198518377767	NONCODEv6_celegans.fa
NONCELT000541.2	Protein_Coding	0.7273788969554216	0.27262110304457826	NONCODEv6_celegans.fa
NONCELT000542.2	lncRNA	0.17030585491294695	0.8296941450870531	NONCODEv6_celegans.fa
NONCELT000560.2	Protein_Coding	0.6439930428767419	0.3560069571232579	NONCODEv6_celegans.fa
NONCELT000565.2	lncRNA	0.20813831378268327	0.7918616862173169	NONCODEv6_celegans.fa
NONCELT000574.2	lncRNA	0.3284090411328188	0.6715909588671811	NONCODEv6_celegans.fa
NONCELT000576.2	lncRNA	0.10476691468224157	0.895233085317759	NONCODEv6_celegans.fa
NONCELT000577.2	lncRNA	0.14471756121362495	0.8552824387863758	NONCODEv6_celegans.fa
NONCELT000580.2	lncRNA	0.3442954905091481	0.6557045094908516	NONCODEv6_celegans.fa
NONCELT000604.2	lncRNA	0.3196090458686248	0.6803909541313748	NONCODEv6_celegans.fa
NONCELT000611.2	lncRNA	0.0195057793191652	0.980494220680835	NONCODEv6_celegans.fa
NONCELT000613.2	lncRNA	0.11671139926585035	0.8832886007341494	NONCODEv6_celegans.fa
NONCELT000614.2	lncRNA	0.16027206853867115	0.8397279314613298	NONCODEv6_celegans.fa
NONCELT000620.2	lncRNA	0.08481090678136725	0.9151890932186331	NONCODEv6_celegans.fa
NONCELT000621.2	lncRNA	0.09600874067375832	0.9039912593262421	NONCODEv6_celegans.fa
NONCELT000635.2	lncRNA	0.07379162406326142	0.9262083759367391	NONCODEv6_celegans.fa
NONCELT000646.2	lncRNA	0.08073113081443477	0.9192688691855649	NONCODEv6_celegans.fa
NONCELT000656.2	lncRNA	0.06207693080400891	0.9379230691959911	NONCODEv6_celegans.fa
NONCELT000658.2	lncRNA	0.08409717560195804	0.9159028243980418	NONCODEv6_celegans.fa
NONCELT000672.2	lncRNA	0.03897874870081405	0.9610212512991867	NONCODEv6_celegans.fa
NONCELT000698.2	lncRNA	0.1388616498439051	0.8611383501560951	NONCODEv6_celegans.fa
NONCELT000699.2	lncRNA	0.13713113713367273	0.862868862866327	NONCODEv6_celegans.fa
NONCELT000706.2	lncRNA	0.14202171332483848	0.857978286675162	NONCODEv6_celegans.fa
NONCELT000710.2	lncRNA	0.16419226894782188	0.8358077310521782	NONCODEv6_celegans.fa
NONCELT000727.2	lncRNA	0.09597464080890997	0.90402535919109	NONCODEv6_celegans.fa
NONCELT000730.2	lncRNA	0.0986738823179458	0.9013261176820545	NONCODEv6_celegans.fa
NONCELT000732.2	lncRNA	0.09644035152859624	0.9035596484714039	NONCODEv6_celegans.fa
NONCELT000734.2	lncRNA	0.09263288853736629	0.9073671114626339	NONCODEv6_celegans.fa
NONCELT000739.2	lncRNA	0.10344462162123746	0.8965553783787623	NONCODEv6_celegans.fa
NONCELT000743.2	lncRNA	0.12543889283050544	0.8745611071694946	NONCODEv6_celegans.fa
NONCELT000762.2	lncRNA	0.024313215447316613	0.9756867845526834	NONCODEv6_celegans.fa
NONCELT000764.2	lncRNA	0.24385347459045909	0.7561465254095407	NONCODEv6_celegans.fa
NONCELT000765.2	lncRNA	0.13965278983253057	0.8603472101674697	NONCODEv6_celegans.fa
NONCELT000768.2	lncRNA	0.1847560303892462	0.8152439696107541	NONCODEv6_celegans.fa
NONCELT000769.2	lncRNA	0.16936625470864694	0.8306337452913528	NONCODEv6_celegans.fa
NONCELT000781.2	lncRNA	0.055532720851959816	0.9444672791480406	NONCODEv6_celegans.fa
NONCELT000788.2	lncRNA	0.1913638250242368	0.8086361749757641	NONCODEv6_celegans.fa
NONCELT000792.2	lncRNA	0.08427418758996533	0.9157258124100347	NONCODEv6_celegans.fa
NONCELT000799.2	lncRNA	0.13793733407828812	0.8620626659217124	NONCODEv6_celegans.fa
NONCELT000800.2	lncRNA	0.323097862582293	0.6769021374177071	NONCODEv6_celegans.fa
NONCELT000811.2	lncRNA	0.28629204294120897	0.7137079570587916	NONCODEv6_celegans.fa
NONCELT000812.2	lncRNA	0.25191772464966816	0.7480822753503317	NONCODEv6_celegans.fa
NONCELT000813.2	lncRNA	0.13443395144650266	0.8655660485534976	NONCODEv6_celegans.fa
NONCELT000819.2	lncRNA	0.22423496216061736	0.7757650378393829	NONCODEv6_celegans.fa
NONCELT000822.2	lncRNA	0.10770858921480325	0.8922914107851969	NONCODEv6_celegans.fa
NONCELT000823.2	lncRNA	0.08498648877478122	0.9150135112252188	NONCODEv6_celegans.fa
NONCELT000826.2	lncRNA	0.08435368855688188	0.9156463114431183	NONCODEv6_celegans.fa
NONCELT000832.2	lncRNA	0.20990506403108036	0.7900949359689191	NONCODEv6_celegans.fa
NONCELT000843.2	Protein_Coding	0.6696092564162561	0.33039074358374376	NONCODEv6_celegans.fa
NONCELT000846.2	lncRNA	0.20081127209451943	0.7991887279054807	NONCODEv6_celegans.fa
NONCELT000851.2	lncRNA	0.4803079794915407	0.5196920205084595	NONCODEv6_celegans.fa
NONCELT000852.2	lncRNA	0.26641330942158714	0.7335866905784129	NONCODEv6_celegans.fa
NONCELT000854.2	Protein_Coding	0.5015553725488271	0.49844462745117285	NONCODEv6_celegans.fa
NONCELT000856.2	Protein_Coding	0.5816974999028087	0.41830250009719133	NONCODEv6_celegans.fa
NONCELT000857.2	lncRNA	0.023472450505630408	0.97652754949437	NONCODEv6_celegans.fa
NONCELT000859.2	lncRNA	0.023352311620336505	0.9766476883796634	NONCODEv6_celegans.fa
NONCELT000861.2	lncRNA	0.2308694380976804	0.7691305619023199	NONCODEv6_celegans.fa
NONCELT000866.2	lncRNA	0.11285054001786934	0.887149459982131	NONCODEv6_celegans.fa
NONCELT000872.2	lncRNA	0.08686455950777756	0.9131354404922225	NONCODEv6_celegans.fa
NONCELT000873.2	lncRNA	0.1615176904239089	0.8384823095760913	NONCODEv6_celegans.fa
NONCELT000877.2	lncRNA	0.17799879993111634	0.8220012000688836	NONCODEv6_celegans.fa
NONCELT000880.2	lncRNA	0.4088364006834915	0.5911635993165085	NONCODEv6_celegans.fa
NONCELT000883.2	lncRNA	0.10666949957523389	0.893330500424766	NONCODEv6_celegans.fa
NONCELT000897.2	lncRNA	0.13804009160577993	0.8619599083942201	NONCODEv6_celegans.fa
NONCELT000921.2	lncRNA	0.38825136274107086	0.6117486372589293	NONCODEv6_celegans.fa
NONCELT000925.2	lncRNA	0.19834934162811985	0.8016506583718808	NONCODEv6_celegans.fa
NONCELT000928.2	lncRNA	0.11187390301331022	0.88812609698669	NONCODEv6_celegans.fa
NONCELT000940.2	lncRNA	0.25530359549406284	0.7446964045059374	NONCODEv6_celegans.fa
NONCELT000941.2	lncRNA	0.31274899597061917	0.687251004029381	NONCODEv6_celegans.fa
NONCELT000978.2	lncRNA	0.14078076714271517	0.8592192328572852	NONCODEv6_celegans.fa
NONCELT001018.2	lncRNA	0.16725793238388406	0.8327420676161159	NONCODEv6_celegans.fa
NONCELT001027.2	lncRNA	0.35943037731426186	0.6405696226857384	NONCODEv6_celegans.fa
NONCELT001045.2	Protein_Coding	0.7091973366580246	0.2908026633419753	NONCODEv6_celegans.fa
NONCELT001054.2	lncRNA	0.17714497075011557	0.8228550292498844	NONCODEv6_celegans.fa
NONCELT001057.2	lncRNA	0.2647651799234643	0.735234820076536	NONCODEv6_celegans.fa
NONCELT001063.2	Protein_Coding	0.6450803484553631	0.35491965154463667	NONCODEv6_celegans.fa
NONCELT001074.2	lncRNA	0.23962003059838807	0.7603799694016117	NONCODEv6_celegans.fa
NONCELT001102.2	Protein_Coding	0.5031756501959599	0.49682434980404006	NONCODEv6_celegans.fa
NONCELT001109.2	lncRNA	0.15592869329852244	0.8440713067014776	NONCODEv6_celegans.fa
NONCELT001113.2	lncRNA	0.15592869329852244	0.8440713067014776	NONCODEv6_celegans.fa
NONCELT001117.2	lncRNA	0.0879750899854779	0.912024910014522	NONCODEv6_celegans.fa
NONCELT001118.2	lncRNA	0.4723644731058765	0.5276355268941236	NONCODEv6_celegans.fa
NONCELT001119.2	lncRNA	0.24234236526915537	0.7576576347308448	NONCODEv6_celegans.fa
NONCELT001120.2	lncRNA	0.14425061178648113	0.8557493882135186	NONCODEv6_celegans.fa
NONCELT001127.2	lncRNA	0.06039888768109344	0.9396011123189066	NONCODEv6_celegans.fa
NONCELT001128.2	lncRNA	0.14147043041653973	0.8585295695834602	NONCODEv6_celegans.fa
NONCELT001137.2	Protein_Coding	0.6807112385146425	0.31928876148535756	NONCODEv6_celegans.fa
NONCELT001138.2	lncRNA	0.08754996147980364	0.9124500385201967	NONCODEv6_celegans.fa
NONCELT001141.2	lncRNA	0.09956551524196403	0.9004344847580357	NONCODEv6_celegans.fa
NONCELT001142.2	lncRNA	0.1628139090685799	0.8371860909314197	NONCODEv6_celegans.fa
NONCELT001145.2	lncRNA	0.09956551524196403	0.9004344847580357	NONCODEv6_celegans.fa
NONCELT001146.2	lncRNA	0.1628139090685799	0.8371860909314197	NONCODEv6_celegans.fa
NONCELT001149.2	lncRNA	0.13547013711193187	0.8645298628880682	NONCODEv6_celegans.fa
NONCELT001151.2	lncRNA	0.24234236526915537	0.7576576347308448	NONCODEv6_celegans.fa
NONCELT001152.2	lncRNA	0.14425061178648113	0.8557493882135186	NONCODEv6_celegans.fa
NONCELT001155.2	Protein_Coding	0.7613030028818285	0.23869699711817113	NONCODEv6_celegans.fa
NONCELT001164.2	Protein_Coding	0.6934984809941828	0.30650151900581724	NONCODEv6_celegans.fa
NONCELT001169.2	lncRNA	0.3622373095856346	0.6377626904143654	NONCODEv6_celegans.fa
NONCELT001171.2	lncRNA	0.3492059997970557	0.6507940002029444	NONCODEv6_celegans.fa
NONCELT001176.2	lncRNA	0.1458908281745941	0.854109171825406	NONCODEv6_celegans.fa
NONCELT001178.2	lncRNA	0.24085180024436134	0.7591481997556384	NONCODEv6_celegans.fa
NONCELT001179.2	lncRNA	0.3462036535753556	0.653796346424644	NONCODEv6_celegans.fa
NONCELT001188.2	lncRNA	0.4131566548498976	0.5868433451501024	NONCODEv6_celegans.fa
NONCELT001189.2	lncRNA	0.16530192611516722	0.8346980738848329	NONCODEv6_celegans.fa
NONCELT001190.2	Protein_Coding	0.6891822572541577	0.31081774274584234	NONCODEv6_celegans.fa
NONCELT001195.2	lncRNA	0.17192955350315994	0.8280704464968398	NONCODEv6_celegans.fa
NONCELT001197.2	lncRNA	0.2576167087008163	0.7423832912991838	NONCODEv6_celegans.fa
NONCELT001205.2	lncRNA	0.06226679056078908	0.9377332094392112	NONCODEv6_celegans.fa
NONCELT001206.2	lncRNA	0.27226528466060046	0.7277347153393999	NONCODEv6_celegans.fa
NONCELT001207.2	lncRNA	0.3275702564232219	0.6724297435767775	NONCODEv6_celegans.fa
NONCELT001208.2	lncRNA	0.09663559213526914	0.9033644078647308	NONCODEv6_celegans.fa
NONCELT001210.2	lncRNA	0.13822760462679415	0.861772395373206	NONCODEv6_celegans.fa
NONCELT001211.2	lncRNA	0.20572120905798502	0.7942787909420153	NONCODEv6_celegans.fa
NONCELT001212.2	lncRNA	0.012866146175667984	0.987133853824332	NONCODEv6_celegans.fa
NONCELT001214.2	lncRNA	0.01139698433662385	0.9886030156633762	NONCODEv6_celegans.fa
NONCELT001218.2	Protein_Coding	0.5101379162449906	0.48986208375500934	NONCODEv6_celegans.fa
NONCELT001228.2	Protein_Coding	0.6117356911162342	0.3882643088837656	NONCODEv6_celegans.fa
NONCELT001231.2	Protein_Coding	0.5647810636045423	0.4352189363954579	NONCODEv6_celegans.fa
NONCELT001259.2	lncRNA	0.30327914031882264	0.6967208596811774	NONCODEv6_celegans.fa
NONCELT001269.2	lncRNA	0.09920181004458063	0.9007981899554196	NONCODEv6_celegans.fa
NONCELT001270.2	lncRNA	0.07345870074524502	0.926541299254755	NONCODEv6_celegans.fa
NONCELT001275.2	Protein_Coding	0.7760453171639978	0.22395468283600195	NONCODEv6_celegans.fa
NONCELT001280.2	Protein_Coding	0.5376223175093563	0.4623776824906437	NONCODEv6_celegans.fa
NONCELT001291.2	lncRNA	0.13193280461535234	0.8680671953846478	NONCODEv6_celegans.fa
NONCELT001293.2	lncRNA	0.17422925462075942	0.8257707453792407	NONCODEv6_celegans.fa
NONCELT001306.2	lncRNA	0.044952993725142734	0.9550470062748577	NONCODEv6_celegans.fa
NONCELT001339.2	lncRNA	0.13932445222354686	0.8606755477764533	NONCODEv6_celegans.fa
NONCELT001346.2	lncRNA	0.45085576834592944	0.5491442316540707	NONCODEv6_celegans.fa
NONCELT001355.2	lncRNA	0.044735374138391654	0.9552646258616088	NONCODEv6_celegans.fa
NONCELT001361.2	lncRNA	0.29521971048196133	0.7047802895180395	NONCODEv6_celegans.fa
NONCELT001363.2	lncRNA	0.12061471099738767	0.8793852890026125	NONCODEv6_celegans.fa
NONCELT001370.2	Protein_Coding	0.5725296003271501	0.4274703996728499	NONCODEv6_celegans.fa
NONCELT001371.2	lncRNA	0.4242560730375149	0.5757439269624854	NONCODEv6_celegans.fa
NONCELT001374.2	lncRNA	0.10425961327525549	0.8957403867247445	NONCODEv6_celegans.fa
NONCELT001377.2	lncRNA	0.18532280977097437	0.8146771902290255	NONCODEv6_celegans.fa
NONCELT001384.2	lncRNA	0.21770228681449016	0.7822977131855099	NONCODEv6_celegans.fa
NONCELT001385.2	lncRNA	0.4039803585132248	0.5960196414867757	NONCODEv6_celegans.fa
NONCELT001387.2	lncRNA	0.18100427093848664	0.8189957290615136	NONCODEv6_celegans.fa
NONCELT001388.2	lncRNA	0.1313002427193256	0.868699757280675	NONCODEv6_celegans.fa
NONCELT001392.2	lncRNA	0.40349612470549834	0.596503875294502	NONCODEv6_celegans.fa
NONCELT001394.2	lncRNA	0.18100427093848664	0.8189957290615136	NONCODEv6_celegans.fa
NONCELT001395.2	lncRNA	0.1313002427193256	0.868699757280675	NONCODEv6_celegans.fa
NONCELT001401.2	lncRNA	0.018782677743352624	0.9812173222566477	NONCODEv6_celegans.fa
NONCELT001407.2	lncRNA	0.1399006053904452	0.8600993946095545	NONCODEv6_celegans.fa
NONCELT001411.2	lncRNA	0.1702659594375962	0.829734040562404	NONCODEv6_celegans.fa
NONCELT001443.2	Protein_Coding	0.543844578463773	0.4561554215362271	NONCODEv6_celegans.fa
NONCELT001456.2	lncRNA	0.041072794992597764	0.9589272050074028	NONCODEv6_celegans.fa
NONCELT001457.2	lncRNA	0.09607749078334549	0.9039225092166546	NONCODEv6_celegans.fa
NONCELT001462.2	lncRNA	0.014231872887710424	0.98576812711229	NONCODEv6_celegans.fa
NONCELT001467.2	Protein_Coding	0.8194402748903374	0.1805597251096625	NONCODEv6_celegans.fa
NONCELT001468.2	lncRNA	0.35741135620193093	0.6425886437980692	NONCODEv6_celegans.fa
NONCELT001476.2	lncRNA	0.030309968538120385	0.9696900314618798	NONCODEv6_celegans.fa
NONCELT001477.2	lncRNA	0.04140949854529957	0.9585905014547008	NONCODEv6_celegans.fa
NONCELT001483.2	Protein_Coding	0.5128764581577354	0.4871235418422646	NONCODEv6_celegans.fa
NONCELT001484.2	lncRNA	0.424674945469623	0.575325054530377	NONCODEv6_celegans.fa
NONCELT001485.2	lncRNA	0.14098544075975522	0.8590145592402452	NONCODEv6_celegans.fa
NONCELT001486.2	lncRNA	0.09781505543902742	0.9021849445609728	NONCODEv6_celegans.fa
NONCELT001490.2	lncRNA	0.1456074825031645	0.8543925174968359	NONCODEv6_celegans.fa
NONCELT001559.2	lncRNA	0.017000984840672768	0.9829990151593276	NONCODEv6_celegans.fa
NONCELT001560.2	lncRNA	0.02034048314741324	0.979659516852587	NONCODEv6_celegans.fa
NONCELT001570.2	Protein_Coding	0.6264143153484308	0.373585684651569	NONCODEv6_celegans.fa
NONCELT001577.2	Protein_Coding	0.6387844313258361	0.36121556867416393	NONCODEv6_celegans.fa
NONCELT001582.2	lncRNA	0.13311318135150652	0.8668868186484938	NONCODEv6_celegans.fa
NONCELT001583.2	lncRNA	0.10668548227370875	0.8933145177262916	NONCODEv6_celegans.fa
NONCELT001592.2	lncRNA	0.13678911620289771	0.8632108837971023	NONCODEv6_celegans.fa
NONCELT001593.2	lncRNA	0.15576644904331577	0.8442335509566842	NONCODEv6_celegans.fa
NONCELT001600.2	Protein_Coding	0.7093942347001102	0.2906057652998895	NONCODEv6_celegans.fa
NONCELT001605.2	lncRNA	0.18213124812801978	0.8178687518719799	NONCODEv6_celegans.fa
NONCELT001606.2	lncRNA	0.32794775466383075	0.6720522453361695	NONCODEv6_celegans.fa
NONCELT001613.2	Protein_Coding	0.7217050145987496	0.2782949854012504	NONCODEv6_celegans.fa
NONCELT001629.2	lncRNA	0.06258319199781597	0.9374168080021843	NONCODEv6_celegans.fa
NONCELT001630.2	lncRNA	0.07761265406509904	0.9223873459349013	NONCODEv6_celegans.fa
NONCELT001637.2	Protein_Coding	0.5298102349350284	0.4701897650649715	NONCODEv6_celegans.fa
NONCELT001638.2	Protein_Coding	0.6463321258623348	0.35366787413766526	NONCODEv6_celegans.fa
NONCELT001639.2	lncRNA	0.15756375682082222	0.8424362431791781	NONCODEv6_celegans.fa
NONCELT001640.2	lncRNA	0.1615877495580965	0.8384122504419036	NONCODEv6_celegans.fa
NONCELT001642.2	lncRNA	0.4707240449521267	0.5292759550478732	NONCODEv6_celegans.fa
NONCELT001644.2	lncRNA	0.1513369298356884	0.8486630701643118	NONCODEv6_celegans.fa
NONCELT001648.2	lncRNA	0.09336749396121799	0.906632506038782	NONCODEv6_celegans.fa
NONCELT001684.2	lncRNA	0.04399077751002745	0.9560092224899723	NONCODEv6_celegans.fa
NONCELT001687.2	lncRNA	0.11851659521840635	0.8814834047815937	NONCODEv6_celegans.fa
NONCELT001695.2	lncRNA	0.06615173289186345	0.9338482671081365	NONCODEv6_celegans.fa
NONCELT001707.2	Protein_Coding	0.6393359405795183	0.36066405942048146	NONCODEv6_celegans.fa
NONCELT001711.2	lncRNA	0.2561284645569897	0.7438715354430107	NONCODEv6_celegans.fa
NONCELT001718.2	Protein_Coding	0.6825800938856103	0.3174199061143897	NONCODEv6_celegans.fa
NONCELT001719.2	Protein_Coding	0.5076117882582097	0.4923882117417904	NONCODEv6_celegans.fa
NONCELT001720.2	lncRNA	0.2547961410100746	0.7452038589899251	NONCODEv6_celegans.fa
NONCELT001729.2	lncRNA	0.05513595150157937	0.9448640484984207	NONCODEv6_celegans.fa
NONCELT001730.2	lncRNA	0.03711201678862682	0.962887983211373	NONCODEv6_celegans.fa
NONCELT001736.2	lncRNA	0.18951254081846597	0.810487459181534	NONCODEv6_celegans.fa
NONCELT001737.2	lncRNA	0.13130576184798146	0.8686942381520185	NONCODEv6_celegans.fa
NONCELT001746.2	lncRNA	0.13821019143636565	0.8617898085636345	NONCODEv6_celegans.fa
NONCELT001763.2	Protein_Coding	0.8279020952069152	0.17209790479308443	NONCODEv6_celegans.fa
NONCELT001764.2	Protein_Coding	0.712126188402275	0.2878738115977249	NONCODEv6_celegans.fa
NONCELT001767.2	lncRNA	0.10888351804493446	0.8911164819550658	NONCODEv6_celegans.fa
NONCELT001768.2	lncRNA	0.09603145575062355	0.9039685442493771	NONCODEv6_celegans.fa
NONCELT001769.2	lncRNA	0.06510164851782678	0.9348983514821735	NONCODEv6_celegans.fa
NONCELT001770.2	lncRNA	0.053462183165367626	0.9465378168346327	NONCODEv6_celegans.fa
NONCELT001773.2	lncRNA	0.26891679849317096	0.7310832015068295	NONCODEv6_celegans.fa
NONCELT001775.2	Protein_Coding	0.6052357494490364	0.39476425055096376	NONCODEv6_celegans.fa
NONCELT001779.2	lncRNA	0.3191763432347296	0.6808236567652709	NONCODEv6_celegans.fa
NONCELT001781.2	Protein_Coding	0.6673454790939625	0.33265452090603737	NONCODEv6_celegans.fa
NONCELT001785.2	Protein_Coding	0.5449740550488272	0.4550259449511726	NONCODEv6_celegans.fa
NONCELT001793.2	Protein_Coding	0.6032983030621435	0.39670169693785623	NONCODEv6_celegans.fa
NONCELT001796.2	lncRNA	0.10518527139864	0.89481472860136	NONCODEv6_celegans.fa
NONCELT001809.2	lncRNA	0.011785119019144693	0.9882148809808554	NONCODEv6_celegans.fa
NONCELT001820.2	lncRNA	0.10339291696254539	0.896607083037455	NONCODEv6_celegans.fa
NONCELT001831.2	lncRNA	0.2496083695007383	0.7503916304992618	NONCODEv6_celegans.fa
NONCELT001833.2	lncRNA	0.08766650908389285	0.9123334909161075	NONCODEv6_celegans.fa
NONCELT001840.2	lncRNA	0.10624454604943585	0.8937554539505649	NONCODEv6_celegans.fa
NONCELT001843.2	lncRNA	0.10020822749222902	0.8997917725077714	NONCODEv6_celegans.fa
NONCELT001845.2	lncRNA	0.04669086742389962	0.9533091325761011	NONCODEv6_celegans.fa
NONCELT001858.2	lncRNA	0.017872877513874605	0.9821271224861257	NONCODEv6_celegans.fa
NONCELT001859.2	Protein_Coding	0.5090839567433121	0.490916043256688	NONCODEv6_celegans.fa
NONCELT001871.2	lncRNA	0.22635180368476115	0.7736481963152395	NONCODEv6_celegans.fa
NONCELT001875.2	lncRNA	0.15132979577756905	0.848670204222431	NONCODEv6_celegans.fa
NONCELT001876.2	lncRNA	0.11751832448801576	0.8824816755119843	NONCODEv6_celegans.fa
NONCELT001881.2	lncRNA	0.2777269447924015	0.7222730552075989	NONCODEv6_celegans.fa
NONCELT001882.2	lncRNA	0.1418206829103051	0.8581793170896945	NONCODEv6_celegans.fa
NONCELT001885.2	lncRNA	0.13139941773591227	0.868600582264088	NONCODEv6_celegans.fa
NONCELT001886.2	lncRNA	0.09364056878847707	0.9063594312115231	NONCODEv6_celegans.fa
NONCELT001892.2	lncRNA	0.06711785206445024	0.9328821479355502	NONCODEv6_celegans.fa
NONCELT001901.2	lncRNA	0.14804557155001818	0.851954428449981	NONCODEv6_celegans.fa
NONCELT001907.2	lncRNA	0.1302002084274947	0.8697997915725056	NONCODEv6_celegans.fa
NONCELT001909.2	lncRNA	0.14210364257029753	0.8578963574297028	NONCODEv6_celegans.fa
NONCELT001914.2	lncRNA	0.10033383844169882	0.899666161558301	NONCODEv6_celegans.fa
NONCELT001921.2	lncRNA	0.16700489129143078	0.8329951087085699	NONCODEv6_celegans.fa
NONCELT001922.2	lncRNA	0.2647598565210426	0.7352401434789576	NONCODEv6_celegans.fa
NONCELT001924.2	lncRNA	0.08898162992603746	0.9110183700739628	NONCODEv6_celegans.fa
NONCELT001925.2	lncRNA	0.17821189695587766	0.8217881030441223	NONCODEv6_celegans.fa
NONCELT001940.2	lncRNA	0.31762531299877145	0.6823746870012288	NONCODEv6_celegans.fa
NONCELT001972.2	lncRNA	0.08576204537130233	0.9142379546286976	NONCODEv6_celegans.fa
NONCELT001990.2	lncRNA	0.06128968575724629	0.9387103142427541	NONCODEv6_celegans.fa
NONCELT001991.2	lncRNA	0.08288767130682763	0.9171123286931723	NONCODEv6_celegans.fa
NONCELT001995.2	lncRNA	0.23159390051255926	0.7684060994874411	NONCODEv6_celegans.fa
NONCELT001996.2	lncRNA	0.14903637473557124	0.850963625264428	NONCODEv6_celegans.fa
NONCELT002011.2	lncRNA	0.22410936916917512	0.7758906308308251	NONCODEv6_celegans.fa
NONCELT002012.2	lncRNA	0.23552315229153123	0.7644768477084691	NONCODEv6_celegans.fa
NONCELT002026.2	lncRNA	0.14954048107301174	0.8504595189269886	NONCODEv6_celegans.fa
NONCELT002027.2	lncRNA	0.15693660308903937	0.8430633969109609	NONCODEv6_celegans.fa
NONCELT002030.2	lncRNA	0.041633716275730114	0.9583662837242704	NONCODEv6_celegans.fa
NONCELT002033.2	lncRNA	0.10795379371798529	0.8920462062820149	NONCODEv6_celegans.fa
NONCELT002035.2	lncRNA	0.261208375376469	0.7387916246235307	NONCODEv6_celegans.fa
NONCELT002048.2	lncRNA	0.09127648591835967	0.9087235140816401	NONCODEv6_celegans.fa
NONCELT002052.2	lncRNA	0.17852066856494903	0.8214793314350513	NONCODEv6_celegans.fa
NONCELT002061.2	lncRNA	0.14414344458239467	0.8558565554176051	NONCODEv6_celegans.fa
NONCELT002085.2	lncRNA	0.21065726325742395	0.7893427367425765	NONCODEv6_celegans.fa
NONCELT002089.2	lncRNA	0.21934922468457924	0.7806507753154215	NONCODEv6_celegans.fa
NONCELT002095.2	lncRNA	0.1440117920918604	0.8559882079081401	NONCODEv6_celegans.fa
NONCELT002099.2	lncRNA	0.09430663957840575	0.9056933604215944	NONCODEv6_celegans.fa
NONCELT002101.2	lncRNA	0.0875728224080012	0.9124271775919991	NONCODEv6_celegans.fa
NONCELT002102.2	lncRNA	0.07640353923523514	0.9235964607647655	NONCODEv6_celegans.fa
NONCELT002108.2	lncRNA	0.18154638732055708	0.8184536126794436	NONCODEv6_celegans.fa
NONCELT002114.2	lncRNA	0.07590967584242031	0.9240903241575801	NONCODEv6_celegans.fa
NONCELT002127.2	lncRNA	0.1851122826658522	0.8148877173341481	NONCODEv6_celegans.fa
NONCELT002129.2	lncRNA	0.10167619962108095	0.8983238003789191	NONCODEv6_celegans.fa
NONCELT002133.2	lncRNA	0.11652565251033883	0.8834743474896614	NONCODEv6_celegans.fa
NONCELT002146.2	lncRNA	0.15566896882985518	0.844331031170145	NONCODEv6_celegans.fa
NONCELT002147.2	lncRNA	0.18910209929075164	0.8108979007092476	NONCODEv6_celegans.fa
NONCELT002149.2	lncRNA	0.06044511088059146	0.939554889119409	NONCODEv6_celegans.fa
NONCELT002160.2	lncRNA	0.11581138146494784	0.8841886185350522	NONCODEv6_celegans.fa
NONCELT002161.2	lncRNA	0.17143147725241076	0.8285685227475895	NONCODEv6_celegans.fa
NONCELT002163.2	lncRNA	0.0927765549883091	0.9072234450116909	NONCODEv6_celegans.fa
NONCELT002168.2	lncRNA	0.045981099382218615	0.9540189006177816	NONCODEv6_celegans.fa
NONCELT002169.2	lncRNA	0.26927209555269205	0.7307279044473074	NONCODEv6_celegans.fa
NONCELT002170.2	lncRNA	0.10624294080832968	0.8937570591916703	NONCODEv6_celegans.fa
NONCELT002171.2	lncRNA	0.13346831950036966	0.8665316804996303	NONCODEv6_celegans.fa
NONCELT002172.2	lncRNA	0.07243198892355392	0.9275680110764462	NONCODEv6_celegans.fa
NONCELT002175.2	lncRNA	0.15014930169109006	0.84985069830891	NONCODEv6_celegans.fa
NONCELT002176.2	lncRNA	0.13352686230745223	0.8664731376925484	NONCODEv6_celegans.fa
NONCELT002178.2	lncRNA	0.15907276567465328	0.8409272343253472	NONCODEv6_celegans.fa
NONCELT002181.2	lncRNA	0.3353511185330513	0.6646488814669493	NONCODEv6_celegans.fa
NONCELT002187.2	lncRNA	0.20641009859283416	0.793589901407166	NONCODEv6_celegans.fa
NONCELT002208.2	lncRNA	0.10250480024692257	0.8974951997530772	NONCODEv6_celegans.fa
NONCELT002209.2	lncRNA	0.11197428915672818	0.8880257108432719	NONCODEv6_celegans.fa
NONCELT002216.2	lncRNA	0.19800435984405265	0.801995640155948	NONCODEv6_celegans.fa
NONCELT002223.2	lncRNA	0.23297558379891373	0.7670244162010865	NONCODEv6_celegans.fa
NONCELT002224.2	lncRNA	0.2525994925616931	0.7474005074383073	NONCODEv6_celegans.fa
NONCELT002226.2	Protein_Coding	0.5293447975689037	0.47065520243109615	NONCODEv6_celegans.fa
NONCELT002228.2	lncRNA	0.015987777896844513	0.9840122221031554	NONCODEv6_celegans.fa
NONCELT002230.2	lncRNA	0.4589969591767233	0.5410030408232767	NONCODEv6_celegans.fa
NONCELT002233.2	lncRNA	0.31375250116701164	0.6862474988329884	NONCODEv6_celegans.fa
NONCELT002234.2	lncRNA	0.06286456440134726	0.9371354355986529	NONCODEv6_celegans.fa
NONCELT002255.2	lncRNA	0.10525647614327775	0.8947435238567227	NONCODEv6_celegans.fa
NONCELT002257.2	lncRNA	0.3702098737287869	0.6297901262712131	NONCODEv6_celegans.fa
NONCELT002258.2	lncRNA	0.2716412277378338	0.7283587722621665	NONCODEv6_celegans.fa
NONCELT002259.2	lncRNA	0.03102014373040266	0.9689798562695976	NONCODEv6_celegans.fa
NONCELT002260.2	lncRNA	0.2674356186845837	0.7325643813154163	NONCODEv6_celegans.fa
NONCELT002261.2	lncRNA	0.1196368020585329	0.8803631979414671	NONCODEv6_celegans.fa
NONCELT002265.2	lncRNA	0.2224217162847368	0.777578283715263	NONCODEv6_celegans.fa
NONCELT002272.2	lncRNA	0.10871066645130828	0.8912893335486917	NONCODEv6_celegans.fa
NONCELT002277.2	lncRNA	0.20929454767331657	0.7907054523266835	NONCODEv6_celegans.fa
NONCELT002308.2	lncRNA	0.190040205692309	0.8099597943076907	NONCODEv6_celegans.fa
NONCELT002310.2	lncRNA	0.10085278786731165	0.8991472121326888	NONCODEv6_celegans.fa
NONCELT002312.2	lncRNA	0.10637919740620988	0.8936208025937904	NONCODEv6_celegans.fa
NONCELT002313.2	lncRNA	0.1541261999050564	0.8458738000949438	NONCODEv6_celegans.fa
NONCELT002314.2	lncRNA	0.047397303230122395	0.9526026967698783	NONCODEv6_celegans.fa
NONCELT002316.2	lncRNA	0.07398505811731357	0.9260149418826871	NONCODEv6_celegans.fa
NONCELT002317.2	Protein_Coding	0.5780535271946933	0.4219464728053066	NONCODEv6_celegans.fa
NONCELT002318.2	lncRNA	0.07011274890984354	0.9298872510901569	NONCODEv6_celegans.fa
NONCELT002319.2	lncRNA	0.1699763680267406	0.8300236319732597	NONCODEv6_celegans.fa
NONCELT002320.2	lncRNA	0.18276830146303036	0.8172316985369702	NONCODEv6_celegans.fa
NONCELT002323.2	lncRNA	0.09169521199099581	0.9083047880090042	NONCODEv6_celegans.fa
NONCELT002324.2	lncRNA	0.07975336643785201	0.920246633562148	NONCODEv6_celegans.fa
NONCELT002327.2	lncRNA	0.1635868432855979	0.8364131567144021	NONCODEv6_celegans.fa
NONCELT002330.2	lncRNA	0.2427857673226127	0.7572142326773877	NONCODEv6_celegans.fa
NONCELT002332.2	lncRNA	0.11561718256195083	0.8843828174380494	NONCODEv6_celegans.fa
NONCELT002333.2	lncRNA	0.2087000191552663	0.7912999808447337	NONCODEv6_celegans.fa
NONCELT002335.2	lncRNA	0.14762589074614202	0.8523741092538588	NONCODEv6_celegans.fa
NONCELT002351.2	lncRNA	0.3813289701276527	0.6186710298723472	NONCODEv6_celegans.fa
NONCELT002360.2	lncRNA	0.12209948577887104	0.8779005142211292	NONCODEv6_celegans.fa
NONCELT002365.2	lncRNA	0.04624583472602516	0.9537541652739752	NONCODEv6_celegans.fa
NONCELT002381.2	Protein_Coding	0.8084934365957195	0.19150656340428	NONCODEv6_celegans.fa
NONCELT002385.2	lncRNA	0.4591020657190928	0.540897934280907	NONCODEv6_celegans.fa
NONCELT002387.2	lncRNA	0.10965387271346116	0.8903461272865388	NONCODEv6_celegans.fa
NONCELT002400.2	lncRNA	0.1496045519631607	0.85039544803684	NONCODEv6_celegans.fa
NONCELT002408.2	lncRNA	0.11219298250537338	0.8878070174946271	NONCODEv6_celegans.fa
NONCELT002409.2	lncRNA	0.0664633713977133	0.933536628602287	NONCODEv6_celegans.fa
NONCELT002410.2	lncRNA	0.14923142303952733	0.8507685769604728	NONCODEv6_celegans.fa
NONCELT002411.2	Protein_Coding	0.5043373967920034	0.4956626032079966	NONCODEv6_celegans.fa
NONCELT002412.2	lncRNA	0.04981344137474552	0.9501865586252547	NONCODEv6_celegans.fa
NONCELT002417.2	lncRNA	0.1973691525527035	0.8026308474472963	NONCODEv6_celegans.fa
NONCELT002419.2	lncRNA	0.1453183071400157	0.8546816928599845	NONCODEv6_celegans.fa
NONCELT002420.2	lncRNA	0.09637143781546394	0.9036285621845362	NONCODEv6_celegans.fa
NONCELT002422.2	lncRNA	0.4942090801944595	0.5057909198055404	NONCODEv6_celegans.fa
NONCELT002423.2	Protein_Coding	0.5142317401126046	0.4857682598873954	NONCODEv6_celegans.fa
NONCELT002424.2	lncRNA	0.20915574984047924	0.7908442501595202	NONCODEv6_celegans.fa
NONCELT002425.2	lncRNA	0.2578952297250473	0.742104770274953	NONCODEv6_celegans.fa
NONCELT002426.2	lncRNA	0.3660180367078809	0.633981963292119	NONCODEv6_celegans.fa
NONCELT002428.2	lncRNA	0.03410020438557416	0.965899795614426	NONCODEv6_celegans.fa
NONCELT002432.2	lncRNA	0.15472817205376743	0.8452718279462327	NONCODEv6_celegans.fa
NONCELT002436.2	lncRNA	0.27762565209212187	0.7223743479078784	NONCODEv6_celegans.fa
NONCELT002438.2	lncRNA	0.38349131219920085	0.6165086878007993	NONCODEv6_celegans.fa
NONCELT002445.2	lncRNA	0.2933767692190086	0.7066232307809914	NONCODEv6_celegans.fa
NONCELT002446.2	lncRNA	0.12102399858242084	0.8789760014175793	NONCODEv6_celegans.fa
NONCELT002452.2	lncRNA	0.07061448830815477	0.9293855116918455	NONCODEv6_celegans.fa
NONCELT002453.2	lncRNA	0.1370953155406946	0.8629046844593055	NONCODEv6_celegans.fa
NONCELT002457.2	lncRNA	0.149451521665729	0.850548478334271	NONCODEv6_celegans.fa
NONCELT002460.2	lncRNA	0.18931800067640536	0.8106819993235953	NONCODEv6_celegans.fa
NONCELT002465.2	lncRNA	0.16970765112004774	0.8302923488799526	NONCODEv6_celegans.fa
NONCELT002469.2	lncRNA	0.09999346733582039	0.9000065326641796	NONCODEv6_celegans.fa
NONCELT002474.2	lncRNA	0.19035129134173856	0.8096487086582617	NONCODEv6_celegans.fa
NONCELT002486.2	lncRNA	0.14378455797050296	0.8562154420294972	NONCODEv6_celegans.fa
NONCELT002491.2	lncRNA	0.05340478202270589	0.9465952179772944	NONCODEv6_celegans.fa
NONCELT002499.2	lncRNA	0.06852074757221766	0.9314792524277827	NONCODEv6_celegans.fa
NONCELT002509.2	Protein_Coding	0.6663196022826791	0.3336803977173206	NONCODEv6_celegans.fa
NONCELT002510.2	Protein_Coding	0.6201487140256842	0.37985128597431606	NONCODEv6_celegans.fa
NONCELT002517.2	lncRNA	0.09565448496422217	0.9043455150357784	NONCODEv6_celegans.fa
NONCELT002520.2	lncRNA	0.13940380976871528	0.8605961902312841	NONCODEv6_celegans.fa
NONCELT002525.2	Protein_Coding	0.538899475140096	0.46110052485990416	NONCODEv6_celegans.fa
NONCELT002526.2	lncRNA	0.44665692466291695	0.5533430753370832	NONCODEv6_celegans.fa
NONCELT002530.2	Protein_Coding	0.7259751851508522	0.2740248148491476	NONCODEv6_celegans.fa
NONCELT002534.2	lncRNA	0.23067562501901948	0.7693243749809807	NONCODEv6_celegans.fa
NONCELT002535.2	Protein_Coding	0.6196623756390639	0.3803376243609362	NONCODEv6_celegans.fa
NONCELT002536.2	Protein_Coding	0.757753713306575	0.24224628669342482	NONCODEv6_celegans.fa
NONCELT002543.2	lncRNA	0.1689564212158607	0.8310435787841393	NONCODEv6_celegans.fa
NONCELT002547.2	lncRNA	0.26701339180914635	0.7329866081908545	NONCODEv6_celegans.fa
NONCELT002548.2	lncRNA	0.07805337652744712	0.9219466234725525	NONCODEv6_celegans.fa
NONCELT002553.2	Protein_Coding	0.6812945507115012	0.3187054492884987	NONCODEv6_celegans.fa
NONCELT002558.2	Protein_Coding	0.5559852527104666	0.44401474728953344	NONCODEv6_celegans.fa
NONCELT002562.2	Protein_Coding	0.6084911191798974	0.3915088808201025	NONCODEv6_celegans.fa
NONCELT002569.2	lncRNA	0.09990389600384521	0.9000961039961544	NONCODEv6_celegans.fa
NONCELT002577.2	lncRNA	0.15682777528544417	0.8431722247145561	NONCODEv6_celegans.fa
NONCELT002578.2	lncRNA	0.13434198771960792	0.8656580122803926	NONCODEv6_celegans.fa
NONCELT002579.2	lncRNA	0.2471560245873764	0.752843975412624	NONCODEv6_celegans.fa
NONCELT002587.2	lncRNA	0.14514409964573424	0.8548559003542662	NONCODEv6_celegans.fa
NONCELT002594.2	lncRNA	0.08812839968050704	0.9118716003194932	NONCODEv6_celegans.fa
NONCELT002597.2	lncRNA	0.19348667537037423	0.806513324629626	NONCODEv6_celegans.fa
NONCELT002598.2	lncRNA	0.418265643143917	0.5817343568560832	NONCODEv6_celegans.fa
NONCELT002623.2	lncRNA	0.11277914307698554	0.887220856923015	NONCODEv6_celegans.fa
NONCELT002626.2	lncRNA	0.05590193168611225	0.9440980683138883	NONCODEv6_celegans.fa
NONCELT002630.2	lncRNA	0.320999882481167	0.6790001175188328	NONCODEv6_celegans.fa
NONCELT002634.2	lncRNA	0.1460181936706388	0.8539818063293613	NONCODEv6_celegans.fa
NONCELT002635.2	lncRNA	0.1062228019542624	0.8937771980457374	NONCODEv6_celegans.fa
NONCELT002636.2	lncRNA	0.08426093787803748	0.9157390621219631	NONCODEv6_celegans.fa
NONCELT002641.2	lncRNA	0.10455637885808501	0.895443621141915	NONCODEv6_celegans.fa
NONCELT002644.2	lncRNA	0.07157217413764766	0.9284278258623526	NONCODEv6_celegans.fa
NONCELT002651.2	lncRNA	0.06619469867003859	0.9338053013299615	NONCODEv6_celegans.fa
NONCELT002653.2	lncRNA	0.1134187969248107	0.8865812030751894	NONCODEv6_celegans.fa
NONCELT002657.2	lncRNA	0.25579740123534433	0.7442025987646559	NONCODEv6_celegans.fa
NONCELT002667.2	lncRNA	0.15235281662934233	0.8476471833706574	NONCODEv6_celegans.fa
NONCELT002674.2	lncRNA	0.1518314352894178	0.8481685647105827	NONCODEv6_celegans.fa
NONCELT002675.2	lncRNA	0.17202524381815973	0.8279747561818399	NONCODEv6_celegans.fa
NONCELT002678.2	lncRNA	0.2270701048480402	0.7729298951519599	NONCODEv6_celegans.fa
NONCELT002688.2	lncRNA	0.1599659988809834	0.8400340011190172	NONCODEv6_celegans.fa
NONCELT002689.2	lncRNA	0.1653318604908287	0.8346681395091712	NONCODEv6_celegans.fa
NONCELT002691.2	lncRNA	0.16448774498076438	0.8355122550192361	NONCODEv6_celegans.fa
NONCELT002699.2	lncRNA	0.1439609030628378	0.856039096937162	NONCODEv6_celegans.fa
NONCELT002703.2	lncRNA	0.16898480873042732	0.831015191269573	NONCODEv6_celegans.fa
NONCELT002709.2	lncRNA	0.04082699057639539	0.9591730094236051	NONCODEv6_celegans.fa
NONCELT002713.2	lncRNA	0.39130136869737736	0.6086986313026223	NONCODEv6_celegans.fa
NONCELT002715.2	lncRNA	0.06485343019816636	0.935146569801834	NONCODEv6_celegans.fa
NONCELT002717.2	lncRNA	0.15205791236129523	0.8479420876387048	NONCODEv6_celegans.fa
NONCELT002719.2	lncRNA	0.25503569042982355	0.7449643095701767	NONCODEv6_celegans.fa
NONCELT002726.2	lncRNA	0.13070295807751836	0.8692970419224818	NONCODEv6_celegans.fa
NONCELT002730.2	lncRNA	0.09099299135733306	0.9090070086426673	NONCODEv6_celegans.fa
NONCELT002737.2	lncRNA	0.21811250134677682	0.7818874986532232	NONCODEv6_celegans.fa
NONCELT002742.2	lncRNA	0.313583865834105	0.6864161341658946	NONCODEv6_celegans.fa
NONCELT002752.2	lncRNA	0.2693764968830175	0.7306235031169828	NONCODEv6_celegans.fa
NONCELT002753.2	lncRNA	0.20332706504250092	0.7966729349574991	NONCODEv6_celegans.fa
NONCELT002762.2	lncRNA	0.2811343795286965	0.7188656204713036	NONCODEv6_celegans.fa
NONCELT002781.2	lncRNA	0.38554120414347176	0.6144587958565283	NONCODEv6_celegans.fa
NONCELT002782.2	lncRNA	0.08438096578024147	0.9156190342197589	NONCODEv6_celegans.fa
NONCELT002785.2	lncRNA	0.1015086826869829	0.898491317313017	NONCODEv6_celegans.fa
NONCELT002790.2	lncRNA	0.17149923746310508	0.8285007625368951	NONCODEv6_celegans.fa
NONCELT002791.2	lncRNA	0.10006335290379222	0.8999366470962076	NONCODEv6_celegans.fa
NONCELT002801.2	lncRNA	0.36864366847059815	0.6313563315294023	NONCODEv6_celegans.fa
NONCELT002804.2	lncRNA	0.09846208247202579	0.9015379175279741	NONCODEv6_celegans.fa
NONCELT002806.2	lncRNA	0.19036500038500812	0.8096349996149917	NONCODEv6_celegans.fa
NONCELT002810.2	Protein_Coding	0.8689032384574751	0.13109676154252461	NONCODEv6_celegans.fa
NONCELT002816.2	lncRNA	0.4493030935049379	0.5506969064950621	NONCODEv6_celegans.fa
NONCELT002823.2	lncRNA	0.14424866448258133	0.8557513355174191	NONCODEv6_celegans.fa
NONCELT002830.2	lncRNA	0.09188531327831836	0.9081146867216823	NONCODEv6_celegans.fa
NONCELT002831.2	lncRNA	0.0574722255772964	0.9425277744227041	NONCODEv6_celegans.fa
NONCELT002833.2	lncRNA	0.20583200070598218	0.7941679992940179	NONCODEv6_celegans.fa
NONCELT002847.2	lncRNA	0.22888822414686855	0.7711117758531313	NONCODEv6_celegans.fa
NONCELT002848.2	lncRNA	0.41795096881083665	0.5820490311891631	NONCODEv6_celegans.fa
NONCELT002863.2	lncRNA	0.040245620828452816	0.9597543791715477	NONCODEv6_celegans.fa
NONCELT002864.2	lncRNA	0.10536667482800334	0.8946333251719973	NONCODEv6_celegans.fa
NONCELT002875.2	lncRNA	0.22796227078500908	0.7720377292149911	NONCODEv6_celegans.fa
NONCELT002879.2	lncRNA	0.2741730064944161	0.7258269935055841	NONCODEv6_celegans.fa
NONCELT002886.2	Protein_Coding	0.5059180888502305	0.49408191114976946	NONCODEv6_celegans.fa
NONCELT002907.2	lncRNA	0.15335375674299984	0.8466462432570002	NONCODEv6_celegans.fa
NONCELT002908.2	lncRNA	0.06764108172436219	0.9323589182756383	NONCODEv6_celegans.fa
NONCELT002910.2	lncRNA	0.24483575801235344	0.755164241987647	NONCODEv6_celegans.fa
NONCELT002919.2	lncRNA	0.1594538844892204	0.8405461155107793	NONCODEv6_celegans.fa
NONCELT002928.2	lncRNA	0.24646480747296398	0.7535351925270358	NONCODEv6_celegans.fa
NONCELT002944.2	lncRNA	0.439861392409977	0.5601386075900231	NONCODEv6_celegans.fa
NONCELT002950.2	lncRNA	0.13672315733077478	0.863276842669225	NONCODEv6_celegans.fa
NONCELT002956.2	lncRNA	0.19992620764900101	0.8000737923509991	NONCODEv6_celegans.fa
NONCELT002957.2	lncRNA	0.13372823262713618	0.8662717673728639	NONCODEv6_celegans.fa
NONCELT002959.2	lncRNA	0.35274214952678135	0.647257850473219	NONCODEv6_celegans.fa
NONCELT002967.2	lncRNA	0.24234236526915537	0.7576576347308448	NONCODEv6_celegans.fa
NONCELT002968.2	lncRNA	0.14425061178648113	0.8557493882135186	NONCODEv6_celegans.fa
NONCELT002973.2	lncRNA	0.14425061178648113	0.8557493882135186	NONCODEv6_celegans.fa
NONCELT002974.2	lncRNA	0.24234236526915537	0.7576576347308448	NONCODEv6_celegans.fa
NONCELT002980.2	lncRNA	0.24234236526915537	0.7576576347308448	NONCODEv6_celegans.fa
NONCELT002981.2	lncRNA	0.14425061178648113	0.8557493882135186	NONCODEv6_celegans.fa
NONCELT002998.2	lncRNA	0.23730123792179858	0.7626987620782016	NONCODEv6_celegans.fa
NONCELT003002.2	lncRNA	0.23730123792179858	0.7626987620782016	NONCODEv6_celegans.fa
NONCELT003016.2	lncRNA	0.4446357754150156	0.5553642245849846	NONCODEv6_celegans.fa
NONCELT003018.2	lncRNA	0.2110123289929766	0.7889876710070234	NONCODEv6_celegans.fa
NONCELT003033.2	lncRNA	0.176579979783905	0.8234200202160953	NONCODEv6_celegans.fa
NONCELT003039.2	lncRNA	0.4865320968147926	0.5134679031852073	NONCODEv6_celegans.fa
NONCELT003040.2	lncRNA	0.3664777059508973	0.6335222940491029	NONCODEv6_celegans.fa
NONCELT003041.2	lncRNA	0.1340384624156244	0.8659615375843757	NONCODEv6_celegans.fa
NONCELT003042.2	lncRNA	0.13903130346403025	0.86096869653597	NONCODEv6_celegans.fa
NONCELT003047.2	lncRNA	0.22119336917474916	0.778806630825251	NONCODEv6_celegans.fa
NONCELT003060.2	lncRNA	0.21719606099077537	0.7828039390092247	NONCODEv6_celegans.fa
NONCELT003065.2	lncRNA	0.22934110084862072	0.770658899151379	NONCODEv6_celegans.fa
NONCELT003081.2	lncRNA	0.4144216754845393	0.5855783245154608	NONCODEv6_celegans.fa
NONCELT003095.2	lncRNA	0.4623382788995274	0.5376617211004728	NONCODEv6_celegans.fa
NONCELT003099.2	lncRNA	0.1094432096979722	0.8905567903020275	NONCODEv6_celegans.fa
NONCELT003103.2	lncRNA	0.0979037885102	0.9020962114898001	NONCODEv6_celegans.fa
NONCELT003104.2	lncRNA	0.2991677979245577	0.7008322020754426	NONCODEv6_celegans.fa
NONCELT003120.2	lncRNA	0.4281503017963998	0.5718496982036003	NONCODEv6_celegans.fa
NONCELT003121.2	lncRNA	0.42079181299081453	0.5792081870091857	NONCODEv6_celegans.fa
NONCELT003122.2	lncRNA	0.25886817796172173	0.7411318220382785	NONCODEv6_celegans.fa
NONCELT003136.2	lncRNA	0.4745692953423333	0.5254307046576667	NONCODEv6_celegans.fa
NONCELT003137.2	lncRNA	0.04206257805721006	0.9579374219427905	NONCODEv6_celegans.fa
NONCELT003149.2	lncRNA	0.10015531040358794	0.8998446895964122	NONCODEv6_celegans.fa
NONCELT003150.2	lncRNA	0.2842171788348611	0.715782821165139	NONCODEv6_celegans.fa
NONCELT003151.2	lncRNA	0.2769951007170397	0.7230048992829602	NONCODEv6_celegans.fa
NONCELT003152.2	lncRNA	0.17613499016119777	0.823865009838802	NONCODEv6_celegans.fa
NONCELT003153.2	lncRNA	0.17613499016119777	0.823865009838802	NONCODEv6_celegans.fa
NONCELT003157.2	lncRNA	0.01664576601072548	0.9833542339892747	NONCODEv6_celegans.fa
NONCELT003158.2	lncRNA	0.014495561669344235	0.9855044383306559	NONCODEv6_celegans.fa
NONCELT003175.2	lncRNA	0.09163574284893179	0.908364257151069	NONCODEv6_celegans.fa
NONCELT003176.2	lncRNA	0.12927833512216064	0.8707216648778395	NONCODEv6_celegans.fa
NONCELT003180.2	lncRNA	0.38586788541837563	0.6141321145816245	NONCODEv6_celegans.fa
NONCELT003183.2	lncRNA	0.47811216467214424	0.5218878353278559	NONCODEv6_celegans.fa
NONCELT003192.2	lncRNA	0.05171021161637059	0.9482897883836299	NONCODEv6_celegans.fa
NONCELT003193.2	lncRNA	0.04686692264511489	0.9531330773548856	NONCODEv6_celegans.fa
NONCELT003194.2	lncRNA	0.06673775871883861	0.9332622412811615	NONCODEv6_celegans.fa
NONCELT003207.2	lncRNA	0.15617840256246204	0.8438215974375383	NONCODEv6_celegans.fa
NONCELT003215.2	lncRNA	0.1964947946914075	0.8035052053085929	NONCODEv6_celegans.fa
NONCELT003224.2	lncRNA	0.48933705034264013	0.5106629496573599	NONCODEv6_celegans.fa
NONCELT003225.2	lncRNA	0.20480273353066897	0.795197266469331	NONCODEv6_celegans.fa
NONCELT003226.2	lncRNA	0.09112922969606381	0.9088707703039366	NONCODEv6_celegans.fa
NONCELT003228.2	lncRNA	0.23659211366011287	0.7634078863398871	NONCODEv6_celegans.fa
NONCELT003229.2	lncRNA	0.22014272840284335	0.779857271597157	NONCODEv6_celegans.fa
NONCELT003231.2	lncRNA	0.09967398126191879	0.9003260187380817	NONCODEv6_celegans.fa
NONCELT003268.2	lncRNA	0.04094483244834792	0.9590551675516521	NONCODEv6_celegans.fa
NONCELT003269.2	lncRNA	0.03638368632193194	0.9636163136780678	NONCODEv6_celegans.fa
NONCELT003282.2	lncRNA	0.04476006864418528	0.9552399313558152	NONCODEv6_celegans.fa
NONCELT003302.2	lncRNA	0.26283721316172326	0.7371627868382765	NONCODEv6_celegans.fa
NONCELT003316.2	lncRNA	0.4265296550353707	0.5734703449646293	NONCODEv6_celegans.fa
NONCELT003317.2	lncRNA	0.31348617491305314	0.6865138250869469	NONCODEv6_celegans.fa
NONCELT003341.2	lncRNA	0.2557551814737876	0.7442448185262124	NONCODEv6_celegans.fa
NONCELT003346.2	lncRNA	0.09084416278035137	0.9091558372196484	NONCODEv6_celegans.fa
NONCELT003347.2	lncRNA	0.058691217597569525	0.9413087824024304	NONCODEv6_celegans.fa
NONCELT003352.2	lncRNA	0.3677523059898004	0.6322476940101993	NONCODEv6_celegans.fa
NONCELT003367.2	lncRNA	0.16655705794661915	0.8334429420533814	NONCODEv6_celegans.fa
NONCELT003368.2	lncRNA	0.11096807227209567	0.8890319277279047	NONCODEv6_celegans.fa
NONCELT003370.2	lncRNA	0.3213536997415491	0.6786463002584514	NONCODEv6_celegans.fa
NONCELT003379.2	lncRNA	0.12320148946945715	0.8767985105305433	NONCODEv6_celegans.fa
NONCELT003396.2	lncRNA	0.17860222428370523	0.8213977757162954	NONCODEv6_celegans.fa
NONCELT003397.2	lncRNA	0.15726088824464615	0.8427391117553544	NONCODEv6_celegans.fa
NONCELT003398.2	lncRNA	0.13031670225550815	0.869683297744492	NONCODEv6_celegans.fa
NONCELT003399.2	lncRNA	0.23769330165456215	0.7623066983454378	NONCODEv6_celegans.fa
NONCELT003421.2	lncRNA	0.18662561183246415	0.8133743881675359	NONCODEv6_celegans.fa
NONCELT003428.2	lncRNA	0.1456533572362255	0.8543466427637743	NONCODEv6_celegans.fa
NONCELT003435.2	Protein_Coding	0.5491766302908634	0.4508233697091366	NONCODEv6_celegans.fa
NONCELT003445.2	lncRNA	0.20034026697498264	0.7996597330250174	NONCODEv6_celegans.fa
NONCELT003446.2	lncRNA	0.3152476517168076	0.684752348283192	NONCODEv6_celegans.fa
NONCELT003448.2	lncRNA	0.07753890054744977	0.9224610994525507	NONCODEv6_celegans.fa
NONCELT003449.2	lncRNA	0.32407678795022543	0.6759232120497745	NONCODEv6_celegans.fa
NONCELT003450.2	lncRNA	0.21004464627839226	0.789955353721608	NONCODEv6_celegans.fa
NONCELT003451.2	lncRNA	0.17081417036990934	0.8291858296300909	NONCODEv6_celegans.fa
NONCELT003482.2	lncRNA	0.4759567645838462	0.5240432354161537	NONCODEv6_celegans.fa
NONCELT003484.2	lncRNA	0.23639232004350105	0.7636076799564986	NONCODEv6_celegans.fa
NONCELT003506.2	lncRNA	0.3776572312876339	0.6223427687123657	NONCODEv6_celegans.fa
NONCELT003510.2	lncRNA	0.321195640437806	0.678804359562194	NONCODEv6_celegans.fa
NONCELT003534.2	lncRNA	0.2508817460540291	0.7491182539459711	NONCODEv6_celegans.fa
NONCELT003538.2	lncRNA	0.06690560038627444	0.933094399613726	NONCODEv6_celegans.fa
NONCELT003539.2	lncRNA	0.07540105807682217	0.9245989419231777	NONCODEv6_celegans.fa
NONCELT003543.2	lncRNA	0.1433664495351979	0.8566335504648018	NONCODEv6_celegans.fa
NONCELT003550.2	lncRNA	0.13529377891823668	0.8647062210817639	NONCODEv6_celegans.fa
NONCELT003556.2	lncRNA	0.16499089109397008	0.8350091089060304	NONCODEv6_celegans.fa
NONCELT003558.2	lncRNA	0.15707178832998325	0.8429282116700173	NONCODEv6_celegans.fa
NONCELT003559.2	lncRNA	0.24121416518367986	0.7587858348163202	NONCODEv6_celegans.fa
NONCELT003577.2	lncRNA	0.05042904331163697	0.9495709566883629	NONCODEv6_celegans.fa
NONCELT003579.2	lncRNA	0.05042904331163697	0.9495709566883629	NONCODEv6_celegans.fa
NONCELT003595.2	lncRNA	0.2400892835868998	0.7599107164131003	NONCODEv6_celegans.fa
NONCELT003604.2	lncRNA	0.11671008405981584	0.8832899159401845	NONCODEv6_celegans.fa
NONCELT003606.2	lncRNA	0.2235002180311971	0.7764997819688033	NONCODEv6_celegans.fa
NONCELT003618.2	lncRNA	0.268539909176763	0.7314600908232367	NONCODEv6_celegans.fa
NONCELT003631.2	lncRNA	0.3972774450204068	0.6027225549795932	NONCODEv6_celegans.fa
NONCELT003635.2	lncRNA	0.10728497240861035	0.89271502759139	NONCODEv6_celegans.fa
NONCELT003671.2	lncRNA	0.3719479771049781	0.6280520228950218	NONCODEv6_celegans.fa
NONCELT003674.2	lncRNA	0.153914917110105	0.8460850828898948	NONCODEv6_celegans.fa
NONCELT003707.2	lncRNA	0.3229553671350828	0.6770446328649175	NONCODEv6_celegans.fa
NONCELT003708.2	lncRNA	0.36406474575277137	0.6359352542472285	NONCODEv6_celegans.fa
NONCELT003710.2	Protein_Coding	0.5442605338553979	0.45573946614460203	NONCODEv6_celegans.fa
NONCELT003717.2	lncRNA	0.08675180999105962	0.9132481900089408	NONCODEv6_celegans.fa
NONCELT003728.2	lncRNA	0.11180216311392399	0.8881978368860763	NONCODEv6_celegans.fa
NONCELT003732.2	lncRNA	0.19992759373886515	0.8000724062611347	NONCODEv6_celegans.fa
NONCELT003734.2	lncRNA	0.07029436317982037	0.92970563682018	NONCODEv6_celegans.fa
NONCELT003735.2	lncRNA	0.07414091945748695	0.9258590805425132	NONCODEv6_celegans.fa
NONCELT003767.2	lncRNA	0.1709923195423488	0.8290076804576509	NONCODEv6_celegans.fa
NONCELT003800.2	lncRNA	0.09591360333580926	0.9040863966641908	NONCODEv6_celegans.fa
NONCELT003801.2	lncRNA	0.09479546853545012	0.9052045314645499	NONCODEv6_celegans.fa
NONCELT003814.2	lncRNA	0.07683845830675096	0.9231615416932496	NONCODEv6_celegans.fa
NONCELT003815.2	lncRNA	0.06850191089103168	0.9314980891089683	NONCODEv6_celegans.fa
NONCELT003817.2	lncRNA	0.35946925020870113	0.6405307497912984	NONCODEv6_celegans.fa
NONCELT003818.2	lncRNA	0.14976944935449008	0.8502305506455099	NONCODEv6_celegans.fa
NONCELT003842.2	Protein_Coding	0.518910244415799	0.48108975558420075	NONCODEv6_celegans.fa
NONCELT003864.2	lncRNA	0.14580949961255993	0.8541905003874405	NONCODEv6_celegans.fa
NONCELT003890.2	lncRNA	0.0491228442084716	0.9508771557915288	NONCODEv6_celegans.fa
NONCELT003898.2	lncRNA	0.13274310570507258	0.8672568942949278	NONCODEv6_celegans.fa
NONCELT003901.2	lncRNA	0.10073995308413282	0.8992600469158677	NONCODEv6_celegans.fa
NONCELT003904.2	lncRNA	0.10280881465309204	0.8971911853469084	NONCODEv6_celegans.fa
NONCELT003905.2	lncRNA	0.10549434218058713	0.8945056578194133	NONCODEv6_celegans.fa
NONCELT003908.2	lncRNA	0.09717647443785044	0.9028235255621501	NONCODEv6_celegans.fa
NONCELT003910.2	lncRNA	0.11077549425491334	0.8892245057450873	NONCODEv6_celegans.fa
NONCELT003941.2	lncRNA	0.022871152852124474	0.9771288471478758	NONCODEv6_celegans.fa
NONCELT003943.2	lncRNA	0.1704180334921339	0.8295819665078662	NONCODEv6_celegans.fa
NONCELT003945.2	lncRNA	0.17566288632535002	0.8243371136746503	NONCODEv6_celegans.fa
NONCELT003948.2	lncRNA	0.1604831695829327	0.8395168304170675	NONCODEv6_celegans.fa
NONCELT003965.2	Protein_Coding	0.603265009885627	0.396734990114373	NONCODEv6_celegans.fa
NONCELT003983.2	lncRNA	0.026351601584164375	0.9736483984158353	NONCODEv6_celegans.fa
NONCELT004015.2	lncRNA	0.1889390706274315	0.8110609293725692	NONCODEv6_celegans.fa
NONCELT004016.2	lncRNA	0.27229145550209655	0.7277085444979033	NONCODEv6_celegans.fa
NONCELT004019.2	lncRNA	0.270412325657562	0.7295876743424383	NONCODEv6_celegans.fa
NONCELT004030.2	Protein_Coding	0.5053722164541662	0.49462778354583387	NONCODEv6_celegans.fa
NONCELT004033.2	lncRNA	0.1402761839174421	0.8597238160825578	NONCODEv6_celegans.fa
NONCELT004041.2	lncRNA	0.2026047666100581	0.797395233389942	NONCODEv6_celegans.fa
NONCELT004045.2	lncRNA	0.040851434337516604	0.9591485656624835	NONCODEv6_celegans.fa
NONCELT004050.2	lncRNA	0.3960993298177163	0.603900670182284	NONCODEv6_celegans.fa
NONCELT004051.2	lncRNA	0.42796772361458224	0.5720322763854178	NONCODEv6_celegans.fa
NONCELT004056.2	lncRNA	0.20255077297268292	0.7974492270273172	NONCODEv6_celegans.fa
NONCELT004059.2	lncRNA	0.37462286569711123	0.6253771343028889	NONCODEv6_celegans.fa
NONCELT004071.2	lncRNA	0.0997606893932391	0.9002393106067617	NONCODEv6_celegans.fa
NONCELT004084.2	lncRNA	0.20690772975649505	0.7930922702435057	NONCODEv6_celegans.fa
NONCELT004087.2	lncRNA	0.18181483783440155	0.8181851621655986	NONCODEv6_celegans.fa
NONCELT004088.2	lncRNA	0.18384710444978938	0.8161528955502105	NONCODEv6_celegans.fa
NONCELT004089.2	lncRNA	0.09342749734537237	0.9065725026546282	NONCODEv6_celegans.fa
NONCELT004095.2	lncRNA	0.24191699499527122	0.7580830050047291	NONCODEv6_celegans.fa
NONCELT004097.2	lncRNA	0.1312503278390635	0.868749672160937	NONCODEv6_celegans.fa
NONCELT004103.2	lncRNA	0.29485460022274035	0.7051453997772594	NONCODEv6_celegans.fa
NONCELT004108.2	lncRNA	0.1441571293094633	0.8558428706905368	NONCODEv6_celegans.fa
NONCELT004111.2	lncRNA	0.14820187289245199	0.8517981271075482	NONCODEv6_celegans.fa
NONCELT004112.2	Protein_Coding	0.6551325814666643	0.34486741853333586	NONCODEv6_celegans.fa
NONCELT004114.2	lncRNA	0.49983465084668355	0.5001653491533165	NONCODEv6_celegans.fa
NONCELT004123.2	lncRNA	0.1648098041997798	0.8351901958002205	NONCODEv6_celegans.fa
NONCELT004138.2	lncRNA	0.2988546644006685	0.7011453355993317	NONCODEv6_celegans.fa
NONCELT004141.2	Protein_Coding	0.6340645766117413	0.3659354233882586	NONCODEv6_celegans.fa
NONCELT004145.2	lncRNA	0.19811490850091854	0.801885091499081	NONCODEv6_celegans.fa
NONCELT004146.2	lncRNA	0.2717694355472887	0.7282305644527112	NONCODEv6_celegans.fa
NONCELT004147.2	lncRNA	0.10728082127769714	0.8927191787223026	NONCODEv6_celegans.fa
NONCELT004148.2	lncRNA	0.09314515416715866	0.9068548458328415	NONCODEv6_celegans.fa
NONCELT004150.2	lncRNA	0.21320017726915233	0.7867998227308479	NONCODEv6_celegans.fa
NONCELT004151.2	lncRNA	0.08214674053767468	0.9178532594623258	NONCODEv6_celegans.fa
NONCELT004161.2	lncRNA	0.3184329662759981	0.6815670337240021	NONCODEv6_celegans.fa
NONCELT004163.2	lncRNA	0.33574136770954793	0.6642586322904519	NONCODEv6_celegans.fa
NONCELT004164.2	lncRNA	0.3054001853919943	0.694599814608006	NONCODEv6_celegans.fa
NONCELT004185.2	lncRNA	0.02548313085876168	0.9745168691412389	NONCODEv6_celegans.fa
NONCELT004198.2	Protein_Coding	0.5124904828242649	0.4875095171757351	NONCODEv6_celegans.fa
NONCELT004200.2	lncRNA	0.15642463319394906	0.8435753668060508	NONCODEv6_celegans.fa
NONCELT004208.2	lncRNA	0.13943836894591263	0.8605616310540878	NONCODEv6_celegans.fa
NONCELT004213.2	lncRNA	0.05819298511412562	0.9418070148858749	NONCODEv6_celegans.fa
NONCELT004218.2	lncRNA	0.08218325031713912	0.9178167496828609	NONCODEv6_celegans.fa
NONCELT004229.2	lncRNA	0.1073561777563137	0.8926438222436868	NONCODEv6_celegans.fa
NONCELT004245.2	lncRNA	0.10022520850998029	0.8997747914900199	NONCODEv6_celegans.fa
NONCELT004259.2	lncRNA	0.05368112058848007	0.9463188794115206	NONCODEv6_celegans.fa
NONCELT004262.2	lncRNA	0.2868611116017462	0.7131388883982536	NONCODEv6_celegans.fa
NONCELT004268.2	lncRNA	0.119706487572277	0.8802935124277237	NONCODEv6_celegans.fa
NONCELT004279.2	lncRNA	0.035155146652787614	0.9648448533472126	NONCODEv6_celegans.fa
NONCELT004280.2	lncRNA	0.19076244047368604	0.809237559526314	NONCODEv6_celegans.fa
NONCELT004281.2	lncRNA	0.3646472615084246	0.6353527384915755	NONCODEv6_celegans.fa
NONCELT004293.2	lncRNA	0.21355201360495196	0.7864479863950482	NONCODEv6_celegans.fa
NONCELT004295.2	lncRNA	0.2707294838972593	0.7292705161027405	NONCODEv6_celegans.fa
NONCELT004296.2	lncRNA	0.4564340207698336	0.5435659792301665	NONCODEv6_celegans.fa
NONCELT004307.2	Protein_Coding	0.5996355494857176	0.4003644505142823	NONCODEv6_celegans.fa
NONCELT004312.2	lncRNA	0.15274333493693912	0.8472566650630611	NONCODEv6_celegans.fa
NONCELT004313.2	lncRNA	0.2323559180291954	0.7676440819708047	NONCODEv6_celegans.fa
NONCELT004315.2	lncRNA	0.1262057860916933	0.873794213908307	NONCODEv6_celegans.fa
NONCELT004316.2	Protein_Coding	0.6727773770262827	0.3272226229737173	NONCODEv6_celegans.fa
NONCELT004331.2	lncRNA	0.032215863722070893	0.9677841362779295	NONCODEv6_celegans.fa
NONCELT004332.2	lncRNA	0.03205193567840379	0.9679480643215962	NONCODEv6_celegans.fa
NONCELT004335.2	Protein_Coding	0.70464139144588	0.29535860855411983	NONCODEv6_celegans.fa
NONCELT004348.2	lncRNA	0.10825600908605879	0.8917439909139416	NONCODEv6_celegans.fa
NONCELT004354.2	lncRNA	0.04764590721029669	0.9523540927897042	NONCODEv6_celegans.fa
NONCELT004363.2	lncRNA	0.23554457299369203	0.7644554270063084	NONCODEv6_celegans.fa
NONCELT004370.2	lncRNA	0.15074718030136386	0.8492528196986363	NONCODEv6_celegans.fa
NONCELT004379.2	lncRNA	0.06688021099735511	0.9331197890026453	NONCODEv6_celegans.fa
NONCELT004380.2	lncRNA	0.034572946991935985	0.965427053008064	NONCODEv6_celegans.fa
NONCELT004384.2	lncRNA	0.32440561732955253	0.6755943826704472	NONCODEv6_celegans.fa
NONCELT004401.2	lncRNA	0.1412758562155224	0.8587241437844776	NONCODEv6_celegans.fa
NONCELT004402.2	lncRNA	0.16376624104432683	0.8362337589556731	NONCODEv6_celegans.fa
NONCELT004426.2	lncRNA	0.24426993004327444	0.7557300699567258	NONCODEv6_celegans.fa
NONCELT004427.2	lncRNA	0.2232927437470893	0.7767072562529109	NONCODEv6_celegans.fa
NONCELT004435.2	lncRNA	0.12365707866709938	0.8763429213329005	NONCODEv6_celegans.fa
NONCELT004436.2	lncRNA	0.12174031459712513	0.878259685402875	NONCODEv6_celegans.fa
NONCELT004438.2	lncRNA	0.11358995995172283	0.8864100400482772	NONCODEv6_celegans.fa
NONCELT004453.2	lncRNA	0.145990977705521	0.8540090222944794	NONCODEv6_celegans.fa
NONCELT004466.2	lncRNA	0.07838915602245734	0.9216108439775431	NONCODEv6_celegans.fa
NONCELT004467.2	lncRNA	0.057813849959448306	0.9421861500405521	NONCODEv6_celegans.fa
NONCELT004492.2	lncRNA	0.0824623636045963	0.9175376363954038	NONCODEv6_celegans.fa
NONCELT004520.2	lncRNA	0.05812632149990712	0.9418736785000927	NONCODEv6_celegans.fa
NONCELT004522.2	lncRNA	0.1736915327282877	0.8263084672717123	NONCODEv6_celegans.fa
NONCELT004531.2	lncRNA	0.05891256228315666	0.9410874377168436	NONCODEv6_celegans.fa
NONCELT004552.2	lncRNA	0.035978128955828075	0.9640218710441721	NONCODEv6_celegans.fa
NONCELT004553.2	lncRNA	0.10980344695276172	0.8901965530472389	NONCODEv6_celegans.fa
NONCELT004554.2	lncRNA	0.06242268642628254	0.9375773135737177	NONCODEv6_celegans.fa
NONCELT004555.2	lncRNA	0.08773467613575986	0.91226532386424	NONCODEv6_celegans.fa
NONCELT004558.2	lncRNA	0.24997668286688365	0.7500233171331165	NONCODEv6_celegans.fa
NONCELT004559.2	lncRNA	0.37586042037653855	0.624139579623461	NONCODEv6_celegans.fa
NONCELT004590.2	lncRNA	0.29319667983362535	0.7068033201663746	NONCODEv6_celegans.fa
NONCELT004621.2	lncRNA	0.1970125368232868	0.8029874631767134	NONCODEv6_celegans.fa
NONCELT004622.2	lncRNA	0.08242820946139721	0.917571790538603	NONCODEv6_celegans.fa
NONCELT004641.2	lncRNA	0.155708846332152	0.8442911536678477	NONCODEv6_celegans.fa
NONCELT004649.2	lncRNA	0.26256517071155433	0.7374348292884461	NONCODEv6_celegans.fa
NONCELT004655.2	lncRNA	0.1828870091150578	0.8171129908849423	NONCODEv6_celegans.fa
NONCELT004659.2	lncRNA	0.11934239678514048	0.8806576032148595	NONCODEv6_celegans.fa
NONCELT004660.2	lncRNA	0.13252751484626787	0.8674724851537323	NONCODEv6_celegans.fa
NONCELT004661.2	lncRNA	0.14558768008002576	0.8544123199199741	NONCODEv6_celegans.fa
NONCELT004663.2	lncRNA	0.05942902731758042	0.9405709726824204	NONCODEv6_celegans.fa
NONCELT004670.2	lncRNA	0.26554346647595184	0.7344565335240483	NONCODEv6_celegans.fa
NONCELT004683.2	lncRNA	0.04793034904426367	0.9520696509557365	NONCODEv6_celegans.fa
NONCELT004687.2	lncRNA	0.13643866111536945	0.8635613388846308	NONCODEv6_celegans.fa
NONCELT004688.2	lncRNA	0.11384465593739705	0.8861553440626032	NONCODEv6_celegans.fa
NONCELT004689.2	Protein_Coding	0.7443355236610493	0.2556644763389506	NONCODEv6_celegans.fa
NONCELT004690.2	lncRNA	0.05070302753617773	0.9492969724638223	NONCODEv6_celegans.fa
NONCELT004691.2	lncRNA	0.06240984015656901	0.9375901598434317	NONCODEv6_celegans.fa
NONCELT004692.2	lncRNA	0.13488974010434945	0.8651102598956505	NONCODEv6_celegans.fa
NONCELT004693.2	lncRNA	0.3997625215583965	0.6002374784416036	NONCODEv6_celegans.fa
NONCELT004694.2	Protein_Coding	0.545079835271565	0.45492016472843494	NONCODEv6_celegans.fa
NONCELT004695.2	Protein_Coding	0.5481132954389988	0.4518867045610012	NONCODEv6_celegans.fa
NONCELT004696.2	Protein_Coding	0.7503536361841716	0.24964636381582853	NONCODEv6_celegans.fa
NONCELT004697.2	Protein_Coding	0.6304593979052198	0.3695406020947805	NONCODEv6_celegans.fa
NONCELT004698.2	lncRNA	0.480160642015238	0.5198393579847618	NONCODEv6_celegans.fa
NONCELT004699.2	lncRNA	0.3239091981078499	0.6760908018921497	NONCODEv6_celegans.fa
NONCELT004700.2	lncRNA	0.4829786446869538	0.5170213553130463	NONCODEv6_celegans.fa
NONCELT004701.2	lncRNA	0.14930306138685065	0.8506969386131492	NONCODEv6_celegans.fa
NONCELT004704.2	lncRNA	0.06797241531566406	0.932027584684336	NONCODEv6_celegans.fa
NONCELT004710.2	lncRNA	0.21011378795136304	0.7898862120486364	NONCODEv6_celegans.fa
NONCELT004724.2	lncRNA	0.02735778295030942	0.9726422170496906	NONCODEv6_celegans.fa
NONCELT004735.2	lncRNA	0.3753286876618581	0.6246713123381415	NONCODEv6_celegans.fa
NONCELT004745.2	lncRNA	0.11087547771370133	0.8891245222862986	NONCODEv6_celegans.fa
NONCELT004746.2	lncRNA	0.18134305498853906	0.8186569450114611	NONCODEv6_celegans.fa
NONCELT004747.2	lncRNA	0.1512690443822701	0.8487309556177293	NONCODEv6_celegans.fa
NONCELT004748.2	lncRNA	0.05172134311711143	0.9482786568828888	NONCODEv6_celegans.fa
NONCELT004753.2	lncRNA	0.23091707664790367	0.7690829233520962	NONCODEv6_celegans.fa
NONCELT004754.2	lncRNA	0.23278689230781777	0.7672131076921824	NONCODEv6_celegans.fa
NONCELT004757.2	lncRNA	0.2125950591841449	0.7874049408158551	NONCODEv6_celegans.fa
NONCELT004758.2	lncRNA	0.28952866556032986	0.7104713344396705	NONCODEv6_celegans.fa
NONCELT004760.2	lncRNA	0.058392500832655264	0.9416074991673453	NONCODEv6_celegans.fa
NONCELT004763.2	lncRNA	0.3037903621720497	0.6962096378279504	NONCODEv6_celegans.fa
NONCELT004764.2	lncRNA	0.2085281836957144	0.7914718163042859	NONCODEv6_celegans.fa
NONCELT004766.2	lncRNA	0.11747476856971241	0.8825252314302876	NONCODEv6_celegans.fa
NONCELT004767.2	lncRNA	0.11895288812502881	0.8810471118749716	NONCODEv6_celegans.fa
NONCELT004768.2	lncRNA	0.13393675386068388	0.8660632461393158	NONCODEv6_celegans.fa
NONCELT004769.2	lncRNA	0.15727346599975855	0.8427265340002414	NONCODEv6_celegans.fa
NONCELT004785.2	lncRNA	0.24494173447308168	0.7550582655269187	NONCODEv6_celegans.fa
NONCELT004788.2	lncRNA	0.1996338457785774	0.8003661542214227	NONCODEv6_celegans.fa
NONCELT004793.2	lncRNA	0.1983231217568904	0.8016768782431098	NONCODEv6_celegans.fa
NONCELT004808.2	lncRNA	0.12619216705133365	0.8738078329486667	NONCODEv6_celegans.fa
NONCELT004812.2	lncRNA	0.18701712242488913	0.8129828775751111	NONCODEv6_celegans.fa
NONCELT004813.2	lncRNA	0.1826590401314133	0.8173409598685871	NONCODEv6_celegans.fa
NONCELT004819.2	lncRNA	0.27954938545795943	0.7204506145420407	NONCODEv6_celegans.fa
NONCELT004820.2	lncRNA	0.12186115666490367	0.8781388433350967	NONCODEv6_celegans.fa
NONCELT004872.2	lncRNA	0.0406140075074666	0.9593859924925333	NONCODEv6_celegans.fa
NONCELT005054.2	lncRNA	0.22637459213747535	0.7736254078625248	NONCODEv6_celegans.fa
NONCELT005060.2	lncRNA	0.04777992357853907	0.9522200764214609	NONCODEv6_celegans.fa
NONCELT005073.2	lncRNA	0.39125628815197067	0.6087437118480292	NONCODEv6_celegans.fa
NONCELT005101.2	lncRNA	0.03521746454163183	0.9647825354583685	NONCODEv6_celegans.fa
NONCELT005309.2	lncRNA	0.053616512507095364	0.9463834874929044	NONCODEv6_celegans.fa
NONCELT005315.2	lncRNA	0.42285591062921407	0.5771440893707862	NONCODEv6_celegans.fa
NONCELT005406.2	lncRNA	0.3707892072445407	0.6292107927554593	NONCODEv6_celegans.fa
NONCELT005545.2	lncRNA	0.1161325815094156	0.8838674184905843	NONCODEv6_celegans.fa
NONCELT005546.2	lncRNA	0.053853262577611014	0.9461467374223893	NONCODEv6_celegans.fa
NONCELT005557.2	lncRNA	0.12436843241248555	0.8756315675875144	NONCODEv6_celegans.fa
NONCELT005558.2	lncRNA	0.12232892896852438	0.8776710710314759	NONCODEv6_celegans.fa
NONCELT005702.2	lncRNA	0.05668301080323857	0.9433169891967615	NONCODEv6_celegans.fa
NONCELT005739.2	lncRNA	0.0862086151688258	0.9137913848311742	NONCODEv6_celegans.fa
NONCELT005780.2	lncRNA	0.06873011782876916	0.9312698821712307	NONCODEv6_celegans.fa
NONCELT005820.2	lncRNA	0.049282055214308736	0.9507179447856915	NONCODEv6_celegans.fa
NONCELT005945.2	lncRNA	0.4742523737182354	0.5257476262817646	NONCODEv6_celegans.fa
NONCELT005965.2	lncRNA	0.4573475694795577	0.5426524305204424	NONCODEv6_celegans.fa
NONCELT005971.2	lncRNA	0.1477402364782532	0.8522597635217469	NONCODEv6_celegans.fa
NONCELT005972.2	lncRNA	0.14937139788634668	0.8506286021136534	NONCODEv6_celegans.fa
NONCELT006067.2	lncRNA	0.14383553663770496	0.8561644633622952	NONCODEv6_celegans.fa
NONCELT006271.2	lncRNA	0.08507633317897662	0.9149236668210239	NONCODEv6_celegans.fa
NONCELT006300.2	lncRNA	0.06915539099027888	0.9308446090097215	NONCODEv6_celegans.fa
NONCELT006326.2	lncRNA	0.2970517144406372	0.7029482855593633	NONCODEv6_celegans.fa
NONCELT006332.2	lncRNA	0.3452204510451706	0.6547795489548299	NONCODEv6_celegans.fa
NONCELT006342.2	lncRNA	0.4019215996894934	0.5980784003105064	NONCODEv6_celegans.fa
NONCELT006492.2	lncRNA	0.10225774408023987	0.8977422559197605	NONCODEv6_celegans.fa
NONCELT006530.2	lncRNA	0.09534731856527166	0.9046526814347281	NONCODEv6_celegans.fa
NONCELT006531.2	lncRNA	0.1700076632169768	0.8299923367830226	NONCODEv6_celegans.fa
NONCELT006541.2	lncRNA	0.021631728138932493	0.9783682718610676	NONCODEv6_celegans.fa
NONCELT006562.2	lncRNA	0.23746718850235204	0.7625328114976483	NONCODEv6_celegans.fa
NONCELT006597.2	lncRNA	0.05105228638934944	0.9489477136106507	NONCODEv6_celegans.fa
NONCELT006736.2	lncRNA	0.200175359692332	0.7998246403076681	NONCODEv6_celegans.fa
NONCELT006863.2	lncRNA	0.20014591644973653	0.7998540835502637	NONCODEv6_celegans.fa
NONCELT006903.2	lncRNA	0.07410591426505446	0.9258940857349464	NONCODEv6_celegans.fa
NONCELT006993.2	lncRNA	0.1163055981526293	0.8836944018473702	NONCODEv6_celegans.fa
NONCELT007004.2	lncRNA	0.14857130172771976	0.8514286982722805	NONCODEv6_celegans.fa
NONCELT007243.2	lncRNA	0.14471416235720785	0.8552858376427923	NONCODEv6_celegans.fa
NONCELT007270.2	lncRNA	0.10838425628911998	0.8916157437108807	NONCODEv6_celegans.fa
NONCELT007294.2	lncRNA	0.15465093514063014	0.8453490648593694	NONCODEv6_celegans.fa
NONCELT007313.2	lncRNA	0.04406318752143972	0.9559368124785608	NONCODEv6_celegans.fa
NONCELT007314.2	lncRNA	0.15432384634464352	0.845676153655356	NONCODEv6_celegans.fa
NONCELT007374.2	lncRNA	0.12628861158563137	0.8737113884143685	NONCODEv6_celegans.fa
NONCELT007402.2	lncRNA	0.053059784536670054	0.9469402154633305	NONCODEv6_celegans.fa
NONCELT007405.2	lncRNA	0.05307519774038199	0.9469248022596178	NONCODEv6_celegans.fa
NONCELT007410.2	lncRNA	0.14591294952062836	0.854087050479372	NONCODEv6_celegans.fa
NONCELT007411.2	lncRNA	0.39885967158062074	0.6011403284193793	NONCODEv6_celegans.fa
NONCELT007415.2	lncRNA	0.11791801065567711	0.8820819893443229	NONCODEv6_celegans.fa
NONCELT007421.2	lncRNA	0.1045699488070071	0.8954300511929926	NONCODEv6_celegans.fa
NONCELT007443.2	lncRNA	0.29673106786034453	0.7032689321396552	NONCODEv6_celegans.fa
NONCELT007445.2	lncRNA	0.14691199708640304	0.8530880029135964	NONCODEv6_celegans.fa
NONCELT007460.2	lncRNA	0.32781473811226713	0.6721852618877329	NONCODEv6_celegans.fa
NONCELT007462.2	Protein_Coding	0.5893304940317257	0.4106695059682741	NONCODEv6_celegans.fa
NONCELT007475.2	lncRNA	0.17353411745735134	0.8264658825426486	NONCODEv6_celegans.fa
NONCELT007479.2	Protein_Coding	0.6647776214343282	0.33522237856567183	NONCODEv6_celegans.fa
NONCELT007480.2	lncRNA	0.4375745758146416	0.5624254241853583	NONCODEv6_celegans.fa
NONCELT007481.2	lncRNA	0.18329616330907453	0.8167038366909258	NONCODEv6_celegans.fa
NONCELT007482.2	lncRNA	0.17869637500633678	0.8213036249936636	NONCODEv6_celegans.fa
NONCELT007484.2	lncRNA	0.2687922844658369	0.7312077155341633	NONCODEv6_celegans.fa
NONCELT007488.2	lncRNA	0.043097535657925845	0.9569024643420742	NONCODEv6_celegans.fa
NONCELT007494.2	lncRNA	0.1728387060060053	0.827161293993995	NONCODEv6_celegans.fa
NONCELT007495.2	lncRNA	0.09120086857406792	0.9087991314259325	NONCODEv6_celegans.fa
NONCELT007496.2	lncRNA	0.10756308745831057	0.8924369125416889	NONCODEv6_celegans.fa
NONCELT007498.2	lncRNA	0.1710321142272159	0.8289678857727839	NONCODEv6_celegans.fa
NONCELT007504.2	lncRNA	0.07117444594796359	0.9288255540520374	NONCODEv6_celegans.fa
NONCELT007505.2	lncRNA	0.22048754731712394	0.7795124526828758	NONCODEv6_celegans.fa
NONCELT007508.2	lncRNA	0.19335816268171624	0.8066418373182838	NONCODEv6_celegans.fa
NONCELT007509.2	lncRNA	0.05784099794288372	0.9421590020571164	NONCODEv6_celegans.fa
NONCELT007519.2	lncRNA	0.2548581328621044	0.7451418671378957	NONCODEv6_celegans.fa
NONCELT007527.2	lncRNA	0.06162433599613776	0.9383756640038624	NONCODEv6_celegans.fa
NONCELT007542.2	lncRNA	0.2130176105713268	0.7869823894286733	NONCODEv6_celegans.fa
NONCELT007543.2	lncRNA	0.2863093694398831	0.7136906305601172	NONCODEv6_celegans.fa
NONCELT007544.2	lncRNA	0.14747604863304942	0.8525239513669507	NONCODEv6_celegans.fa
NONCELT007546.2	lncRNA	0.29842183078989626	0.7015781692101041	NONCODEv6_celegans.fa
NONCELT007547.2	lncRNA	0.27709614103620234	0.7229038589637984	NONCODEv6_celegans.fa
NONCELT007548.2	lncRNA	0.06921687755182895	0.9307831224481711	NONCODEv6_celegans.fa
NONCELT007556.2	lncRNA	0.046138444404822454	0.9538615555951782	NONCODEv6_celegans.fa
NONCELT007561.2	lncRNA	0.08876296818555413	0.911237031814446	NONCODEv6_celegans.fa
NONCELT007570.2	lncRNA	0.18587578776509697	0.8141242122349028	NONCODEv6_celegans.fa
NONCELT007571.2	lncRNA	0.08320131394190314	0.9167986860580972	NONCODEv6_celegans.fa
NONCELT007584.2	lncRNA	0.1957048467409349	0.8042951532590651	NONCODEv6_celegans.fa
NONCELT007590.2	lncRNA	0.14361738266247756	0.8563826173375231	NONCODEv6_celegans.fa
NONCELT007591.2	lncRNA	0.18647878743778099	0.8135212125622194	NONCODEv6_celegans.fa
NONCELT007598.2	lncRNA	0.06089664718029957	0.9391033528197003	NONCODEv6_celegans.fa
NONCELT007600.2	lncRNA	0.09642904846518863	0.9035709515348114	NONCODEv6_celegans.fa
NONCELT007617.2	lncRNA	0.14012057470091474	0.8598794252990856	NONCODEv6_celegans.fa
NONCELT007628.2	lncRNA	0.12791738867380567	0.872082611326195	NONCODEv6_celegans.fa
NONCELT007633.2	lncRNA	0.09594028535602914	0.9040597146439712	NONCODEv6_celegans.fa
NONCELT007637.2	lncRNA	0.21618637621189304	0.7838136237881068	NONCODEv6_celegans.fa
NONCELT007641.2	lncRNA	0.24507345984143	0.7549265401585705	NONCODEv6_celegans.fa
NONCELT007649.2	lncRNA	0.14136185346235958	0.8586381465376401	NONCODEv6_celegans.fa
NONCELT007650.2	lncRNA	0.08687180264987529	0.913128197350125	NONCODEv6_celegans.fa
NONCELT007653.2	lncRNA	0.12669473211476867	0.8733052678852314	NONCODEv6_celegans.fa
NONCELT007663.2	lncRNA	0.03193005817672544	0.9680699418232749	NONCODEv6_celegans.fa
NONCELT007668.2	lncRNA	0.11878776165596568	0.8812122383440347	NONCODEv6_celegans.fa
NONCELT007669.2	lncRNA	0.28907109462998387	0.7109289053700164	NONCODEv6_celegans.fa
NONCELT007689.2	lncRNA	0.45860362168712654	0.5413963783128733	NONCODEv6_celegans.fa
NONCELT007692.2	lncRNA	0.11406186050045161	0.8859381394995486	NONCODEv6_celegans.fa
NONCELT007693.2	lncRNA	0.19167248434286915	0.8083275156571308	NONCODEv6_celegans.fa
NONCELT007698.2	lncRNA	0.2292595731366083	0.7707404268633924	NONCODEv6_celegans.fa
NONCELT007706.2	lncRNA	0.09324784347050344	0.9067521565294967	NONCODEv6_celegans.fa
NONCELT007720.2	lncRNA	0.10879478910551815	0.8912052108944819	NONCODEv6_celegans.fa
NONCELT007721.2	lncRNA	0.11025343195114964	0.88974656804885	NONCODEv6_celegans.fa
NONCELT007722.2	lncRNA	0.4791935624572163	0.5208064375427837	NONCODEv6_celegans.fa
NONCELT007738.2	lncRNA	0.45489387383624674	0.5451061261637532	NONCODEv6_celegans.fa
NONCELT007756.2	lncRNA	0.4478017915694631	0.5521982084305368	NONCODEv6_celegans.fa
NONCELT007758.2	lncRNA	0.0947516297132384	0.905248370286762	NONCODEv6_celegans.fa
NONCELT007759.2	lncRNA	0.11797736280717133	0.8820226371928291	NONCODEv6_celegans.fa
NONCELT007761.2	lncRNA	0.0868409866470772	0.9131590133529233	NONCODEv6_celegans.fa
NONCELT007763.2	Protein_Coding	0.6659405196387853	0.33405948036121463	NONCODEv6_celegans.fa
NONCELT007769.2	lncRNA	0.12357955678438565	0.8764204432156147	NONCODEv6_celegans.fa
NONCELT007787.2	lncRNA	0.10944728089843943	0.8905527191015611	NONCODEv6_celegans.fa
NONCELT007794.2	lncRNA	0.14598930392484527	0.8540106960751548	NONCODEv6_celegans.fa
NONCELT007795.2	lncRNA	0.06570829517082663	0.9342917048291739	NONCODEv6_celegans.fa
NONCELT007797.2	lncRNA	0.35907810388797706	0.6409218961120228	NONCODEv6_celegans.fa
NONCELT007800.2	lncRNA	0.22446391017042833	0.7755360898295721	NONCODEv6_celegans.fa
NONCELT007819.2	lncRNA	0.17923619042589978	0.8207638095741003	NONCODEv6_celegans.fa
NONCELT007827.2	lncRNA	0.1447045905514453	0.8552954094485546	NONCODEv6_celegans.fa
NONCELT007830.2	lncRNA	0.2162242970784066	0.7837757029215936	NONCODEv6_celegans.fa
NONCELT007831.2	lncRNA	0.361909912878837	0.6380900871211631	NONCODEv6_celegans.fa
NONCELT007833.2	lncRNA	0.3068087431253004	0.6931912568746994	NONCODEv6_celegans.fa
NONCELT007869.2	lncRNA	0.056703093072359996	0.9432969069276398	NONCODEv6_celegans.fa
NONCELT007873.2	Protein_Coding	0.5562977321440447	0.4437022678559554	NONCODEv6_celegans.fa
NONCELT007874.2	lncRNA	0.08310118041235982	0.9168988195876405	NONCODEv6_celegans.fa
NONCELT007876.2	lncRNA	0.06687267744943445	0.9331273225505661	NONCODEv6_celegans.fa
NONCELT007877.2	lncRNA	0.10745620592136401	0.8925437940786363	NONCODEv6_celegans.fa
NONCELT007882.2	lncRNA	0.4807230734956761	0.519276926504324	NONCODEv6_celegans.fa
NONCELT007888.2	lncRNA	0.06433236209894806	0.935667637901052	NONCODEv6_celegans.fa
NONCELT007892.2	lncRNA	0.08544812624452743	0.9145518737554724	NONCODEv6_celegans.fa
NONCELT007894.2	lncRNA	0.08705226678140077	0.9129477332185999	NONCODEv6_celegans.fa
NONCELT007900.2	lncRNA	0.11649190173338297	0.8835080982666169	NONCODEv6_celegans.fa
NONCELT007902.2	lncRNA	0.33307447792875894	0.6669255220712411	NONCODEv6_celegans.fa
NONCELT007906.2	lncRNA	0.05404562659645076	0.9459543734035496	NONCODEv6_celegans.fa
NONCELT007907.2	lncRNA	0.12086955511485756	0.8791304448851428	NONCODEv6_celegans.fa
NONCELT007909.2	lncRNA	0.29190049016242225	0.7080995098375779	NONCODEv6_celegans.fa
NONCELT007917.2	lncRNA	0.07210106192398864	0.9278989380760113	NONCODEv6_celegans.fa
NONCELT007919.2	lncRNA	0.13850233917694868	0.8614976608230519	NONCODEv6_celegans.fa
NONCELT007924.2	lncRNA	0.24410699694894192	0.7558930030510582	NONCODEv6_celegans.fa
NONCELT007926.2	lncRNA	0.10716194584116073	0.8928380541588392	NONCODEv6_celegans.fa
NONCELT007945.2	lncRNA	0.36332417779075465	0.6366758222092456	NONCODEv6_celegans.fa
NONCELT007958.2	lncRNA	0.11722512070266528	0.8827748792973348	NONCODEv6_celegans.fa
NONCELT007959.2	lncRNA	0.05828624047844312	0.9417137595215566	NONCODEv6_celegans.fa
NONCELT007960.2	lncRNA	0.08058169780822744	0.919418302191773	NONCODEv6_celegans.fa
NONCELT007963.2	lncRNA	0.13072980915405444	0.8692701908459458	NONCODEv6_celegans.fa
NONCELT007964.2	lncRNA	0.18315052340696616	0.8168494765930341	NONCODEv6_celegans.fa
NONCELT007967.2	lncRNA	0.09094727657329088	0.9090527234267092	NONCODEv6_celegans.fa
NONCELT007968.2	lncRNA	0.22672011035643996	0.77327988964356	NONCODEv6_celegans.fa
NONCELT007969.2	lncRNA	0.15759766363277158	0.8424023363672285	NONCODEv6_celegans.fa
NONCELT007972.2	lncRNA	0.08921673636520708	0.910783263634793	NONCODEv6_celegans.fa
NONCELT007977.2	Protein_Coding	0.8822249042957246	0.11777509570427505	NONCODEv6_celegans.fa
NONCELT007988.2	lncRNA	0.04182574564157348	0.9581742543584263	NONCODEv6_celegans.fa
NONCELT007990.2	lncRNA	0.1517537820363377	0.8482462179636625	NONCODEv6_celegans.fa
NONCELT007998.2	lncRNA	0.2118209359734143	0.788179064026586	NONCODEv6_celegans.fa
NONCELT008000.2	lncRNA	0.1658306245195871	0.8341693754804133	NONCODEv6_celegans.fa
NONCELT008002.2	lncRNA	0.25467586268147446	0.7453241373185256	NONCODEv6_celegans.fa
NONCELT008007.2	Protein_Coding	0.7349236004596678	0.26507639954033235	NONCODEv6_celegans.fa
NONCELT008026.2	lncRNA	0.30027923358879194	0.6997207664112086	NONCODEv6_celegans.fa
NONCELT008036.2	lncRNA	0.39115987039114475	0.6088401296088554	NONCODEv6_celegans.fa
NONCELT008038.2	lncRNA	0.2941068786074206	0.705893121392579	NONCODEv6_celegans.fa
NONCELT008039.2	lncRNA	0.16684019445573228	0.8331598055442678	NONCODEv6_celegans.fa
NONCELT008048.2	lncRNA	0.12712415217660278	0.8728758478233974	NONCODEv6_celegans.fa
NONCELT008055.2	lncRNA	0.029689869508282053	0.9703101304917183	NONCODEv6_celegans.fa
NONCELT008074.2	lncRNA	0.1429070093063089	0.857092990693691	NONCODEv6_celegans.fa
NONCELT008075.2	lncRNA	0.0806901525360115	0.9193098474639888	NONCODEv6_celegans.fa
NONCELT008085.2	lncRNA	0.137599588657246	0.8624004113427537	NONCODEv6_celegans.fa
NONCELT008120.2	lncRNA	0.09137817326513908	0.9086218267348611	NONCODEv6_celegans.fa
NONCELT008123.2	lncRNA	0.11379745235314441	0.8862025476468557	NONCODEv6_celegans.fa
NONCELT008124.2	lncRNA	0.21627737916865664	0.7837226208313439	NONCODEv6_celegans.fa
NONCELT008126.2	lncRNA	0.06660060179440301	0.9333993982055974	NONCODEv6_celegans.fa
NONCELT008127.2	lncRNA	0.49764783877241486	0.5023521612275851	NONCODEv6_celegans.fa
NONCELT008131.2	lncRNA	0.27823366061331384	0.7217663393866859	NONCODEv6_celegans.fa
NONCELT008132.2	lncRNA	0.12046935332270445	0.8795306466772954	NONCODEv6_celegans.fa
NONCELT008138.2	lncRNA	0.3514824337804933	0.6485175662195065	NONCODEv6_celegans.fa
NONCELT008141.2	lncRNA	0.3186381343964017	0.6813618656035986	NONCODEv6_celegans.fa
NONCELT008142.2	lncRNA	0.39357121513939075	0.6064287848606091	NONCODEv6_celegans.fa
NONCELT008143.2	Protein_Coding	0.532346254642402	0.4676537453575979	NONCODEv6_celegans.fa
NONCELT008145.2	lncRNA	0.06679723471150946	0.9332027652884908	NONCODEv6_celegans.fa
NONCELT008148.2	lncRNA	0.07668759612483389	0.9233124038751663	NONCODEv6_celegans.fa
NONCELT008149.2	lncRNA	0.18417718114272627	0.815822818857273	NONCODEv6_celegans.fa
NONCELT008152.2	lncRNA	0.14776421593507627	0.8522357840649241	NONCODEv6_celegans.fa
NONCELT008155.2	lncRNA	0.22316080108143468	0.7768391989185656	NONCODEv6_celegans.fa
NONCELT008178.2	lncRNA	0.07357138377816386	0.9264286162218358	NONCODEv6_celegans.fa
NONCELT008186.2	lncRNA	0.18313418466198444	0.8168658153380158	NONCODEv6_celegans.fa
NONCELT008187.2	lncRNA	0.20059294845989492	0.7994070515401055	NONCODEv6_celegans.fa
NONCELT008188.2	lncRNA	0.10370637772555359	0.8962936222744464	NONCODEv6_celegans.fa
NONCELT008194.2	lncRNA	0.1117132014214902	0.8882867985785101	NONCODEv6_celegans.fa
NONCELT008196.2	lncRNA	0.06313716474679068	0.9368628352532093	NONCODEv6_celegans.fa
NONCELT008198.2	lncRNA	0.17409542452328924	0.8259045754767113	NONCODEv6_celegans.fa
NONCELT008199.2	lncRNA	0.19542901719072772	0.8045709828092724	NONCODEv6_celegans.fa
NONCELT008200.2	lncRNA	0.20293112980126116	0.7970688701987391	NONCODEv6_celegans.fa
NONCELT008203.2	Protein_Coding	0.6641084951718985	0.3358915048281013	NONCODEv6_celegans.fa
NONCELT008204.2	lncRNA	0.27608517648273795	0.7239148235172624	NONCODEv6_celegans.fa
NONCELT008209.2	lncRNA	0.3664031004759293	0.6335968995240704	NONCODEv6_celegans.fa
NONCELT008211.2	lncRNA	0.1442440967938975	0.8557559032061027	NONCODEv6_celegans.fa
NONCELT008221.2	lncRNA	0.10716760459559595	0.8928323954044044	NONCODEv6_celegans.fa
NONCELT008225.2	lncRNA	0.038549939931953214	0.9614500600680468	NONCODEv6_celegans.fa
NONCELT008242.2	lncRNA	0.1218216945428097	0.8781783054571909	NONCODEv6_celegans.fa
NONCELT008244.2	lncRNA	0.3670683980474843	0.6329316019525155	NONCODEv6_celegans.fa
NONCELT008245.2	lncRNA	0.34415536621806336	0.6558446337819371	NONCODEv6_celegans.fa
NONCELT008246.2	lncRNA	0.1966749743771829	0.8033250256228175	NONCODEv6_celegans.fa
NONCELT008247.2	lncRNA	0.3809091662375329	0.6190908337624674	NONCODEv6_celegans.fa
NONCELT008258.2	Protein_Coding	0.8377405285725946	0.1622594714274053	NONCODEv6_celegans.fa
NONCELT008259.2	lncRNA	0.11654963314744714	0.8834503668525528	NONCODEv6_celegans.fa
NONCELT008263.2	lncRNA	0.1594381586644093	0.8405618413355911	NONCODEv6_celegans.fa
NONCELT008271.2	lncRNA	0.03682735524749441	0.9631726447525057	NONCODEv6_celegans.fa
NONCELT008280.2	lncRNA	0.03682735524749441	0.9631726447525057	NONCODEv6_celegans.fa
NONCELT008288.2	lncRNA	0.09983866282930472	0.9001613371706952	NONCODEv6_celegans.fa
NONCELT008295.2	Protein_Coding	0.5152169835251847	0.48478301647481525	NONCODEv6_celegans.fa
NONCELT008297.2	lncRNA	0.4394395015538169	0.560560498446183	NONCODEv6_celegans.fa
NONCELT008299.2	lncRNA	0.06234952473391713	0.9376504752660827	NONCODEv6_celegans.fa
NONCELT008312.2	lncRNA	0.3824615171333723	0.6175384828666279	NONCODEv6_celegans.fa
NONCELT008313.2	Protein_Coding	0.576006490904619	0.42399350909538097	NONCODEv6_celegans.fa
NONCELT008319.2	lncRNA	0.10237775750670687	0.8976222424932935	NONCODEv6_celegans.fa
NONCELT008320.2	lncRNA	0.23418280696750216	0.7658171930324978	NONCODEv6_celegans.fa
NONCELT008345.2	lncRNA	0.14208134394861527	0.8579186560513845	NONCODEv6_celegans.fa
NONCELT008346.2	lncRNA	0.22540200176391798	0.7745979982360817	NONCODEv6_celegans.fa
NONCELT008356.2	lncRNA	0.17260066397516557	0.8273993360248344	NONCODEv6_celegans.fa
NONCELT008357.2	lncRNA	0.0183457271659576	0.9816542728340422	NONCODEv6_celegans.fa
NONCELT008365.2	lncRNA	0.2292568094086067	0.7707431905913937	NONCODEv6_celegans.fa
NONCELT008376.2	lncRNA	0.08197916488770525	0.9180208351122954	NONCODEv6_celegans.fa
NONCELT008382.2	Protein_Coding	0.6528333847864117	0.34716661521358827	NONCODEv6_celegans.fa
NONCELT008383.2	lncRNA	0.2195572585144948	0.7804427414855054	NONCODEv6_celegans.fa
NONCELT008385.2	lncRNA	0.4285176199857942	0.5714823800142057	NONCODEv6_celegans.fa
NONCELT008386.2	lncRNA	0.26320907899321305	0.7367909210067872	NONCODEv6_celegans.fa
NONCELT008389.2	lncRNA	0.1305171445829216	0.8694828554170785	NONCODEv6_celegans.fa
NONCELT008390.2	Protein_Coding	0.8125609188657829	0.1874390811342168	NONCODEv6_celegans.fa
NONCELT008398.2	lncRNA	0.41591329834248203	0.584086701657518	NONCODEv6_celegans.fa
NONCELT008405.2	lncRNA	0.11580751968544066	0.8841924803145599	NONCODEv6_celegans.fa
NONCELT008417.2	lncRNA	0.17558412426181072	0.8244158757381896	NONCODEv6_celegans.fa
NONCELT008445.2	Protein_Coding	0.7322092643910382	0.2677907356089618	NONCODEv6_celegans.fa
NONCELT008473.2	lncRNA	0.062112880274770736	0.9378871197252294	NONCODEv6_celegans.fa
NONCELT008488.2	lncRNA	0.0876302913662672	0.9123697086337332	NONCODEv6_celegans.fa
NONCELT008503.2	lncRNA	0.10979873102090565	0.8902012689790945	NONCODEv6_celegans.fa
NONCELT008504.2	lncRNA	0.18965711662332635	0.8103428833766739	NONCODEv6_celegans.fa
NONCELT008544.2	lncRNA	0.07126190484932027	0.9287380951506802	NONCODEv6_celegans.fa
NONCELT008551.2	lncRNA	0.2750944540603417	0.7249055459396583	NONCODEv6_celegans.fa
NONCELT008583.2	lncRNA	0.34413835020957045	0.6558616497904294	NONCODEv6_celegans.fa
NONCELT008793.2	lncRNA	0.2518741941759446	0.7481258058240551	NONCODEv6_celegans.fa
NONCELT008795.2	lncRNA	0.21225991709485606	0.7877400829051439	NONCODEv6_celegans.fa
NONCELT009032.2	lncRNA	0.19251995180574213	0.8074800481942582	NONCODEv6_celegans.fa
NONCELT009285.2	lncRNA	0.21255405213691203	0.7874459478630884	NONCODEv6_celegans.fa
NONCELT009459.2	lncRNA	0.2483240590107183	0.7516759409892813	NONCODEv6_celegans.fa
NONCELT009460.2	lncRNA	0.2706525882676123	0.7293474117323879	NONCODEv6_celegans.fa
NONCELT009669.2	Protein_Coding	0.5628050395274445	0.43719496047255524	NONCODEv6_celegans.fa
NONCELT009684.2	Protein_Coding	0.6270063100920232	0.3729936899079769	NONCODEv6_celegans.fa
NONCELT009704.2	lncRNA	0.06500519440193256	0.9349948055980672	NONCODEv6_celegans.fa
NONCELT009994.2	Protein_Coding	0.5527226240005576	0.44727737599944234	NONCODEv6_celegans.fa
NONCELT010722.2	lncRNA	0.4248241641207541	0.5751758358792461	NONCODEv6_celegans.fa
NONCELT010730.2	lncRNA	0.3465730447257761	0.6534269552742242	NONCODEv6_celegans.fa
NONCELT010736.2	lncRNA	0.023384144296616564	0.9766158557033839	NONCODEv6_celegans.fa
NONCELT010745.2	lncRNA	0.29846663897496084	0.7015333610250398	NONCODEv6_celegans.fa
NONCELT010868.2	lncRNA	0.053296700641818795	0.9467032993581815	NONCODEv6_celegans.fa
NONCELT010872.2	lncRNA	0.44327577371907556	0.5567242262809243	NONCODEv6_celegans.fa
NONCELT011282.2	lncRNA	0.11064151433375766	0.8893584856662423	NONCODEv6_celegans.fa
NONCELT011479.2	lncRNA	0.13763573174349258	0.8623642682565077	NONCODEv6_celegans.fa
NONCELT011482.2	lncRNA	0.15993436518986	0.84006563481014	NONCODEv6_celegans.fa
NONCELT011487.2	lncRNA	0.36924084535511487	0.630759154644885	NONCODEv6_celegans.fa
NONCELT011545.2	Protein_Coding	0.507397734047207	0.49260226595279294	NONCODEv6_celegans.fa
NONCELT011856.2	Protein_Coding	0.6751044656836008	0.32489553431639867	NONCODEv6_celegans.fa
NONCELT011871.2	lncRNA	0.2533763501679982	0.7466236498320019	NONCODEv6_celegans.fa
NONCELT011881.2	lncRNA	0.18494544439208976	0.8150545556079105	NONCODEv6_celegans.fa
NONCELT011886.2	lncRNA	0.2510630464497843	0.7489369535502165	NONCODEv6_celegans.fa
NONCELT011896.2	lncRNA	0.18604233853024765	0.8139576614697527	NONCODEv6_celegans.fa
NONCELT011899.2	lncRNA	0.10796638229626496	0.8920336177037353	NONCODEv6_celegans.fa
NONCELT011903.2	lncRNA	0.20880947631572544	0.7911905236842758	NONCODEv6_celegans.fa
NONCELT011954.2	lncRNA	0.10876082097957801	0.8912391790204223	NONCODEv6_celegans.fa
NONCELT012016.2	lncRNA	0.1782571571109745	0.8217428428890255	NONCODEv6_celegans.fa
NONCELT012135.2	lncRNA	0.13787985845057732	0.8621201415494231	NONCODEv6_celegans.fa
NONCELT012140.2	lncRNA	0.4577306058263493	0.5422693941736506	NONCODEv6_celegans.fa
NONCELT012163.2	lncRNA	0.06567687092736124	0.9343231290726388	NONCODEv6_celegans.fa
NONCELT012215.2	Protein_Coding	0.5579262326772275	0.4420737673227724	NONCODEv6_celegans.fa
NONCELT012487.2	lncRNA	0.013208962793395177	0.9867910372066048	NONCODEv6_celegans.fa
NONCELT012843.2	lncRNA	0.46981576855132373	0.5301842314486763	NONCODEv6_celegans.fa
NONCELT013269.2	lncRNA	0.10699337006860576	0.8930066299313943	NONCODEv6_celegans.fa
NONCELT013431.2	lncRNA	0.38339197740593295	0.6166080225940671	NONCODEv6_celegans.fa
NONCELT013433.2	Protein_Coding	0.7413165686894599	0.2586834313105401	NONCODEv6_celegans.fa
NONCELT013607.2	lncRNA	0.05638674422875326	0.943613255771247	NONCODEv6_celegans.fa
NONCELT013647.2	lncRNA	0.06086494316461144	0.939135056835389	NONCODEv6_celegans.fa
NONCELT013649.2	lncRNA	0.2143123616372541	0.7856876383627461	NONCODEv6_celegans.fa
NONCELT013654.2	lncRNA	0.06086494316461144	0.939135056835389	NONCODEv6_celegans.fa
NONCELT013655.2	lncRNA	0.05638674422875326	0.943613255771247	NONCODEv6_celegans.fa
NONCELT013798.2	lncRNA	0.27900316398719033	0.7209968360128098	NONCODEv6_celegans.fa
NONCELT014020.2	lncRNA	0.12069951493997712	0.8793004850600222	NONCODEv6_celegans.fa
NONCELT014077.2	lncRNA	0.1811337886567931	0.8188662113432073	NONCODEv6_celegans.fa
NONCELT014084.2	lncRNA	0.1811337886567931	0.8188662113432073	NONCODEv6_celegans.fa
NONCELT014234.2	Protein_Coding	0.5394135480755439	0.4605864519244561	NONCODEv6_celegans.fa
NONCELT014275.2	lncRNA	0.26524362266667095	0.7347563773333295	NONCODEv6_celegans.fa
NONCELT014588.2	lncRNA	0.12550383667072726	0.8744961633292728	NONCODEv6_celegans.fa
NONCELT014940.2	lncRNA	0.20149011317581492	0.7985098868241848	NONCODEv6_celegans.fa
NONCELT015170.2	Protein_Coding	0.5350958918689465	0.46490410813105354	NONCODEv6_celegans.fa
NONCELT015489.2	lncRNA	0.12625767128804616	0.8737423287119537	NONCODEv6_celegans.fa
NONCELT015591.2	lncRNA	0.3745232762550757	0.6254767237449241	NONCODEv6_celegans.fa
NONCELT015592.2	lncRNA	0.2660857574294088	0.7339142425705915	NONCODEv6_celegans.fa
NONCELT015594.2	lncRNA	0.11547777410741536	0.8845222258925846	NONCODEv6_celegans.fa
NONCELT015723.2	Protein_Coding	0.618989739296583	0.38101026070341676	NONCODEv6_celegans.fa
NONCELT015806.2	lncRNA	0.22196360009647817	0.7780363999035217	NONCODEv6_celegans.fa
NONCELT015819.2	Protein_Coding	0.5960733584936045	0.40392664150639546	NONCODEv6_celegans.fa
NONCELT015820.2	Protein_Coding	0.5743134678850393	0.4256865321149607	NONCODEv6_celegans.fa
NONCELT015821.2	lncRNA	0.2536017681844415	0.7463982318155586	NONCODEv6_celegans.fa
NONCELT015822.2	lncRNA	0.1305722465919171	0.8694277534080829	NONCODEv6_celegans.fa
NONCELT015826.2	lncRNA	0.30481765124849436	0.6951823487515062	NONCODEv6_celegans.fa
NONCELT015827.2	lncRNA	0.16390365651246083	0.8360963434875391	NONCODEv6_celegans.fa
NONCELT015829.2	lncRNA	0.1977935744517898	0.8022064255482101	NONCODEv6_celegans.fa
NONCELT015835.2	lncRNA	0.18803545161441135	0.8119645483855888	NONCODEv6_celegans.fa
NONCELT015843.2	lncRNA	0.31253678958174513	0.6874632104182548	NONCODEv6_celegans.fa
NONCELT015845.2	lncRNA	0.29263638935779285	0.7073636106422073	NONCODEv6_celegans.fa
NONCELT015851.2	lncRNA	0.0961989182677534	0.903801081732247	NONCODEv6_celegans.fa
NONCELT016086.2	lncRNA	0.06207616034714029	0.9379238396528601	NONCODEv6_celegans.fa
NONCELT016107.2	lncRNA	0.19784471710756357	0.802155282892436	NONCODEv6_celegans.fa
NONCELT016121.2	lncRNA	0.2977141799798491	0.7022858200201506	NONCODEv6_celegans.fa
NONCELT016158.2	lncRNA	0.3279916704153038	0.6720083295846968	NONCODEv6_celegans.fa
NONCELT016269.2	lncRNA	0.27220464056599103	0.727795359434009	NONCODEv6_celegans.fa
NONCELT016483.2	lncRNA	0.2714053795226748	0.7285946204773253	NONCODEv6_celegans.fa
NONCELT016639.2	lncRNA	0.3385984217570643	0.6614015782429352	NONCODEv6_celegans.fa
NONCELT016874.2	lncRNA	0.39359166884969815	0.6064083311503022	NONCODEv6_celegans.fa
NONCELT016875.2	lncRNA	0.16076084312363936	0.839239156876361	NONCODEv6_celegans.fa
NONCELT016983.2	lncRNA	0.10148900092397317	0.898510999076027	NONCODEv6_celegans.fa
NONCELT016987.2	lncRNA	0.41089694889554396	0.5891030511044562	NONCODEv6_celegans.fa
NONCELT017165.2	lncRNA	0.46184027868243177	0.5381597213175682	NONCODEv6_celegans.fa
NONCELT017352.2	lncRNA	0.06574246804610949	0.9342575319538903	NONCODEv6_celegans.fa
NONCELT017481.2	lncRNA	0.1048186628265963	0.8951813371734041	NONCODEv6_celegans.fa
NONCELT017652.2	lncRNA	0.0808697877245823	0.9191302122754186	NONCODEv6_celegans.fa
NONCELT017654.2	lncRNA	0.08079166206725043	0.91920833793275	NONCODEv6_celegans.fa
NONCELT017721.2	Protein_Coding	0.7993502958055126	0.20064970419448694	NONCODEv6_celegans.fa
NONCELT017723.2	Protein_Coding	0.5802157893726013	0.4197842106273983	NONCODEv6_celegans.fa
NONCELT017738.2	lncRNA	0.16914049546742768	0.830859504532572	NONCODEv6_celegans.fa
NONCELT017763.2	lncRNA	0.05827089675856083	0.9417291032414397	NONCODEv6_celegans.fa
NONCELT017764.2	lncRNA	0.01349793562989668	0.9865020643701033	NONCODEv6_celegans.fa
NONCELT017773.2	lncRNA	0.04275507775809593	0.9572449222419045	NONCODEv6_celegans.fa
NONCELT017774.2	lncRNA	0.18871442489301135	0.8112855751069885	NONCODEv6_celegans.fa
NONCELT017782.2	lncRNA	0.322580062470201	0.677419937529799	NONCODEv6_celegans.fa
NONCELT017785.2	lncRNA	0.06779648261843627	0.9322035173815638	NONCODEv6_celegans.fa
NONCELT017788.2	Protein_Coding	0.5501064555767943	0.4498935444232055	NONCODEv6_celegans.fa
NONCELT017789.2	Protein_Coding	0.7539786493448809	0.24602135065511901	NONCODEv6_celegans.fa
NONCELT017791.2	lncRNA	0.44342264788230434	0.5565773521176955	NONCODEv6_celegans.fa
NONCELT017792.2	Protein_Coding	0.5378335372931561	0.46216646270684386	NONCODEv6_celegans.fa
NONCELT017793.2	Protein_Coding	0.6408793707685189	0.35912062923148097	NONCODEv6_celegans.fa
NONCELT017796.2	Protein_Coding	0.6751843884388322	0.3248156115611678	NONCODEv6_celegans.fa
NONCELT017797.2	lncRNA	0.06734825858034124	0.9326517414196587	NONCODEv6_celegans.fa
NONCELT017799.2	lncRNA	0.4346888200411313	0.5653111799588688	NONCODEv6_celegans.fa
NONCELT017802.2	lncRNA	0.4579896381336151	0.5420103618663848	NONCODEv6_celegans.fa
NONCELT017803.2	Protein_Coding	0.7140686029030758	0.2859313970969239	NONCODEv6_celegans.fa
NONCELT017804.2	Protein_Coding	0.6941435689678487	0.3058564310321508	NONCODEv6_celegans.fa
NONCELT017810.2	lncRNA	0.46858089331137925	0.5314191066886207	NONCODEv6_celegans.fa
NONCELT017822.2	lncRNA	0.026141588322373347	0.973858411677627	NONCODEv6_celegans.fa
NONCELT017827.2	lncRNA	0.16965206759933657	0.8303479324006634	NONCODEv6_celegans.fa
NONCELT017830.2	lncRNA	0.1833601562741012	0.8166398437258982	NONCODEv6_celegans.fa
NONCELT017834.2	lncRNA	0.11016394304887962	0.8898360569511204	NONCODEv6_celegans.fa
NONCELT017849.2	Protein_Coding	0.5632436293626533	0.4367563706373467	NONCODEv6_celegans.fa
NONCELT017850.2	Protein_Coding	0.65718891309081	0.3428110869091897	NONCODEv6_celegans.fa
NONCELT017885.2	lncRNA	0.3148590878703401	0.6851409121296601	NONCODEv6_celegans.fa
NONCELT017887.2	lncRNA	0.3040196746683013	0.695980325331699	NONCODEv6_celegans.fa
NONCELT017888.2	Protein_Coding	0.6743440665709828	0.32565593342901705	NONCODEv6_celegans.fa
NONCELT017892.2	lncRNA	0.47629440952263025	0.5237055904773698	NONCODEv6_celegans.fa
NONCELT017893.2	lncRNA	0.12429775406482171	0.8757022459351781	NONCODEv6_celegans.fa
NONCELT017895.2	Protein_Coding	0.5898594102488586	0.4101405897511414	NONCODEv6_celegans.fa
NONCELT017896.2	lncRNA	0.12429775406482171	0.8757022459351781	NONCODEv6_celegans.fa
NONCELT017916.2	lncRNA	0.46221055491570473	0.5377894450842953	NONCODEv6_celegans.fa
NONCELT017919.2	Protein_Coding	0.5321116270674344	0.4678883729325656	NONCODEv6_celegans.fa
NONCELT017920.2	lncRNA	0.38133519703883867	0.6186648029611614	NONCODEv6_celegans.fa
NONCELT017921.2	Protein_Coding	0.6774367057454657	0.3225632942545343	NONCODEv6_celegans.fa
NONCELT017922.2	Protein_Coding	0.5339199969992471	0.466080003000753	NONCODEv6_celegans.fa
NONCELT017924.2	Protein_Coding	0.6429373609211284	0.35706263907887065	NONCODEv6_celegans.fa
NONCELT017926.2	Protein_Coding	0.553150909007452	0.44684909099254794	NONCODEv6_celegans.fa
NONCELT017927.2	Protein_Coding	0.6713116392910047	0.3286883607089948	NONCODEv6_celegans.fa
NONCELT017928.2	lncRNA	0.3810132632497312	0.6189867367502687	NONCODEv6_celegans.fa
NONCELT017929.2	Protein_Coding	0.7287455162887749	0.27125448371122457	NONCODEv6_celegans.fa
NONCELT017930.2	lncRNA	0.4219400966254841	0.578059903374516	NONCODEv6_celegans.fa
NONCELT017932.2	lncRNA	0.42266401284837907	0.5773359871516209	NONCODEv6_celegans.fa
NONCELT017933.2	lncRNA	0.3243068615031496	0.67569313849685	NONCODEv6_celegans.fa
NONCELT017934.2	lncRNA	0.31953649956564045	0.6804635004343599	NONCODEv6_celegans.fa
NONCELT017935.2	Protein_Coding	0.7021576801323632	0.2978423198676362	NONCODEv6_celegans.fa
NONCELT017936.2	Protein_Coding	0.608856264022302	0.39114373597769786	NONCODEv6_celegans.fa
NONCELT017937.2	lncRNA	0.46186943989175017	0.5381305601082498	NONCODEv6_celegans.fa
NONCELT017938.2	lncRNA	0.36243312217488033	0.6375668778251196	NONCODEv6_celegans.fa
NONCELT017939.2	lncRNA	0.17158372582476364	0.8284162741752362	NONCODEv6_celegans.fa
NONCELT017944.2	Protein_Coding	0.5180747008993223	0.4819252991006778	NONCODEv6_celegans.fa
NONCELT017945.2	Protein_Coding	0.7117441590269441	0.28825584097305557	NONCODEv6_celegans.fa
NONCELT017946.2	Protein_Coding	0.7224550361129453	0.2775449638870545	NONCODEv6_celegans.fa
NONCELT017948.2	Protein_Coding	0.7510057148684552	0.24899428513154462	NONCODEv6_celegans.fa
NONCELT017949.2	lncRNA	0.15061196697532825	0.8493880330246717	NONCODEv6_celegans.fa
NONCELT017952.2	lncRNA	0.18104966220294316	0.8189503377970571	NONCODEv6_celegans.fa
NONCELT017955.2	lncRNA	0.4813295566723418	0.5186704433276582	NONCODEv6_celegans.fa
NONCELT017964.2	Protein_Coding	0.6095800248473463	0.3904199751526538	NONCODEv6_celegans.fa
NONCELT017967.2	lncRNA	0.45355094926949663	0.5464490507305033	NONCODEv6_celegans.fa
NONCELT017968.2	Protein_Coding	0.5570828735026718	0.44291712649732823	NONCODEv6_celegans.fa
NONCELT017970.2	lncRNA	0.17332779894703784	0.8266722010529625	NONCODEv6_celegans.fa
NONCELT017985.2	Protein_Coding	0.6707012204924576	0.3292987795075423	NONCODEv6_celegans.fa
NONCELT017988.2	Protein_Coding	0.5396706455055115	0.4603293544944885	NONCODEv6_celegans.fa
NONCELT017991.2	lncRNA	0.052921259721197204	0.947078740278803	NONCODEv6_celegans.fa
NONCELT017992.2	lncRNA	0.11381377839870607	0.8861862216012942	NONCODEv6_celegans.fa
NONCELT017993.2	lncRNA	0.42614337487101306	0.573856625128987	NONCODEv6_celegans.fa
NONCELT018003.2	lncRNA	0.4711156460807078	0.5288843539192923	NONCODEv6_celegans.fa
NONCELT018013.2	Protein_Coding	0.5818295561866341	0.41817044381336577	NONCODEv6_celegans.fa
NONCELT018014.2	Protein_Coding	0.5753029369052356	0.4246970630947643	NONCODEv6_celegans.fa
NONCELT018028.2	Protein_Coding	0.7511222933064835	0.24887770669351567	NONCODEv6_celegans.fa
NONCELT018048.2	Protein_Coding	0.767573330558208	0.23242666944179166	NONCODEv6_celegans.fa
NONCELT018052.2	lncRNA	0.36821617527707834	0.6317838247229212	NONCODEv6_celegans.fa
NONCELT018053.2	lncRNA	0.1561773828785274	0.8438226171214727	NONCODEv6_celegans.fa
NONCELT018054.2	lncRNA	0.2827756448517256	0.7172243551482745	NONCODEv6_celegans.fa
NONCELT018057.2	lncRNA	0.1362588201902008	0.8637411798097994	NONCODEv6_celegans.fa
NONCELT018060.2	lncRNA	0.1413292790002135	0.8586707209997866	NONCODEv6_celegans.fa
NONCELT018066.2	Protein_Coding	0.6643142503617259	0.33568574963827386	NONCODEv6_celegans.fa
NONCELT018067.2	lncRNA	0.3622485499494471	0.637751450050553	NONCODEv6_celegans.fa
NONCELT018069.2	lncRNA	0.33027022098154657	0.6697297790184535	NONCODEv6_celegans.fa
NONCELT018086.2	lncRNA	0.2735607809841193	0.7264392190158807	NONCODEv6_celegans.fa
NONCELT018090.2	lncRNA	0.4769987914429398	0.5230012085570602	NONCODEv6_celegans.fa
NONCELT018101.2	lncRNA	0.09910526964229303	0.9008947303577066	NONCODEv6_celegans.fa
NONCELT018105.2	lncRNA	0.03407593923762457	0.9659240607623758	NONCODEv6_celegans.fa
NONCELT018106.2	lncRNA	0.34275256086408956	0.6572474391359105	NONCODEv6_celegans.fa
NONCELT018107.2	lncRNA	0.162416927472143	0.837583072527857	NONCODEv6_celegans.fa
NONCELT018113.2	lncRNA	0.06324045109747639	0.9367595489025234	NONCODEv6_celegans.fa
NONCELT018123.2	lncRNA	0.21540380416865273	0.7845961958313474	NONCODEv6_celegans.fa
NONCELT018126.2	lncRNA	0.06815284964910408	0.931847150350896	NONCODEv6_celegans.fa
NONCELT018135.2	lncRNA	0.2387834695938539	0.7612165304061465	NONCODEv6_celegans.fa
NONCELT018136.2	lncRNA	0.18683955732651053	0.8131604426734895	NONCODEv6_celegans.fa
NONCELT018138.2	lncRNA	0.1481609462405322	0.851839053759468	NONCODEv6_celegans.fa
NONCELT018139.2	lncRNA	0.13458356420983697	0.8654164357901635	NONCODEv6_celegans.fa
NONCELT018145.2	lncRNA	0.13711623710128998	0.8628837628987098	NONCODEv6_celegans.fa
NONCELT018147.2	lncRNA	0.41660391498921934	0.5833960850107807	NONCODEv6_celegans.fa
NONCELT018154.2	lncRNA	0.18807922789711895	0.8119207721028812	NONCODEv6_celegans.fa
NONCELT018155.2	lncRNA	0.1841585878498632	0.8158414121501368	NONCODEv6_celegans.fa
NONCELT018164.2	lncRNA	0.08982042165886585	0.9101795783411345	NONCODEv6_celegans.fa
NONCELT018165.2	lncRNA	0.14717077383408794	0.8528292261659116	NONCODEv6_celegans.fa
NONCELT018166.2	lncRNA	0.14732661348200254	0.8526733865179977	NONCODEv6_celegans.fa
NONCELT018170.2	lncRNA	0.10188919259199693	0.8981108074080034	NONCODEv6_celegans.fa
NONCELT018195.2	lncRNA	0.0635090607046112	0.9364909392953897	NONCODEv6_celegans.fa
NONCELT018201.2	lncRNA	0.11258334794137209	0.8874166520586279	NONCODEv6_celegans.fa
NONCELT018203.2	lncRNA	0.12114386496469269	0.8788561350353072	NONCODEv6_celegans.fa
NONCELT018206.2	lncRNA	0.038533846722430966	0.9614661532775696	NONCODEv6_celegans.fa
NONCELT018212.2	lncRNA	0.0470638666624598	0.9529361333375401	NONCODEv6_celegans.fa
NONCELT018213.2	lncRNA	0.07562839312315338	0.924371606876847	NONCODEv6_celegans.fa
NONCELT018219.2	lncRNA	0.41447780199862144	0.5855221980013786	NONCODEv6_celegans.fa
NONCELT018220.2	lncRNA	0.14926595755085373	0.8507340424491465	NONCODEv6_celegans.fa
NONCELT018223.2	lncRNA	0.12685826073848977	0.8731417392615098	NONCODEv6_celegans.fa
NONCELT018224.2	lncRNA	0.054416061110541473	0.9455839388894585	NONCODEv6_celegans.fa
NONCELT018225.2	lncRNA	0.07424301592520723	0.925756984074793	NONCODEv6_celegans.fa
NONCELT018228.2	lncRNA	0.26162535206158843	0.7383746479384113	NONCODEv6_celegans.fa
NONCELT018229.2	lncRNA	0.06629773228005939	0.933702267719941	NONCODEv6_celegans.fa
NONCELT018230.2	lncRNA	0.0637133826909999	0.9362866173090005	NONCODEv6_celegans.fa
NONCELT018232.2	lncRNA	0.26073985916839887	0.7392601408316015	NONCODEv6_celegans.fa
NONCELT018234.2	lncRNA	0.19250169254155397	0.8074983074584462	NONCODEv6_celegans.fa
NONCELT018238.2	lncRNA	0.09172549001734297	0.908274509982657	NONCODEv6_celegans.fa
NONCELT018239.2	lncRNA	0.26458918259614256	0.7354108174038575	NONCODEv6_celegans.fa
NONCELT018240.2	lncRNA	0.2174866733892418	0.7825133266107582	NONCODEv6_celegans.fa
NONCELT018241.2	lncRNA	0.15957611438772648	0.8404238856122735	NONCODEv6_celegans.fa
NONCELT018242.2	lncRNA	0.17970202331456356	0.8202979766854368	NONCODEv6_celegans.fa
NONCELT018245.2	lncRNA	0.13973911523899957	0.8602608847610005	NONCODEv6_celegans.fa
NONCELT018246.2	lncRNA	0.18702957540900797	0.8129704245909924	NONCODEv6_celegans.fa
NONCELT018247.2	lncRNA	0.11036132984376539	0.8896386701562341	NONCODEv6_celegans.fa
NONCELT018249.2	lncRNA	0.20803888140428844	0.7919611185957112	NONCODEv6_celegans.fa
NONCELT018251.2	lncRNA	0.12607468535114483	0.8739253146488555	NONCODEv6_celegans.fa
NONCELT018254.2	lncRNA	0.11415481801325927	0.8858451819867409	NONCODEv6_celegans.fa
NONCELT018255.2	lncRNA	0.11574679336001738	0.8842532066399827	NONCODEv6_celegans.fa
NONCELT018263.2	lncRNA	0.1207300590287628	0.8792699409712375	NONCODEv6_celegans.fa
NONCELT018264.2	lncRNA	0.09249337706373957	0.9075066229362608	NONCODEv6_celegans.fa
NONCELT018265.2	lncRNA	0.2500151779736838	0.7499848220263164	NONCODEv6_celegans.fa
NONCELT018266.2	lncRNA	0.22611847371371574	0.7738815262862847	NONCODEv6_celegans.fa
NONCELT018267.2	lncRNA	0.11442442312553425	0.8855755768744656	NONCODEv6_celegans.fa
NONCELT018269.2	lncRNA	0.14682485499863	0.8531751450013698	NONCODEv6_celegans.fa
NONCELT018272.2	lncRNA	0.1142979945481923	0.8857020054518079	NONCODEv6_celegans.fa
NONCELT018273.2	lncRNA	0.3132799418763904	0.6867200581236095	NONCODEv6_celegans.fa
NONCELT018274.2	lncRNA	0.11519594277421935	0.8848040572257808	NONCODEv6_celegans.fa
NONCELT018278.2	lncRNA	0.07508451409090867	0.9249154859090915	NONCODEv6_celegans.fa
NONCELT018279.2	lncRNA	0.2055010022736104	0.7944989977263895	NONCODEv6_celegans.fa
NONCELT018287.2	lncRNA	0.2143233293760371	0.785676670623963	NONCODEv6_celegans.fa
NONCELT018291.2	lncRNA	0.02995696829774106	0.9700430317022593	NONCODEv6_celegans.fa
NONCELT018292.2	lncRNA	0.06073637620165753	0.9392636237983428	NONCODEv6_celegans.fa
NONCELT018298.2	lncRNA	0.07216509220097199	0.9278349077990282	NONCODEv6_celegans.fa
NONCELT018302.2	lncRNA	0.049423779539275806	0.9505762204607245	NONCODEv6_celegans.fa
NONCELT018306.2	lncRNA	0.1271502663842095	0.8728497336157904	NONCODEv6_celegans.fa
NONCELT018317.2	lncRNA	0.21782897653307504	0.782171023466925	NONCODEv6_celegans.fa
NONCELT018320.2	lncRNA	0.03203734187555333	0.9679626581244468	NONCODEv6_celegans.fa
NONCELT018331.2	lncRNA	0.2834573498407156	0.7165426501592844	NONCODEv6_celegans.fa
NONCELT018335.2	lncRNA	0.14395534084742964	0.8560446591525708	NONCODEv6_celegans.fa
NONCELT018338.2	lncRNA	0.1374390975867178	0.8625609024132825	NONCODEv6_celegans.fa
NONCELT018339.2	lncRNA	0.12634886270738846	0.873651137292612	NONCODEv6_celegans.fa
NONCELT018340.2	lncRNA	0.07870399186271015	0.9212960081372898	NONCODEv6_celegans.fa
NONCELT018347.2	lncRNA	0.2454974839128864	0.754502516087114	NONCODEv6_celegans.fa
NONCELT018353.2	lncRNA	0.17781504522954003	0.8221849547704596	NONCODEv6_celegans.fa
NONCELT018360.2	lncRNA	0.06731656254002409	0.9326834374599766	NONCODEv6_celegans.fa
NONCELT018362.2	lncRNA	0.09568874651657763	0.9043112534834226	NONCODEv6_celegans.fa
NONCELT018365.2	lncRNA	0.24771222487115122	0.7522877751288488	NONCODEv6_celegans.fa
NONCELT018368.2	lncRNA	0.2740115807961879	0.7259884192038127	NONCODEv6_celegans.fa
NONCELT018370.2	lncRNA	0.10301069312853098	0.8969893068714693	NONCODEv6_celegans.fa
NONCELT018377.2	lncRNA	0.19713570949976258	0.802864290500237	NONCODEv6_celegans.fa
NONCELT018389.2	lncRNA	0.2605616977951401	0.7394383022048598	NONCODEv6_celegans.fa
NONCELT018393.2	lncRNA	0.14195980075603898	0.8580401992439611	NONCODEv6_celegans.fa
NONCELT018394.2	lncRNA	0.039984168842346436	0.9600158311576539	NONCODEv6_celegans.fa
NONCELT018395.2	lncRNA	0.09532449113421686	0.9046755088657835	NONCODEv6_celegans.fa
NONCELT018403.2	lncRNA	0.14210843547325394	0.8578915645267465	NONCODEv6_celegans.fa
NONCELT018404.2	lncRNA	0.20365942358673467	0.7963405764132654	NONCODEv6_celegans.fa
NONCELT018406.2	lncRNA	0.1960975567206473	0.8039024432793529	NONCODEv6_celegans.fa
NONCELT018411.2	lncRNA	0.07571647836648453	0.9242835216335157	NONCODEv6_celegans.fa
NONCELT018416.2	lncRNA	0.3790642520752191	0.620935747924781	NONCODEv6_celegans.fa
NONCELT018422.2	lncRNA	0.27778973296600634	0.7222102670339942	NONCODEv6_celegans.fa
NONCELT018423.2	lncRNA	0.2640319515213889	0.7359680484786114	NONCODEv6_celegans.fa
NONCELT018424.2	lncRNA	0.09328853159413661	0.9067114684058635	NONCODEv6_celegans.fa
NONCELT018425.2	lncRNA	0.03275633563884706	0.9672436643611532	NONCODEv6_celegans.fa
NONCELT018426.2	lncRNA	0.10536087693961761	0.8946391230603824	NONCODEv6_celegans.fa
NONCELT018427.2	Protein_Coding	0.528681068606844	0.47131893139315584	NONCODEv6_celegans.fa
NONCELT018428.2	lncRNA	0.10652406171459713	0.8934759382854033	NONCODEv6_celegans.fa
NONCELT018431.2	lncRNA	0.3973011986929993	0.6026988013070004	NONCODEv6_celegans.fa
NONCELT018434.2	lncRNA	0.42654741563120957	0.5734525843687907	NONCODEv6_celegans.fa
NONCELT018435.2	lncRNA	0.45333260344475734	0.5466673965552429	NONCODEv6_celegans.fa
NONCELT018436.2	lncRNA	0.20624138246376597	0.7937586175362339	NONCODEv6_celegans.fa
NONCELT018438.2	lncRNA	0.21670526705233215	0.7832947329476678	NONCODEv6_celegans.fa
NONCELT018439.2	lncRNA	0.25258080339458383	0.7474191966054161	NONCODEv6_celegans.fa
NONCELT018440.2	lncRNA	0.4466794198331309	0.5533205801668691	NONCODEv6_celegans.fa
NONCELT018442.2	lncRNA	0.3705234402046346	0.6294765597953657	NONCODEv6_celegans.fa
NONCELT018443.2	lncRNA	0.46146533271798723	0.5385346672820127	NONCODEv6_celegans.fa
NONCELT018444.2	lncRNA	0.4537514674133739	0.546248532586626	NONCODEv6_celegans.fa
NONCELT018446.2	lncRNA	0.32107134190854625	0.6789286580914543	NONCODEv6_celegans.fa
NONCELT018447.2	Protein_Coding	0.514872027667079	0.48512797233292093	NONCODEv6_celegans.fa
NONCELT018453.2	Protein_Coding	0.5330308978642937	0.4669691021357063	NONCODEv6_celegans.fa
NONCELT018456.2	lncRNA	0.19394364324621807	0.8060563567537818	NONCODEv6_celegans.fa
NONCELT018462.2	Protein_Coding	0.5118713798011717	0.4881286201988282	NONCODEv6_celegans.fa
NONCELT018468.2	lncRNA	0.25446149272267066	0.7455385072773296	NONCODEv6_celegans.fa
NONCELT018473.2	lncRNA	0.28447127501527414	0.7155287249847253	NONCODEv6_celegans.fa
NONCELT018478.2	lncRNA	0.2596299459910329	0.7403700540089673	NONCODEv6_celegans.fa
NONCELT018481.2	lncRNA	0.2561133590225619	0.7438866409774382	NONCODEv6_celegans.fa
NONCELT018490.2	lncRNA	0.26554881722218576	0.7344511827778138	NONCODEv6_celegans.fa
NONCELT018493.2	lncRNA	0.08029781488455132	0.919702185115449	NONCODEv6_celegans.fa
NONCELT018496.2	Protein_Coding	0.6495721240242246	0.35042787597577557	NONCODEv6_celegans.fa
NONCELT018497.2	lncRNA	0.31107433163270565	0.6889256683672942	NONCODEv6_celegans.fa
NONCELT018500.2	lncRNA	0.18077389674087452	0.819226103259125	NONCODEv6_celegans.fa
NONCELT018501.2	lncRNA	0.21801453421028527	0.7819854657897148	NONCODEv6_celegans.fa
NONCELT018516.2	lncRNA	0.09472785533699157	0.9052721446630086	NONCODEv6_celegans.fa
NONCELT018517.2	Protein_Coding	0.7374959482151456	0.2625040517848543	NONCODEv6_celegans.fa
NONCELT018519.2	lncRNA	0.19175727839016488	0.8082427216098351	NONCODEv6_celegans.fa
NONCELT018525.2	lncRNA	0.42825521565746494	0.5717447843425351	NONCODEv6_celegans.fa
NONCELT018548.2	lncRNA	0.12538234293891345	0.8746176570610862	NONCODEv6_celegans.fa
NONCELT018559.2	lncRNA	0.2620283814192053	0.7379716185807946	NONCODEv6_celegans.fa
NONCELT018560.2	lncRNA	0.21579731608450708	0.7842026839154932	NONCODEv6_celegans.fa
NONCELT018562.2	lncRNA	0.2168475708811153	0.7831524291188848	NONCODEv6_celegans.fa
NONCELT018564.2	lncRNA	0.06963890367941243	0.9303610963205883	NONCODEv6_celegans.fa
NONCELT018571.2	lncRNA	0.10966215510234491	0.8903378448976553	NONCODEv6_celegans.fa
NONCELT018572.2	lncRNA	0.1495606295512478	0.8504393704487525	NONCODEv6_celegans.fa
NONCELT018575.2	lncRNA	0.15342232724616628	0.8465776727538338	NONCODEv6_celegans.fa
NONCELT018576.2	lncRNA	0.2728147373398743	0.7271852626601263	NONCODEv6_celegans.fa
NONCELT018578.2	lncRNA	0.15956205871376933	0.8404379412862311	NONCODEv6_celegans.fa
NONCELT018585.2	lncRNA	0.13355086970900834	0.8664491302909918	NONCODEv6_celegans.fa
NONCELT018587.2	lncRNA	0.0875506240883713	0.912449375911629	NONCODEv6_celegans.fa
NONCELT018590.2	lncRNA	0.13355086970900834	0.8664491302909918	NONCODEv6_celegans.fa
NONCELT018592.2	lncRNA	0.0875506240883713	0.912449375911629	NONCODEv6_celegans.fa
NONCELT018598.2	lncRNA	0.13355086970900834	0.8664491302909918	NONCODEv6_celegans.fa
NONCELT018600.2	lncRNA	0.0875506240883713	0.912449375911629	NONCODEv6_celegans.fa
NONCELT018602.2	lncRNA	0.13355086970900834	0.8664491302909918	NONCODEv6_celegans.fa
NONCELT018604.2	lncRNA	0.0875506240883713	0.912449375911629	NONCODEv6_celegans.fa
NONCELT018616.2	lncRNA	0.05142935414301923	0.9485706458569813	NONCODEv6_celegans.fa
NONCELT018619.2	lncRNA	0.3839200335564551	0.6160799664435452	NONCODEv6_celegans.fa
NONCELT018623.2	lncRNA	0.4987359527219114	0.5012640472780886	NONCODEv6_celegans.fa
NONCELT018624.2	lncRNA	0.23238857245632766	0.7676114275436725	NONCODEv6_celegans.fa
NONCELT018626.2	lncRNA	0.05321381764541645	0.9467861823545839	NONCODEv6_celegans.fa
NONCELT018627.2	Protein_Coding	0.7540296589288786	0.24597034107112092	NONCODEv6_celegans.fa
NONCELT018629.2	lncRNA	0.17075591992591305	0.8292440800740875	NONCODEv6_celegans.fa
NONCELT018643.2	lncRNA	0.06615894806804816	0.9338410519319519	NONCODEv6_celegans.fa
NONCELT018652.2	lncRNA	0.12827793990672404	0.8717220600932761	NONCODEv6_celegans.fa
NONCELT018654.2	lncRNA	0.22216312613353778	0.7778368738664624	NONCODEv6_celegans.fa
NONCELT018657.2	lncRNA	0.0843530126878984	0.9156469873121018	NONCODEv6_celegans.fa
NONCELT018662.2	lncRNA	0.2614663525501918	0.7385336474498083	NONCODEv6_celegans.fa
NONCELT018664.2	lncRNA	0.16244136645132282	0.8375586335486779	NONCODEv6_celegans.fa
NONCELT018665.2	lncRNA	0.11450782081173819	0.8854921791882618	NONCODEv6_celegans.fa
NONCELT018671.2	lncRNA	0.023098990778255692	0.9769010092217446	NONCODEv6_celegans.fa
NONCELT018675.2	lncRNA	0.13866957724947196	0.8613304227505282	NONCODEv6_celegans.fa
NONCELT018681.2	lncRNA	0.18103224174657748	0.8189677582534226	NONCODEv6_celegans.fa
NONCELT018683.2	lncRNA	0.06626963812547039	0.9337303618745302	NONCODEv6_celegans.fa
NONCELT018695.2	lncRNA	0.17590502696501237	0.8240949730349885	NONCODEv6_celegans.fa
NONCELT018696.2	Protein_Coding	0.5335149289733447	0.4664850710266553	NONCODEv6_celegans.fa
NONCELT018697.2	lncRNA	0.1977004008867437	0.8022995991132564	NONCODEv6_celegans.fa
NONCELT018702.2	lncRNA	0.0941141469402937	0.9058858530597067	NONCODEv6_celegans.fa
NONCELT018714.2	lncRNA	0.23526458247218693	0.7647354175278129	NONCODEv6_celegans.fa
NONCELT018719.2	Protein_Coding	0.5453602001229342	0.45463979987706565	NONCODEv6_celegans.fa
NONCELT018720.2	lncRNA	0.23638501089275665	0.7636149891072435	NONCODEv6_celegans.fa
NONCELT018727.2	lncRNA	0.09590657986648579	0.9040934201335142	NONCODEv6_celegans.fa
NONCELT018734.2	Protein_Coding	0.5011890220907355	0.49881097790926443	NONCODEv6_celegans.fa
NONCELT018735.2	lncRNA	0.09224459597642837	0.9077554040235715	NONCODEv6_celegans.fa
NONCELT018736.2	lncRNA	0.12939699256595721	0.8706030074340432	NONCODEv6_celegans.fa
NONCELT018737.2	lncRNA	0.12679973043871315	0.8732002695612875	NONCODEv6_celegans.fa
NONCELT018743.2	Protein_Coding	0.6392356280703716	0.36076437192962824	NONCODEv6_celegans.fa
NONCELT018746.2	lncRNA	0.13139831686464176	0.8686016831353581	NONCODEv6_celegans.fa
NONCELT018748.2	lncRNA	0.4262772486579925	0.5737227513420076	NONCODEv6_celegans.fa
NONCELT018749.2	lncRNA	0.1102169455520797	0.8897830544479203	NONCODEv6_celegans.fa
NONCELT018751.2	lncRNA	0.09140726718902968	0.9085927328109704	NONCODEv6_celegans.fa
NONCELT018754.2	lncRNA	0.19560055522345068	0.8043994447765498	NONCODEv6_celegans.fa
NONCELT018761.2	lncRNA	0.12002690001811525	0.8799730999818853	NONCODEv6_celegans.fa
NONCELT018763.2	lncRNA	0.23856076731769077	0.7614392326823091	NONCODEv6_celegans.fa
NONCELT018770.2	lncRNA	0.08406908815696419	0.9159309118430362	NONCODEv6_celegans.fa
NONCELT018772.2	lncRNA	0.11846356407879281	0.8815364359212072	NONCODEv6_celegans.fa
NONCELT018773.2	lncRNA	0.042249465497065514	0.9577505345029345	NONCODEv6_celegans.fa
NONCELT018774.2	lncRNA	0.03685908046813288	0.9631409195318674	NONCODEv6_celegans.fa
NONCELT018776.2	Protein_Coding	0.5837553555811635	0.41624464441883613	NONCODEv6_celegans.fa
NONCELT018779.2	lncRNA	0.10002417515164204	0.8999758248483579	NONCODEv6_celegans.fa
NONCELT018780.2	lncRNA	0.13160096742715888	0.8683990325728412	NONCODEv6_celegans.fa
NONCELT018784.2	lncRNA	0.2872025797343621	0.7127974202656381	NONCODEv6_celegans.fa
NONCELT018793.2	lncRNA	0.07300370856878823	0.9269962914312123	NONCODEv6_celegans.fa
NONCELT018794.2	lncRNA	0.07427318828039195	0.9257268117196084	NONCODEv6_celegans.fa
NONCELT018797.2	lncRNA	0.13099838667456612	0.8690016133254345	NONCODEv6_celegans.fa
NONCELT018799.2	lncRNA	0.18222556245917906	0.8177744375408211	NONCODEv6_celegans.fa
NONCELT018809.2	lncRNA	0.06014067165833364	0.9398593283416666	NONCODEv6_celegans.fa
NONCELT018810.2	lncRNA	0.20813131185132952	0.7918686881486708	NONCODEv6_celegans.fa
NONCELT018811.2	lncRNA	0.1228670194708426	0.8771329805291578	NONCODEv6_celegans.fa
NONCELT018819.2	lncRNA	0.05859827976780473	0.9414017202321951	NONCODEv6_celegans.fa
NONCELT018832.2	lncRNA	0.23210230912150598	0.7678976908784936	NONCODEv6_celegans.fa
NONCELT018837.2	lncRNA	0.19700316131924345	0.8029968386807559	NONCODEv6_celegans.fa
NONCELT018847.2	lncRNA	0.07416569055609482	0.9258343094439055	NONCODEv6_celegans.fa
NONCELT018848.2	lncRNA	0.16167213860407487	0.8383278613959252	NONCODEv6_celegans.fa
NONCELT018861.2	Protein_Coding	0.5704819017506592	0.4295180982493408	NONCODEv6_celegans.fa
NONCELT018863.2	lncRNA	0.14238909190122495	0.8576109080987755	NONCODEv6_celegans.fa
NONCELT018867.2	lncRNA	0.4670129204538664	0.5329870795461337	NONCODEv6_celegans.fa
NONCELT018868.2	lncRNA	0.31286452042341145	0.6871354795765888	NONCODEv6_celegans.fa
NONCELT018875.2	lncRNA	0.15577324569990034	0.8442267543000994	NONCODEv6_celegans.fa
NONCELT018876.2	lncRNA	0.07498516849792103	0.9250148315020794	NONCODEv6_celegans.fa
NONCELT018877.2	lncRNA	0.2728003186492343	0.7271996813507657	NONCODEv6_celegans.fa
NONCELT018878.2	lncRNA	0.19737948247383363	0.8026205175261663	NONCODEv6_celegans.fa
NONCELT018879.2	lncRNA	0.2440275438923459	0.755972456107654	NONCODEv6_celegans.fa
NONCELT018884.2	lncRNA	0.10414379047387927	0.8958562095261211	NONCODEv6_celegans.fa
NONCELT018889.2	lncRNA	0.14974907136307614	0.8502509286369238	NONCODEv6_celegans.fa
NONCELT018890.2	lncRNA	0.25378455386030085	0.7462154461396991	NONCODEv6_celegans.fa
NONCELT018893.2	lncRNA	0.19863746972244248	0.801362530277558	NONCODEv6_celegans.fa
NONCELT018894.2	lncRNA	0.08946609563550834	0.9105339043644921	NONCODEv6_celegans.fa
NONCELT018895.2	lncRNA	0.1593884266051837	0.840611573394817	NONCODEv6_celegans.fa
NONCELT018896.2	lncRNA	0.18076957130714968	0.8192304286928497	NONCODEv6_celegans.fa
NONCELT018897.2	Protein_Coding	0.7307045438800501	0.26929545611995	NONCODEv6_celegans.fa
NONCELT018900.2	lncRNA	0.46754981948174157	0.5324501805182584	NONCODEv6_celegans.fa
NONCELT018901.2	Protein_Coding	0.5951928384495593	0.4048071615504405	NONCODEv6_celegans.fa
NONCELT018905.2	lncRNA	0.17681063240830366	0.8231893675916961	NONCODEv6_celegans.fa
NONCELT018906.2	lncRNA	0.15402149366334195	0.8459785063366588	NONCODEv6_celegans.fa
NONCELT018910.2	lncRNA	0.16861702106435866	0.8313829789356412	NONCODEv6_celegans.fa
NONCELT018912.2	lncRNA	0.039548945319316464	0.9604510546806838	NONCODEv6_celegans.fa
NONCELT018913.2	lncRNA	0.12421991399323742	0.8757800860067627	NONCODEv6_celegans.fa
NONCELT018915.2	lncRNA	0.09923445371490641	0.9007655462850936	NONCODEv6_celegans.fa
NONCELT018927.2	lncRNA	0.09219174763049212	0.907808252369508	NONCODEv6_celegans.fa
NONCELT018932.2	lncRNA	0.22028994966487034	0.7797100503351299	NONCODEv6_celegans.fa
NONCELT018936.2	lncRNA	0.10081266815153407	0.8991873318484661	NONCODEv6_celegans.fa
NONCELT018939.2	lncRNA	0.13296553097659283	0.8670344690234072	NONCODEv6_celegans.fa
NONCELT018960.2	lncRNA	0.3937659893369798	0.6062340106630201	NONCODEv6_celegans.fa
NONCELT018962.2	lncRNA	0.1465920502707715	0.8534079497292285	NONCODEv6_celegans.fa
NONCELT018969.2	lncRNA	0.21478899996282994	0.7852110000371697	NONCODEv6_celegans.fa
NONCELT018970.2	lncRNA	0.32907664667477055	0.6709233533252295	NONCODEv6_celegans.fa
NONCELT018976.2	lncRNA	0.1622727339633985	0.8377272660366016	NONCODEv6_celegans.fa
NONCELT018977.2	lncRNA	0.18756255341090283	0.8124374465890972	NONCODEv6_celegans.fa
NONCELT018991.2	lncRNA	0.016697206099228454	0.9833027939007717	NONCODEv6_celegans.fa
NONCELT018992.2	lncRNA	0.13630823184848165	0.8636917681515184	NONCODEv6_celegans.fa
NONCELT018994.2	lncRNA	0.2184774140375679	0.7815225859624324	NONCODEv6_celegans.fa
NONCELT018997.2	lncRNA	0.054480421447001215	0.9455195785529984	NONCODEv6_celegans.fa
NONCELT018999.2	lncRNA	0.16474590349780066	0.8352540965021994	NONCODEv6_celegans.fa
NONCELT019000.2	lncRNA	0.091288740993285	0.9087112590067151	NONCODEv6_celegans.fa
NONCELT019007.2	lncRNA	0.3701223386190063	0.6298776613809935	NONCODEv6_celegans.fa
NONCELT019010.2	lncRNA	0.03623658431712512	0.9637634156828748	NONCODEv6_celegans.fa
NONCELT019011.2	lncRNA	0.09047016086420416	0.9095298391357961	NONCODEv6_celegans.fa
NONCELT019014.2	lncRNA	0.2678384498376892	0.7321615501623107	NONCODEv6_celegans.fa
NONCELT019015.2	lncRNA	0.24979058946218255	0.7502094105378179	NONCODEv6_celegans.fa
NONCELT019019.2	lncRNA	0.06535935431464686	0.9346406456853532	NONCODEv6_celegans.fa
NONCELT019025.2	lncRNA	0.4298304606076995	0.5701695393923005	NONCODEv6_celegans.fa
NONCELT019026.2	lncRNA	0.17387856640678417	0.826121433593216	NONCODEv6_celegans.fa
NONCELT019030.2	lncRNA	0.05975772601391026	0.9402422739860898	NONCODEv6_celegans.fa
NONCELT019032.2	lncRNA	0.26416259290569394	0.7358374070943059	NONCODEv6_celegans.fa
NONCELT019039.2	lncRNA	0.17383145370634662	0.8261685462936533	NONCODEv6_celegans.fa
NONCELT019040.2	lncRNA	0.13312638251109227	0.8668736174889083	NONCODEv6_celegans.fa
NONCELT019043.2	lncRNA	0.1210626030372583	0.8789373969627423	NONCODEv6_celegans.fa
NONCELT019050.2	lncRNA	0.056656601487489036	0.9433433985125111	NONCODEv6_celegans.fa
NONCELT019058.2	lncRNA	0.15935571833791193	0.8406442816620885	NONCODEv6_celegans.fa
NONCELT019062.2	lncRNA	0.2504118192271135	0.749588180772887	NONCODEv6_celegans.fa
NONCELT019063.2	lncRNA	0.06036511501710149	0.9396348849828984	NONCODEv6_celegans.fa
NONCELT019065.2	lncRNA	0.15499233838593218	0.8450076616140688	NONCODEv6_celegans.fa
NONCELT019066.2	lncRNA	0.39490564677928874	0.605094353220711	NONCODEv6_celegans.fa
NONCELT019069.2	lncRNA	0.23310671845788183	0.7668932815421178	NONCODEv6_celegans.fa
NONCELT019070.2	lncRNA	0.24094731474504968	0.7590526852549505	NONCODEv6_celegans.fa
NONCELT019083.2	lncRNA	0.0672389136060172	0.9327610863939831	NONCODEv6_celegans.fa
NONCELT019102.2	lncRNA	0.053729751784053814	0.9462702482159464	NONCODEv6_celegans.fa
NONCELT019103.2	lncRNA	0.06830927411280475	0.9316907258871954	NONCODEv6_celegans.fa
NONCELT019105.2	lncRNA	0.27914420839359666	0.7208557916064036	NONCODEv6_celegans.fa
NONCELT019106.2	lncRNA	0.213006632343912	0.7869933676560878	NONCODEv6_celegans.fa
NONCELT019110.2	lncRNA	0.21327528157240258	0.7867247184275973	NONCODEv6_celegans.fa
NONCELT019112.2	lncRNA	0.1473370700985791	0.8526629299014211	NONCODEv6_celegans.fa
NONCELT019113.2	lncRNA	0.1278746275788131	0.8721253724211872	NONCODEv6_celegans.fa
NONCELT019115.2	lncRNA	0.13833186773003434	0.8616681322699659	NONCODEv6_celegans.fa
NONCELT019116.2	lncRNA	0.05037543556056885	0.9496245644394314	NONCODEv6_celegans.fa
NONCELT019117.2	lncRNA	0.09511510890158555	0.9048848910984146	NONCODEv6_celegans.fa
NONCELT019124.2	lncRNA	0.20371651992107156	0.7962834800789289	NONCODEv6_celegans.fa
NONCELT019129.2	lncRNA	0.43619949444380557	0.5638005055561944	NONCODEv6_celegans.fa
NONCELT019130.2	lncRNA	0.20829100307468104	0.7917089969253187	NONCODEv6_celegans.fa
NONCELT019136.2	lncRNA	0.28170883481200365	0.7182911651879965	NONCODEv6_celegans.fa
NONCELT019138.2	lncRNA	0.14652198669669067	0.8534780133033094	NONCODEv6_celegans.fa
NONCELT019142.2	lncRNA	0.2577406062276208	0.7422593937723792	NONCODEv6_celegans.fa
NONCELT019144.2	lncRNA	0.38355153151381316	0.616448468486187	NONCODEv6_celegans.fa
NONCELT019145.2	lncRNA	0.4736845651660532	0.5263154348339468	NONCODEv6_celegans.fa
NONCELT019146.2	lncRNA	0.2023781852649781	0.7976218147350217	NONCODEv6_celegans.fa
NONCELT019148.2	lncRNA	0.2447167438620489	0.7552832561379512	NONCODEv6_celegans.fa
NONCELT019149.2	lncRNA	0.48610091050620313	0.5138990894937969	NONCODEv6_celegans.fa
NONCELT019158.2	lncRNA	0.18104873976944885	0.8189512602305509	NONCODEv6_celegans.fa
NONCELT019159.2	lncRNA	0.1730292228945125	0.8269707771054874	NONCODEv6_celegans.fa
NONCELT019160.2	lncRNA	0.41636347124248124	0.5836365287575188	NONCODEv6_celegans.fa
NONCELT019164.2	lncRNA	0.03699163565552756	0.9630083643444727	NONCODEv6_celegans.fa
NONCELT019168.2	lncRNA	0.052078339802412714	0.9479216601975873	NONCODEv6_celegans.fa
NONCELT019172.2	lncRNA	0.19711829475949902	0.8028817052405012	NONCODEv6_celegans.fa
NONCELT019174.2	lncRNA	0.09571180582687418	0.9042881941731261	NONCODEv6_celegans.fa
NONCELT019175.2	lncRNA	0.05759006172903904	0.9424099382709618	NONCODEv6_celegans.fa
NONCELT019176.2	lncRNA	0.2712975362511945	0.7287024637488057	NONCODEv6_celegans.fa
NONCELT019177.2	lncRNA	0.2254634014479736	0.7745365985520265	NONCODEv6_celegans.fa
NONCELT019178.2	lncRNA	0.19031134944293918	0.8096886505570605	NONCODEv6_celegans.fa
NONCELT019179.2	lncRNA	0.13611263997559495	0.8638873600244051	NONCODEv6_celegans.fa
NONCELT019186.2	lncRNA	0.05524384467211639	0.9447561553278835	NONCODEv6_celegans.fa
NONCELT019189.2	lncRNA	0.1711223026404968	0.8288776973595028	NONCODEv6_celegans.fa
NONCELT019190.2	lncRNA	0.04652343217240048	0.9534765678276	NONCODEv6_celegans.fa
NONCELT019191.2	lncRNA	0.20922793250513239	0.790772067494867	NONCODEv6_celegans.fa
NONCELT019192.2	lncRNA	0.17274539771665692	0.8272546022833429	NONCODEv6_celegans.fa
NONCELT019194.2	lncRNA	0.3800072467766005	0.6199927532233992	NONCODEv6_celegans.fa
NONCELT019203.2	lncRNA	0.15580011286100356	0.8441998871389969	NONCODEv6_celegans.fa
NONCELT019204.2	lncRNA	0.05010049747296891	0.949899502527031	NONCODEv6_celegans.fa
NONCELT019216.2	lncRNA	0.1700180727731529	0.8299819272268472	NONCODEv6_celegans.fa
NONCELT019220.2	lncRNA	0.10052536960515465	0.8994746303948451	NONCODEv6_celegans.fa
NONCELT019223.2	Protein_Coding	0.6499215395876651	0.35007846041233504	NONCODEv6_celegans.fa
NONCELT019224.2	Protein_Coding	0.6543939424841221	0.3456060575158779	NONCODEv6_celegans.fa
NONCELT019225.2	lncRNA	0.4543902968554785	0.5456097031445217	NONCODEv6_celegans.fa
NONCELT019226.2	lncRNA	0.15697644629712457	0.8430235537028755	NONCODEv6_celegans.fa
NONCELT019232.2	lncRNA	0.10720173429378632	0.8927982657062135	NONCODEv6_celegans.fa
NONCELT019234.2	lncRNA	0.12921799397336223	0.8707820060266385	NONCODEv6_celegans.fa
NONCELT019239.2	lncRNA	0.06528370363914855	0.9347162963608515	NONCODEv6_celegans.fa
NONCELT019240.2	lncRNA	0.0661570688514222	0.9338429311485783	NONCODEv6_celegans.fa
NONCELT019243.2	lncRNA	0.06435345767285583	0.935646542327144	NONCODEv6_celegans.fa
NONCELT019248.2	lncRNA	0.1420190541384003	0.8579809458616	NONCODEv6_celegans.fa
NONCELT019252.2	lncRNA	0.12698020802544494	0.8730197919745556	NONCODEv6_celegans.fa
NONCELT019253.2	lncRNA	0.19554389790114948	0.8044561020988508	NONCODEv6_celegans.fa
NONCELT019275.2	lncRNA	0.08745960224170023	0.9125403977583004	NONCODEv6_celegans.fa
NONCELT019276.2	lncRNA	0.4269790922174068	0.5730209077825933	NONCODEv6_celegans.fa
NONCELT019278.2	lncRNA	0.28899461899720225	0.7110053810027975	NONCODEv6_celegans.fa
NONCELT019279.2	lncRNA	0.20165561000328938	0.7983443899967104	NONCODEv6_celegans.fa
NONCELT019280.2	Protein_Coding	0.573647215319888	0.42635278468011206	NONCODEv6_celegans.fa
NONCELT019289.2	Protein_Coding	0.7003961581937457	0.29960384180625377	NONCODEv6_celegans.fa
NONCELT019290.2	lncRNA	0.07992369028051251	0.9200763097194875	NONCODEv6_celegans.fa
NONCELT019291.2	lncRNA	0.3183778195400718	0.6816221804599282	NONCODEv6_celegans.fa
NONCELT019292.2	lncRNA	0.05619991115534453	0.9438000888446552	NONCODEv6_celegans.fa
NONCELT019310.2	lncRNA	0.16236856418972986	0.8376314358102702	NONCODEv6_celegans.fa
NONCELT019318.2	lncRNA	0.34818711181193834	0.6518128881880616	NONCODEv6_celegans.fa
NONCELT019328.2	lncRNA	0.2052457144836138	0.7947542855163865	NONCODEv6_celegans.fa
NONCELT019340.2	lncRNA	0.1113321770292341	0.8886678229707659	NONCODEv6_celegans.fa
NONCELT019342.2	lncRNA	0.12548972494637656	0.8745102750536234	NONCODEv6_celegans.fa
NONCELT019350.2	lncRNA	0.20923319348384956	0.7907668065161506	NONCODEv6_celegans.fa
NONCELT019352.2	lncRNA	0.20997362811363787	0.790026371886362	NONCODEv6_celegans.fa
NONCELT019371.2	lncRNA	0.22271734084718786	0.7772826591528126	NONCODEv6_celegans.fa
NONCELT019376.2	lncRNA	0.20418726290413505	0.7958127370958652	NONCODEv6_celegans.fa
NONCELT019380.2	lncRNA	0.31141665483726605	0.6885833451627343	NONCODEv6_celegans.fa
NONCELT019396.2	lncRNA	0.2111196729513778	0.7888803270486221	NONCODEv6_celegans.fa
NONCELT019405.2	lncRNA	0.15966328729892762	0.8403367127010725	NONCODEv6_celegans.fa
NONCELT019411.2	lncRNA	0.26228075610566515	0.7377192438943351	NONCODEv6_celegans.fa
NONCELT019412.2	lncRNA	0.4027833925229442	0.5972166074770561	NONCODEv6_celegans.fa
NONCELT019426.2	lncRNA	0.1372039643352847	0.8627960356647154	NONCODEv6_celegans.fa
NONCELT019434.2	lncRNA	0.21681537045873964	0.7831846295412606	NONCODEv6_celegans.fa
NONCELT019436.2	lncRNA	0.20782018895435153	0.7921798110456486	NONCODEv6_celegans.fa
NONCELT019437.2	lncRNA	0.11157804832444061	0.8884219516755594	NONCODEv6_celegans.fa
NONCELT019438.2	lncRNA	0.47764374429421924	0.5223562557057807	NONCODEv6_celegans.fa
NONCELT019439.2	lncRNA	0.07104532694807424	0.928954673051926	NONCODEv6_celegans.fa
NONCELT019441.2	lncRNA	0.46347497670462023	0.5365250232953797	NONCODEv6_celegans.fa
NONCELT019444.2	Protein_Coding	0.7392925672119324	0.26070743278806763	NONCODEv6_celegans.fa
NONCELT019458.2	Protein_Coding	0.6179228884592174	0.38207711154078217	NONCODEv6_celegans.fa
NONCELT019460.2	lncRNA	0.2282370657813986	0.7717629342186014	NONCODEv6_celegans.fa
NONCELT019462.2	lncRNA	0.07211810733471476	0.9278818926652861	NONCODEv6_celegans.fa
NONCELT019463.2	lncRNA	0.06852015889341842	0.9314798411065819	NONCODEv6_celegans.fa
NONCELT019473.2	lncRNA	0.11416545102126473	0.8858345489787356	NONCODEv6_celegans.fa
NONCELT019477.2	lncRNA	0.10520089985258543	0.8947991001474147	NONCODEv6_celegans.fa
NONCELT019488.2	Protein_Coding	0.7971665052815535	0.20283349471844705	NONCODEv6_celegans.fa
NONCELT019490.2	lncRNA	0.22221985719687987	0.7777801428031205	NONCODEv6_celegans.fa
NONCELT019491.2	lncRNA	0.15807317679251806	0.8419268232074828	NONCODEv6_celegans.fa
NONCELT019493.2	lncRNA	0.06926568220579388	0.9307343177942061	NONCODEv6_celegans.fa
NONCELT019494.2	lncRNA	0.15615140689380141	0.8438485931061989	NONCODEv6_celegans.fa
NONCELT019497.2	lncRNA	0.43942670847378734	0.5605732915262128	NONCODEv6_celegans.fa
NONCELT019500.2	lncRNA	0.1555438956593381	0.8444561043406622	NONCODEv6_celegans.fa
NONCELT019502.2	lncRNA	0.23479885687171995	0.7652011431282801	NONCODEv6_celegans.fa
NONCELT019510.2	lncRNA	0.20469311405190815	0.795306885948092	NONCODEv6_celegans.fa
NONCELT019511.2	lncRNA	0.052849867459013634	0.9471501325409865	NONCODEv6_celegans.fa
NONCELT019514.2	lncRNA	0.25683631131959206	0.7431636886804082	NONCODEv6_celegans.fa
NONCELT019519.2	lncRNA	0.12392036444706936	0.876079635552931	NONCODEv6_celegans.fa
NONCELT019520.2	lncRNA	0.1473321891553081	0.852667810844692	NONCODEv6_celegans.fa
NONCELT019522.2	lncRNA	0.2731344772576813	0.7268655227423185	NONCODEv6_celegans.fa
NONCELT019523.2	lncRNA	0.11515015669939711	0.8848498433006027	NONCODEv6_celegans.fa
NONCELT019528.2	Protein_Coding	0.5201723202005559	0.47982767979944413	NONCODEv6_celegans.fa
NONCELT019532.2	lncRNA	0.3918864127536706	0.6081135872463295	NONCODEv6_celegans.fa
NONCELT019535.2	lncRNA	0.15308270762643383	0.8469172923735666	NONCODEv6_celegans.fa
NONCELT019544.2	lncRNA	0.25549373773097617	0.7445062622690238	NONCODEv6_celegans.fa
NONCELT019545.2	lncRNA	0.23675120369331612	0.7632487963066839	NONCODEv6_celegans.fa
NONCELT019553.2	lncRNA	0.15211313749711403	0.8478868625028858	NONCODEv6_celegans.fa
NONCELT019554.2	lncRNA	0.05905536232394126	0.9409446376760588	NONCODEv6_celegans.fa
NONCELT019557.2	lncRNA	0.15320944528910133	0.8467905547108984	NONCODEv6_celegans.fa
NONCELT019558.2	lncRNA	0.10120581485772454	0.8987941851422758	NONCODEv6_celegans.fa
NONCELT019569.2	lncRNA	0.17090271289058523	0.829097287109414	NONCODEv6_celegans.fa
NONCELT019576.2	lncRNA	0.11756152190949341	0.8824384780905061	NONCODEv6_celegans.fa
NONCELT019577.2	lncRNA	0.2251561219731723	0.7748438780268277	NONCODEv6_celegans.fa
NONCELT019580.2	lncRNA	0.17396691839361164	0.8260330816063881	NONCODEv6_celegans.fa
NONCELT019582.2	lncRNA	0.1523337188856427	0.8476662811143569	NONCODEv6_celegans.fa
NONCELT019586.2	lncRNA	0.1694497539745525	0.8305502460254477	NONCODEv6_celegans.fa
NONCELT019596.2	lncRNA	0.4844954183309396	0.5155045816690604	NONCODEv6_celegans.fa
NONCELT019601.2	lncRNA	0.31233193021867106	0.6876680697813294	NONCODEv6_celegans.fa
NONCELT019606.2	Protein_Coding	0.6941622491091124	0.30583775089088727	NONCODEv6_celegans.fa
NONCELT019607.2	lncRNA	0.09985351696750688	0.9001464830324927	NONCODEv6_celegans.fa
NONCELT019608.2	lncRNA	0.3218593893693528	0.6781406106306475	NONCODEv6_celegans.fa
NONCELT019612.2	Protein_Coding	0.5382425836215272	0.4617574163784728	NONCODEv6_celegans.fa
NONCELT019629.2	lncRNA	0.13625157802436166	0.8637484219756385	NONCODEv6_celegans.fa
NONCELT019634.2	lncRNA	0.17669437737602306	0.8233056226239773	NONCODEv6_celegans.fa
NONCELT019635.2	lncRNA	0.10143587010854244	0.8985641298914575	NONCODEv6_celegans.fa
NONCELT019636.2	lncRNA	0.10441617622585435	0.8955838237741458	NONCODEv6_celegans.fa
NONCELT019637.2	lncRNA	0.2146431328904283	0.7853568671095725	NONCODEv6_celegans.fa
NONCELT019638.2	lncRNA	0.09630199146712512	0.9036980085328746	NONCODEv6_celegans.fa
NONCELT019642.2	lncRNA	0.1338309874011123	0.8661690125988885	NONCODEv6_celegans.fa
NONCELT019648.2	lncRNA	0.1508474997349778	0.8491525002650228	NONCODEv6_celegans.fa
NONCELT019653.2	lncRNA	0.23490224648437663	0.7650977535156235	NONCODEv6_celegans.fa
NONCELT019657.2	lncRNA	0.3430009931375561	0.656999006862444	NONCODEv6_celegans.fa
NONCELT019664.2	lncRNA	0.12193659765115972	0.8780634023488413	NONCODEv6_celegans.fa
NONCELT019674.2	lncRNA	0.2053910811501715	0.7946089188498286	NONCODEv6_celegans.fa
NONCELT019682.2	lncRNA	0.3694354717886634	0.6305645282113366	NONCODEv6_celegans.fa
NONCELT019686.2	lncRNA	0.025637666200297525	0.974362333799703	NONCODEv6_celegans.fa
NONCELT019687.2	lncRNA	0.17074711563224765	0.8292528843677521	NONCODEv6_celegans.fa
NONCELT019688.2	lncRNA	0.17902479851949718	0.8209752014805027	NONCODEv6_celegans.fa
NONCELT019691.2	lncRNA	0.17727604873084327	0.8227239512691569	NONCODEv6_celegans.fa
NONCELT019696.2	lncRNA	0.06529814531106666	0.9347018546889339	NONCODEv6_celegans.fa
NONCELT019701.2	lncRNA	0.08586846335349398	0.9141315366465058	NONCODEv6_celegans.fa
NONCELT019702.2	lncRNA	0.3360666419990862	0.6639333580009137	NONCODEv6_celegans.fa
NONCELT019705.2	Protein_Coding	0.5661834809134366	0.4338165190865632	NONCODEv6_celegans.fa
NONCELT019717.2	lncRNA	0.13696515891441124	0.8630348410855888	NONCODEv6_celegans.fa
NONCELT019728.2	lncRNA	0.10344336060173132	0.8965566393982692	NONCODEv6_celegans.fa
NONCELT019731.2	lncRNA	0.1186474767281261	0.8813525232718744	NONCODEv6_celegans.fa
NONCELT019744.2	Protein_Coding	0.6069041289235767	0.3930958710764227	NONCODEv6_celegans.fa
NONCELT019745.2	Protein_Coding	0.5995133360844386	0.4004866639155614	NONCODEv6_celegans.fa
NONCELT019747.2	lncRNA	0.15456049098842045	0.8454395090115798	NONCODEv6_celegans.fa
NONCELT019749.2	lncRNA	0.41795883099074643	0.5820411690092536	NONCODEv6_celegans.fa
NONCELT019750.2	lncRNA	0.36275175229804624	0.6372482477019539	NONCODEv6_celegans.fa
NONCELT019751.2	lncRNA	0.178695744302792	0.8213042556972078	NONCODEv6_celegans.fa
NONCELT019754.2	lncRNA	0.24740721586484163	0.7525927841351587	NONCODEv6_celegans.fa
NONCELT019755.2	lncRNA	0.22855253413518647	0.7714474658648142	NONCODEv6_celegans.fa
NONCELT019759.2	lncRNA	0.4617911134320077	0.5382088865679926	NONCODEv6_celegans.fa
NONCELT019762.2	lncRNA	0.3758795608002765	0.6241204391997237	NONCODEv6_celegans.fa
NONCELT019763.2	lncRNA	0.3714465658459502	0.62855343415405	NONCODEv6_celegans.fa
NONCELT019764.2	Protein_Coding	0.5631552184269876	0.4368447815730125	NONCODEv6_celegans.fa
NONCELT019767.2	lncRNA	0.46707344256598354	0.5329265574340164	NONCODEv6_celegans.fa
NONCELT019769.2	Protein_Coding	0.6029581178698986	0.3970418821301012	NONCODEv6_celegans.fa
NONCELT019770.2	Protein_Coding	0.8739117764860457	0.12608822351395385	NONCODEv6_celegans.fa
NONCELT019773.2	Protein_Coding	0.5359990243197302	0.4640009756802696	NONCODEv6_celegans.fa
NONCELT019777.2	lncRNA	0.18988047436891914	0.8101195256310811	NONCODEv6_celegans.fa
NONCELT019779.2	lncRNA	0.19250124428197046	0.8074987557180295	NONCODEv6_celegans.fa
NONCELT019780.2	Protein_Coding	0.6905256834304073	0.3094743165695924	NONCODEv6_celegans.fa
NONCELT019783.2	lncRNA	0.04514753719310293	0.9548524628068974	NONCODEv6_celegans.fa
NONCELT019784.2	lncRNA	0.3471483219861516	0.6528516780138489	NONCODEv6_celegans.fa
NONCELT019785.2	lncRNA	0.19206948382815905	0.8079305161718412	NONCODEv6_celegans.fa
NONCELT019786.2	Protein_Coding	0.5855769308483886	0.41442306915161115	NONCODEv6_celegans.fa
NONCELT019788.2	lncRNA	0.19487368352194676	0.8051263164780533	NONCODEv6_celegans.fa
NONCELT019792.2	Protein_Coding	0.5645428126894151	0.4354571873105848	NONCODEv6_celegans.fa
NONCELT019793.2	Protein_Coding	0.7033898580159164	0.2966101419840834	NONCODEv6_celegans.fa
NONCELT019794.2	lncRNA	0.12309207540482832	0.8769079245951719	NONCODEv6_celegans.fa
NONCELT019795.2	lncRNA	0.3900731600607916	0.6099268399392086	NONCODEv6_celegans.fa
NONCELT019796.2	lncRNA	0.4474871496218625	0.5525128503781377	NONCODEv6_celegans.fa
NONCELT019819.2	lncRNA	0.05885802873305363	0.9411419712669465	NONCODEv6_celegans.fa
NONCELT019820.2	lncRNA	0.20928765303311775	0.7907123469668825	NONCODEv6_celegans.fa
NONCELT019821.2	Protein_Coding	0.7679500225226519	0.23204997747734787	NONCODEv6_celegans.fa
NONCELT019822.2	lncRNA	0.38857710895518327	0.6114228910448168	NONCODEv6_celegans.fa
NONCELT019827.2	lncRNA	0.1953126476054488	0.8046873523945519	NONCODEv6_celegans.fa
NONCELT019828.2	lncRNA	0.17280605749100147	0.8271939425089982	NONCODEv6_celegans.fa
NONCELT019831.2	Protein_Coding	0.5440987061013696	0.4559012938986305	NONCODEv6_celegans.fa
NONCELT019832.2	lncRNA	0.2757635072810563	0.7242364927189443	NONCODEv6_celegans.fa
NONCELT019834.2	lncRNA	0.4838682564303546	0.5161317435696455	NONCODEv6_celegans.fa
NONCELT019836.2	lncRNA	0.051039615175963435	0.948960384824037	NONCODEv6_celegans.fa
NONCELT019837.2	lncRNA	0.11368891816134599	0.886311081838654	NONCODEv6_celegans.fa
NONCELT019839.2	lncRNA	0.1099685091368931	0.8900314908631072	NONCODEv6_celegans.fa
NONCELT019843.2	Protein_Coding	0.590774145206434	0.4092258547935659	NONCODEv6_celegans.fa
NONCELT019845.2	Protein_Coding	0.6842867955684236	0.31571320443157674	NONCODEv6_celegans.fa
NONCELT019846.2	lncRNA	0.49288222826078837	0.5071177717392116	NONCODEv6_celegans.fa
NONCELT019848.2	lncRNA	0.15408826019095262	0.8459117398090477	NONCODEv6_celegans.fa
NONCELT019849.2	lncRNA	0.10072100244877112	0.8992789975512288	NONCODEv6_celegans.fa
NONCELT019850.2	lncRNA	0.1520326289256752	0.8479673710743253	NONCODEv6_celegans.fa
NONCELT019852.2	lncRNA	0.3786898051339503	0.6213101948660499	NONCODEv6_celegans.fa
NONCELT019853.2	lncRNA	0.07322813308608041	0.9267718669139201	NONCODEv6_celegans.fa
NONCELT019854.2	lncRNA	0.14208189087832948	0.8579181091216704	NONCODEv6_celegans.fa
NONCELT019855.2	lncRNA	0.25962738469086916	0.7403726153091312	NONCODEv6_celegans.fa
NONCELT019856.2	lncRNA	0.29085000421178514	0.7091499957882154	NONCODEv6_celegans.fa
NONCELT019857.2	Protein_Coding	0.5309397126638159	0.46906028733618416	NONCODEv6_celegans.fa
NONCELT019858.2	lncRNA	0.14991854736992163	0.8500814526300781	NONCODEv6_celegans.fa
NONCELT019861.2	lncRNA	0.3805131113957977	0.6194868886042019	NONCODEv6_celegans.fa
NONCELT019862.2	lncRNA	0.09284166426073398	0.9071583357392661	NONCODEv6_celegans.fa
NONCELT019870.2	lncRNA	0.2215791120026576	0.7784208879973422	NONCODEv6_celegans.fa
NONCELT019871.2	lncRNA	0.48467223605099513	0.5153277639490047	NONCODEv6_celegans.fa
NONCELT019872.2	lncRNA	0.4677696402895249	0.5322303597104753	NONCODEv6_celegans.fa
NONCELT019873.2	lncRNA	0.3802454240333431	0.6197545759666572	NONCODEv6_celegans.fa
NONCELT019874.2	Protein_Coding	0.5187881844881987	0.48121181551180126	NONCODEv6_celegans.fa
NONCELT019876.2	Protein_Coding	0.512085407033634	0.48791459296636575	NONCODEv6_celegans.fa
NONCELT019877.2	lncRNA	0.40920603032142666	0.5907939696785732	NONCODEv6_celegans.fa
NONCELT019881.2	lncRNA	0.21848358704523702	0.7815164129547624	NONCODEv6_celegans.fa
NONCELT019882.2	lncRNA	0.1215455793487391	0.8784544206512609	NONCODEv6_celegans.fa
NONCELT019888.2	lncRNA	0.04321231549077407	0.9567876845092261	NONCODEv6_celegans.fa
NONCELT019889.2	lncRNA	0.05589277063711915	0.9441072293628808	NONCODEv6_celegans.fa
NONCELT019891.2	lncRNA	0.3294047129327702	0.6705952870672297	NONCODEv6_celegans.fa
NONCELT019893.2	lncRNA	0.1145234117298148	0.8854765882701853	NONCODEv6_celegans.fa
NONCELT019897.2	lncRNA	0.3494101931567342	0.6505898068432658	NONCODEv6_celegans.fa
NONCELT019899.2	lncRNA	0.050643000485177704	0.9493569995148221	NONCODEv6_celegans.fa
NONCELT019901.2	lncRNA	0.24937013103341182	0.7506298689665879	NONCODEv6_celegans.fa
NONCELT019904.2	lncRNA	0.12450730120965964	0.8754926987903408	NONCODEv6_celegans.fa
NONCELT019907.2	lncRNA	0.4989629252790163	0.5010370747209838	NONCODEv6_celegans.fa
NONCELT019912.2	lncRNA	0.2377403610271153	0.7622596389728852	NONCODEv6_celegans.fa
NONCELT019913.2	lncRNA	0.13599162771782328	0.8640083722821774	NONCODEv6_celegans.fa
NONCELT019915.2	lncRNA	0.19840002513960608	0.8015999748603944	NONCODEv6_celegans.fa
NONCELT019917.2	lncRNA	0.30070457651423693	0.6992954234857631	NONCODEv6_celegans.fa
NONCELT019918.2	lncRNA	0.1834416682073061	0.8165583317926942	NONCODEv6_celegans.fa
NONCELT019921.2	lncRNA	0.32097740606290326	0.6790225939370971	NONCODEv6_celegans.fa
NONCELT019923.2	lncRNA	0.3056859208789474	0.6943140791210528	NONCODEv6_celegans.fa
NONCELT019924.2	lncRNA	0.10498038576623754	0.8950196142337629	NONCODEv6_celegans.fa
NONCELT019936.2	Protein_Coding	0.6507845405538114	0.3492154594461884	NONCODEv6_celegans.fa
NONCELT019937.2	Protein_Coding	0.6745309671847548	0.3254690328152449	NONCODEv6_celegans.fa
NONCELT019941.2	lncRNA	0.26475144307843107	0.7352485569215689	NONCODEv6_celegans.fa
NONCELT019942.2	lncRNA	0.22940547408177792	0.7705945259182224	NONCODEv6_celegans.fa
NONCELT019944.2	lncRNA	0.11043941059498719	0.8895605894050126	NONCODEv6_celegans.fa
NONCELT019945.2	lncRNA	0.10223796314243998	0.8977620368575598	NONCODEv6_celegans.fa
NONCELT019950.2	Protein_Coding	0.5366809151868899	0.4633190848131102	NONCODEv6_celegans.fa
NONCELT019951.2	lncRNA	0.34877976375137143	0.6512202362486288	NONCODEv6_celegans.fa
NONCELT019952.2	Protein_Coding	0.5281302319418315	0.4718697680581683	NONCODEv6_celegans.fa
NONCELT019954.2	lncRNA	0.4057639222437965	0.5942360777562036	NONCODEv6_celegans.fa
NONCELT019955.2	lncRNA	0.15237956488971466	0.8476204351102846	NONCODEv6_celegans.fa
NONCELT019956.2	Protein_Coding	0.7064421331979588	0.29355786680204105	NONCODEv6_celegans.fa
NONCELT019961.2	lncRNA	0.26376306853598075	0.7362369314640194	NONCODEv6_celegans.fa
NONCELT019963.2	lncRNA	0.05738069063516279	0.9426193093648378	NONCODEv6_celegans.fa
NONCELT019968.2	Protein_Coding	0.6446724897062569	0.35532751029374293	NONCODEv6_celegans.fa
NONCELT019980.2	Protein_Coding	0.5760270317379995	0.4239729682620006	NONCODEv6_celegans.fa
NONCELT019981.2	lncRNA	0.37264228363232177	0.6273577163676785	NONCODEv6_celegans.fa
NONCELT019982.2	lncRNA	0.17529560494845198	0.8247043950515478	NONCODEv6_celegans.fa
NONCELT019987.2	Protein_Coding	0.5934239680349636	0.40657603196503633	NONCODEv6_celegans.fa
NONCELT019988.2	lncRNA	0.23919017020816954	0.7608098297918304	NONCODEv6_celegans.fa
NONCELT019989.2	lncRNA	0.36926845041314654	0.6307315495868533	NONCODEv6_celegans.fa
NONCELT019990.2	lncRNA	0.35903733167955976	0.6409626683204401	NONCODEv6_celegans.fa
NONCELT019996.2	lncRNA	0.3677152651318822	0.6322847348681176	NONCODEv6_celegans.fa
NONCELT019997.2	Protein_Coding	0.6521990534510164	0.3478009465489834	NONCODEv6_celegans.fa
NONCELT020002.2	lncRNA	0.1380520615349705	0.8619479384650293	NONCODEv6_celegans.fa
NONCELT020004.2	lncRNA	0.14387426936202327	0.8561257306379766	NONCODEv6_celegans.fa
NONCELT020005.2	Protein_Coding	0.5643443588161523	0.4356556411838477	NONCODEv6_celegans.fa
NONCELT020006.2	lncRNA	0.16327908736114477	0.8367209126388556	NONCODEv6_celegans.fa
NONCELT020009.2	lncRNA	0.09343284285000118	0.9065671571499988	NONCODEv6_celegans.fa
NONCELT020010.2	lncRNA	0.1849761988763427	0.8150238011236576	NONCODEv6_celegans.fa
NONCELT020011.2	lncRNA	0.1247772874650175	0.8752227125349826	NONCODEv6_celegans.fa
NONCELT020012.2	lncRNA	0.15334608799524507	0.8466539120047551	NONCODEv6_celegans.fa
NONCELT020013.2	lncRNA	0.3595821167191022	0.640417883280898	NONCODEv6_celegans.fa
NONCELT020014.2	Protein_Coding	0.568294925278118	0.4317050747218821	NONCODEv6_celegans.fa
NONCELT020015.2	lncRNA	0.35604421432463307	0.6439557856753675	NONCODEv6_celegans.fa
NONCELT020016.2	lncRNA	0.2782626761717737	0.7217373238282263	NONCODEv6_celegans.fa
NONCELT020017.2	Protein_Coding	0.8372844197167734	0.16271558028322694	NONCODEv6_celegans.fa
NONCELT020018.2	lncRNA	0.20705301907490337	0.7929469809250971	NONCODEv6_celegans.fa
NONCELT020020.2	lncRNA	0.3007689386236821	0.6992310613763177	NONCODEv6_celegans.fa
NONCELT020022.2	lncRNA	0.4728094691548389	0.527190530845161	NONCODEv6_celegans.fa
NONCELT020024.2	Protein_Coding	0.5130081405235913	0.4869918594764088	NONCODEv6_celegans.fa
NONCELT020025.2	lncRNA	0.39525440274589935	0.6047455972541007	NONCODEv6_celegans.fa
NONCELT020026.2	lncRNA	0.2825134235690881	0.717486576430912	NONCODEv6_celegans.fa
NONCELT020028.2	lncRNA	0.1082314158420287	0.8917685841579716	NONCODEv6_celegans.fa
NONCELT020105.2	lncRNA	0.16320815976657368	0.8367918402334266	NONCODEv6_celegans.fa
NONCELT020106.2	lncRNA	0.438321410085136	0.5616785899148643	NONCODEv6_celegans.fa
NONCELT020108.2	lncRNA	0.47600461911973757	0.5239953808802624	NONCODEv6_celegans.fa
NONCELT020110.2	Protein_Coding	0.6059253467035591	0.39407465329644065	NONCODEv6_celegans.fa
NONCELT020112.2	lncRNA	0.2576432917081568	0.7423567082918435	NONCODEv6_celegans.fa
NONCELT020113.2	lncRNA	0.20339026233697372	0.7966097376630265	NONCODEv6_celegans.fa
NONCELT020114.2	lncRNA	0.2589227841899615	0.741077215810039	NONCODEv6_celegans.fa
NONCELT020116.2	lncRNA	0.20197711756080902	0.7980228824391907	NONCODEv6_celegans.fa
NONCELT020117.2	lncRNA	0.3429998724613594	0.6570001275386407	NONCODEv6_celegans.fa
NONCELT020118.2	lncRNA	0.20774353237238266	0.792256467627617	NONCODEv6_celegans.fa
NONCELT020120.2	Protein_Coding	0.5840429549881151	0.4159570450118849	NONCODEv6_celegans.fa
NONCELT020121.2	Protein_Coding	0.6047996952112872	0.39520030478871276	NONCODEv6_celegans.fa
NONCELT020123.2	lncRNA	0.25493758252020793	0.7450624174797924	NONCODEv6_celegans.fa
NONCELT020124.2	lncRNA	0.3375143863644017	0.6624856136355984	NONCODEv6_celegans.fa
NONCELT020126.2	lncRNA	0.16318460528282885	0.8368153947171711	NONCODEv6_celegans.fa
NONCELT020128.2	lncRNA	0.07309704009988366	0.926902959900117	NONCODEv6_celegans.fa
NONCELT020129.2	lncRNA	0.23116944192956695	0.7688305580704332	NONCODEv6_celegans.fa
NONCELT020141.2	lncRNA	0.2597504561098338	0.7402495438901663	NONCODEv6_celegans.fa
NONCELT020142.2	lncRNA	0.25024266277321683	0.7497573372267833	NONCODEv6_celegans.fa
NONCELT020143.2	lncRNA	0.1784878453251471	0.821512154674853	NONCODEv6_celegans.fa
NONCELT020144.2	lncRNA	0.33813252771792185	0.6618674722820781	NONCODEv6_celegans.fa
NONCELT020145.2	lncRNA	0.24856300430538789	0.751436995694612	NONCODEv6_celegans.fa
NONCELT020146.2	lncRNA	0.3308162050617119	0.6691837949382878	NONCODEv6_celegans.fa
NONCELT020147.2	lncRNA	0.1408133265759855	0.8591866734240142	NONCODEv6_celegans.fa
NONCELT020149.2	lncRNA	0.14080780989386316	0.8591921901061378	NONCODEv6_celegans.fa
NONCELT020152.2	Protein_Coding	0.597658108868267	0.40234189113173324	NONCODEv6_celegans.fa
NONCELT020155.2	lncRNA	0.3590027804909018	0.6409972195090979	NONCODEv6_celegans.fa
NONCELT020156.2	lncRNA	0.20619760504922194	0.7938023949507778	NONCODEv6_celegans.fa
NONCELT020157.2	lncRNA	0.3346768837308738	0.6653231162691261	NONCODEv6_celegans.fa
NONCELT020158.2	Protein_Coding	0.6548128822698586	0.34518711773014105	NONCODEv6_celegans.fa
NONCELT020159.2	Protein_Coding	0.5051925191765065	0.4948074808234935	NONCODEv6_celegans.fa
NONCELT020160.2	lncRNA	0.10559660736277039	0.8944033926372296	NONCODEv6_celegans.fa
NONCELT020161.2	lncRNA	0.33140756296092405	0.6685924370390759	NONCODEv6_celegans.fa
NONCELT020162.2	Protein_Coding	0.5496071262730363	0.4503928737269637	NONCODEv6_celegans.fa
NONCELT020164.2	lncRNA	0.40821343124536086	0.5917865687546392	NONCODEv6_celegans.fa
NONCELT020167.2	lncRNA	0.09862114623498332	0.9013788537650174	NONCODEv6_celegans.fa
NONCELT020168.2	lncRNA	0.07807757778284508	0.921922422217155	NONCODEv6_celegans.fa
NONCELT020170.2	Protein_Coding	0.5973720070970311	0.40262799290296886	NONCODEv6_celegans.fa
NONCELT020172.2	lncRNA	0.2678945285178274	0.7321054714821729	NONCODEv6_celegans.fa
NONCELT020174.2	lncRNA	0.14815342952400987	0.8518465704759904	NONCODEv6_celegans.fa
NONCELT020178.2	lncRNA	0.19085943357955135	0.8091405664204491	NONCODEv6_celegans.fa
NONCELT020179.2	lncRNA	0.03711184226330283	0.9628881577366971	NONCODEv6_celegans.fa
NONCELT020180.2	lncRNA	0.09316844541828549	0.9068315545817145	NONCODEv6_celegans.fa
NONCELT020181.2	lncRNA	0.12209015275720991	0.8779098472427899	NONCODEv6_celegans.fa
NONCELT020185.2	lncRNA	0.0386618896971979	0.9613381103028024	NONCODEv6_celegans.fa
NONCELT020186.2	lncRNA	0.025472541071137826	0.9745274589288628	NONCODEv6_celegans.fa
NONCELT020195.2	lncRNA	0.21436385525041338	0.785636144749587	NONCODEv6_celegans.fa
NONCELT020219.2	lncRNA	0.033492512544365034	0.9665074874556354	NONCODEv6_celegans.fa
NONCELT020220.2	lncRNA	0.15646632123667373	0.8435336787633264	NONCODEv6_celegans.fa
NONCELT020224.2	lncRNA	0.33436988667349093	0.6656301133265092	NONCODEv6_celegans.fa
NONCELT020234.2	lncRNA	0.20887860211946338	0.7911213978805368	NONCODEv6_celegans.fa
NONCELT020235.2	lncRNA	0.28186824358384244	0.7181317564161576	NONCODEv6_celegans.fa
NONCELT020236.2	lncRNA	0.28301834901298906	0.716981650987011	NONCODEv6_celegans.fa
NONCELT020276.2	lncRNA	0.25904250418821706	0.7409574958117835	NONCODEv6_celegans.fa
NONCELT020277.2	lncRNA	0.43902816597148286	0.5609718340285171	NONCODEv6_celegans.fa
NONCELT020315.2	lncRNA	0.31896748106771616	0.6810325189322841	NONCODEv6_celegans.fa
NONCELT020316.2	lncRNA	0.19784300720750203	0.8021569927924985	NONCODEv6_celegans.fa
NONCELT020317.2	Protein_Coding	0.501190185158697	0.49880981484130305	NONCODEv6_celegans.fa
NONCELT020318.2	lncRNA	0.3990403571810419	0.6009596428189581	NONCODEv6_celegans.fa
NONCELT020321.2	Protein_Coding	0.6023529052424808	0.3976470947575189	NONCODEv6_celegans.fa
NONCELT020323.2	lncRNA	0.16423159268374068	0.8357684073162597	NONCODEv6_celegans.fa
NONCELT020325.2	lncRNA	0.24108461328433115	0.7589153867156692	NONCODEv6_celegans.fa
NONCELT020329.2	lncRNA	0.295466778843213	0.7045332211567874	NONCODEv6_celegans.fa
NONCELT020337.2	lncRNA	0.3194537691045839	0.6805462308954161	NONCODEv6_celegans.fa
NONCELT020340.2	lncRNA	0.42377567143323275	0.5762243285667671	NONCODEv6_celegans.fa
NONCELT020347.2	lncRNA	0.20103288910235226	0.7989671108976482	NONCODEv6_celegans.fa
NONCELT020351.2	lncRNA	0.14320597823023842	0.856794021769762	NONCODEv6_celegans.fa
NONCELT020352.2	Protein_Coding	0.5544673625241526	0.4455326374758476	NONCODEv6_celegans.fa
NONCELT020363.2	lncRNA	0.260784841349441	0.7392151586505593	NONCODEv6_celegans.fa
NONCELT020370.2	lncRNA	0.03360063773719112	0.9663993622628089	NONCODEv6_celegans.fa
NONCELT020378.2	lncRNA	0.05487380127016028	0.9451261987298398	NONCODEv6_celegans.fa
NONCELT020383.2	lncRNA	0.024478548699142913	0.9755214513008577	NONCODEv6_celegans.fa
NONCELT020385.2	lncRNA	0.023972277767484236	0.9760277222325163	NONCODEv6_celegans.fa
NONCELT020390.2	lncRNA	0.09445303668691785	0.9055469633130824	NONCODEv6_celegans.fa
NONCELT020391.2	lncRNA	0.14075376932773995	0.85924623067226	NONCODEv6_celegans.fa
NONCELT020392.2	lncRNA	0.27789105721366403	0.7221089427863362	NONCODEv6_celegans.fa
NONCELT020393.2	lncRNA	0.18459440244247644	0.8154055975575236	NONCODEv6_celegans.fa
NONCELT020395.2	lncRNA	0.24424954977670285	0.7557504502232973	NONCODEv6_celegans.fa
NONCELT020398.2	lncRNA	0.2386291423812779	0.761370857618722	NONCODEv6_celegans.fa
NONCELT020399.2	lncRNA	0.0790154353849412	0.9209845646150591	NONCODEv6_celegans.fa
NONCELT020400.2	lncRNA	0.1670812566970801	0.8329187433029197	NONCODEv6_celegans.fa
NONCELT020401.2	lncRNA	0.060400825686974094	0.9395991743130264	NONCODEv6_celegans.fa
NONCELT020404.2	lncRNA	0.24201703722521523	0.757982962774785	NONCODEv6_celegans.fa
NONCELT020406.2	lncRNA	0.2255016394368588	0.7744983605631414	NONCODEv6_celegans.fa
NONCELT020407.2	lncRNA	0.28877913302797836	0.7112208669720215	NONCODEv6_celegans.fa
NONCELT020408.2	lncRNA	0.07567332321061614	0.9243266767893836	NONCODEv6_celegans.fa
NONCELT020409.2	lncRNA	0.07428683719224632	0.9257131628077536	NONCODEv6_celegans.fa
NONCELT020431.2	Protein_Coding	0.604934798603551	0.3950652013964487	NONCODEv6_celegans.fa
NONCELT020478.2	lncRNA	0.31106031949301727	0.688939680506983	NONCODEv6_celegans.fa
NONCELT020486.2	lncRNA	0.32979944971583025	0.6702005502841697	NONCODEv6_celegans.fa
NONCELT020489.2	lncRNA	0.1185277030235299	0.8814722969764703	NONCODEv6_celegans.fa
NONCELT020491.2	Protein_Coding	0.6458386981568871	0.3541613018431126	NONCODEv6_celegans.fa
NONCELT020514.2	lncRNA	0.35283414602286245	0.647165853977138	NONCODEv6_celegans.fa
NONCELT020517.2	lncRNA	0.2574113557831196	0.7425886442168803	NONCODEv6_celegans.fa
NONCELT020519.2	lncRNA	0.3695508296632769	0.630449170336723	NONCODEv6_celegans.fa
NONCELT020520.2	lncRNA	0.4287433023036642	0.5712566976963361	NONCODEv6_celegans.fa
NONCELT020522.2	lncRNA	0.019767007918280254	0.9802329920817198	NONCODEv6_celegans.fa
NONCELT020558.2	Protein_Coding	0.6211796053659469	0.3788203946340532	NONCODEv6_celegans.fa
NONCELT020559.2	lncRNA	0.17772192002678067	0.8222780799732197	NONCODEv6_celegans.fa
NONCELT020563.2	lncRNA	0.1637743113625045	0.8362256886374956	NONCODEv6_celegans.fa
NONCELT020567.2	Protein_Coding	0.6863724407918516	0.3136275592081486	NONCODEv6_celegans.fa
NONCELT020568.2	lncRNA	0.08980580574493888	0.9101941942550614	NONCODEv6_celegans.fa
NONCELT020577.2	lncRNA	0.06929832402421152	0.9307016759757883	NONCODEv6_celegans.fa
NONCELT020580.2	Protein_Coding	0.6705191893112817	0.3294808106887179	NONCODEv6_celegans.fa
NONCELT020584.2	lncRNA	0.3050907745639442	0.6949092254360557	NONCODEv6_celegans.fa
NONCELT020585.2	lncRNA	0.09945154091829506	0.9005484590817047	NONCODEv6_celegans.fa
NONCELT020586.2	lncRNA	0.11971832724615027	0.88028167275385	NONCODEv6_celegans.fa
NONCELT020589.2	lncRNA	0.07688731118881768	0.9231126888111828	NONCODEv6_celegans.fa
NONCELT020597.2	lncRNA	0.042588256373959826	0.9574117436260403	NONCODEv6_celegans.fa
NONCELT020600.2	Protein_Coding	0.5403219690640737	0.4596780309359264	NONCODEv6_celegans.fa
NONCELT020609.2	lncRNA	0.059576563288481155	0.9404234367115191	NONCODEv6_celegans.fa
NONCELT020610.2	lncRNA	0.039506256021578784	0.9604937439784218	NONCODEv6_celegans.fa
NONCELT020611.2	Protein_Coding	0.556532026857301	0.44346797314269903	NONCODEv6_celegans.fa
NONCELT020613.2	lncRNA	0.38586915677341205	0.6141308432265883	NONCODEv6_celegans.fa
NONCELT020615.2	lncRNA	0.29739840959356856	0.7026015904064317	NONCODEv6_celegans.fa
NONCELT020617.2	lncRNA	0.19570473729215845	0.8042952627078418	NONCODEv6_celegans.fa
NONCELT020618.2	lncRNA	0.19058292165807525	0.8094170783419249	NONCODEv6_celegans.fa
NONCELT020620.2	lncRNA	0.41390494620390694	0.5860950537960932	NONCODEv6_celegans.fa
NONCELT020621.2	lncRNA	0.06885784629607004	0.9311421537039303	NONCODEv6_celegans.fa
NONCELT020631.2	lncRNA	0.421239609229273	0.5787603907707269	NONCODEv6_celegans.fa
NONCELT020636.2	Protein_Coding	0.6499826072996011	0.35001739270039894	NONCODEv6_celegans.fa
NONCELT020637.2	lncRNA	0.11504746918781819	0.8849525308121814	NONCODEv6_celegans.fa
NONCELT020642.2	lncRNA	0.06143970271724146	0.9385602972827586	NONCODEv6_celegans.fa
NONCELT020646.2	Protein_Coding	0.5201205740788047	0.47987942592119537	NONCODEv6_celegans.fa
NONCELT020648.2	Protein_Coding	0.7320963446735127	0.26790365532648736	NONCODEv6_celegans.fa
NONCELT020649.2	Protein_Coding	0.6492063867011637	0.3507936132988362	NONCODEv6_celegans.fa
NONCELT020650.2	lncRNA	0.47463410405021744	0.5253658959497826	NONCODEv6_celegans.fa
NONCELT020658.2	lncRNA	0.061768600684537	0.9382313993154634	NONCODEv6_celegans.fa
NONCELT020669.2	lncRNA	0.036341282929072974	0.9636587170709278	NONCODEv6_celegans.fa
NONCELT020670.2	lncRNA	0.285724269216565	0.7142757307834353	NONCODEv6_celegans.fa
NONCELT020671.2	lncRNA	0.45204058621711884	0.547959413782881	NONCODEv6_celegans.fa
NONCELT020673.2	lncRNA	0.24781345606776398	0.7521865439322368	NONCODEv6_celegans.fa
NONCELT020680.2	lncRNA	0.08272067840241416	0.9172793215975863	NONCODEv6_celegans.fa
NONCELT020686.2	lncRNA	0.15933361022654507	0.8406663897734548	NONCODEv6_celegans.fa
NONCELT020687.2	lncRNA	0.09690066652632773	0.9030993334736731	NONCODEv6_celegans.fa
NONCELT020696.2	lncRNA	0.46078685044271717	0.5392131495572827	NONCODEv6_celegans.fa
NONCELT020697.2	lncRNA	0.16958745779597634	0.8304125422040245	NONCODEv6_celegans.fa
NONCELT020700.2	lncRNA	0.09751528848649124	0.9024847115135086	NONCODEv6_celegans.fa
NONCELT020701.2	lncRNA	0.18424228771881407	0.8157577122811863	NONCODEv6_celegans.fa
NONCELT020716.2	lncRNA	0.4074618783468476	0.5925381216531523	NONCODEv6_celegans.fa
NONCELT020719.2	lncRNA	0.24055728827408923	0.7594427117259102	NONCODEv6_celegans.fa
NONCELT020721.2	Protein_Coding	0.5347235912762642	0.46527640872373577	NONCODEv6_celegans.fa
NONCELT020759.2	lncRNA	0.06337264372220341	0.9366273562777968	NONCODEv6_celegans.fa
NONCELT020761.2	lncRNA	0.16954705711261264	0.8304529428873881	NONCODEv6_celegans.fa
NONCELT020766.2	lncRNA	0.021035129675140523	0.9789648703248598	NONCODEv6_celegans.fa
NONCELT020773.2	lncRNA	0.06667643406052087	0.9333235659394794	NONCODEv6_celegans.fa
NONCELT020774.2	lncRNA	0.13152159543220696	0.8684784045677928	NONCODEv6_celegans.fa
NONCELT020781.2	lncRNA	0.04542231488660367	0.9545776851133968	NONCODEv6_celegans.fa
NONCELT020817.2	lncRNA	0.2217490630806121	0.7782509369193884	NONCODEv6_celegans.fa
NONCELT020818.2	lncRNA	0.06708600622691833	0.9329139937730815	NONCODEv6_celegans.fa
NONCELT020819.2	lncRNA	0.09697594874249311	0.9030240512575068	NONCODEv6_celegans.fa
NONCELT020830.2	lncRNA	0.09866905440851773	0.9013309455914824	NONCODEv6_celegans.fa
NONCELT020831.2	lncRNA	0.09474601368115919	0.9052539863188416	NONCODEv6_celegans.fa
NONCELT020832.2	lncRNA	0.13956400538286717	0.8604359946171333	NONCODEv6_celegans.fa
NONCELT020834.2	lncRNA	0.22451617590747475	0.7754838240925254	NONCODEv6_celegans.fa
NONCELT020837.2	lncRNA	0.14369381831428074	0.8563061816857201	NONCODEv6_celegans.fa
NONCELT020845.2	lncRNA	0.3031512847231998	0.6968487152768	NONCODEv6_celegans.fa
NONCELT020868.2	lncRNA	0.4663578463880787	0.5336421536119215	NONCODEv6_celegans.fa
NONCELT020869.2	lncRNA	0.15035972677429918	0.849640273225701	NONCODEv6_celegans.fa
NONCELT020871.2	lncRNA	0.263283099935809	0.7367169000641907	NONCODEv6_celegans.fa
NONCELT020872.2	lncRNA	0.2128404759129428	0.7871595240870576	NONCODEv6_celegans.fa
NONCELT020874.2	lncRNA	0.11039408045963334	0.8896059195403666	NONCODEv6_celegans.fa
NONCELT020887.2	lncRNA	0.01807945039096818	0.9819205496090322	NONCODEv6_celegans.fa
NONCELT020888.2	lncRNA	0.027518876685088702	0.9724811233149114	NONCODEv6_celegans.fa
NONCELT020891.2	lncRNA	0.014986094340922266	0.9850139056590776	NONCODEv6_celegans.fa
NONCELT020892.2	lncRNA	0.011968516282474462	0.9880314837175261	NONCODEv6_celegans.fa
NONCELT020893.2	lncRNA	0.009470926788931973	0.9905290732110681	NONCODEv6_celegans.fa
NONCELT020896.2	lncRNA	0.03324577906168093	0.9667542209383191	NONCODEv6_celegans.fa
NONCELT020905.2	lncRNA	0.42025222355630576	0.5797477764436939	NONCODEv6_celegans.fa
NONCELT020907.2	lncRNA	0.09546078055907839	0.9045392194409221	NONCODEv6_celegans.fa
NONCELT020912.2	lncRNA	0.03405257192673437	0.965947428073266	NONCODEv6_celegans.fa
NONCELT020919.2	lncRNA	0.31524392701106746	0.6847560729889326	NONCODEv6_celegans.fa
NONCELT020926.2	lncRNA	0.1516062743200045	0.8483937256799957	NONCODEv6_celegans.fa
NONCELT020931.2	lncRNA	0.31043811126916976	0.6895618887308306	NONCODEv6_celegans.fa
NONCELT020941.2	lncRNA	0.20977692263496356	0.7902230773650362	NONCODEv6_celegans.fa
NONCELT020942.2	lncRNA	0.3618854371691491	0.6381145628308509	NONCODEv6_celegans.fa
NONCELT020944.2	lncRNA	0.20479559247998003	0.7952044075200203	NONCODEv6_celegans.fa
NONCELT020945.2	lncRNA	0.24612128502911707	0.7538787149708829	NONCODEv6_celegans.fa
NONCELT020946.2	lncRNA	0.3288332326812792	0.6711667673187206	NONCODEv6_celegans.fa
NONCELT020947.2	lncRNA	0.15374436283419018	0.8462556371658102	NONCODEv6_celegans.fa
NONCELT020949.2	lncRNA	0.14594735355191094	0.8540526464480894	NONCODEv6_celegans.fa
NONCELT020952.2	lncRNA	0.24239038292360918	0.7576096170763913	NONCODEv6_celegans.fa
NONCELT020967.2	lncRNA	0.1156303084344428	0.8843696915655576	NONCODEv6_celegans.fa
NONCELT020972.2	lncRNA	0.2049687069049458	0.7950312930950545	NONCODEv6_celegans.fa
NONCELT020978.2	lncRNA	0.13238211183127016	0.8676178881687296	NONCODEv6_celegans.fa
NONCELT020981.2	lncRNA	0.10090240347566964	0.8990975965243309	NONCODEv6_celegans.fa
NONCELT021008.2	lncRNA	0.20257241732969117	0.7974275826703092	NONCODEv6_celegans.fa
NONCELT021016.2	lncRNA	0.1647654589914211	0.8352345410085786	NONCODEv6_celegans.fa
NONCELT021019.2	lncRNA	0.1126519617346238	0.8873480382653763	NONCODEv6_celegans.fa
NONCELT021033.2	lncRNA	0.11864634347795595	0.8813536565220446	NONCODEv6_celegans.fa
NONCELT021038.2	lncRNA	0.020466897890547446	0.9795331021094529	NONCODEv6_celegans.fa
NONCELT021039.2	lncRNA	0.11372893235771951	0.8862710676422807	NONCODEv6_celegans.fa
NONCELT021040.2	lncRNA	0.09510140282481029	0.9048985971751903	NONCODEv6_celegans.fa
NONCELT021041.2	lncRNA	0.05079932374413029	0.9492006762558699	NONCODEv6_celegans.fa
NONCELT021042.2	lncRNA	0.09853684879343866	0.9014631512065616	NONCODEv6_celegans.fa
NONCELT021044.2	lncRNA	0.18280521764220364	0.8171947823577965	NONCODEv6_celegans.fa
NONCELT021055.2	lncRNA	0.22429309950019255	0.7757069004998076	NONCODEv6_celegans.fa
NONCELT021069.2	lncRNA	0.10104581144200153	0.8989541885579986	NONCODEv6_celegans.fa
NONCELT021071.2	lncRNA	0.049824770767594624	0.9501752292324057	NONCODEv6_celegans.fa
NONCELT021076.2	lncRNA	0.15058827219910356	0.8494117278008967	NONCODEv6_celegans.fa
NONCELT021078.2	lncRNA	0.12576197932207409	0.8742380206779259	NONCODEv6_celegans.fa
NONCELT021086.2	lncRNA	0.11357787626806815	0.8864221237319322	NONCODEv6_celegans.fa
NONCELT021089.2	lncRNA	0.3940580764125203	0.6059419235874798	NONCODEv6_celegans.fa
NONCELT021090.2	lncRNA	0.053204076259377696	0.9467959237406223	NONCODEv6_celegans.fa
NONCELT021106.2	lncRNA	0.12455371006968313	0.8754462899303173	NONCODEv6_celegans.fa
NONCELT021111.2	lncRNA	0.11406313541871613	0.8859368645812836	NONCODEv6_celegans.fa
NONCELT021113.2	lncRNA	0.18828753638395515	0.811712463616045	NONCODEv6_celegans.fa
NONCELT021123.2	lncRNA	0.10474845073894164	0.8952515492610587	NONCODEv6_celegans.fa
NONCELT021128.2	lncRNA	0.09311153395123879	0.906888466048761	NONCODEv6_celegans.fa
NONCELT021142.2	lncRNA	0.1788377201753488	0.821162279824651	NONCODEv6_celegans.fa
NONCELT021143.2	lncRNA	0.1933658670170196	0.8066341329829806	NONCODEv6_celegans.fa
NONCELT021144.2	lncRNA	0.25431893252568233	0.7456810674743178	NONCODEv6_celegans.fa
NONCELT021146.2	lncRNA	0.1033805082012249	0.8966194917987761	NONCODEv6_celegans.fa
NONCELT021148.2	lncRNA	0.22099493673076956	0.77900506326923	NONCODEv6_celegans.fa
NONCELT021151.2	lncRNA	0.21338196039056814	0.786618039609432	NONCODEv6_celegans.fa
NONCELT021153.2	lncRNA	0.186459562539126	0.8135404374608745	NONCODEv6_celegans.fa
NONCELT021160.2	lncRNA	0.0856681100221256	0.9143318899778747	NONCODEv6_celegans.fa
NONCELT021167.2	lncRNA	0.19279621509794068	0.8072037849020592	NONCODEv6_celegans.fa
NONCELT021175.2	lncRNA	0.13470845002154203	0.865291549978458	NONCODEv6_celegans.fa
NONCELT021176.2	lncRNA	0.14119915839007297	0.8588008416099274	NONCODEv6_celegans.fa
NONCELT021177.2	lncRNA	0.059867548858824164	0.9401324511411757	NONCODEv6_celegans.fa
NONCELT021179.2	lncRNA	0.09135569140129918	0.9086443085987004	NONCODEv6_celegans.fa
NONCELT021181.2	lncRNA	0.11724607042745455	0.8827539295725455	NONCODEv6_celegans.fa
NONCELT021182.2	lncRNA	0.3143562107066813	0.685643789293319	NONCODEv6_celegans.fa
NONCELT021183.2	lncRNA	0.14783618414733474	0.8521638158526654	NONCODEv6_celegans.fa
NONCELT021189.2	lncRNA	0.07621525787112496	0.9237847421288747	NONCODEv6_celegans.fa
NONCELT021192.2	lncRNA	0.21256946485963407	0.7874305351403661	NONCODEv6_celegans.fa
NONCELT021211.2	lncRNA	0.20603438411761316	0.7939656158823869	NONCODEv6_celegans.fa
NONCELT021216.2	lncRNA	0.1425023936545456	0.8574976063454546	NONCODEv6_celegans.fa
NONCELT021218.2	lncRNA	0.09171790134187158	0.908282098658129	NONCODEv6_celegans.fa
NONCELT021219.2	lncRNA	0.14909536252372035	0.8509046374762802	NONCODEv6_celegans.fa
NONCELT021230.2	lncRNA	0.05338826140907407	0.9466117385909264	NONCODEv6_celegans.fa
NONCELT021231.2	lncRNA	0.11331712771949017	0.8866828722805102	NONCODEv6_celegans.fa
NONCELT021240.2	lncRNA	0.16856271944396464	0.8314372805560357	NONCODEv6_celegans.fa
NONCELT021241.2	lncRNA	0.2079806223946575	0.792019377605343	NONCODEv6_celegans.fa
NONCELT021245.2	lncRNA	0.15622740621543768	0.8437725937845626	NONCODEv6_celegans.fa
NONCELT021260.2	lncRNA	0.10658442838772866	0.8934155716122716	NONCODEv6_celegans.fa
NONCELT021262.2	lncRNA	0.16085408895900935	0.8391459110409906	NONCODEv6_celegans.fa
NONCELT021263.2	lncRNA	0.2413085028263278	0.758691497173672	NONCODEv6_celegans.fa
NONCELT021272.2	lncRNA	0.2770296002102385	0.7229703997897619	NONCODEv6_celegans.fa
NONCELT021276.2	lncRNA	0.09904033871176307	0.9009596612882373	NONCODEv6_celegans.fa
NONCELT021282.2	lncRNA	0.22303155489478166	0.7769684451052183	NONCODEv6_celegans.fa
NONCELT021291.2	lncRNA	0.216278099676294	0.7837219003237066	NONCODEv6_celegans.fa
NONCELT021298.2	lncRNA	0.1105922696442737	0.8894077303557264	NONCODEv6_celegans.fa
NONCELT021299.2	lncRNA	0.11032093939292026	0.8896790606070801	NONCODEv6_celegans.fa
NONCELT021300.2	lncRNA	0.26151146746034165	0.7384885325396584	NONCODEv6_celegans.fa
NONCELT021302.2	lncRNA	0.1407876631280091	0.8592123368719912	NONCODEv6_celegans.fa
NONCELT021319.2	lncRNA	0.15299469941229388	0.8470053005877057	NONCODEv6_celegans.fa
NONCELT021321.2	lncRNA	0.03895348389950544	0.9610465161004953	NONCODEv6_celegans.fa
NONCELT021327.2	lncRNA	0.051367405975834085	0.948632594024166	NONCODEv6_celegans.fa
NONCELT021328.2	lncRNA	0.2650407789255796	0.7349592210744207	NONCODEv6_celegans.fa
NONCELT021332.2	lncRNA	0.14023852388219593	0.859761476117804	NONCODEv6_celegans.fa
NONCELT021338.2	lncRNA	0.3805557244646483	0.619444275535352	NONCODEv6_celegans.fa
NONCELT021344.2	lncRNA	0.2691210367684748	0.7308789632315255	NONCODEv6_celegans.fa
NONCELT021348.2	lncRNA	0.1386989023189614	0.8613010976810381	NONCODEv6_celegans.fa
NONCELT021375.2	lncRNA	0.01727939206573691	0.9827206079342632	NONCODEv6_celegans.fa
NONCELT021381.2	lncRNA	0.048814899245825376	0.9511851007541751	NONCODEv6_celegans.fa
NONCELT021387.2	lncRNA	0.14852906114647757	0.8514709388535223	NONCODEv6_celegans.fa
NONCELT021388.2	lncRNA	0.0975557645101451	0.902444235489855	NONCODEv6_celegans.fa
NONCELT021394.2	lncRNA	0.09681181828967814	0.9031881817103221	NONCODEv6_celegans.fa
NONCELT021397.2	lncRNA	0.09681181828967814	0.9031881817103221	NONCODEv6_celegans.fa
NONCELT021400.2	lncRNA	0.10815112786372731	0.8918488721362727	NONCODEv6_celegans.fa
NONCELT021402.2	lncRNA	0.17238436982316382	0.8276156301768359	NONCODEv6_celegans.fa
NONCELT021412.2	lncRNA	0.21813173106631228	0.7818682689336883	NONCODEv6_celegans.fa
NONCELT021415.2	lncRNA	0.3916264513874436	0.6083735486125558	NONCODEv6_celegans.fa
NONCELT021427.2	lncRNA	0.18517262952239835	0.814827370477602	NONCODEv6_celegans.fa
NONCELT021428.2	lncRNA	0.2137496637011156	0.7862503362988843	NONCODEv6_celegans.fa
NONCELT021446.2	lncRNA	0.22670782096181064	0.7732921790381896	NONCODEv6_celegans.fa
NONCELT021447.2	lncRNA	0.1284488285758494	0.8715511714241505	NONCODEv6_celegans.fa
NONCELT021448.2	lncRNA	0.1751893538650999	0.8248106461349003	NONCODEv6_celegans.fa
NONCELT021453.2	lncRNA	0.16194329537875307	0.8380567046212469	NONCODEv6_celegans.fa
NONCELT021454.2	lncRNA	0.3097409621451647	0.6902590378548354	NONCODEv6_celegans.fa
NONCELT021456.2	lncRNA	0.13833892049680616	0.8616610795031938	NONCODEv6_celegans.fa
NONCELT021457.2	lncRNA	0.3267405857041337	0.6732594142958661	NONCODEv6_celegans.fa
NONCELT021460.2	lncRNA	0.1623936278966887	0.8376063721033112	NONCODEv6_celegans.fa
NONCELT021461.2	lncRNA	0.12060771012999937	0.8793922898700012	NONCODEv6_celegans.fa
NONCELT021467.2	lncRNA	0.12159551473628384	0.8784044852637166	NONCODEv6_celegans.fa
NONCELT021468.2	lncRNA	0.0882687103484841	0.9117312896515163	NONCODEv6_celegans.fa
NONCELT021479.2	lncRNA	0.29228107801276604	0.7077189219872335	NONCODEv6_celegans.fa
NONCELT021490.2	lncRNA	0.054601269088526534	0.9453987309114739	NONCODEv6_celegans.fa
NONCELT021496.2	lncRNA	0.20927472697759208	0.7907252730224076	NONCODEv6_celegans.fa
NONCELT021501.2	lncRNA	0.15198200043093532	0.8480179995690649	NONCODEv6_celegans.fa
NONCELT021502.2	lncRNA	0.29781584833777053	0.7021841516622296	NONCODEv6_celegans.fa
NONCELT021504.2	lncRNA	0.18944514762504713	0.8105548523749525	NONCODEv6_celegans.fa
NONCELT021505.2	lncRNA	0.19083920351826306	0.8091607964817371	NONCODEv6_celegans.fa
NONCELT021506.2	lncRNA	0.23476787108372493	0.7652321289162752	NONCODEv6_celegans.fa
NONCELT021511.2	lncRNA	0.11556847450144496	0.8844315254985554	NONCODEv6_celegans.fa
NONCELT021517.2	lncRNA	0.30516594265035285	0.6948340573496471	NONCODEv6_celegans.fa
NONCELT021530.2	lncRNA	0.06542850771915974	0.93457149228084	NONCODEv6_celegans.fa
NONCELT021539.2	lncRNA	0.0703898906299871	0.9296101093700131	NONCODEv6_celegans.fa
NONCELT021552.2	lncRNA	0.05499774078992561	0.9450022592100742	NONCODEv6_celegans.fa
NONCELT021555.2	lncRNA	0.271360737372952	0.7286392626270484	NONCODEv6_celegans.fa
NONCELT021556.2	lncRNA	0.1110096374253475	0.8889903625746527	NONCODEv6_celegans.fa
NONCELT021560.2	lncRNA	0.19037187111336942	0.8096281288866302	NONCODEv6_celegans.fa
NONCELT021561.2	lncRNA	0.21683067478388518	0.783169325216115	NONCODEv6_celegans.fa
NONCELT021572.2	lncRNA	0.09396907390640777	0.9060309260935925	NONCODEv6_celegans.fa
NONCELT021579.2	lncRNA	0.19993287576951604	0.8000671242304839	NONCODEv6_celegans.fa
NONCELT021589.2	lncRNA	0.08058024409769149	0.9194197559023084	NONCODEv6_celegans.fa
NONCELT021593.2	lncRNA	0.16863786786623292	0.8313621321337676	NONCODEv6_celegans.fa
NONCELT021594.2	lncRNA	0.10434057958944679	0.8956594204105535	NONCODEv6_celegans.fa
NONCELT021596.2	lncRNA	0.19084019733613153	0.8091598026638693	NONCODEv6_celegans.fa
NONCELT021597.2	lncRNA	0.3620779042697885	0.6379220957302111	NONCODEv6_celegans.fa
NONCELT021598.2	lncRNA	0.18647094810097958	0.8135290518990205	NONCODEv6_celegans.fa
NONCELT021599.2	lncRNA	0.18105659861893583	0.8189434013810639	NONCODEv6_celegans.fa
NONCELT021606.2	lncRNA	0.01156545001001096	0.9884345499899895	NONCODEv6_celegans.fa
NONCELT021607.2	lncRNA	0.11522718318497822	0.884772816815022	NONCODEv6_celegans.fa
NONCELT021611.2	lncRNA	0.1210831291817408	0.8789168708182595	NONCODEv6_celegans.fa
NONCELT021617.2	lncRNA	0.10133401222139407	0.8986659877786062	NONCODEv6_celegans.fa
NONCELT021618.2	lncRNA	0.1125987427653615	0.887401257234638	NONCODEv6_celegans.fa
NONCELT021623.2	lncRNA	0.20922189033152766	0.7907781096684726	NONCODEv6_celegans.fa
NONCELT021636.2	lncRNA	0.04555675795409632	0.954443242045904	NONCODEv6_celegans.fa
NONCELT021638.2	lncRNA	0.16102648757905716	0.8389735124209431	NONCODEv6_celegans.fa
NONCELT021640.2	lncRNA	0.12890796772018168	0.8710920322798185	NONCODEv6_celegans.fa
NONCELT021646.2	lncRNA	0.07131593405143156	0.9286840659485687	NONCODEv6_celegans.fa
NONCELT021657.2	lncRNA	0.1603653729876944	0.8396346270123064	NONCODEv6_celegans.fa
NONCELT021658.2	lncRNA	0.2945133826872844	0.7054866173127158	NONCODEv6_celegans.fa
NONCELT021661.2	lncRNA	0.16123874420374126	0.838761255796259	NONCODEv6_celegans.fa
NONCELT021662.2	lncRNA	0.16640079014122935	0.8335992098587705	NONCODEv6_celegans.fa
NONCELT021663.2	lncRNA	0.20827158140470473	0.7917284185952953	NONCODEv6_celegans.fa
NONCELT021672.2	lncRNA	0.10309966623903406	0.8969003337609663	NONCODEv6_celegans.fa
NONCELT021674.2	lncRNA	0.026191393758349283	0.9738086062416506	NONCODEv6_celegans.fa
NONCELT021686.2	lncRNA	0.18472945804556085	0.8152705419544398	NONCODEv6_celegans.fa
NONCELT021695.2	lncRNA	0.09042068991308312	0.9095793100869166	NONCODEv6_celegans.fa
NONCELT021696.2	lncRNA	0.0565183318293925	0.9434816681706074	NONCODEv6_celegans.fa
NONCELT021709.2	lncRNA	0.104274760592058	0.8957252394079428	NONCODEv6_celegans.fa
NONCELT021714.2	lncRNA	0.23457694991360953	0.7654230500863913	NONCODEv6_celegans.fa
NONCELT021722.2	lncRNA	0.14417222185928272	0.8558277781407172	NONCODEv6_celegans.fa
NONCELT021723.2	lncRNA	0.10708563719263808	0.8929143628073625	NONCODEv6_celegans.fa
NONCELT021724.2	lncRNA	0.1790300887230405	0.8209699112769603	NONCODEv6_celegans.fa
NONCELT021729.2	lncRNA	0.25041442487395377	0.7495855751260463	NONCODEv6_celegans.fa
NONCELT021730.2	lncRNA	0.4416017900027425	0.5583982099972574	NONCODEv6_celegans.fa
NONCELT021731.2	lncRNA	0.0823434350694446	0.9176565649305559	NONCODEv6_celegans.fa
NONCELT021733.2	lncRNA	0.2636176280227424	0.736382371977258	NONCODEv6_celegans.fa
NONCELT021735.2	lncRNA	0.20608931658567023	0.7939106834143299	NONCODEv6_celegans.fa
NONCELT021744.2	lncRNA	0.3543201918145326	0.6456798081854677	NONCODEv6_celegans.fa
NONCELT021745.2	lncRNA	0.3151400566459356	0.684859943354065	NONCODEv6_celegans.fa
NONCELT021763.2	lncRNA	0.31912034743105144	0.6808796525689484	NONCODEv6_celegans.fa
NONCELT021764.2	lncRNA	0.13315569901862306	0.8668443009813773	NONCODEv6_celegans.fa
NONCELT021779.2	lncRNA	0.05083413322472449	0.949165866775276	NONCODEv6_celegans.fa
NONCELT021780.2	lncRNA	0.07897751415707271	0.9210224858429272	NONCODEv6_celegans.fa
NONCELT021781.2	lncRNA	0.04109413609318047	0.95890586390682	NONCODEv6_celegans.fa
NONCELT021790.2	lncRNA	0.04281216205535236	0.9571878379446477	NONCODEv6_celegans.fa
NONCELT021791.2	lncRNA	0.21088020735580076	0.7891197926441998	NONCODEv6_celegans.fa
NONCELT021794.2	lncRNA	0.2596921389510015	0.7403078610489988	NONCODEv6_celegans.fa
NONCELT021802.2	lncRNA	0.22675744892988747	0.7732425510701126	NONCODEv6_celegans.fa
NONCELT021807.2	lncRNA	0.11756805714077996	0.8824319428592201	NONCODEv6_celegans.fa
NONCELT021808.2	lncRNA	0.01563954297182454	0.9843604570281755	NONCODEv6_celegans.fa
NONCELT021816.2	lncRNA	0.1230706916855945	0.8769293083144055	NONCODEv6_celegans.fa
NONCELT021817.2	lncRNA	0.14044738934499856	0.8595526106550013	NONCODEv6_celegans.fa
NONCELT021818.2	lncRNA	0.20828873336432369	0.7917112666356768	NONCODEv6_celegans.fa
NONCELT021819.2	lncRNA	0.2780801040030713	0.7219198959969291	NONCODEv6_celegans.fa
NONCELT021832.2	lncRNA	0.07332527711261423	0.9266747228873855	NONCODEv6_celegans.fa
NONCELT021840.2	lncRNA	0.18095515008137944	0.8190448499186206	NONCODEv6_celegans.fa
NONCELT021843.2	lncRNA	0.3134822779111567	0.6865177220888431	NONCODEv6_celegans.fa
NONCELT021844.2	lncRNA	0.3536108464892709	0.646389153510729	NONCODEv6_celegans.fa
NONCELT021847.2	lncRNA	0.1316758043801438	0.8683241956198561	NONCODEv6_celegans.fa
NONCELT021851.2	lncRNA	0.4143716097978956	0.5856283902021049	NONCODEv6_celegans.fa
NONCELT021852.2	lncRNA	0.3039892103477502	0.6960107896522496	NONCODEv6_celegans.fa
NONCELT021855.2	lncRNA	0.1022933816752606	0.8977066183247396	NONCODEv6_celegans.fa
NONCELT021859.2	lncRNA	0.15451221391216557	0.8454877860878343	NONCODEv6_celegans.fa
NONCELT021861.2	lncRNA	0.4336696234762659	0.566330376523734	NONCODEv6_celegans.fa
NONCELT021872.2	lncRNA	0.1642804488400272	0.8357195511599729	NONCODEv6_celegans.fa
NONCELT021881.2	lncRNA	0.1200679489635523	0.8799320510364478	NONCODEv6_celegans.fa
NONCELT021882.2	lncRNA	0.07876543056175786	0.9212345694382417	NONCODEv6_celegans.fa
NONCELT021886.2	lncRNA	0.3586795906483773	0.6413204093516232	NONCODEv6_celegans.fa
NONCELT021887.2	lncRNA	0.19959477630023564	0.8004052236997649	NONCODEv6_celegans.fa
NONCELT021888.2	lncRNA	0.3530504779894809	0.6469495220105194	NONCODEv6_celegans.fa
NONCELT021889.2	lncRNA	0.2982904754531559	0.7017095245468444	NONCODEv6_celegans.fa
NONCELT021895.2	lncRNA	0.20730370125489378	0.7926962987451062	NONCODEv6_celegans.fa
NONCELT021898.2	lncRNA	0.28877959122761593	0.7112204087723842	NONCODEv6_celegans.fa
NONCELT021902.2	lncRNA	0.06969095995569781	0.9303090400443024	NONCODEv6_celegans.fa
NONCELT021918.2	lncRNA	0.022968207611313327	0.9770317923886868	NONCODEv6_celegans.fa
NONCELT021919.2	lncRNA	0.09299570595832404	0.9070042940416764	NONCODEv6_celegans.fa
NONCELT021921.2	lncRNA	0.07666930524893945	0.9233306947510601	NONCODEv6_celegans.fa
NONCELT021928.2	lncRNA	0.023548919383681862	0.9764510806163185	NONCODEv6_celegans.fa
NONCELT021929.2	lncRNA	0.14452346580284542	0.8554765341971543	NONCODEv6_celegans.fa
NONCELT021930.2	lncRNA	0.2327854147454833	0.7672145852545171	NONCODEv6_celegans.fa
NONCELT021934.2	lncRNA	0.029227700342356656	0.9707722996576436	NONCODEv6_celegans.fa
NONCELT021937.2	lncRNA	0.17569651552664825	0.8243034844733526	NONCODEv6_celegans.fa
NONCELT021938.2	lncRNA	0.10552698817803327	0.8944730118219666	NONCODEv6_celegans.fa
NONCELT021942.2	lncRNA	0.24322502564841564	0.7567749743515844	NONCODEv6_celegans.fa
NONCELT021949.2	lncRNA	0.10978946783035436	0.8902105321696459	NONCODEv6_celegans.fa
NONCELT021950.2	lncRNA	0.1617722589157638	0.8382277410842361	NONCODEv6_celegans.fa
NONCELT021953.2	lncRNA	0.08306099187241074	0.9169390081275892	NONCODEv6_celegans.fa
NONCELT021966.2	lncRNA	0.17555065375555426	0.8244493462444457	NONCODEv6_celegans.fa
NONCELT021973.2	lncRNA	0.13793691210258296	0.8620630878974169	NONCODEv6_celegans.fa
NONCELT021982.2	lncRNA	0.19559505541920272	0.8044049445807974	NONCODEv6_celegans.fa
NONCELT021983.2	lncRNA	0.1541144988666956	0.8458855011333042	NONCODEv6_celegans.fa
NONCELT021985.2	lncRNA	0.07392690195598851	0.9260730980440114	NONCODEv6_celegans.fa
NONCELT021988.2	lncRNA	0.06091280277780011	0.9390871972221999	NONCODEv6_celegans.fa
NONCELT021992.2	lncRNA	0.1504646263709776	0.8495353736290225	NONCODEv6_celegans.fa
NONCELT021994.2	lncRNA	0.14269457323073612	0.857305426769264	NONCODEv6_celegans.fa
NONCELT022016.2	lncRNA	0.27220863819423313	0.7277913618057673	NONCODEv6_celegans.fa
NONCELT022023.2	lncRNA	0.22239895737195026	0.77760104262805	NONCODEv6_celegans.fa
NONCELT022024.2	lncRNA	0.19677924221285972	0.8032207577871397	NONCODEv6_celegans.fa
NONCELT022029.2	lncRNA	0.09358053277031668	0.9064194672296836	NONCODEv6_celegans.fa
NONCELT022031.2	lncRNA	0.11568043267789106	0.8843195673221096	NONCODEv6_celegans.fa
NONCELT022041.2	lncRNA	0.3388204189502369	0.6611795810497635	NONCODEv6_celegans.fa
NONCELT022047.2	lncRNA	0.3219911121441111	0.6780088878558891	NONCODEv6_celegans.fa
NONCELT022048.2	lncRNA	0.257717446383642	0.7422825536163584	NONCODEv6_celegans.fa
NONCELT022049.2	lncRNA	0.10106045052672684	0.8989395494732731	NONCODEv6_celegans.fa
NONCELT022050.2	lncRNA	0.18801615831078722	0.8119838416892128	NONCODEv6_celegans.fa
NONCELT022051.2	lncRNA	0.1966622789199593	0.8033377210800408	NONCODEv6_celegans.fa
NONCELT022052.2	lncRNA	0.2350679376363628	0.7649320623636373	NONCODEv6_celegans.fa
NONCELT022058.2	lncRNA	0.0728129353858549	0.9271870646141455	NONCODEv6_celegans.fa
NONCELT022069.2	lncRNA	0.1342629912461506	0.8657370087538492	NONCODEv6_celegans.fa
NONCELT022074.2	lncRNA	0.06975202522490286	0.9302479747750984	NONCODEv6_celegans.fa
NONCELT022075.2	lncRNA	0.0738590784732523	0.9261409215267475	NONCODEv6_celegans.fa
NONCELT022079.2	lncRNA	0.1941833013400301	0.80581669865997	NONCODEv6_celegans.fa
NONCELT022080.2	lncRNA	0.23290767252500597	0.7670923274749942	NONCODEv6_celegans.fa
NONCELT022085.2	lncRNA	0.23753148380964992	0.7624685161903504	NONCODEv6_celegans.fa
NONCELT022092.2	lncRNA	0.4057241678599144	0.5942758321400855	NONCODEv6_celegans.fa
NONCELT022095.2	lncRNA	0.15024210013829092	0.8497578998617095	NONCODEv6_celegans.fa
NONCELT022100.2	lncRNA	0.14220863221731952	0.8577913677826805	NONCODEv6_celegans.fa
NONCELT022108.2	lncRNA	0.15840228790786243	0.8415977120921377	NONCODEv6_celegans.fa
NONCELT022119.2	lncRNA	0.16273615938708944	0.8372638406129108	NONCODEv6_celegans.fa
NONCELT022120.2	lncRNA	0.042527678096881336	0.957472321903119	NONCODEv6_celegans.fa
NONCELT022121.2	lncRNA	0.2691059058057167	0.730894094194283	NONCODEv6_celegans.fa
NONCELT022128.2	lncRNA	0.1370407908291575	0.8629592091708421	NONCODEv6_celegans.fa
NONCELT022129.2	lncRNA	0.1780586539485099	0.8219413460514899	NONCODEv6_celegans.fa
NONCELT022132.2	lncRNA	0.22578398987097967	0.7742160101290209	NONCODEv6_celegans.fa
NONCELT022136.2	lncRNA	0.18336223682988792	0.8166377631701124	NONCODEv6_celegans.fa
NONCELT022142.2	lncRNA	0.27225633492406465	0.7277436650759356	NONCODEv6_celegans.fa
NONCELT022144.2	lncRNA	0.13453691900012874	0.8654630809998712	NONCODEv6_celegans.fa
NONCELT022149.2	lncRNA	0.2309123188816753	0.7690876811183239	NONCODEv6_celegans.fa
NONCELT022154.2	lncRNA	0.07381912565729841	0.9261808743427017	NONCODEv6_celegans.fa
NONCELT022159.2	lncRNA	0.1497909058867559	0.8502090941132441	NONCODEv6_celegans.fa
NONCELT022160.2	lncRNA	0.33375264515105707	0.6662473548489429	NONCODEv6_celegans.fa
NONCELT022163.2	lncRNA	0.1820886960300502	0.8179113039699503	NONCODEv6_celegans.fa
NONCELT022165.2	lncRNA	0.1056528229267916	0.8943471770732083	NONCODEv6_celegans.fa
NONCELT022166.2	lncRNA	0.1364498751203784	0.8635501248796215	NONCODEv6_celegans.fa
NONCELT022171.2	lncRNA	0.15011905001438589	0.8498809499856137	NONCODEv6_celegans.fa
NONCELT022182.2	lncRNA	0.24111979643908457	0.7588802035609156	NONCODEv6_celegans.fa
NONCELT022193.2	lncRNA	0.22179417525267153	0.7782058247473286	NONCODEv6_celegans.fa
NONCELT022196.2	lncRNA	0.10251274217895717	0.897487257821043	NONCODEv6_celegans.fa
NONCELT022200.2	lncRNA	0.08369538492714279	0.9163046150728574	NONCODEv6_celegans.fa
NONCELT022204.2	lncRNA	0.14108726928611473	0.8589127307138855	NONCODEv6_celegans.fa
NONCELT022210.2	lncRNA	0.08533688381203891	0.9146631161879615	NONCODEv6_celegans.fa
NONCELT022219.2	lncRNA	0.07530330222596762	0.9246966977740324	NONCODEv6_celegans.fa
NONCELT022220.2	lncRNA	0.10226596501460111	0.8977340349853983	NONCODEv6_celegans.fa
NONCELT022221.2	lncRNA	0.14917293461515826	0.850827065384842	NONCODEv6_celegans.fa
NONCELT022232.2	lncRNA	0.029711316279070945	0.9702886837209291	NONCODEv6_celegans.fa
NONCELT022237.2	lncRNA	0.359870970484942	0.640129029515058	NONCODEv6_celegans.fa
NONCELT022240.2	lncRNA	0.07331446275362795	0.9266855372463724	NONCODEv6_celegans.fa
NONCELT022262.2	lncRNA	0.3355463010761476	0.6644536989238522	NONCODEv6_celegans.fa
NONCELT022268.2	lncRNA	0.09355180327285252	0.9064481967271478	NONCODEv6_celegans.fa
NONCELT022276.2	lncRNA	0.23027510971366277	0.7697248902863373	NONCODEv6_celegans.fa
NONCELT022278.2	lncRNA	0.14119718188294933	0.858802818117051	NONCODEv6_celegans.fa
NONCELT022280.2	lncRNA	0.17107207887106807	0.8289279211289315	NONCODEv6_celegans.fa
NONCELT022281.2	lncRNA	0.23780459273528778	0.7621954072647119	NONCODEv6_celegans.fa
NONCELT022285.2	lncRNA	0.25340861522871005	0.7465913847712895	NONCODEv6_celegans.fa
NONCELT022286.2	lncRNA	0.4514369779313288	0.548563022068671	NONCODEv6_celegans.fa
NONCELT022287.2	lncRNA	0.2679376396254063	0.7320623603745938	NONCODEv6_celegans.fa
NONCELT022288.2	lncRNA	0.28377936208489885	0.7162206379151013	NONCODEv6_celegans.fa
NONCELT022292.2	lncRNA	0.2778236088631333	0.7221763911368668	NONCODEv6_celegans.fa
NONCELT022300.2	lncRNA	0.10231218107853152	0.8976878189214685	NONCODEv6_celegans.fa
NONCELT022308.2	lncRNA	0.10878581640240623	0.8912141835975936	NONCODEv6_celegans.fa
NONCELT022311.2	lncRNA	0.229696976959462	0.7703030230405384	NONCODEv6_celegans.fa
NONCELT022312.2	lncRNA	0.13152666682544967	0.8684733331745509	NONCODEv6_celegans.fa
NONCELT022318.2	lncRNA	0.24374845534478906	0.756251544655211	NONCODEv6_celegans.fa
NONCELT022327.2	lncRNA	0.047542980613266415	0.9524570193867339	NONCODEv6_celegans.fa
NONCELT022328.2	lncRNA	0.21548521628131764	0.7845147837186826	NONCODEv6_celegans.fa
NONCELT022348.2	lncRNA	0.1585538210833201	0.8414461789166798	NONCODEv6_celegans.fa
NONCELT022353.2	lncRNA	0.1590772741546817	0.8409227258453181	NONCODEv6_celegans.fa
NONCELT022356.2	lncRNA	0.061026602369619314	0.9389733976303808	NONCODEv6_celegans.fa
NONCELT022361.2	lncRNA	0.06324873844778259	0.9367512615522179	NONCODEv6_celegans.fa
NONCELT022404.2	lncRNA	0.12466305816698489	0.8753369418330146	NONCODEv6_celegans.fa
NONCELT022405.2	lncRNA	0.1176129561178987	0.8823870438821015	NONCODEv6_celegans.fa
NONCELT022413.2	lncRNA	0.08319195741205829	0.9168080425879416	NONCODEv6_celegans.fa
NONCELT022431.2	lncRNA	0.09240044866284533	0.9075995513371552	NONCODEv6_celegans.fa
NONCELT022460.2	lncRNA	0.10487395198121126	0.8951260480187889	NONCODEv6_celegans.fa
NONCELT022475.2	lncRNA	0.12271703770799174	0.8772829622920082	NONCODEv6_celegans.fa
NONCELT022476.2	lncRNA	0.17551680583306592	0.8244831941669345	NONCODEv6_celegans.fa
NONCELT022490.2	lncRNA	0.1756949973560621	0.8243050026439384	NONCODEv6_celegans.fa
NONCELT022491.2	lncRNA	0.1593564682526095	0.8406435317473908	NONCODEv6_celegans.fa
NONCELT022500.2	lncRNA	0.029720439287445312	0.9702795607125546	NONCODEv6_celegans.fa
NONCELT022512.2	lncRNA	0.13847856529508823	0.8615214347049119	NONCODEv6_celegans.fa
NONCELT022515.2	lncRNA	0.056979670274048135	0.9430203297259522	NONCODEv6_celegans.fa
NONCELT022518.2	lncRNA	0.11958005340155005	0.8804199465984502	NONCODEv6_celegans.fa
NONCELT022519.2	lncRNA	0.09127691012880003	0.9087230898712003	NONCODEv6_celegans.fa
NONCELT022540.2	lncRNA	0.06210682392747635	0.9378931760725243	NONCODEv6_celegans.fa
NONCELT022558.2	lncRNA	0.11271453868575562	0.8872854613142441	NONCODEv6_celegans.fa
NONCELT022604.2	lncRNA	0.08053056727166337	0.919469432728337	NONCODEv6_celegans.fa
NONCELT022613.2	lncRNA	0.02527364919341823	0.974726350806582	NONCODEv6_celegans.fa
NONCELT022614.2	lncRNA	0.11508648201279144	0.884913517987209	NONCODEv6_celegans.fa
NONCELT022625.2	lncRNA	0.3471409117879515	0.652859088212049	NONCODEv6_celegans.fa
NONCELT022630.2	lncRNA	0.31517398679562436	0.6848260132043761	NONCODEv6_celegans.fa
NONCELT022637.2	lncRNA	0.09218411121151412	0.9078158887884863	NONCODEv6_celegans.fa
NONCELT022647.2	lncRNA	0.1460092596706317	0.8539907403293681	NONCODEv6_celegans.fa
NONCELT022648.2	lncRNA	0.0701346248408839	0.9298653751591162	NONCODEv6_celegans.fa
NONCELT022670.2	lncRNA	0.18452493193634822	0.8154750680636521	NONCODEv6_celegans.fa
NONCELT022681.2	lncRNA	0.1440643404650778	0.8559356595349223	NONCODEv6_celegans.fa
NONCELT022687.2	lncRNA	0.3661857241087121	0.6338142758912881	NONCODEv6_celegans.fa
NONCELT022691.2	lncRNA	0.12695618304793957	0.8730438169520608	NONCODEv6_celegans.fa
NONCELT022697.2	lncRNA	0.19384956154882155	0.8061504384511791	NONCODEv6_celegans.fa
NONCELT022699.2	lncRNA	0.04344247107262525	0.9565575289273749	NONCODEv6_celegans.fa
NONCELT022713.2	lncRNA	0.12853587024781704	0.8714641297521831	NONCODEv6_celegans.fa
NONCELT022714.2	lncRNA	0.1012952978845195	0.8987047021154814	NONCODEv6_celegans.fa
NONCELT022715.2	lncRNA	0.1899758164214048	0.8100241835785953	NONCODEv6_celegans.fa
NONCELT022724.2	lncRNA	0.17961856442500754	0.8203814355749924	NONCODEv6_celegans.fa
NONCELT022726.2	lncRNA	0.16056292512740067	0.8394370748725992	NONCODEv6_celegans.fa
NONCELT022727.2	lncRNA	0.2942557606508305	0.70574423934917	NONCODEv6_celegans.fa
NONCELT022735.2	lncRNA	0.04392112592537744	0.9560788740746223	NONCODEv6_celegans.fa
NONCELT022737.2	lncRNA	0.14887414729286694	0.8511258527071331	NONCODEv6_celegans.fa
NONCELT022740.2	lncRNA	0.1721470207955501	0.8278529792044506	NONCODEv6_celegans.fa
NONCELT022746.2	lncRNA	0.22908562987356848	0.7709143701264313	NONCODEv6_celegans.fa
NONCELT022749.2	lncRNA	0.22679542486590834	0.7732045751340922	NONCODEv6_celegans.fa
NONCELT022781.2	lncRNA	0.0448544725549257	0.9551455274450744	NONCODEv6_celegans.fa
NONCELT022785.2	lncRNA	0.11360316596084455	0.8863968340391555	NONCODEv6_celegans.fa
NONCELT022800.2	lncRNA	0.24748695813530258	0.7525130418646969	NONCODEv6_celegans.fa
NONCELT022801.2	lncRNA	0.10217357960631011	0.8978264203936901	NONCODEv6_celegans.fa
NONCELT022809.2	lncRNA	0.22087502170962797	0.7791249782903722	NONCODEv6_celegans.fa
NONCELT022818.2	lncRNA	0.15565693107461992	0.8443430689253807	NONCODEv6_celegans.fa
NONCELT022826.2	lncRNA	0.09463561214432538	0.9053643878556745	NONCODEv6_celegans.fa
NONCELT022836.2	lncRNA	0.38904251254565336	0.6109574874543467	NONCODEv6_celegans.fa
NONCELT022839.2	lncRNA	0.14991951250737195	0.8500804874926285	NONCODEv6_celegans.fa
NONCELT022845.2	lncRNA	0.08369103595445823	0.9163089640455417	NONCODEv6_celegans.fa
NONCELT022846.2	lncRNA	0.09532099916286639	0.9046790008371337	NONCODEv6_celegans.fa
NONCELT022861.2	lncRNA	0.040927781239448485	0.9590722187605518	NONCODEv6_celegans.fa
NONCELT022867.2	lncRNA	0.09153691077405912	0.9084630892259408	NONCODEv6_celegans.fa
NONCELT022884.2	Protein_Coding	0.5002015080002761	0.499798491999724	NONCODEv6_celegans.fa
NONCELT022893.2	lncRNA	0.2596792942076946	0.7403207057923059	NONCODEv6_celegans.fa
NONCELT022895.2	lncRNA	0.209859539160363	0.7901404608396373	NONCODEv6_celegans.fa
NONCELT022902.2	lncRNA	0.17090548157491303	0.8290945184250876	NONCODEv6_celegans.fa
NONCELT022905.2	lncRNA	0.3006348161877442	0.6993651838122564	NONCODEv6_celegans.fa
NONCELT022906.2	lncRNA	0.1266896786488902	0.8733103213511102	NONCODEv6_celegans.fa
NONCELT022911.2	lncRNA	0.21097379754658327	0.7890262024534168	NONCODEv6_celegans.fa
NONCELT022912.2	lncRNA	0.1819095882172404	0.8180904117827597	NONCODEv6_celegans.fa
NONCELT022913.2	lncRNA	0.09924567988532317	0.9007543201146763	NONCODEv6_celegans.fa
NONCELT022917.2	lncRNA	0.19127205505966274	0.8087279449403375	NONCODEv6_celegans.fa
NONCELT022923.2	lncRNA	0.1497917911500698	0.8502082088499302	NONCODEv6_celegans.fa
NONCELT022932.2	lncRNA	0.10901964168001176	0.8909803583199885	NONCODEv6_celegans.fa
NONCELT022937.2	lncRNA	0.17155818153563238	0.828441818464368	NONCODEv6_celegans.fa
NONCELT022946.2	lncRNA	0.12135950489581038	0.8786404951041894	NONCODEv6_celegans.fa
NONCELT022968.2	lncRNA	0.37384272859824813	0.6261572714017521	NONCODEv6_celegans.fa
NONCELT022976.2	lncRNA	0.13191246892284808	0.8680875310771519	NONCODEv6_celegans.fa
NONCELT022977.2	lncRNA	0.18942301366146644	0.8105769863385341	NONCODEv6_celegans.fa
NONCELT022978.2	lncRNA	0.15155978879538687	0.8484402112046127	NONCODEv6_celegans.fa
NONCELT022990.2	lncRNA	0.12875266382924416	0.8712473361707556	NONCODEv6_celegans.fa
NONCELT022991.2	lncRNA	0.25757181087813946	0.7424281891218605	NONCODEv6_celegans.fa
NONCELT022992.2	lncRNA	0.17412999370693652	0.8258700062930635	NONCODEv6_celegans.fa
NONCELT022993.2	lncRNA	0.12599035230734074	0.8740096476926597	NONCODEv6_celegans.fa
NONCELT022998.2	lncRNA	0.12702586079789804	0.872974139202102	NONCODEv6_celegans.fa
NONCELT023000.2	lncRNA	0.18826111697639786	0.8117388830236026	NONCODEv6_celegans.fa
NONCELT023004.2	lncRNA	0.10145681985533664	0.8985431801446637	NONCODEv6_celegans.fa
NONCELT023005.2	lncRNA	0.24072855976583007	0.75927144023417	NONCODEv6_celegans.fa
NONCELT023008.2	lncRNA	0.33299938501952187	0.6670006149804774	NONCODEv6_celegans.fa
NONCELT023009.2	lncRNA	0.1721266379002849	0.8278733620997155	NONCODEv6_celegans.fa
NONCELT023010.2	lncRNA	0.10372340821774748	0.8962765917822527	NONCODEv6_celegans.fa
NONCELT023025.2	lncRNA	0.07195328491491901	0.928046715085081	NONCODEv6_celegans.fa
NONCELT023029.2	lncRNA	0.12734211026208928	0.8726578897379108	NONCODEv6_celegans.fa
NONCELT023030.2	lncRNA	0.25385210652523205	0.7461478934747684	NONCODEv6_celegans.fa
NONCELT023032.2	lncRNA	0.14114871948874888	0.8588512805112514	NONCODEv6_celegans.fa
NONCELT023034.2	lncRNA	0.2002696582365906	0.7997303417634097	NONCODEv6_celegans.fa
NONCELT023036.2	lncRNA	0.16165964093391436	0.8383403590660852	NONCODEv6_celegans.fa
NONCELT023047.2	lncRNA	0.22418665409528546	0.7758133459047141	NONCODEv6_celegans.fa
NONCELT023053.2	lncRNA	0.2785817542198677	0.7214182457801324	NONCODEv6_celegans.fa
NONCELT023057.2	lncRNA	0.06633885432275813	0.9336611456772419	NONCODEv6_celegans.fa
NONCELT023059.2	lncRNA	0.06478009304726333	0.9352199069527365	NONCODEv6_celegans.fa
NONCELT023067.2	lncRNA	0.0760843151481183	0.9239156848518827	NONCODEv6_celegans.fa
NONCELT023070.2	lncRNA	0.18507684000295394	0.8149231599970466	NONCODEv6_celegans.fa
NONCELT023078.2	lncRNA	0.2077244909452355	0.7922755090547647	NONCODEv6_celegans.fa
NONCELT023083.2	lncRNA	0.1847079237793735	0.8152920762206274	NONCODEv6_celegans.fa
NONCELT023092.2	lncRNA	0.10307272604762467	0.8969272739523756	NONCODEv6_celegans.fa
NONCELT023097.2	lncRNA	0.1074986984843361	0.8925013015156645	NONCODEv6_celegans.fa
NONCELT023104.2	lncRNA	0.08042453439255717	0.9195754656074433	NONCODEv6_celegans.fa
NONCELT023110.2	lncRNA	0.1096393029344741	0.890360697065526	NONCODEv6_celegans.fa
NONCELT023114.2	lncRNA	0.15169186324279532	0.8483081367572047	NONCODEv6_celegans.fa
NONCELT023119.2	lncRNA	0.1725770615432782	0.8274229384567217	NONCODEv6_celegans.fa
NONCELT023133.2	lncRNA	0.20593938549443272	0.7940606145055673	NONCODEv6_celegans.fa
NONCELT023134.2	lncRNA	0.15131226277054302	0.8486877372294568	NONCODEv6_celegans.fa
NONCELT023137.2	lncRNA	0.18355305035748049	0.8164469496425205	NONCODEv6_celegans.fa
NONCELT023139.2	lncRNA	0.08093166346971704	0.9190683365302827	NONCODEv6_celegans.fa
NONCELT023140.2	lncRNA	0.1811476858991322	0.8188523141008677	NONCODEv6_celegans.fa
NONCELT023161.2	lncRNA	0.2425322007709446	0.7574677992290556	NONCODEv6_celegans.fa
NONCELT023170.2	lncRNA	0.1100203816954988	0.8899796183045016	NONCODEv6_celegans.fa
NONCELT023171.2	lncRNA	0.11898021565218701	0.8810197843478135	NONCODEv6_celegans.fa
NONCELT023175.2	lncRNA	0.03969119689739456	0.9603088031026058	NONCODEv6_celegans.fa
NONCELT023176.2	lncRNA	0.11726930636346664	0.8827306936365336	NONCODEv6_celegans.fa
NONCELT023185.2	lncRNA	0.13952097154358442	0.8604790284564158	NONCODEv6_celegans.fa
NONCELT023197.2	lncRNA	0.0618922419161909	0.9381077580838094	NONCODEv6_celegans.fa
NONCELT023198.2	lncRNA	0.1390494212071006	0.8609505787928993	NONCODEv6_celegans.fa
NONCELT023199.2	lncRNA	0.09383379851869861	0.9061662014813019	NONCODEv6_celegans.fa
NONCELT023205.2	lncRNA	0.17292356623888816	0.827076433761112	NONCODEv6_celegans.fa
NONCELT023232.2	lncRNA	0.1805855582974904	0.8194144417025095	NONCODEv6_celegans.fa
NONCELT023246.2	lncRNA	0.12924461386444402	0.870755386135556	NONCODEv6_celegans.fa
NONCELT023247.2	lncRNA	0.14074443915709142	0.8592555608429086	NONCODEv6_celegans.fa
NONCELT023248.2	lncRNA	0.06621619358633743	0.9337838064136632	NONCODEv6_celegans.fa
NONCELT023249.2	lncRNA	0.2684056494780082	0.7315943505219917	NONCODEv6_celegans.fa
NONCELT023250.2	lncRNA	0.11142076669222858	0.8885792333077713	NONCODEv6_celegans.fa
NONCELT023272.2	lncRNA	0.14418753573437246	0.855812464265628	NONCODEv6_celegans.fa
NONCELT023274.2	lncRNA	0.14512076863340514	0.8548792313665953	NONCODEv6_celegans.fa
NONCELT023275.2	lncRNA	0.2510047538427371	0.7489952461572632	NONCODEv6_celegans.fa
NONCELT023278.2	lncRNA	0.16656904513062576	0.8334309548693749	NONCODEv6_celegans.fa
NONCELT023294.2	lncRNA	0.08553012926409892	0.9144698707359015	NONCODEv6_celegans.fa
NONCELT023300.2	lncRNA	0.11919723191652849	0.8808027680834717	NONCODEv6_celegans.fa
NONCELT023311.2	lncRNA	0.07164927665817566	0.9283507233418247	NONCODEv6_celegans.fa
NONCELT023337.2	lncRNA	0.09240606126933762	0.9075939387306624	NONCODEv6_celegans.fa
NONCELT023338.2	lncRNA	0.05170797045043306	0.9482920295495673	NONCODEv6_celegans.fa
NONCELT023340.2	lncRNA	0.10045852311306891	0.8995414768869312	NONCODEv6_celegans.fa
NONCELT023342.2	lncRNA	0.12276329113563582	0.8772367088643647	NONCODEv6_celegans.fa
NONCELT023352.2	lncRNA	0.18848701291983735	0.8115129870801631	NONCODEv6_celegans.fa
NONCELT023363.2	lncRNA	0.19440873009543505	0.8055912699045648	NONCODEv6_celegans.fa
NONCELT023364.2	lncRNA	0.12372189572934632	0.8762781042706536	NONCODEv6_celegans.fa
NONCELT023367.2	Protein_Coding	0.8434345437688067	0.15656545623119317	NONCODEv6_celegans.fa
NONCELT023368.2	lncRNA	0.21356936749605446	0.786430632503946	NONCODEv6_celegans.fa
NONCELT023375.2	lncRNA	0.1644625141829954	0.8355374858170047	NONCODEv6_celegans.fa
NONCELT023376.2	lncRNA	0.12180975540468064	0.8781902445953197	NONCODEv6_celegans.fa
NONCELT023378.2	lncRNA	0.23963053686689664	0.7603694631331033	NONCODEv6_celegans.fa
NONCELT023380.2	lncRNA	0.0940736172020272	0.905926382797973	NONCODEv6_celegans.fa
NONCELT023384.2	lncRNA	0.22314167968929088	0.776858320310709	NONCODEv6_celegans.fa
NONCELT023397.2	lncRNA	0.2887974819432765	0.7112025180567237	NONCODEv6_celegans.fa
NONCELT023398.2	lncRNA	0.27981265807552586	0.7201873419244746	NONCODEv6_celegans.fa
NONCELT023411.2	lncRNA	0.39375797653477046	0.60624202346523	NONCODEv6_celegans.fa
NONCELT023414.2	lncRNA	0.1177149762699665	0.882285023730034	NONCODEv6_celegans.fa
NONCELT023433.2	lncRNA	0.20836099060257543	0.7916390093974245	NONCODEv6_celegans.fa
NONCELT023434.2	lncRNA	0.2545686656427663	0.7454313343572336	NONCODEv6_celegans.fa
NONCELT023438.2	lncRNA	0.32210096398313776	0.6778990360168623	NONCODEv6_celegans.fa
NONCELT023455.2	lncRNA	0.15555454940642421	0.844445450593576	NONCODEv6_celegans.fa
NONCELT023463.2	lncRNA	0.08696102960482953	0.9130389703951703	NONCODEv6_celegans.fa
NONCELT023465.2	lncRNA	0.10197387452282616	0.8980261254771739	NONCODEv6_celegans.fa
NONCELT023467.2	lncRNA	0.24756972458004683	0.7524302754199531	NONCODEv6_celegans.fa
NONCELT023468.2	lncRNA	0.10698185636884093	0.8930181436311593	NONCODEv6_celegans.fa
NONCELT023476.2	lncRNA	0.06738543642984729	0.9326145635701527	NONCODEv6_celegans.fa
NONCELT023479.2	lncRNA	0.117235776000721	0.8827642239992789	NONCODEv6_celegans.fa
NONCELT023481.2	lncRNA	0.19343534730383216	0.8065646526961678	NONCODEv6_celegans.fa
NONCELT023486.2	lncRNA	0.22743908447926664	0.7725609155207336	NONCODEv6_celegans.fa
NONCELT023488.2	lncRNA	0.1330239081962162	0.8669760918037834	NONCODEv6_celegans.fa
NONCELT023489.2	lncRNA	0.1303685324090687	0.8696314675909309	NONCODEv6_celegans.fa
NONCELT023495.2	lncRNA	0.061927643643967974	0.9380723563560325	NONCODEv6_celegans.fa
NONCELT023499.2	lncRNA	0.12276924165024507	0.8772307583497555	NONCODEv6_celegans.fa
NONCELT023506.2	lncRNA	0.15843336921737977	0.8415666307826204	NONCODEv6_celegans.fa
NONCELT023519.2	lncRNA	0.23006922747593056	0.7699307725240693	NONCODEv6_celegans.fa
NONCELT023534.2	lncRNA	0.25115045181669876	0.7488495481833013	NONCODEv6_celegans.fa
NONCELT023535.2	lncRNA	0.10519964767225878	0.8948003523277411	NONCODEv6_celegans.fa
NONCELT023537.2	lncRNA	0.09594280574611821	0.9040571942538815	NONCODEv6_celegans.fa
NONCELT023543.2	lncRNA	0.10761089151937973	0.8923891084806206	NONCODEv6_celegans.fa
NONCELT023549.2	lncRNA	0.30324077313664316	0.6967592268633568	NONCODEv6_celegans.fa
NONCELT023550.2	lncRNA	0.1426365874264624	0.8573634125735378	NONCODEv6_celegans.fa
NONCELT023555.2	lncRNA	0.15418915468623232	0.8458108453137683	NONCODEv6_celegans.fa
NONCELT023556.2	lncRNA	0.24067284494573823	0.7593271550542622	NONCODEv6_celegans.fa
NONCELT023557.2	lncRNA	0.22525126322776404	0.7747487367722363	NONCODEv6_celegans.fa
NONCELT023558.2	lncRNA	0.12031429143708448	0.8796857085629161	NONCODEv6_celegans.fa
NONCELT023562.2	lncRNA	0.29047268876781906	0.7095273112321809	NONCODEv6_celegans.fa
NONCELT023570.2	lncRNA	0.12856540238072642	0.871434597619274	NONCODEv6_celegans.fa
NONCELT023572.2	lncRNA	0.13753610814788497	0.8624638918521155	NONCODEv6_celegans.fa
NONCELT023573.2	lncRNA	0.14859801171748127	0.8514019882825192	NONCODEv6_celegans.fa
NONCELT023583.2	lncRNA	0.1655722728197749	0.8344277271802255	NONCODEv6_celegans.fa
NONCELT023589.2	lncRNA	0.1541349615775932	0.8458650384224071	NONCODEv6_celegans.fa
NONCELT023603.2	lncRNA	0.2115779782439075	0.7884220217560926	NONCODEv6_celegans.fa
NONCELT023609.2	lncRNA	0.11335393744929939	0.8866460625507001	NONCODEv6_celegans.fa
NONCELT023610.2	lncRNA	0.1837081619719514	0.8162918380280485	NONCODEv6_celegans.fa
NONCELT023619.2	lncRNA	0.1885456087664212	0.8114543912335793	NONCODEv6_celegans.fa
NONCELT023646.2	lncRNA	0.13125783110733477	0.8687421688926655	NONCODEv6_celegans.fa
NONCELT023652.2	lncRNA	0.07305177547873558	0.9269482245212644	NONCODEv6_celegans.fa
NONCELT023653.2	lncRNA	0.23150008376053827	0.7684999162394621	NONCODEv6_celegans.fa
NONCELT023662.2	lncRNA	0.05771764329435413	0.9422823567056459	NONCODEv6_celegans.fa
NONCELT023663.2	lncRNA	0.2644394468372141	0.7355605531627855	NONCODEv6_celegans.fa
NONCELT023684.2	lncRNA	0.10111602277176583	0.8988839772282337	NONCODEv6_celegans.fa
NONCELT023685.2	lncRNA	0.15447778571525855	0.8455222142847421	NONCODEv6_celegans.fa
NONCELT023689.2	lncRNA	0.08878668143246977	0.9112133185675303	NONCODEv6_celegans.fa
NONCELT023694.2	lncRNA	0.0551726275630491	0.9448273724369509	NONCODEv6_celegans.fa
NONCELT023698.2	lncRNA	0.0713454715485173	0.928654528451483	NONCODEv6_celegans.fa
NONCELT023717.2	lncRNA	0.21536863195774494	0.7846313680422549	NONCODEv6_celegans.fa
NONCELT023718.2	lncRNA	0.09887145626461673	0.9011285437353838	NONCODEv6_celegans.fa
NONCELT023723.2	lncRNA	0.09342527026986887	0.9065747297301313	NONCODEv6_celegans.fa
NONCELT023741.2	lncRNA	0.47196777169253995	0.52803222830746	NONCODEv6_celegans.fa
NONCELT023749.2	lncRNA	0.13904217997038404	0.860957820029616	NONCODEv6_celegans.fa
NONCELT023750.2	lncRNA	0.22931409170641887	0.7706859082935815	NONCODEv6_celegans.fa
NONCELT023767.2	lncRNA	0.10326070199361374	0.8967392980063862	NONCODEv6_celegans.fa
NONCELT023768.2	lncRNA	0.18418321509193955	0.8158167849080603	NONCODEv6_celegans.fa
NONCELT023776.2	lncRNA	0.114164895510323	0.8858351044896768	NONCODEv6_celegans.fa
NONCELT023778.2	lncRNA	0.17851257260914252	0.821487427390858	NONCODEv6_celegans.fa
NONCELT023779.2	lncRNA	0.3459079479884966	0.6540920520115029	NONCODEv6_celegans.fa
NONCELT023793.2	lncRNA	0.04861723307393314	0.9513827669260664	NONCODEv6_celegans.fa
NONCELT023810.2	lncRNA	0.3691151060469884	0.6308848939530117	NONCODEv6_celegans.fa
NONCELT023836.2	lncRNA	0.27079489748575647	0.7292051025142435	NONCODEv6_celegans.fa
NONCELT023843.2	lncRNA	0.2748543557965118	0.7251456442034883	NONCODEv6_celegans.fa
NONCELT023844.2	lncRNA	0.11235472219392917	0.8876452778060714	NONCODEv6_celegans.fa
NONCELT023855.2	lncRNA	0.21421327134271456	0.7857867286572857	NONCODEv6_celegans.fa
NONCELT023861.2	lncRNA	0.056817541674019575	0.9431824583259804	NONCODEv6_celegans.fa
NONCELT023866.2	lncRNA	0.039590524144183604	0.9604094758558168	NONCODEv6_celegans.fa
NONCELT023870.2	lncRNA	0.21577237806359076	0.7842276219364094	NONCODEv6_celegans.fa
NONCELT023871.2	lncRNA	0.2488504611702027	0.7511495388297977	NONCODEv6_celegans.fa
NONCELT023882.2	lncRNA	0.1873983586169599	0.8126016413830406	NONCODEv6_celegans.fa
NONCELT023886.2	lncRNA	0.09431233198411658	0.9056876680158834	NONCODEv6_celegans.fa
NONCELT023900.2	lncRNA	0.043601110500897586	0.9563988894991027	NONCODEv6_celegans.fa
NONCELT023917.2	lncRNA	0.17686868263282254	0.8231313173671776	NONCODEv6_celegans.fa
NONCELT023918.2	lncRNA	0.1551127183207352	0.8448872816792649	NONCODEv6_celegans.fa
NONCELT023919.2	lncRNA	0.17265166509063096	0.8273483349093695	NONCODEv6_celegans.fa
NONCELT023929.2	lncRNA	0.08681578238082693	0.9131842176191735	NONCODEv6_celegans.fa
NONCELT023936.2	lncRNA	0.09690485046659876	0.9030951495334013	NONCODEv6_celegans.fa
NONCELT023939.2	lncRNA	0.22210182175987492	0.7778981782401247	NONCODEv6_celegans.fa
NONCELT023940.2	lncRNA	0.14934117272919673	0.8506588272708029	NONCODEv6_celegans.fa
NONCELT023942.2	lncRNA	0.07952301587594268	0.9204769841240578	NONCODEv6_celegans.fa
NONCELT023943.2	lncRNA	0.08816559878864205	0.9118344012113583	NONCODEv6_celegans.fa
NONCELT023946.2	lncRNA	0.07020180033801596	0.9297981996619837	NONCODEv6_celegans.fa
NONCELT023949.2	lncRNA	0.15020446382054448	0.8497955361794556	NONCODEv6_celegans.fa
NONCELT023953.2	lncRNA	0.06003257162381227	0.9399674283761883	NONCODEv6_celegans.fa
NONCELT023954.2	lncRNA	0.14493864935546694	0.855061350644533	NONCODEv6_celegans.fa
NONCELT023965.2	lncRNA	0.08668823775152376	0.9133117622484769	NONCODEv6_celegans.fa
NONCELT023966.2	lncRNA	0.09296392388988532	0.9070360761101147	NONCODEv6_celegans.fa
NONCELT023971.2	lncRNA	0.004832385440580055	0.99516761455942	NONCODEv6_celegans.fa
NONCELT023976.2	lncRNA	0.09357567913455841	0.9064243208654421	NONCODEv6_celegans.fa
NONCELT023977.2	Protein_Coding	0.5986176340447823	0.40138236595521765	NONCODEv6_celegans.fa
NONCELT023980.2	lncRNA	0.014402196807220111	0.9855978031927798	NONCODEv6_celegans.fa
NONCELT023985.2	lncRNA	0.18086053273711467	0.8191394672628852	NONCODEv6_celegans.fa
NONCELT023986.2	lncRNA	0.20244495453544198	0.7975550454645581	NONCODEv6_celegans.fa
NONCELT023994.2	lncRNA	0.07619511033950745	0.9238048896604922	NONCODEv6_celegans.fa
NONCELT023997.2	lncRNA	0.08878838612363565	0.9112116138763644	NONCODEv6_celegans.fa
NONCELT024006.2	lncRNA	0.11278909985806282	0.8872109001419373	NONCODEv6_celegans.fa
NONCELT024009.1	lncRNA	0.2203888153589033	0.7796111846410961	NONCODEv6_celegans.fa
NONCELT024010.1	lncRNA	0.12784648559460152	0.8721535144053989	NONCODEv6_celegans.fa
NONCELT024011.1	lncRNA	0.20052957179612477	0.7994704282038748	NONCODEv6_celegans.fa
NONCELT024014.1	lncRNA	0.2972854711052368	0.7027145288947628	NONCODEv6_celegans.fa
NONCELT024015.1	lncRNA	0.31660279218953263	0.6833972078104673	NONCODEv6_celegans.fa
NONCELT024016.1	lncRNA	0.24705967495822165	0.7529403250417783	NONCODEv6_celegans.fa
NONCELT024017.1	lncRNA	0.2543527382522373	0.7456472617477624	NONCODEv6_celegans.fa
NONCELT024018.1	lncRNA	0.24186731606505552	0.7581326839349449	NONCODEv6_celegans.fa
NONCELT024019.1	lncRNA	0.23787630859689288	0.7621236914031075	NONCODEv6_celegans.fa
NONCELT024020.1	lncRNA	0.4058837657026104	0.5941162342973898	NONCODEv6_celegans.fa
NONCELT024021.1	lncRNA	0.4086828050917318	0.5913171949082681	NONCODEv6_celegans.fa
NONCELT024022.1	lncRNA	0.397037302688161	0.6029626973118388	NONCODEv6_celegans.fa
NONCELT024023.1	lncRNA	0.1455140211017566	0.8544859788982435	NONCODEv6_celegans.fa
NONCELT024024.1	lncRNA	0.08503065865097371	0.9149693413490266	NONCODEv6_celegans.fa
NONCELT024025.1	lncRNA	0.08861424414695976	0.9113857558530406	NONCODEv6_celegans.fa
NONCELT024026.1	lncRNA	0.14661949750380424	0.8533805024961959	NONCODEv6_celegans.fa
NONCELT024027.1	lncRNA	0.15011534804818993	0.8498846519518097	NONCODEv6_celegans.fa
NONCELT024028.1	lncRNA	0.2982167562999488	0.7017832437000506	NONCODEv6_celegans.fa
NONCELT024029.1	lncRNA	0.3022274682484693	0.6977725317515309	NONCODEv6_celegans.fa
NONCELT024030.1	lncRNA	0.12623410232120227	0.8737658976787979	NONCODEv6_celegans.fa
NONCELT024031.1	lncRNA	0.07826671319689125	0.9217332868031086	NONCODEv6_celegans.fa
NONCELT024032.1	lncRNA	0.08577418735821604	0.9142258126417838	NONCODEv6_celegans.fa
NONCELT024033.1	lncRNA	0.1367857319181367	0.8632142680818634	NONCODEv6_celegans.fa
NONCELT024034.1	lncRNA	0.2908436104798079	0.7091563895201921	NONCODEv6_celegans.fa
NONCELT024036.1	lncRNA	0.17667253324954052	0.8233274667504601	NONCODEv6_celegans.fa
NONCELT024038.1	Protein_Coding	0.6995611767242165	0.3004388232757833	NONCODEv6_celegans.fa
NONCELT024039.1	Protein_Coding	0.7288997583439668	0.27110024165603347	NONCODEv6_celegans.fa
NONCELT024040.1	lncRNA	0.40375708949253325	0.5962429105074668	NONCODEv6_celegans.fa
NONCELT024042.1	lncRNA	0.10403434211178826	0.8959656578882119	NONCODEv6_celegans.fa
NONCELT024043.1	lncRNA	0.09692177986109018	0.9030782201389098	NONCODEv6_celegans.fa
NONCELT024044.1	lncRNA	0.4172968750623147	0.5827031249376854	NONCODEv6_celegans.fa
NONCELT024047.1	Protein_Coding	0.6332441452826789	0.36675585471732125	NONCODEv6_celegans.fa
NONCELT024048.1	lncRNA	0.0551435706694383	0.944856429330562	NONCODEv6_celegans.fa
NONCELT024050.1	Protein_Coding	0.6487306603924999	0.3512693396074996	NONCODEv6_celegans.fa
NONCELT024052.1	lncRNA	0.254081930535206	0.7459180694647942	NONCODEv6_celegans.fa
NONCELT024053.1	lncRNA	0.12131798956314888	0.8786820104368511	NONCODEv6_celegans.fa
NONCELT024055.1	lncRNA	0.21976165179963256	0.7802383482003673	NONCODEv6_celegans.fa
NONCELT024057.1	lncRNA	0.19136234791778284	0.8086376520822169	NONCODEv6_celegans.fa
NONCELT024058.1	lncRNA	0.19136234791778284	0.8086376520822169	NONCODEv6_celegans.fa
NONCELT024059.1	lncRNA	0.10105718548370426	0.8989428145162961	NONCODEv6_celegans.fa
NONCELT024060.1	lncRNA	0.13552015617357724	0.8644798438264231	NONCODEv6_celegans.fa
NONCELT024061.1	lncRNA	0.05995694381751238	0.9400430561824876	NONCODEv6_celegans.fa
NONCELT024062.1	lncRNA	0.05515659019895573	0.9448434098010442	NONCODEv6_celegans.fa
NONCELT024063.1	lncRNA	0.14139742876733322	0.8586025712326669	NONCODEv6_celegans.fa
NONCELT024064.1	lncRNA	0.12678591831974487	0.8732140816802552	NONCODEv6_celegans.fa
NONCELT024065.1	lncRNA	0.23539760430343898	0.7646023956965614	NONCODEv6_celegans.fa
NONCELT024066.1	lncRNA	0.2323863934693724	0.7676136065306279	NONCODEv6_celegans.fa
NONCELT024069.1	lncRNA	0.08489467704749515	0.9151053229525051	NONCODEv6_celegans.fa
NONCELT024070.1	lncRNA	0.08205969725959296	0.9179403027404076	NONCODEv6_celegans.fa
NONCELT024072.1	lncRNA	0.22788585394352748	0.7721141460564727	NONCODEv6_celegans.fa
NONCELT024073.1	Protein_Coding	0.5764069983546838	0.42359300164531627	NONCODEv6_celegans.fa
NONCELT024074.1	lncRNA	0.07967940450989044	0.9203205954901099	NONCODEv6_celegans.fa
NONCELT024075.1	lncRNA	0.1244730660148453	0.8755269339851548	NONCODEv6_celegans.fa
NONCELT024079.1	lncRNA	0.18980829799345836	0.8101917020065417	NONCODEv6_celegans.fa
NONCELT024080.1	lncRNA	0.09372235991492278	0.9062776400850772	NONCODEv6_celegans.fa
NONCELT024081.1	lncRNA	0.2643021614075029	0.7356978385924972	NONCODEv6_celegans.fa
NONCELT024082.1	lncRNA	0.1388050001309441	0.8611949998690559	NONCODEv6_celegans.fa
NONCELT024083.1	lncRNA	0.08600589220665646	0.9139941077933438	NONCODEv6_celegans.fa
NONCELT024084.1	lncRNA	0.04390614226041578	0.9560938577395846	NONCODEv6_celegans.fa
NONCELT024086.1	lncRNA	0.1566015636161085	0.8433984363838913	NONCODEv6_celegans.fa
NONCELT024087.1	lncRNA	0.27623186734872734	0.7237681326512729	NONCODEv6_celegans.fa
NONCELT024088.1	lncRNA	0.31815861213637386	0.6818413878636268	NONCODEv6_celegans.fa
NONCELT024089.1	lncRNA	0.13710680444375492	0.862893195556245	NONCODEv6_celegans.fa
NONCELT024090.1	lncRNA	0.13128576589967916	0.8687142341003211	NONCODEv6_celegans.fa
NONCELT024091.1	lncRNA	0.10551000732343602	0.8944899926765639	NONCODEv6_celegans.fa
NONCELT024092.1	lncRNA	0.12990145301256298	0.870098546987437	NONCODEv6_celegans.fa
NONCELT024093.1	lncRNA	0.12290490600998072	0.8770950939900193	NONCODEv6_celegans.fa
NONCELT024095.1	lncRNA	0.4215639788875145	0.5784360211124856	NONCODEv6_celegans.fa
NONCELT024096.1	lncRNA	0.1785608042588432	0.8214391957411568	NONCODEv6_celegans.fa
NONCELT024097.1	lncRNA	0.16168022407847707	0.8383197759215232	NONCODEv6_celegans.fa
NONCELT024098.1	lncRNA	0.1625122049243475	0.8374877950756527	NONCODEv6_celegans.fa
NONCELT024099.1	lncRNA	0.15998336941040137	0.8400166305895992	NONCODEv6_celegans.fa
NONCELT024100.1	lncRNA	0.14628409852344076	0.8537159014765595	NONCODEv6_celegans.fa
NONCELT024101.1	lncRNA	0.13989434936887687	0.8601056506311232	NONCODEv6_celegans.fa
NONCELT024102.1	lncRNA	0.13425070316821022	0.86574929683179	NONCODEv6_celegans.fa
NONCELT024103.1	lncRNA	0.14548143844564293	0.8545185615543573	NONCODEv6_celegans.fa
NONCELT024104.1	lncRNA	0.052647453394443766	0.9473525466055562	NONCODEv6_celegans.fa
NONCELT024105.1	lncRNA	0.062343586265071214	0.9376564137349286	NONCODEv6_celegans.fa
NONCELT024106.1	lncRNA	0.13859297242160978	0.8614070275783905	NONCODEv6_celegans.fa
NONCELT024107.1	lncRNA	0.1441739296225474	0.855826070377453	NONCODEv6_celegans.fa
NONCELT024108.1	lncRNA	0.06055677172641084	0.9394432282735894	NONCODEv6_celegans.fa
NONCELT024109.1	lncRNA	0.05691913511980096	0.943080864880199	NONCODEv6_celegans.fa
NONCELT024110.1	lncRNA	0.18751165031561245	0.8124883496843875	NONCODEv6_celegans.fa
NONCELT024111.1	lncRNA	0.1843891854125997	0.8156108145874004	NONCODEv6_celegans.fa
NONCELT024112.1	lncRNA	0.13545513013026078	0.8645448698697393	NONCODEv6_celegans.fa
NONCELT024113.1	lncRNA	0.13425613047716012	0.8657438695228403	NONCODEv6_celegans.fa
NONCELT024114.1	Protein_Coding	0.6231095205375948	0.3768904794624051	NONCODEv6_celegans.fa
NONCELT024115.1	lncRNA	0.16921466331489798	0.8307853366851029	NONCODEv6_celegans.fa
NONCELT024116.1	lncRNA	0.1921606735909369	0.8078393264090633	NONCODEv6_celegans.fa
NONCELT024117.1	lncRNA	0.08403801987850289	0.9159619801214979	NONCODEv6_celegans.fa
NONCELT024118.1	lncRNA	0.10613633540148254	0.893863664598518	NONCODEv6_celegans.fa
NONCELT024120.1	lncRNA	0.17210058554042873	0.8278994144595715	NONCODEv6_celegans.fa
NONCELT024121.1	lncRNA	0.17527442671076937	0.8247255732892308	NONCODEv6_celegans.fa
NONCELT024123.1	Protein_Coding	0.6952905445197509	0.3047094554802489	NONCODEv6_celegans.fa
NONCELT024125.1	Protein_Coding	0.662271882608318	0.33772811739168185	NONCODEv6_celegans.fa
NONCELT024126.1	lncRNA	0.3994481764946499	0.6005518235053501	NONCODEv6_celegans.fa
NONCELT024127.1	Protein_Coding	0.5038392864713672	0.4961607135286327	NONCODEv6_celegans.fa
NONCELT024128.1	lncRNA	0.10213306325705593	0.8978669367429442	NONCODEv6_celegans.fa
NONCELT024129.1	lncRNA	0.373309041422696	0.6266909585773048	NONCODEv6_celegans.fa
NONCELT024130.1	lncRNA	0.08370214226009913	0.9162978577399014	NONCODEv6_celegans.fa
NONCELT024131.1	lncRNA	0.07161542506826021	0.9283845749317402	NONCODEv6_celegans.fa
NONCELT024132.1	lncRNA	0.48818169573293185	0.5118183042670682	NONCODEv6_celegans.fa
NONCELT024133.1	lncRNA	0.051706920988473654	0.948293079011527	NONCODEv6_celegans.fa
NONCELT024134.1	lncRNA	0.06366747961741548	0.9363325203825849	NONCODEv6_celegans.fa
NONCELT024135.1	lncRNA	0.13080081602809157	0.8691991839719083	NONCODEv6_celegans.fa
NONCELT024136.1	lncRNA	0.07254206165731265	0.9274579383426874	NONCODEv6_celegans.fa
NONCELT024137.1	lncRNA	0.4167006976058858	0.5832993023941141	NONCODEv6_celegans.fa
NONCELT024138.1	lncRNA	0.05239131793163316	0.9476086820683666	NONCODEv6_celegans.fa
NONCELT024139.1	lncRNA	0.058945019901973615	0.9410549800980261	NONCODEv6_celegans.fa
NONCELT024140.1	lncRNA	0.20214875848095565	0.7978512415190442	NONCODEv6_celegans.fa
NONCELT024141.1	lncRNA	0.18932507177258628	0.8106749282274137	NONCODEv6_celegans.fa
NONCELT024142.1	lncRNA	0.10344897618499765	0.8965510238150024	NONCODEv6_celegans.fa
NONCELT024143.1	lncRNA	0.09163574284893179	0.908364257151069	NONCODEv6_celegans.fa
NONCELT024144.1	lncRNA	0.08486970288699609	0.9151302971130044	NONCODEv6_celegans.fa
NONCELT024145.1	lncRNA	0.20135564614022414	0.7986443538597758	NONCODEv6_celegans.fa
NONCELT024146.1	lncRNA	0.20924384150672495	0.7907561584932747	NONCODEv6_celegans.fa
NONCELT024147.1	lncRNA	0.23659211366011287	0.7634078863398871	NONCODEv6_celegans.fa
NONCELT024148.1	lncRNA	0.21031311284986703	0.7896868871501336	NONCODEv6_celegans.fa
NONCELT024149.1	lncRNA	0.1638929645681381	0.8361070354318624	NONCODEv6_celegans.fa
NONCELT024150.1	lncRNA	0.13927082780908667	0.8607291721909142	NONCODEv6_celegans.fa
NONCELT024151.1	lncRNA	0.24180490836643487	0.7581950916335655	NONCODEv6_celegans.fa
NONCELT024152.1	lncRNA	0.11555735751396572	0.884442642486035	NONCODEv6_celegans.fa
NONCELT024153.1	lncRNA	0.1080489139303146	0.8919510860696859	NONCODEv6_celegans.fa
NONCELT024154.1	lncRNA	0.13893411296956495	0.8610658870304354	NONCODEv6_celegans.fa
NONCELT024156.1	lncRNA	0.3254977202553525	0.6745022797446476	NONCODEv6_celegans.fa
NONCELT024157.1	lncRNA	0.16920861233316442	0.8307913876668358	NONCODEv6_celegans.fa
NONCELT024158.1	lncRNA	0.3512726124244396	0.64872738757556	NONCODEv6_celegans.fa
NONCELT024159.1	lncRNA	0.18210789499714672	0.8178921050028534	NONCODEv6_celegans.fa
NONCELT024160.1	lncRNA	0.41291302455470025	0.5870869754452996	NONCODEv6_celegans.fa
NONCELT024161.1	lncRNA	0.15827146240508877	0.8417285375949114	NONCODEv6_celegans.fa
NONCELT024162.1	lncRNA	0.15572201893499127	0.8442779810650085	NONCODEv6_celegans.fa
NONCELT024163.1	Protein_Coding	0.5248562906023921	0.4751437093976078	NONCODEv6_celegans.fa
NONCELT024164.1	lncRNA	0.2851950466766149	0.714804953323385	NONCODEv6_celegans.fa
NONCELT024166.1	lncRNA	0.17348437379559495	0.8265156262044048	NONCODEv6_celegans.fa
NONCELT024167.1	lncRNA	0.21013233494408304	0.7898676650559174	NONCODEv6_celegans.fa
NONCELT024168.1	lncRNA	0.3364991588841044	0.663500841115896	NONCODEv6_celegans.fa
NONCELT024169.1	lncRNA	0.17080408169399675	0.8291959183060034	NONCODEv6_celegans.fa
NONCELT024170.1	lncRNA	0.3748547672733007	0.6251452327266994	NONCODEv6_celegans.fa
NONCELT024171.1	lncRNA	0.20516282578924672	0.7948371742107531	NONCODEv6_celegans.fa
NONCELT024173.1	lncRNA	0.3800022304319188	0.6199977695680814	NONCODEv6_celegans.fa
NONCELT024175.1	lncRNA	0.09322465425049055	0.9067753457495101	NONCODEv6_celegans.fa
NONCELT024176.1	lncRNA	0.09315839537069348	0.9068416046293065	NONCODEv6_celegans.fa
NONCELT024177.1	lncRNA	0.18652693373152787	0.8134730662684723	NONCODEv6_celegans.fa
NONCELT024178.1	lncRNA	0.2453535013016748	0.7546464986983255	NONCODEv6_celegans.fa
NONCELT024180.1	lncRNA	0.49111673305792575	0.5088832669420743	NONCODEv6_celegans.fa
NONCELT024181.1	lncRNA	0.4925887630702644	0.5074112369297356	NONCODEv6_celegans.fa
NONCELT024182.1	lncRNA	0.2624387957700442	0.7375612042299559	NONCODEv6_celegans.fa
NONCELT024183.1	lncRNA	0.22707805249905053	0.7729219475009491	NONCODEv6_celegans.fa
NONCELT024184.1	lncRNA	0.19209010161972118	0.8079098983802787	NONCODEv6_celegans.fa
NONCELT024185.1	lncRNA	0.21660819040284865	0.7833918095971514	NONCODEv6_celegans.fa
NONCELT024187.1	Protein_Coding	0.7187074260358787	0.2812925739641214	NONCODEv6_celegans.fa
NONCELT024188.1	lncRNA	0.0873006291805088	0.9126993708194912	NONCODEv6_celegans.fa
NONCELT024189.1	lncRNA	0.08542847551241445	0.9145715244875856	NONCODEv6_celegans.fa
NONCELT024190.1	lncRNA	0.07344907550717181	0.9265509244928285	NONCODEv6_celegans.fa
NONCELT024191.1	lncRNA	0.07676200579476632	0.9232379942052338	NONCODEv6_celegans.fa
NONCELT024193.1	lncRNA	0.22359197738225503	0.7764080226177452	NONCODEv6_celegans.fa
NONCELT024194.1	lncRNA	0.1067151467919514	0.8932848532080484	NONCODEv6_celegans.fa
NONCELT024195.1	lncRNA	0.11844824861275892	0.8815517513872408	NONCODEv6_celegans.fa
NONCELT024196.1	lncRNA	0.0666499455026595	0.9333500544973408	NONCODEv6_celegans.fa
NONCELT024197.1	lncRNA	0.02066171115404179	0.9793382888459584	NONCODEv6_celegans.fa
NONCELT024198.1	lncRNA	0.07083480886531018	0.9291651911346901	NONCODEv6_celegans.fa
NONCELT024199.1	lncRNA	0.10448719765053414	0.8955128023494663	NONCODEv6_celegans.fa
NONCELT024200.1	lncRNA	0.14741193760547922	0.8525880623945211	NONCODEv6_celegans.fa
NONCELT024201.1	lncRNA	0.14340335017636832	0.8565966498236315	NONCODEv6_celegans.fa
NONCELT024202.1	lncRNA	0.16098674786818004	0.8390132521318202	NONCODEv6_celegans.fa
NONCELT024203.1	lncRNA	0.055217728103035914	0.9447822718969647	NONCODEv6_celegans.fa
NONCELT024204.1	lncRNA	0.07819071614725016	0.9218092838527496	NONCODEv6_celegans.fa
NONCELT024205.1	Protein_Coding	0.5920973617561922	0.4079026382438079	NONCODEv6_celegans.fa
NONCELT024206.1	lncRNA	0.104863418213658	0.8951365817863416	NONCODEv6_celegans.fa
NONCELT024207.1	lncRNA	0.22354583609084638	0.7764541639091533	NONCODEv6_celegans.fa
NONCELT024212.1	Protein_Coding	0.7084908757545737	0.2915091242454263	NONCODEv6_celegans.fa
NONCELT024214.1	Protein_Coding	0.817827808089062	0.18217219191093834	NONCODEv6_celegans.fa
NONCELT024217.1	lncRNA	0.20584512495074733	0.7941548750492526	NONCODEv6_celegans.fa
NONCELT024219.1	lncRNA	0.11026630255940825	0.8897336974405919	NONCODEv6_celegans.fa
NONCELT024220.1	lncRNA	0.12455712072808385	0.8754428792719168	NONCODEv6_celegans.fa
NONCELT024221.1	lncRNA	0.1296969925239322	0.8703030074760683	NONCODEv6_celegans.fa
NONCELT024222.1	lncRNA	0.4161825390341306	0.5838174609658695	NONCODEv6_celegans.fa
NONCELT024224.1	lncRNA	0.09057436014860364	0.9094256398513966	NONCODEv6_celegans.fa
NONCELT024225.1	lncRNA	0.08353291573614412	0.9164670842638561	NONCODEv6_celegans.fa
NONCELT024227.1	lncRNA	0.059060604518031384	0.9409393954819684	NONCODEv6_celegans.fa
NONCELT024228.1	lncRNA	0.06183492725761612	0.9381650727423838	NONCODEv6_celegans.fa
NONCELT024229.1	lncRNA	0.38285854490902127	0.6171414550909785	NONCODEv6_celegans.fa
NONCELT024231.1	lncRNA	0.2692623018693082	0.7307376981306918	NONCODEv6_celegans.fa
NONCELT024232.1	lncRNA	0.1411727032380664	0.858827296761934	NONCODEv6_celegans.fa
NONCELT024233.1	Protein_Coding	0.6522384003914715	0.3477615996085285	NONCODEv6_celegans.fa
NONCELT024234.1	lncRNA	0.19423514679611095	0.8057648532038895	NONCODEv6_celegans.fa
NONCELT024235.1	lncRNA	0.25698881382225286	0.7430111861777476	NONCODEv6_celegans.fa
NONCELT024236.1	lncRNA	0.3360575964156534	0.6639424035843463	NONCODEv6_celegans.fa
NONCELT024237.1	lncRNA	0.37170360413701414	0.628296395862986	NONCODEv6_celegans.fa
NONCELT024238.1	lncRNA	0.11549990929720994	0.8845000907027901	NONCODEv6_celegans.fa
NONCELT024239.1	lncRNA	0.0851968971117677	0.9148031028882321	NONCODEv6_celegans.fa
NONCELT024240.1	lncRNA	0.24172124886312835	0.7582787511368717	NONCODEv6_celegans.fa
NONCELT024242.1	lncRNA	0.21046581828391545	0.7895341817160846	NONCODEv6_celegans.fa
NONCELT024246.1	lncRNA	0.13426069083501876	0.8657393091649815	NONCODEv6_celegans.fa
NONCELT024247.1	lncRNA	0.10341564928590702	0.896584350714093	NONCODEv6_celegans.fa
NONCELT024248.1	Protein_Coding	0.8264744992186738	0.17352550078132598	NONCODEv6_celegans.fa
NONCELT024251.1	lncRNA	0.02123032531605402	0.9787696746839459	NONCODEv6_celegans.fa
NONCELT024252.1	lncRNA	0.021984891364416753	0.9780151086355833	NONCODEv6_celegans.fa
NONCELT024253.1	lncRNA	0.0843726615580662	0.9156273384419342	NONCODEv6_celegans.fa
NONCELT024254.1	lncRNA	0.18102614092070887	0.8189738590792912	NONCODEv6_celegans.fa
NONCELT024255.1	lncRNA	0.3064455524983791	0.6935544475016209	NONCODEv6_celegans.fa
NONCELT024256.1	lncRNA	0.22861924398062514	0.7713807560193748	NONCODEv6_celegans.fa
NONCELT024259.1	lncRNA	0.2504963489220081	0.7495036510779918	NONCODEv6_celegans.fa
NONCELT024261.1	lncRNA	0.35060045748487995	0.6493995425151204	NONCODEv6_celegans.fa
NONCELT024262.1	lncRNA	0.2877085788282184	0.7122914211717819	NONCODEv6_celegans.fa
NONCELT024263.1	lncRNA	0.37809045326034524	0.6219095467396547	NONCODEv6_celegans.fa
NONCELT024264.1	lncRNA	0.07352325930617967	0.9264767406938211	NONCODEv6_celegans.fa
NONCELT024265.1	lncRNA	0.10528255672222463	0.8947174432777754	NONCODEv6_celegans.fa
NONCELT024268.1	lncRNA	0.49944006058770596	0.5005599394122938	NONCODEv6_celegans.fa
NONCELT024269.1	Protein_Coding	0.5239788630183195	0.4760211369816803	NONCODEv6_celegans.fa
NONCELT024270.1	lncRNA	0.22435113291891814	0.775648867081082	NONCODEv6_celegans.fa
NONCELT024271.1	Protein_Coding	0.7437987957955952	0.25620120420440495	NONCODEv6_celegans.fa
NONCELT024272.1	Protein_Coding	0.7425100452566644	0.2574899547433358	NONCODEv6_celegans.fa
NONCELT024273.1	lncRNA	0.2687284938553929	0.7312715061446069	NONCODEv6_celegans.fa
NONCELT024274.1	lncRNA	0.16134352250975192	0.8386564774902483	NONCODEv6_celegans.fa
NONCELT024275.1	lncRNA	0.2273306543323087	0.772669345667692	NONCODEv6_celegans.fa
NONCELT024276.1	lncRNA	0.09422162809805397	0.9057783719019461	NONCODEv6_celegans.fa
NONCELT024277.1	Protein_Coding	0.7334914595754851	0.2665085404245148	NONCODEv6_celegans.fa
NONCELT024278.1	lncRNA	0.20968854483350796	0.7903114551664924	NONCODEv6_celegans.fa
NONCELT024279.1	lncRNA	0.36144669598718815	0.6385533040128117	NONCODEv6_celegans.fa
NONCELT024282.1	lncRNA	0.09180600618231657	0.9081939938176837	NONCODEv6_celegans.fa
NONCELT024283.1	lncRNA	0.13750719052716434	0.8624928094728364	NONCODEv6_celegans.fa
NONCELT024284.1	lncRNA	0.2427557686729091	0.757244231327091	NONCODEv6_celegans.fa
NONCELT024285.1	lncRNA	0.0999731880507517	0.9000268119492485	NONCODEv6_celegans.fa
NONCELT024286.1	lncRNA	0.036206915672533105	0.9637930843274671	NONCODEv6_celegans.fa
NONCELT024287.1	lncRNA	0.1299186228778309	0.8700813771221693	NONCODEv6_celegans.fa
NONCELT024288.1	lncRNA	0.052170472367112704	0.9478295276328873	NONCODEv6_celegans.fa
NONCELT024289.1	lncRNA	0.377343778539423	0.6226562214605769	NONCODEv6_celegans.fa
NONCELT024290.1	lncRNA	0.22988139817937525	0.7701186018206247	NONCODEv6_celegans.fa
NONCELT024291.1	lncRNA	0.22446292070381998	0.7755370792961803	NONCODEv6_celegans.fa
NONCELT024292.1	lncRNA	0.09019846066639563	0.9098015393336044	NONCODEv6_celegans.fa
NONCELT024293.1	lncRNA	0.17187333924376214	0.8281266607562379	NONCODEv6_celegans.fa
NONCELT024294.1	lncRNA	0.10044950658303088	0.8995504934169691	NONCODEv6_celegans.fa
NONCELT024295.1	lncRNA	0.19530683498866044	0.8046931650113398	NONCODEv6_celegans.fa
NONCELT024296.1	lncRNA	0.11044234473129291	0.8895576552687071	NONCODEv6_celegans.fa
NONCELT024297.1	lncRNA	0.08880249293124624	0.9111975070687539	NONCODEv6_celegans.fa
NONCELT024298.1	Protein_Coding	0.5675552854475672	0.43244471455243305	NONCODEv6_celegans.fa
NONCELT024302.1	lncRNA	0.4333345387084355	0.5666654612915646	NONCODEv6_celegans.fa
NONCELT024304.1	lncRNA	0.06860845358703671	0.9313915464129637	NONCODEv6_celegans.fa
NONCELT024305.1	Protein_Coding	0.768867596166456	0.23113240383354408	NONCODEv6_celegans.fa
NONCELT024306.1	lncRNA	0.332637617619302	0.667362382380698	NONCODEv6_celegans.fa
NONCELT024308.1	lncRNA	0.305390164973742	0.6946098350262582	NONCODEv6_celegans.fa
NONCELT024310.1	Protein_Coding	0.6664444384444734	0.33355556155552646	NONCODEv6_celegans.fa
NONCELT024312.1	lncRNA	0.27255165860956715	0.727448341390433	NONCODEv6_celegans.fa
NONCELT024313.1	lncRNA	0.2869832982229391	0.7130167017770616	NONCODEv6_celegans.fa
NONCELT024314.1	lncRNA	0.10615170841719852	0.8938482915828013	NONCODEv6_celegans.fa
NONCELT024315.1	lncRNA	0.08030307575121057	0.9196969242487897	NONCODEv6_celegans.fa
NONCELT024316.1	lncRNA	0.29613467894941936	0.703865321050581	NONCODEv6_celegans.fa
NONCELT024318.1	Protein_Coding	0.5676996684115146	0.4323003315884853	NONCODEv6_celegans.fa
NONCELT024319.1	Protein_Coding	0.5590032573162204	0.4409967426837794	NONCODEv6_celegans.fa
NONCELT024320.1	lncRNA	0.04721862439149984	0.9527813756085001	NONCODEv6_celegans.fa
NONCELT024321.1	lncRNA	0.24355385319439707	0.7564461468056023	NONCODEv6_celegans.fa
NONCELT024322.1	lncRNA	0.21314953226323635	0.786850467736764	NONCODEv6_celegans.fa
NONCELT024323.1	lncRNA	0.39757690659013284	0.6024230934098671	NONCODEv6_celegans.fa
NONCELT024325.1	lncRNA	0.035801391423498787	0.9641986085765016	NONCODEv6_celegans.fa
NONCELT024327.1	lncRNA	0.2798651296813878	0.7201348703186122	NONCODEv6_celegans.fa
NONCELT024328.1	lncRNA	0.294038998536221	0.7059610014637786	NONCODEv6_celegans.fa
NONCELT024329.1	lncRNA	0.45450181588655764	0.5454981841134423	NONCODEv6_celegans.fa
NONCELT024330.1	Protein_Coding	0.5501091594985604	0.44989084050143946	NONCODEv6_celegans.fa
NONCELT024331.1	Protein_Coding	0.6919163099527919	0.3080836900472081	NONCODEv6_celegans.fa
NONCELT024332.1	lncRNA	0.11028013633151414	0.8897198636684859	NONCODEv6_celegans.fa
NONCELT024333.1	lncRNA	0.16710124433018028	0.8328987556698197	NONCODEv6_celegans.fa
NONCELT024334.1	Protein_Coding	0.5925000754056036	0.40749992459439643	NONCODEv6_celegans.fa
NONCELT024335.1	lncRNA	0.46521578892197124	0.5347842110780289	NONCODEv6_celegans.fa
NONCELT024336.1	Protein_Coding	0.524327163374279	0.4756728366257211	NONCODEv6_celegans.fa
NONCELT024337.1	lncRNA	0.22451664303605035	0.7754833569639499	NONCODEv6_celegans.fa
NONCELT024341.1	Protein_Coding	0.6235592824767879	0.37644071752321184	NONCODEv6_celegans.fa
NONCELT024342.1	lncRNA	0.06490374377972713	0.9350962562202734	NONCODEv6_celegans.fa
NONCELT024343.1	lncRNA	0.08642249244975432	0.9135775075502459	NONCODEv6_celegans.fa
NONCELT024344.1	lncRNA	0.15719809309117852	0.8428019069088221	NONCODEv6_celegans.fa
NONCELT024345.1	Protein_Coding	0.5919315642405468	0.4080684357594528	NONCODEv6_celegans.fa
NONCELT024346.1	Protein_Coding	0.5105535073957043	0.48944649260429574	NONCODEv6_celegans.fa
NONCELT024347.1	Protein_Coding	0.5496150105155583	0.4503849894844418	NONCODEv6_celegans.fa
NONCELT024348.1	lncRNA	0.3807560743491898	0.61924392565081	NONCODEv6_celegans.fa
NONCELT024349.1	lncRNA	0.11606300996467038	0.8839369900353297	NONCODEv6_celegans.fa
NONCELT024350.1	lncRNA	0.1179561431805188	0.8820438568194815	NONCODEv6_celegans.fa
NONCELT024351.1	lncRNA	0.141458590397021	0.858541409602979	NONCODEv6_celegans.fa
NONCELT024352.1	lncRNA	0.29345267838228106	0.7065473216177193	NONCODEv6_celegans.fa
NONCELT024354.1	lncRNA	0.1261173217101136	0.8738826782898862	NONCODEv6_celegans.fa
NONCELT024355.1	lncRNA	0.26276175244320116	0.7372382475567992	NONCODEv6_celegans.fa
NONCELT024356.1	lncRNA	0.27157082741752125	0.7284291725824787	NONCODEv6_celegans.fa
NONCELT024357.1	lncRNA	0.11419887528110952	0.8858011247188905	NONCODEv6_celegans.fa
NONCELT024358.1	lncRNA	0.417159608896854	0.5828403911031461	NONCODEv6_celegans.fa
NONCELT024360.1	lncRNA	0.29639137344055666	0.7036086265594435	NONCODEv6_celegans.fa
NONCELT024361.1	lncRNA	0.4036783647927588	0.5963216352072411	NONCODEv6_celegans.fa
NONCELT024362.1	lncRNA	0.1403564444326679	0.8596435555673324	NONCODEv6_celegans.fa
NONCELT024363.1	lncRNA	0.13275169718000168	0.8672483028199982	NONCODEv6_celegans.fa
NONCELT024364.1	lncRNA	0.3643654113537883	0.6356345886462116	NONCODEv6_celegans.fa
NONCELT024365.1	lncRNA	0.3665841447586593	0.6334158552413404	NONCODEv6_celegans.fa
NONCELT024367.1	lncRNA	0.10315726880904708	0.8968427311909526	NONCODEv6_celegans.fa
NONCELT024369.1	lncRNA	0.13000745379488438	0.8699925462051155	NONCODEv6_celegans.fa
NONCELT024370.1	lncRNA	0.10424565010543893	0.895754349894561	NONCODEv6_celegans.fa
NONCELT024371.1	Protein_Coding	0.5257591504064993	0.47424084959350077	NONCODEv6_celegans.fa
NONCELT024372.1	lncRNA	0.13585309603121018	0.8641469039687898	NONCODEv6_celegans.fa
NONCELT024373.1	lncRNA	0.051123221119395705	0.948876778880604	NONCODEv6_celegans.fa
NONCELT024374.1	lncRNA	0.03997619807056724	0.9600238019294328	NONCODEv6_celegans.fa
NONCELT024376.1	Protein_Coding	0.6535854998409001	0.3464145001590999	NONCODEv6_celegans.fa
NONCELT024378.1	lncRNA	0.2101185777153361	0.7898814222846643	NONCODEv6_celegans.fa
NONCELT024381.1	lncRNA	0.36820590952845605	0.6317940904715444	NONCODEv6_celegans.fa
NONCELT024382.1	lncRNA	0.47375859922504276	0.5262414007749572	NONCODEv6_celegans.fa
NONCELT024383.1	Protein_Coding	0.5774454527536712	0.42255454724632885	NONCODEv6_celegans.fa
NONCELT024385.1	lncRNA	0.1724615559061474	0.8275384440938521	NONCODEv6_celegans.fa
NONCELT024386.1	lncRNA	0.2658475284829816	0.7341524715170186	NONCODEv6_celegans.fa
NONCELT024387.1	lncRNA	0.11088501483791602	0.8891149851620843	NONCODEv6_celegans.fa
NONCELT024388.1	lncRNA	0.1343496567873754	0.8656503432126246	NONCODEv6_celegans.fa
NONCELT024389.1	lncRNA	0.0889685114436339	0.9110314885563661	NONCODEv6_celegans.fa
NONCELT024390.1	lncRNA	0.08863297037562283	0.9113670296243773	NONCODEv6_celegans.fa
NONCELT024391.1	lncRNA	0.20310438109136444	0.7968956189086357	NONCODEv6_celegans.fa
NONCELT024392.1	Protein_Coding	0.5423715512516836	0.4576284487483165	NONCODEv6_celegans.fa
NONCELT024393.1	lncRNA	0.15875803597518984	0.8412419640248107	NONCODEv6_celegans.fa
NONCELT024394.1	lncRNA	0.08995508561630448	0.9100449143836957	NONCODEv6_celegans.fa
NONCELT024395.1	lncRNA	0.16473951738338072	0.8352604826166193	NONCODEv6_celegans.fa
NONCELT024396.1	lncRNA	0.14965526766600226	0.8503447323339978	NONCODEv6_celegans.fa
NONCELT024397.1	lncRNA	0.3426645601904066	0.6573354398095935	NONCODEv6_celegans.fa
NONCELT024398.1	lncRNA	0.4008276087549442	0.5991723912450558	NONCODEv6_celegans.fa
NONCELT024400.1	lncRNA	0.42722099846108635	0.5727790015389136	NONCODEv6_celegans.fa
NONCELT024401.1	Protein_Coding	0.6357372628011785	0.36426273719882185	NONCODEv6_celegans.fa
NONCELT024402.1	lncRNA	0.14422010180750125	0.8557798981924992	NONCODEv6_celegans.fa
NONCELT024403.1	lncRNA	0.08695109655808081	0.9130489034419195	NONCODEv6_celegans.fa
NONCELT024404.1	lncRNA	0.4447422804548419	0.555257719545158	NONCODEv6_celegans.fa
NONCELT024405.1	lncRNA	0.2308092452602569	0.7691907547397431	NONCODEv6_celegans.fa
NONCELT024407.1	lncRNA	0.43853768708017976	0.5614623129198204	NONCODEv6_celegans.fa
NONCELT024410.1	lncRNA	0.0471373329802724	0.9528626670197284	NONCODEv6_celegans.fa
NONCELT024411.1	lncRNA	0.14339754590788975	0.8566024540921099	NONCODEv6_celegans.fa
NONCELT024412.1	lncRNA	0.19429832100110392	0.8057016789988959	NONCODEv6_celegans.fa
NONCELT024413.1	lncRNA	0.09339150044136639	0.9066084995586332	NONCODEv6_celegans.fa
NONCELT024414.1	lncRNA	0.1622903724603228	0.8377096275396775	NONCODEv6_celegans.fa
NONCELT024415.1	lncRNA	0.0700765287540293	0.9299234712459709	NONCODEv6_celegans.fa
NONCELT024416.1	lncRNA	0.19385300239701783	0.8061469976029817	NONCODEv6_celegans.fa
NONCELT024417.1	lncRNA	0.08176789279160838	0.9182321072083917	NONCODEv6_celegans.fa
NONCELT024418.1	lncRNA	0.17179957167957738	0.8282004283204226	NONCODEv6_celegans.fa
NONCELT024419.1	lncRNA	0.0557407208176311	0.9442592791823693	NONCODEv6_celegans.fa
NONCELT024420.1	lncRNA	0.1906337665033619	0.8093662334966378	NONCODEv6_celegans.fa
NONCELT024421.1	lncRNA	0.3241915428667553	0.675808457133245	NONCODEv6_celegans.fa
NONCELT024422.1	lncRNA	0.17093450208985667	0.8290654979101436	NONCODEv6_celegans.fa
NONCELT024423.1	lncRNA	0.11662463560383944	0.8833753643961607	NONCODEv6_celegans.fa
NONCELT024424.1	lncRNA	0.14276488427862477	0.8572351157213753	NONCODEv6_celegans.fa
NONCELT024425.1	lncRNA	0.1546218736451419	0.8453781263548583	NONCODEv6_celegans.fa
NONCELT024426.1	lncRNA	0.17630256161412863	0.8236974383858707	NONCODEv6_celegans.fa
NONCELT024427.1	lncRNA	0.11186361618230203	0.8881363838176982	NONCODEv6_celegans.fa
NONCELT024428.1	lncRNA	0.12531584562201228	0.8746841543779879	NONCODEv6_celegans.fa
NONCELT024433.1	lncRNA	0.06941884098777415	0.9305811590122264	NONCODEv6_celegans.fa
NONCELT024434.1	lncRNA	0.07135404313359522	0.9286459568664046	NONCODEv6_celegans.fa
NONCELT024435.1	lncRNA	0.04602698046806422	0.9539730195319363	NONCODEv6_celegans.fa
NONCELT024436.1	lncRNA	0.08591303138495542	0.9140869686150447	NONCODEv6_celegans.fa
NONCELT024437.1	lncRNA	0.12981731118848136	0.8701826888115186	NONCODEv6_celegans.fa
NONCELT024438.1	lncRNA	0.2118435883311801	0.7881564116688203	NONCODEv6_celegans.fa
NONCELT024440.1	lncRNA	0.18561799558795797	0.8143820044120419	NONCODEv6_celegans.fa
NONCELT024441.1	lncRNA	0.18555051900501413	0.8144494809949855	NONCODEv6_celegans.fa
NONCELT024442.1	lncRNA	0.11375574139155889	0.8862442586084416	NONCODEv6_celegans.fa
NONCELT024443.1	lncRNA	0.04869523583070369	0.9513047641692964	NONCODEv6_celegans.fa
NONCELT024444.1	Protein_Coding	0.5206374923886413	0.4793625076113588	NONCODEv6_celegans.fa
NONCELT024445.1	Protein_Coding	0.6079499284613955	0.3920500715386047	NONCODEv6_celegans.fa
NONCELT024446.1	lncRNA	0.20490020222716473	0.7950997977728352	NONCODEv6_celegans.fa
NONCELT024447.1	lncRNA	0.1778128728207721	0.8221871271792278	NONCODEv6_celegans.fa
NONCELT024448.1	lncRNA	0.18313275317536554	0.8168672468246345	NONCODEv6_celegans.fa
NONCELT024450.1	lncRNA	0.4860846093560491	0.513915390643951	NONCODEv6_celegans.fa
NONCELT024451.1	lncRNA	0.28784140486485293	0.7121585951351475	NONCODEv6_celegans.fa
NONCELT024453.1	lncRNA	0.3098429186235856	0.6901570813764145	NONCODEv6_celegans.fa
NONCELT024454.1	lncRNA	0.30772877359472406	0.6922712264052762	NONCODEv6_celegans.fa
NONCELT024455.1	lncRNA	0.3417361329751093	0.6582638670248911	NONCODEv6_celegans.fa
NONCELT024456.1	lncRNA	0.2176751037458682	0.7823248962541317	NONCODEv6_celegans.fa
NONCELT024457.1	lncRNA	0.1556345736880797	0.8443654263119202	NONCODEv6_celegans.fa
NONCELT024458.1	lncRNA	0.3225279775348624	0.6774720224651376	NONCODEv6_celegans.fa
NONCELT024459.1	lncRNA	0.25559703124522243	0.7444029687547775	NONCODEv6_celegans.fa
NONCELT024460.1	Protein_Coding	0.5503762581577771	0.44962374184222303	NONCODEv6_celegans.fa
NONCELT024461.1	lncRNA	0.03475707619069263	0.9652429238093079	NONCODEv6_celegans.fa
NONCELT024462.1	lncRNA	0.14380413722905883	0.8561958627709416	NONCODEv6_celegans.fa
NONCELT024463.1	lncRNA	0.0837830871378065	0.9162169128621932	NONCODEv6_celegans.fa
NONCELT024464.1	lncRNA	0.03749834031344479	0.9625016596865555	NONCODEv6_celegans.fa
NONCELT024465.1	lncRNA	0.33702910301242883	0.6629708969875711	NONCODEv6_celegans.fa
NONCELT024466.1	lncRNA	0.2517025683549496	0.7482974316450502	NONCODEv6_celegans.fa
NONCELT024467.1	lncRNA	0.20813325716134434	0.7918667428386554	NONCODEv6_celegans.fa
NONCELT024468.1	lncRNA	0.11034916047727411	0.889650839522726	NONCODEv6_celegans.fa
NONCELT024469.1	lncRNA	0.15314731639837567	0.8468526836016244	NONCODEv6_celegans.fa
NONCELT024470.1	Protein_Coding	0.5198481100830317	0.48015188991696833	NONCODEv6_celegans.fa
NONCELT024471.1	lncRNA	0.07021333234970276	0.9297866676502978	NONCODEv6_celegans.fa
NONCELT024472.1	lncRNA	0.07598107445579536	0.924018925544205	NONCODEv6_celegans.fa
NONCELT024473.1	lncRNA	0.0920988434823371	0.9079011565176635	NONCODEv6_celegans.fa
NONCELT024476.1	lncRNA	0.2887912657017396	0.7112087342982604	NONCODEv6_celegans.fa
NONCELT024477.1	lncRNA	0.022322608183101382	0.9776773918168994	NONCODEv6_celegans.fa
NONCELT024478.1	lncRNA	0.07843977875853113	0.9215602212414694	NONCODEv6_celegans.fa
NONCELT024479.1	lncRNA	0.03900107890794107	0.9609989210920594	NONCODEv6_celegans.fa
NONCELT024480.1	lncRNA	0.46637473631853105	0.5336252636814689	NONCODEv6_celegans.fa
NONCELT024481.1	lncRNA	0.10775237102606035	0.89224762897394	NONCODEv6_celegans.fa
NONCELT024483.1	lncRNA	0.10261235106684174	0.8973876489331583	NONCODEv6_celegans.fa
NONCELT024484.1	lncRNA	0.08787752866917367	0.9121224713308265	NONCODEv6_celegans.fa
NONCELT024485.1	lncRNA	0.13006301750147392	0.8699369824985258	NONCODEv6_celegans.fa
NONCELT024486.1	lncRNA	0.2814578394886227	0.7185421605113773	NONCODEv6_celegans.fa
NONCELT024487.1	lncRNA	0.20949927388495876	0.7905007261150413	NONCODEv6_celegans.fa
NONCELT024488.1	lncRNA	0.13632277237200863	0.8636772276279917	NONCODEv6_celegans.fa
NONCELT024489.1	lncRNA	0.3984923678308396	0.60150763216916	NONCODEv6_celegans.fa
NONCELT024490.1	lncRNA	0.1461365295101949	0.8538634704898052	NONCODEv6_celegans.fa
NONCELT024491.1	lncRNA	0.20557503596717683	0.7944249640328231	NONCODEv6_celegans.fa
NONCELT024492.1	lncRNA	0.14822849290673343	0.8517715070932668	NONCODEv6_celegans.fa
NONCELT024493.1	lncRNA	0.07173432655153703	0.928265673448463	NONCODEv6_celegans.fa
NONCELT024494.1	lncRNA	0.0686980380514126	0.9313019619485876	NONCODEv6_celegans.fa
NONCELT024496.1	lncRNA	0.14369381831428074	0.8563061816857201	NONCODEv6_celegans.fa
NONCELT024497.1	lncRNA	0.1404034524259354	0.8595965475740655	NONCODEv6_celegans.fa
NONCELT024498.1	lncRNA	0.48105877739034275	0.5189412226096574	NONCODEv6_celegans.fa
NONCELT024499.1	lncRNA	0.34799662943046306	0.6520033705695372	NONCODEv6_celegans.fa
NONCELT024500.1	lncRNA	0.260825235258536	0.7391747647414638	NONCODEv6_celegans.fa
NONCELT024501.1	lncRNA	0.27724293095708635	0.7227570690429134	NONCODEv6_celegans.fa
NONCELT024503.1	lncRNA	0.11414136580637292	0.8858586341936271	NONCODEv6_celegans.fa
NONCELT024504.1	lncRNA	0.4231446133319037	0.5768553866680967	NONCODEv6_celegans.fa
NONCELT024505.1	lncRNA	0.4004313595531674	0.5995686404468327	NONCODEv6_celegans.fa
NONCELT024506.1	lncRNA	0.4006263388587927	0.5993736611412075	NONCODEv6_celegans.fa
NONCELT024507.1	lncRNA	0.16843914306715996	0.8315608569328407	NONCODEv6_celegans.fa
NONCELT024508.1	lncRNA	0.17353299213946335	0.8264670078605364	NONCODEv6_celegans.fa
NONCELT024509.1	lncRNA	0.30044571447753576	0.6995542855224638	NONCODEv6_celegans.fa
NONCELT024510.1	lncRNA	0.11738683408028994	0.88261316591971	NONCODEv6_celegans.fa
NONCELT024511.1	lncRNA	0.3915252979814639	0.6084747020185363	NONCODEv6_celegans.fa
NONCELT024512.1	lncRNA	0.15419223358985354	0.8458077664101465	NONCODEv6_celegans.fa
NONCELT024513.1	lncRNA	0.1236163984584377	0.8763836015415623	NONCODEv6_celegans.fa
NONCELT024515.1	lncRNA	0.20882848546594973	0.7911715145340503	NONCODEv6_celegans.fa
NONCELT024516.1	lncRNA	0.15446261046864865	0.8455373895313512	NONCODEv6_celegans.fa
NONCELT024517.1	Protein_Coding	0.8264042577533661	0.17359574224663388	NONCODEv6_celegans.fa
NONCELT024518.1	lncRNA	0.3512716521698643	0.6487283478301362	NONCODEv6_celegans.fa
NONCELT024519.1	lncRNA	0.12666348967729435	0.8733365103227057	NONCODEv6_celegans.fa
NONCELT024520.1	lncRNA	0.05963893902584806	0.940361060974152	NONCODEv6_celegans.fa
NONCELT024522.1	lncRNA	0.15067811753512347	0.8493218824648765	NONCODEv6_celegans.fa
NONCELT024523.1	lncRNA	0.10201447377266369	0.8979855262273364	NONCODEv6_celegans.fa
NONCELT024524.1	lncRNA	0.09799983585647584	0.9020001641435248	NONCODEv6_celegans.fa
NONCELT024525.1	lncRNA	0.3400793091930885	0.6599206908069118	NONCODEv6_celegans.fa
NONCELT024526.1	lncRNA	0.3596316340976346	0.6403683659023653	NONCODEv6_celegans.fa
NONCELT024527.1	lncRNA	0.09701793446896693	0.9029820655310334	NONCODEv6_celegans.fa
NONCELT024528.1	lncRNA	0.09797776088923518	0.9020222391107648	NONCODEv6_celegans.fa
NONCELT024529.1	lncRNA	0.09052738311496175	0.9094726168850387	NONCODEv6_celegans.fa
NONCELT024530.1	lncRNA	0.4767811140946716	0.5232188859053283	NONCODEv6_celegans.fa
NONCELT024531.1	Protein_Coding	0.5600535400214901	0.43994645997850973	NONCODEv6_celegans.fa
NONCELT024532.1	lncRNA	0.09434954224977501	0.9056504577502257	NONCODEv6_celegans.fa
NONCELT024535.1	lncRNA	0.07154768566065903	0.9284523143393418	NONCODEv6_celegans.fa
NONCELT024536.1	lncRNA	0.06821883674730647	0.9317811632526938	NONCODEv6_celegans.fa
NONCELT024537.1	lncRNA	0.13342536026763976	0.8665746397323604	NONCODEv6_celegans.fa
NONCELT024538.1	lncRNA	0.07608518070095222	0.9239148192990481	NONCODEv6_celegans.fa
NONCELT024539.1	lncRNA	0.33653390058422367	0.6634660994157768	NONCODEv6_celegans.fa
NONCELT024540.1	lncRNA	0.18701370476980053	0.8129862952302	NONCODEv6_celegans.fa
NONCELT024541.1	lncRNA	0.19367550955513343	0.806324490444867	NONCODEv6_celegans.fa
NONCELT024542.1	lncRNA	0.0838606226479194	0.9161393773520813	NONCODEv6_celegans.fa
NONCELT024543.1	lncRNA	0.18750036807706072	0.8124996319229394	NONCODEv6_celegans.fa
NONCELT024544.1	lncRNA	0.1432949279508648	0.8567050720491354	NONCODEv6_celegans.fa
NONCELT024545.1	lncRNA	0.23855046028486787	0.7614495397151321	NONCODEv6_celegans.fa
NONCELT024546.1	lncRNA	0.34438915124056124	0.6556108487594389	NONCODEv6_celegans.fa
NONCELT024549.1	lncRNA	0.0997938791129216	0.900206120887078	NONCODEv6_celegans.fa
NONCELT024550.1	lncRNA	0.09357908133554309	0.9064209186644572	NONCODEv6_celegans.fa
NONCELT024551.1	lncRNA	0.1761276171420266	0.8238723828579737	NONCODEv6_celegans.fa
NONCELT024552.1	lncRNA	0.11435989994419968	0.8856401000558006	NONCODEv6_celegans.fa
NONCELT024553.1	lncRNA	0.2193069713562017	0.7806930286437983	NONCODEv6_celegans.fa
NONCELT024554.1	lncRNA	0.12391535009485288	0.876084649905147	NONCODEv6_celegans.fa
NONCELT024556.1	lncRNA	0.2218622158115592	0.7781377841884415	NONCODEv6_celegans.fa
NONCELT024557.1	lncRNA	0.22024266047097782	0.7797573395290224	NONCODEv6_celegans.fa
NONCELT024558.1	lncRNA	0.09494080460433192	0.9050591953956689	NONCODEv6_celegans.fa
NONCELT024559.1	lncRNA	0.11684998526069448	0.8831500147393051	NONCODEv6_celegans.fa
NONCELT024560.1	lncRNA	0.17431473340429862	0.8256852665957016	NONCODEv6_celegans.fa
NONCELT024562.1	lncRNA	0.09748665015488207	0.9025133498451181	NONCODEv6_celegans.fa
NONCELT024563.1	lncRNA	0.23282042495531619	0.767179575044684	NONCODEv6_celegans.fa
NONCELT024564.1	lncRNA	0.29172787273323747	0.7082721272667629	NONCODEv6_celegans.fa
NONCELT024565.1	lncRNA	0.26472762173073944	0.7352723782692603	NONCODEv6_celegans.fa
NONCELT024566.1	lncRNA	0.3867946810652956	0.6132053189347043	NONCODEv6_celegans.fa
NONCELT024567.1	lncRNA	0.30869191606799495	0.691308083932005	NONCODEv6_celegans.fa
NONCELT024568.1	lncRNA	0.2649539949267138	0.7350460050732861	NONCODEv6_celegans.fa
NONCELT024569.1	lncRNA	0.18922642021862177	0.8107735797813783	NONCODEv6_celegans.fa
NONCELT024570.1	lncRNA	0.3218871709137498	0.6781128290862503	NONCODEv6_celegans.fa
NONCELT024571.1	lncRNA	0.10884399842234416	0.8911560015776556	NONCODEv6_celegans.fa
NONCELT024572.1	lncRNA	0.12766807508162695	0.872331924918373	NONCODEv6_celegans.fa
NONCELT024573.1	lncRNA	0.23775622331295646	0.7622437766870431	NONCODEv6_celegans.fa
NONCELT024574.1	lncRNA	0.26091394829503795	0.7390860517049626	NONCODEv6_celegans.fa
NONCELT024575.1	lncRNA	0.06380598250208493	0.936194017497915	NONCODEv6_celegans.fa
NONCELT024576.1	lncRNA	0.25976116669934973	0.7402388333006504	NONCODEv6_celegans.fa
NONCELT024577.1	lncRNA	0.11644041277787825	0.8835595872221219	NONCODEv6_celegans.fa
NONCELT024578.1	lncRNA	0.06587626977869934	0.9341237302213009	NONCODEv6_celegans.fa
NONCELT024579.1	lncRNA	0.13644739001982314	0.8635526099801768	NONCODEv6_celegans.fa
NONCELT024580.1	lncRNA	0.22467266559261506	0.7753273344073851	NONCODEv6_celegans.fa
NONCELT024581.1	lncRNA	0.198805039135853	0.8011949608641471	NONCODEv6_celegans.fa
NONCELT024582.1	lncRNA	0.14345664652325837	0.8565433534767417	NONCODEv6_celegans.fa
NONCELT024583.1	lncRNA	0.17407827102876935	0.8259217289712308	NONCODEv6_celegans.fa
NONCELT024584.1	lncRNA	0.4246785696510227	0.5753214303489773	NONCODEv6_celegans.fa
NONCELT024585.1	lncRNA	0.17014105104632155	0.8298589489536786	NONCODEv6_celegans.fa
NONCELT024586.1	lncRNA	0.1932409048859686	0.8067590951140315	NONCODEv6_celegans.fa
NONCELT024587.1	lncRNA	0.1895085259962311	0.8104914740037692	NONCODEv6_celegans.fa
NONCELT024588.1	lncRNA	0.18009379912276519	0.8199062008772351	NONCODEv6_celegans.fa
NONCELT024589.1	lncRNA	0.08588977451728044	0.9141102254827195	NONCODEv6_celegans.fa
NONCELT024590.1	lncRNA	0.19610357245075344	0.8038964275492465	NONCODEv6_celegans.fa
NONCELT024591.1	lncRNA	0.05782725133513723	0.9421727486648629	NONCODEv6_celegans.fa
NONCELT024592.1	Protein_Coding	0.6923344168487566	0.30766558315124326	NONCODEv6_celegans.fa
NONCELT024593.1	Protein_Coding	0.7363144394135993	0.2636855605864009	NONCODEv6_celegans.fa
NONCELT024594.1	Protein_Coding	0.7474303199549935	0.2525696800450065	NONCODEv6_celegans.fa
NONCELT024595.1	lncRNA	0.1370907647697969	0.8629092352302028	NONCODEv6_celegans.fa
NONCELT024596.1	lncRNA	0.15578791109969667	0.8442120889003032	NONCODEv6_celegans.fa
NONCELT024597.1	lncRNA	0.10781018212908458	0.8921898178709156	NONCODEv6_celegans.fa
NONCELT024598.1	lncRNA	0.2837832055501533	0.7162167944498468	NONCODEv6_celegans.fa
NONCELT024599.1	Protein_Coding	0.6469337632729182	0.353066236727082	NONCODEv6_celegans.fa
NONCELT024600.1	lncRNA	0.19430616947046842	0.8056938305295317	NONCODEv6_celegans.fa
NONCELT024601.1	Protein_Coding	0.5521203404043856	0.4478796595956144	NONCODEv6_celegans.fa
NONCELT024602.1	lncRNA	0.2526028714597962	0.7473971285402039	NONCODEv6_celegans.fa
NONCELT024603.1	lncRNA	0.1139390892597086	0.8860609107402921	NONCODEv6_celegans.fa
NONCELT024604.1	lncRNA	0.3506892406343454	0.6493107593656544	NONCODEv6_celegans.fa
NONCELT024605.1	lncRNA	0.16735697327378413	0.8326430267262162	NONCODEv6_celegans.fa
NONCELT024606.1	lncRNA	0.31059073874306614	0.6894092612569339	NONCODEv6_celegans.fa
NONCELT024607.1	lncRNA	0.19969532220803946	0.8003046777919611	NONCODEv6_celegans.fa
NONCELT024608.1	lncRNA	0.19969532220803946	0.8003046777919611	NONCODEv6_celegans.fa
NONCELT024609.1	lncRNA	0.09920591217007768	0.9007940878299223	NONCODEv6_celegans.fa
NONCELT024610.1	lncRNA	0.23817890822634769	0.7618210917736521	NONCODEv6_celegans.fa
NONCELT024611.1	lncRNA	0.14163716612327237	0.8583628338767274	NONCODEv6_celegans.fa
NONCELT024612.1	lncRNA	0.11103709414128941	0.8889629058587112	NONCODEv6_celegans.fa
NONCELT024613.1	lncRNA	0.1380817192361043	0.8619182807638959	NONCODEv6_celegans.fa
NONCELT024614.1	lncRNA	0.3517746900288205	0.6482253099711794	NONCODEv6_celegans.fa
NONCELT024615.1	Protein_Coding	0.6980937950678965	0.30190620493210335	NONCODEv6_celegans.fa
NONCELT024616.1	lncRNA	0.2536498002892547	0.7463501997107455	NONCODEv6_celegans.fa
NONCELT024617.1	lncRNA	0.2993405531973659	0.7006594468026339	NONCODEv6_celegans.fa
NONCELT024618.1	lncRNA	0.08021257259975746	0.9197874274002426	NONCODEv6_celegans.fa
NONCELT024619.1	lncRNA	0.13254985823825052	0.8674501417617498	NONCODEv6_celegans.fa
NONCELT024620.1	lncRNA	0.2703138254771814	0.7296861745228186	NONCODEv6_celegans.fa
NONCELT024621.1	lncRNA	0.482092437494692	0.5179075625053079	NONCODEv6_celegans.fa
NONCELT024622.1	lncRNA	0.16824465942713565	0.8317553405728646	NONCODEv6_celegans.fa
NONCELT024623.1	Protein_Coding	0.6860729328722707	0.3139270671277295	NONCODEv6_celegans.fa
NONCELT024624.1	lncRNA	0.39198336430596004	0.6080166356940399	NONCODEv6_celegans.fa
NONCELT024625.1	lncRNA	0.15470548248014127	0.8452945175198588	NONCODEv6_celegans.fa
NONCELT024626.1	lncRNA	0.14766882230626047	0.8523311776937388	NONCODEv6_celegans.fa
NONCELT024627.1	lncRNA	0.12250842058208128	0.8774915794179191	NONCODEv6_celegans.fa
NONCELT024628.1	lncRNA	0.12271005874088806	0.8772899412591127	NONCODEv6_celegans.fa
NONCELT024629.1	lncRNA	0.07468817439302203	0.9253118256069781	NONCODEv6_celegans.fa
NONCELT024630.1	lncRNA	0.06602859060958738	0.9339714093904123	NONCODEv6_celegans.fa
NONCELT024631.1	lncRNA	0.1544519774672815	0.8455480225327184	NONCODEv6_celegans.fa
NONCELT024632.1	lncRNA	0.1628637903700074	0.8371362096299925	NONCODEv6_celegans.fa
NONCELT024633.1	lncRNA	0.2610575723875192	0.738942427612481	NONCODEv6_celegans.fa
NONCELT024634.1	lncRNA	0.30311836321948027	0.6968816367805198	NONCODEv6_celegans.fa
NONCELT024635.1	lncRNA	0.14262910683393454	0.8573708931660651	NONCODEv6_celegans.fa
NONCELT024636.1	lncRNA	0.17607748566790565	0.8239225143320947	NONCODEv6_celegans.fa
NONCELT024637.1	lncRNA	0.046064649509387726	0.9539353504906127	NONCODEv6_celegans.fa
NONCELT024638.1	Protein_Coding	0.5220697732315775	0.47793022676842245	NONCODEv6_celegans.fa
NONCELT024639.1	Protein_Coding	0.7232494963176045	0.27675050368239584	NONCODEv6_celegans.fa
NONCELT024640.1	lncRNA	0.2385047485467893	0.7614952514532111	NONCODEv6_celegans.fa
NONCELT024641.1	lncRNA	0.042960728211195516	0.9570392717888047	NONCODEv6_celegans.fa
NONCELT024642.1	lncRNA	0.13538210017785915	0.8646178998221405	NONCODEv6_celegans.fa
NONCELT024643.1	lncRNA	0.4328911108634067	0.5671088891365933	NONCODEv6_celegans.fa
NONCELT024644.1	Protein_Coding	0.6909443462414692	0.3090556537585309	NONCODEv6_celegans.fa
NONCELT024645.1	lncRNA	0.27321179882207547	0.7267882011779246	NONCODEv6_celegans.fa
NONCELT024646.1	lncRNA	0.38115219187318056	0.6188478081268192	NONCODEv6_celegans.fa
NONCELT024647.1	lncRNA	0.16611894355455223	0.8338810564454483	NONCODEv6_celegans.fa
NONCELT024648.1	lncRNA	0.24455534067723073	0.7554446593227695	NONCODEv6_celegans.fa
NONCELT024649.1	lncRNA	0.24762664796230932	0.7523733520376914	NONCODEv6_celegans.fa
NONCELT024650.1	lncRNA	0.07640046237666878	0.9235995376233317	NONCODEv6_celegans.fa
NONCELT024651.1	Protein_Coding	0.6061138190988924	0.39388618090110794	NONCODEv6_celegans.fa
NONCELT024652.1	lncRNA	0.2590168842726795	0.7409831157273211	NONCODEv6_celegans.fa
NONCELT024653.1	lncRNA	0.32969081331970485	0.6703091866802956	NONCODEv6_celegans.fa
NONCELT024654.1	lncRNA	0.1304118006702421	0.8695881993297582	NONCODEv6_celegans.fa
NONCELT024655.1	lncRNA	0.19614217488069324	0.8038578251193074	NONCODEv6_celegans.fa
NONCELT024656.1	lncRNA	0.09340793373987574	0.9065920662601249	NONCODEv6_celegans.fa
NONCELT024657.1	Protein_Coding	0.9166294798663185	0.08337052013368172	NONCODEv6_celegans.fa
NONCELT024658.1	lncRNA	0.12068823917046316	0.8793117608295374	NONCODEv6_celegans.fa
NONCELT024659.1	lncRNA	0.14373329685313602	0.8562667031468641	NONCODEv6_celegans.fa
NONCELT024660.1	lncRNA	0.1472247373094495	0.8527752626905506	NONCODEv6_celegans.fa
NONCELT024661.1	lncRNA	0.07455179085504952	0.9254482091449503	NONCODEv6_celegans.fa
NONCELT024662.1	lncRNA	0.08281264086726173	0.9171873591327389	NONCODEv6_celegans.fa
NONCELT024663.1	lncRNA	0.09160789314423429	0.908392106855766	NONCODEv6_celegans.fa
NONCELT024664.1	lncRNA	0.08190809475863092	0.9180919052413695	NONCODEv6_celegans.fa
NONCELT024665.1	lncRNA	0.20390846712067207	0.7960915328793283	NONCODEv6_celegans.fa
NONCELT024666.1	lncRNA	0.07287854058654776	0.9271214594134516	NONCODEv6_celegans.fa
NONCELT024667.1	Protein_Coding	0.8465306868137746	0.15346931318622545	NONCODEv6_celegans.fa
NONCELT024668.1	lncRNA	0.4443101718841635	0.5556898281158366	NONCODEv6_celegans.fa
NONCELT024669.1	Protein_Coding	0.8051909336667501	0.19480906633324996	NONCODEv6_celegans.fa
NONCELT024670.1	lncRNA	0.27820107039548675	0.7217989296045136	NONCODEv6_celegans.fa
NONCELT024671.1	lncRNA	0.1467282385729015	0.8532717614270985	NONCODEv6_celegans.fa
NONCELT024672.1	lncRNA	0.21036137577134326	0.7896386242286568	NONCODEv6_celegans.fa
NONCELT024673.1	lncRNA	0.21424816955084267	0.7857518304491578	NONCODEv6_celegans.fa
NONCELT024674.1	Protein_Coding	0.7294657215022707	0.2705342784977288	NONCODEv6_celegans.fa
NONCELT024675.1	lncRNA	0.2500488213310879	0.7499511786689124	NONCODEv6_celegans.fa
NONCELT024676.1	Protein_Coding	0.5726315372847678	0.42736846271523227	NONCODEv6_celegans.fa
NONCELT024677.1	lncRNA	0.11002615042047628	0.889973849579524	NONCODEv6_celegans.fa
NONCELT024678.1	lncRNA	0.0942099040893189	0.9057900959106815	NONCODEv6_celegans.fa
NONCELT024679.1	lncRNA	0.0942099040893189	0.9057900959106815	NONCODEv6_celegans.fa
NONCELT024680.1	lncRNA	0.22583020833303258	0.7741697916669674	NONCODEv6_celegans.fa
NONCELT024681.1	lncRNA	0.07040194073921106	0.9295980592607895	NONCODEv6_celegans.fa
NONCELT024682.1	lncRNA	0.22666681787650647	0.773333182123494	NONCODEv6_celegans.fa
NONCELT024683.1	lncRNA	0.23064578670308503	0.7693542132969149	NONCODEv6_celegans.fa
NONCELT024684.1	lncRNA	0.24647150562191777	0.7535284943780826	NONCODEv6_celegans.fa
NONCELT024685.1	lncRNA	0.1986204685702188	0.8013795314297817	NONCODEv6_celegans.fa
NONCELT024686.1	lncRNA	0.26264227353561914	0.7373577264643816	NONCODEv6_celegans.fa
NONCELT024687.1	Protein_Coding	0.7661014954059561	0.23389850459404446	NONCODEv6_celegans.fa
NONCELT024688.1	lncRNA	0.1884540380726486	0.8115459619273516	NONCODEv6_celegans.fa
NONCELT024689.1	lncRNA	0.30274750705622705	0.6972524929437728	NONCODEv6_celegans.fa
NONCELT024690.1	lncRNA	0.16730167948907615	0.8326983205109237	NONCODEv6_celegans.fa
NONCELT024691.1	lncRNA	0.2865428256558487	0.7134571743441516	NONCODEv6_celegans.fa
NONCELT024692.1	lncRNA	0.4408998946471894	0.5591001053528106	NONCODEv6_celegans.fa
NONCELT024693.1	lncRNA	0.37933925026530635	0.6206607497346933	NONCODEv6_celegans.fa
NONCELT024694.1	lncRNA	0.21230067018680962	0.7876993298131904	NONCODEv6_celegans.fa
NONCELT024695.1	lncRNA	0.18134402354906057	0.8186559764509397	NONCODEv6_celegans.fa
NONCELT024696.1	lncRNA	0.1120340868627358	0.8879659131372641	NONCODEv6_celegans.fa
NONCELT024697.1	lncRNA	0.07028488690517577	0.9297151130948247	NONCODEv6_celegans.fa
NONCELT024698.1	lncRNA	0.0805994683072128	0.9194005316927875	NONCODEv6_celegans.fa
NONCELT024699.1	lncRNA	0.08459022899902785	0.9154097710009726	NONCODEv6_celegans.fa
NONCELT024700.1	lncRNA	0.16009206267085138	0.8399079373291489	NONCODEv6_celegans.fa
NONCELT024701.1	lncRNA	0.14758293227438632	0.8524170677256138	NONCODEv6_celegans.fa
NONCELT024702.1	lncRNA	0.23629851026425167	0.7637014897357486	NONCODEv6_celegans.fa
NONCELT024703.1	lncRNA	0.4697235754355937	0.530276424564406	NONCODEv6_celegans.fa
NONCELT024704.1	lncRNA	0.4110343899260253	0.5889656100739746	NONCODEv6_celegans.fa
NONCELT024705.1	Protein_Coding	0.74594924369306	0.2540507563069401	NONCODEv6_celegans.fa
NONCELT024706.1	Protein_Coding	0.6525058455504514	0.34749415444954845	NONCODEv6_celegans.fa
NONCELT024707.1	lncRNA	0.28532908453847283	0.7146709154615274	NONCODEv6_celegans.fa
NONCELT024708.1	lncRNA	0.14214565260730563	0.857854347392695	NONCODEv6_celegans.fa
NONCELT024709.1	lncRNA	0.24051641574877336	0.7594835842512265	NONCODEv6_celegans.fa
NONCELT024710.1	lncRNA	0.30016566730612515	0.6998343326938745	NONCODEv6_celegans.fa
NONCELT024711.1	lncRNA	0.042228084021885486	0.9577719159781146	NONCODEv6_celegans.fa
NONCELT024712.1	lncRNA	0.12770211909606866	0.8722978809039317	NONCODEv6_celegans.fa
NONCELT024713.1	lncRNA	0.11894350515542358	0.8810564948445766	NONCODEv6_celegans.fa
NONCELT024714.1	lncRNA	0.08306708349687732	0.9169329165031233	NONCODEv6_celegans.fa
NONCELT024715.1	lncRNA	0.2840396308382352	0.7159603691617654	NONCODEv6_celegans.fa
NONCELT024716.1	lncRNA	0.2667165199837523	0.7332834800162475	NONCODEv6_celegans.fa
NONCELT024717.1	lncRNA	0.4969250581480067	0.5030749418519932	NONCODEv6_celegans.fa
NONCELT024718.1	Protein_Coding	0.6095923371998757	0.39040766280012446	NONCODEv6_celegans.fa
NONCELT024719.1	Protein_Coding	0.7337205115637794	0.2662794884362204	NONCODEv6_celegans.fa
NONCELT024720.1	Protein_Coding	0.7492437810786702	0.2507562189213299	NONCODEv6_celegans.fa
NONCELT024721.1	lncRNA	0.16931766859815028	0.8306823314018499	NONCODEv6_celegans.fa
NONCELT024722.1	lncRNA	0.15580519905983928	0.8441948009401611	NONCODEv6_celegans.fa
NONCELT024723.1	Protein_Coding	0.7699816310408982	0.2300183689591017	NONCODEv6_celegans.fa
NONCELT024724.1	Protein_Coding	0.5778971313026909	0.42210286869730895	NONCODEv6_celegans.fa
NONCELT024725.1	lncRNA	0.08382928142262727	0.9161707185773732	NONCODEv6_celegans.fa
NONCELT024726.1	lncRNA	0.21872041807080247	0.7812795819291981	NONCODEv6_celegans.fa
NONCELT024727.1	Protein_Coding	0.5193099617000904	0.48069003829990964	NONCODEv6_celegans.fa
NONCELT024728.1	Protein_Coding	0.6254377483062189	0.3745622516937807	NONCODEv6_celegans.fa
NONCELT024729.1	lncRNA	0.1737448325336497	0.8262551674663505	NONCODEv6_celegans.fa
NONCELT024730.1	lncRNA	0.10790423606348966	0.8920957639365102	NONCODEv6_celegans.fa
NONCELT024731.1	lncRNA	0.16549304827752723	0.8345069517224728	NONCODEv6_celegans.fa
NONCELT024732.1	lncRNA	0.31210845465426285	0.6878915453457376	NONCODEv6_celegans.fa
NONCELT024733.1	Protein_Coding	0.5295510069277128	0.4704489930722871	NONCODEv6_celegans.fa
NONCELT024734.1	lncRNA	0.14631759149886503	0.8536824085011345	NONCODEv6_celegans.fa
NONCELT024735.1	lncRNA	0.05664863174146822	0.943351368258532	NONCODEv6_celegans.fa
NONCELT024736.1	lncRNA	0.08885106425967111	0.9111489357403293	NONCODEv6_celegans.fa
NONCELT024737.1	lncRNA	0.09113083344169748	0.9088691665583027	NONCODEv6_celegans.fa
NONCELT024738.1	lncRNA	0.08929444660210467	0.9107055533978957	NONCODEv6_celegans.fa
NONCELT024739.1	Protein_Coding	0.7300444801956114	0.26995551980438875	NONCODEv6_celegans.fa
NONCELT024740.1	Protein_Coding	0.6796409957776886	0.3203590042223113	NONCODEv6_celegans.fa
NONCELT024741.1	lncRNA	0.1175687605173835	0.8824312394826168	NONCODEv6_celegans.fa
NONCELT024742.1	lncRNA	0.11105785554715951	0.8889421444528408	NONCODEv6_celegans.fa
NONCELT024743.1	lncRNA	0.4255211223907747	0.5744788776092253	NONCODEv6_celegans.fa
NONCELT024744.1	lncRNA	0.3627350955494847	0.6372649044505159	NONCODEv6_celegans.fa
NONCELT024745.1	Protein_Coding	0.5031245209562011	0.496875479043799	NONCODEv6_celegans.fa
NONCELT024746.1	Protein_Coding	0.5593647637413599	0.44063523625863993	NONCODEv6_celegans.fa
NONCELT024747.1	lncRNA	0.1798583710024436	0.8201416289975565	NONCODEv6_celegans.fa
NONCELT024748.1	lncRNA	0.11373820116168373	0.8862617988383169	NONCODEv6_celegans.fa
NONCELT024749.1	lncRNA	0.12197857262947909	0.8780214273705215	NONCODEv6_celegans.fa
NONCELT024750.1	lncRNA	0.07073462100697794	0.9292653789930228	NONCODEv6_celegans.fa
NONCELT024751.1	lncRNA	0.09486800375018085	0.9051319962498195	NONCODEv6_celegans.fa
NONCELT024752.1	lncRNA	0.2645693105436235	0.7354306894563774	NONCODEv6_celegans.fa
NONCELT024753.1	lncRNA	0.32918520049324396	0.6708147995067555	NONCODEv6_celegans.fa
NONCELT024754.1	lncRNA	0.4056750172871508	0.594324982712849	NONCODEv6_celegans.fa
NONCELT024755.1	lncRNA	0.11106060276342995	0.8889393972365701	NONCODEv6_celegans.fa
NONCELT024756.1	lncRNA	0.1079034448584124	0.8920965551415873	NONCODEv6_celegans.fa
NONCELT024757.1	Protein_Coding	0.746710123960284	0.25328987603971587	NONCODEv6_celegans.fa
NONCELT024758.1	Protein_Coding	0.7217656975631356	0.27823430243686426	NONCODEv6_celegans.fa
NONCELT024759.1	Protein_Coding	0.5099866377488349	0.49001336225116493	NONCODEv6_celegans.fa
NONCELT024760.1	lncRNA	0.2615031396165282	0.7384968603834721	NONCODEv6_celegans.fa
NONCELT024761.1	lncRNA	0.3218593893693528	0.6781406106306475	NONCODEv6_celegans.fa
NONCELT024762.1	lncRNA	0.3497976867109519	0.6502023132890481	NONCODEv6_celegans.fa
NONCELT024763.1	Protein_Coding	0.5981329121911826	0.40186708780881736	NONCODEv6_celegans.fa
NONCELT024764.1	Protein_Coding	0.603743792723731	0.3962562072762692	NONCODEv6_celegans.fa
NONCELT024765.1	Protein_Coding	0.7829299592708426	0.21707004072915734	NONCODEv6_celegans.fa
NONCELT024766.1	lncRNA	0.4881767594357304	0.5118232405642698	NONCODEv6_celegans.fa
NONCELT024767.1	Protein_Coding	0.5722435298171876	0.4277564701828124	NONCODEv6_celegans.fa
NONCELT024768.1	lncRNA	0.1341961673362652	0.865803832663735	NONCODEv6_celegans.fa
NONCELT024769.1	lncRNA	0.13479458393854887	0.8652054160614518	NONCODEv6_celegans.fa
NONCELT024770.1	lncRNA	0.12802987987156023	0.8719701201284399	NONCODEv6_celegans.fa
NONCELT024771.1	Protein_Coding	0.5766591172860396	0.4233408827139603	NONCODEv6_celegans.fa
NONCELT024772.1	lncRNA	0.15728913304343317	0.8427108669565672	NONCODEv6_celegans.fa
NONCELT024773.1	lncRNA	0.47180138658138093	0.5281986134186191	NONCODEv6_celegans.fa
NONCELT024774.1	lncRNA	0.45953879520888824	0.5404612047911119	NONCODEv6_celegans.fa
NONCELT024775.1	lncRNA	0.1953724950597285	0.8046275049402712	NONCODEv6_celegans.fa
NONCELT024776.1	lncRNA	0.15624715599816238	0.843752844001838	NONCODEv6_celegans.fa
NONCELT024777.1	Protein_Coding	0.5566432890647347	0.4433567109352651	NONCODEv6_celegans.fa
NONCELT024778.1	lncRNA	0.16515045546924986	0.8348495445307504	NONCODEv6_celegans.fa
NONCELT024779.1	Protein_Coding	0.6113119833941312	0.38868801660586877	NONCODEv6_celegans.fa
NONCELT024780.1	lncRNA	0.18431117673057174	0.8156888232694287	NONCODEv6_celegans.fa
NONCELT024781.1	lncRNA	0.21584794281990305	0.7841520571800976	NONCODEv6_celegans.fa
NONCELT024782.1	Protein_Coding	0.6113119833941312	0.38868801660586877	NONCODEv6_celegans.fa
NONCELT024783.1	lncRNA	0.18431117673057174	0.8156888232694287	NONCODEv6_celegans.fa
NONCELT024784.1	lncRNA	0.21584794281990305	0.7841520571800976	NONCODEv6_celegans.fa
NONCELT024785.1	lncRNA	0.1704239149055497	0.8295760850944502	NONCODEv6_celegans.fa
NONCELT024786.1	lncRNA	0.16634399697922697	0.8336560030207733	NONCODEv6_celegans.fa
NONCELT024787.1	Protein_Coding	0.6537275367264248	0.34627246327357525	NONCODEv6_celegans.fa
NONCELT024788.1	lncRNA	0.1314682512389791	0.8685317487610211	NONCODEv6_celegans.fa
NONCELT024789.1	lncRNA	0.2794746156654486	0.7205253843345516	NONCODEv6_celegans.fa
NONCELT024790.1	lncRNA	0.21621656739886627	0.7837834326011338	NONCODEv6_celegans.fa
NONCELT024791.1	lncRNA	0.2069654994719923	0.7930345005280083	NONCODEv6_celegans.fa
NONCELT024792.1	lncRNA	0.16240048400831897	0.8375995159916816	NONCODEv6_celegans.fa
NONCELT024793.1	lncRNA	0.23132266948461333	0.7686773305153871	NONCODEv6_celegans.fa
NONCELT024794.1	lncRNA	0.18062779512657648	0.8193722048734241	NONCODEv6_celegans.fa
NONCELT024795.1	Protein_Coding	0.5047821223245668	0.4952178776754332	NONCODEv6_celegans.fa
NONCELT024796.1	Protein_Coding	0.5596835896727892	0.44031641032721053	NONCODEv6_celegans.fa
NONCELT024797.1	Protein_Coding	0.5602111925337812	0.43978880746621873	NONCODEv6_celegans.fa
NONCELT024798.1	lncRNA	0.06494626254897624	0.9350537374510243	NONCODEv6_celegans.fa
NONCELT024799.1	lncRNA	0.051202293054634744	0.9487977069453658	NONCODEv6_celegans.fa
NONCELT024800.1	lncRNA	0.05363899784759407	0.9463610021524066	NONCODEv6_celegans.fa
NONCELT024801.1	lncRNA	0.07271451776049075	0.9272854822395094	NONCODEv6_celegans.fa
NONCELT024802.1	lncRNA	0.3717489457624798	0.6282510542375198	NONCODEv6_celegans.fa
NONCELT024803.1	lncRNA	0.4407112566244784	0.5592887433755218	NONCODEv6_celegans.fa
NONCELT024804.1	lncRNA	0.3460704001214447	0.6539295998785553	NONCODEv6_celegans.fa
NONCELT024805.1	Protein_Coding	0.6126040609319945	0.3873959390680055	NONCODEv6_celegans.fa
NONCELT024806.1	lncRNA	0.33098442282219426	0.6690155771778061	NONCODEv6_celegans.fa
NONCELT024807.1	lncRNA	0.20218545314414094	0.7978145468558597	NONCODEv6_celegans.fa
NONCELT024808.1	lncRNA	0.08225853350316116	0.9177414664968393	NONCODEv6_celegans.fa
NONCELT024809.1	lncRNA	0.4347678396271634	0.5652321603728364	NONCODEv6_celegans.fa
NONCELT024810.1	lncRNA	0.1654742362680017	0.8345257637319987	NONCODEv6_celegans.fa
NONCELT024811.1	lncRNA	0.14287349812858566	0.8571265018714145	NONCODEv6_celegans.fa
NONCELT024812.1	lncRNA	0.08592145610803038	0.9140785438919693	NONCODEv6_celegans.fa
NONCELT024813.1	lncRNA	0.3361267590477213	0.6638732409522785	NONCODEv6_celegans.fa
NONCELT024814.1	lncRNA	0.3937297294689226	0.6062702705310773	NONCODEv6_celegans.fa
NONCELT024815.1	lncRNA	0.4834536772512128	0.5165463227487871	NONCODEv6_celegans.fa
NONCELT024816.1	lncRNA	0.11009249550823118	0.8899075044917684	NONCODEv6_celegans.fa
NONCELT024817.1	Protein_Coding	0.601309810463844	0.3986901895361562	NONCODEv6_celegans.fa
NONCELT024818.1	lncRNA	0.32852399423029854	0.6714760057697016	NONCODEv6_celegans.fa
NONCELT024819.1	lncRNA	0.262908375119272	0.7370916248807279	NONCODEv6_celegans.fa
NONCELT024820.1	lncRNA	0.13150732914067115	0.868492670859329	NONCODEv6_celegans.fa
NONCELT024821.1	lncRNA	0.0783069350791021	0.9216930649208981	NONCODEv6_celegans.fa
NONCELT024822.1	Protein_Coding	0.516430363998759	0.4835696360012412	NONCODEv6_celegans.fa
NONCELT024823.1	Protein_Coding	0.5501076044718528	0.4498923955281471	NONCODEv6_celegans.fa
NONCELT024824.1	lncRNA	0.413941223700379	0.5860587762996211	NONCODEv6_celegans.fa
