Transcript_ID	Prediction	Prob_Protein_Coding	Prob_lncRNA	FASTA_File
NONCELT000006.2	lncRNA	0.1619626557822064	0.8380373442177942	NONCODEv6_celegans.fa
NONCELT000022.2	lncRNA	0.2253557844804875	0.7746442155195127	NONCODEv6_celegans.fa
NONCELT000029.2	lncRNA	0.11241473816144198	0.8875852618385579	NONCODEv6_celegans.fa
NONCELT000035.2	lncRNA	0.17684136031411943	0.8231586396858798	NONCODEv6_celegans.fa
NONCELT000039.2	lncRNA	0.07368768577926565	0.9263123142207336	NONCODEv6_celegans.fa
NONCELT000042.2	lncRNA	0.03433009793828706	0.9656699020617131	NONCODEv6_celegans.fa
NONCELT000047.2	lncRNA	0.1750362355499609	0.8249637644500389	NONCODEv6_celegans.fa
NONCELT000050.2	lncRNA	0.10069583842385584	0.8993041615761438	NONCODEv6_celegans.fa
NONCELT000062.2	lncRNA	0.08812842779412612	0.9118715722058736	NONCODEv6_celegans.fa
NONCELT000063.2	lncRNA	0.13420302770025502	0.8657969722997448	NONCODEv6_celegans.fa
NONCELT000068.2	lncRNA	0.09837540098296375	0.9016245990170361	NONCODEv6_celegans.fa
NONCELT000070.2	lncRNA	0.026272220890573995	0.9737277791094263	NONCODEv6_celegans.fa
NONCELT000087.2	lncRNA	0.1104759439445277	0.8895240560554717	NONCODEv6_celegans.fa
NONCELT000090.2	lncRNA	0.27006858550476986	0.7299314144952301	NONCODEv6_celegans.fa
NONCELT000094.2	lncRNA	0.05343223167763178	0.9465677683223684	NONCODEv6_celegans.fa
NONCELT000097.2	lncRNA	0.2815505566053072	0.7184494433946926	NONCODEv6_celegans.fa
NONCELT000102.2	lncRNA	0.07326117744753781	0.9267388225524615	NONCODEv6_celegans.fa
NONCELT000103.2	lncRNA	0.0779297392712786	0.9220702607287212	NONCODEv6_celegans.fa
NONCELT000128.2	lncRNA	0.2756131212395963	0.724386878760404	NONCODEv6_celegans.fa
NONCELT000135.2	lncRNA	0.24432973509337955	0.7556702649066203	NONCODEv6_celegans.fa
NONCELT000136.2	lncRNA	0.288134523160133	0.7118654768398672	NONCODEv6_celegans.fa
NONCELT000140.2	Protein_Coding	0.7312700409911499	0.2687299590088502	NONCODEv6_celegans.fa
NONCELT000143.2	lncRNA	0.42133974776967675	0.5786602522303236	NONCODEv6_celegans.fa
NONCELT000154.2	lncRNA	0.25937044629668743	0.7406295537033132	NONCODEv6_celegans.fa
NONCELT000158.2	lncRNA	0.2150615281959906	0.7849384718040088	NONCODEv6_celegans.fa
NONCELT000171.2	lncRNA	0.1258517833761185	0.8741482166238806	NONCODEv6_celegans.fa
NONCELT000177.2	lncRNA	0.07838003331887691	0.9216199666811231	NONCODEv6_celegans.fa
NONCELT000193.2	lncRNA	0.19024927583736087	0.8097507241626386	NONCODEv6_celegans.fa
NONCELT000194.2	lncRNA	0.18874884853095122	0.8112511514690487	NONCODEv6_celegans.fa
NONCELT000195.2	lncRNA	0.1218198719577282	0.8781801280422716	NONCODEv6_celegans.fa
NONCELT000197.2	lncRNA	0.26042727864775567	0.7395727213522435	NONCODEv6_celegans.fa
NONCELT000198.2	lncRNA	0.17764355729568443	0.822356442704315	NONCODEv6_celegans.fa
NONCELT000216.2	lncRNA	0.07594855325013962	0.92405144674986	NONCODEv6_celegans.fa
NONCELT000221.2	lncRNA	0.05470915016020423	0.9452908498397953	NONCODEv6_celegans.fa
NONCELT000229.2	lncRNA	0.4232014299366951	0.5767985700633047	NONCODEv6_celegans.fa
NONCELT000230.2	lncRNA	0.17581544895149076	0.8241845510485092	NONCODEv6_celegans.fa
NONCELT000233.2	lncRNA	0.04496850429247186	0.9550314957075278	NONCODEv6_celegans.fa
NONCELT000234.2	lncRNA	0.12841946388081668	0.871580536119183	NONCODEv6_celegans.fa
NONCELT000236.2	lncRNA	0.3725807106285908	0.6274192893714089	NONCODEv6_celegans.fa
NONCELT000238.2	lncRNA	0.04732309796410099	0.9526769020358987	NONCODEv6_celegans.fa
NONCELT000253.2	lncRNA	0.40296281138726353	0.5970371886127361	NONCODEv6_celegans.fa
NONCELT000254.2	lncRNA	0.1240180414314641	0.8759819585685357	NONCODEv6_celegans.fa
NONCELT000278.2	lncRNA	0.07630268800103834	0.9236973119989623	NONCODEv6_celegans.fa
NONCELT000279.2	lncRNA	0.08597231211079832	0.914027687889202	NONCODEv6_celegans.fa
NONCELT000297.2	lncRNA	0.4854880777225272	0.5145119222774729	NONCODEv6_celegans.fa
NONCELT000298.2	lncRNA	0.1780233045939113	0.8219766954060884	NONCODEv6_celegans.fa
NONCELT000299.2	lncRNA	0.17829186473000083	0.8217081352699986	NONCODEv6_celegans.fa
NONCELT000301.2	lncRNA	0.3502705806434319	0.6497294193565678	NONCODEv6_celegans.fa
NONCELT000310.2	lncRNA	0.08995596444256233	0.910044035557438	NONCODEv6_celegans.fa
NONCELT000321.2	lncRNA	0.18712767074065503	0.8128723292593446	NONCODEv6_celegans.fa
NONCELT000322.2	lncRNA	0.13806231576690117	0.8619376842330987	NONCODEv6_celegans.fa
NONCELT000323.2	lncRNA	0.14345520412356477	0.8565447958764352	NONCODEv6_celegans.fa
NONCELT000336.2	lncRNA	0.16010792751845826	0.8398920724815415	NONCODEv6_celegans.fa
NONCELT000339.2	lncRNA	0.22384888968415714	0.7761511103158426	NONCODEv6_celegans.fa
NONCELT000340.2	lncRNA	0.10526721164931609	0.8947327883506841	NONCODEv6_celegans.fa
NONCELT000381.2	lncRNA	0.3101975840196472	0.6898024159803534	NONCODEv6_celegans.fa
NONCELT000382.2	lncRNA	0.14065830971800947	0.8593416902819905	NONCODEv6_celegans.fa
NONCELT000388.2	lncRNA	0.031177014297190393	0.9688229857028102	NONCODEv6_celegans.fa
NONCELT000403.2	lncRNA	0.15026004686696515	0.8497399531330344	NONCODEv6_celegans.fa
NONCELT000409.2	lncRNA	0.11216591918413406	0.8878340808158656	NONCODEv6_celegans.fa
NONCELT000426.2	lncRNA	0.1492056326259131	0.8507943673740868	NONCODEv6_celegans.fa
NONCELT000435.2	lncRNA	0.24759577628211793	0.7524042237178818	NONCODEv6_celegans.fa
NONCELT000436.2	lncRNA	0.10322029693155883	0.896779703068441	NONCODEv6_celegans.fa
NONCELT000442.2	lncRNA	0.17605799689246154	0.8239420031075385	NONCODEv6_celegans.fa
NONCELT000451.2	lncRNA	0.1019748794635614	0.8980251205364382	NONCODEv6_celegans.fa
NONCELT000456.2	lncRNA	0.17911943473476447	0.8208805652652355	NONCODEv6_celegans.fa
NONCELT000459.2	lncRNA	0.17667573494639438	0.823324265053606	NONCODEv6_celegans.fa
NONCELT000488.2	lncRNA	0.10651666362430873	0.8934833363756913	NONCODEv6_celegans.fa
NONCELT000497.2	lncRNA	0.060804511253278445	0.9391954887467215	NONCODEv6_celegans.fa
NONCELT000502.2	lncRNA	0.22694440453177842	0.7730555954682218	NONCODEv6_celegans.fa
NONCELT000506.2	lncRNA	0.1466221159140568	0.8533778840859427	NONCODEv6_celegans.fa
NONCELT000509.2	lncRNA	0.4451655889375732	0.5548344110624268	NONCODEv6_celegans.fa
NONCELT000510.2	Protein_Coding	0.6307714374537305	0.36922856254626946	NONCODEv6_celegans.fa
NONCELT000515.2	lncRNA	0.12275583299835759	0.8772441670016422	NONCODEv6_celegans.fa
NONCELT000519.2	lncRNA	0.13787297525772446	0.8621270247422751	NONCODEv6_celegans.fa
NONCELT000536.2	lncRNA	0.09439420349176765	0.9056057965082318	NONCODEv6_celegans.fa
NONCELT000537.2	lncRNA	0.027394229145935325	0.9726057708540649	NONCODEv6_celegans.fa
NONCELT000541.2	Protein_Coding	0.7720546602308815	0.22794533976911888	NONCODEv6_celegans.fa
NONCELT000542.2	lncRNA	0.16615551395363126	0.8338444860463688	NONCODEv6_celegans.fa
NONCELT000560.2	Protein_Coding	0.6866278790849408	0.31337212091505895	NONCODEv6_celegans.fa
NONCELT000565.2	lncRNA	0.19140661933158237	0.8085933806684171	NONCODEv6_celegans.fa
NONCELT000574.2	lncRNA	0.356940325261764	0.6430596747382364	NONCODEv6_celegans.fa
NONCELT000576.2	lncRNA	0.10464343293200278	0.895356567067997	NONCODEv6_celegans.fa
NONCELT000577.2	lncRNA	0.1402422392828614	0.859757760717138	NONCODEv6_celegans.fa
NONCELT000580.2	lncRNA	0.34552566294686465	0.6544743370531352	NONCODEv6_celegans.fa
NONCELT000604.2	lncRNA	0.33774288279676123	0.6622571172032381	NONCODEv6_celegans.fa
NONCELT000611.2	lncRNA	0.013874212337655664	0.9861257876623445	NONCODEv6_celegans.fa
NONCELT000613.2	lncRNA	0.13423169592566142	0.865768304074338	NONCODEv6_celegans.fa
NONCELT000614.2	lncRNA	0.1725427086010138	0.827457291398986	NONCODEv6_celegans.fa
NONCELT000620.2	lncRNA	0.08081128830763265	0.9191887116923669	NONCODEv6_celegans.fa
NONCELT000621.2	lncRNA	0.09448198612956148	0.905518013870438	NONCODEv6_celegans.fa
NONCELT000635.2	lncRNA	0.07982599557376603	0.9201740044262336	NONCODEv6_celegans.fa
NONCELT000646.2	lncRNA	0.08161350601834146	0.9183864939816586	NONCODEv6_celegans.fa
NONCELT000656.2	lncRNA	0.06598056499466193	0.9340194350053382	NONCODEv6_celegans.fa
NONCELT000658.2	lncRNA	0.08817714761199305	0.9118228523880066	NONCODEv6_celegans.fa
NONCELT000672.2	lncRNA	0.042570093090689064	0.9574299069093106	NONCODEv6_celegans.fa
NONCELT000698.2	lncRNA	0.12362566213679536	0.8763743378632038	NONCODEv6_celegans.fa
NONCELT000699.2	lncRNA	0.14951033380145676	0.8504896661985426	NONCODEv6_celegans.fa
NONCELT000706.2	lncRNA	0.16211705446218905	0.8378829455378104	NONCODEv6_celegans.fa
NONCELT000710.2	lncRNA	0.16238023852413597	0.8376197614758637	NONCODEv6_celegans.fa
NONCELT000727.2	lncRNA	0.11290692330529883	0.8870930766947009	NONCODEv6_celegans.fa
NONCELT000730.2	lncRNA	0.10489573020498341	0.8951042697950171	NONCODEv6_celegans.fa
NONCELT000732.2	lncRNA	0.1108754913500819	0.8891245086499183	NONCODEv6_celegans.fa
NONCELT000734.2	lncRNA	0.0865724462149245	0.9134275537850752	NONCODEv6_celegans.fa
NONCELT000739.2	lncRNA	0.14987980204191487	0.8501201979580848	NONCODEv6_celegans.fa
NONCELT000743.2	lncRNA	0.13195844478230925	0.8680415552176902	NONCODEv6_celegans.fa
NONCELT000762.2	lncRNA	0.01599775609035912	0.9840022439096412	NONCODEv6_celegans.fa
NONCELT000764.2	lncRNA	0.21104025002206864	0.7889597499779312	NONCODEv6_celegans.fa
NONCELT000765.2	lncRNA	0.15142922798563518	0.8485707720143638	NONCODEv6_celegans.fa
NONCELT000768.2	lncRNA	0.1956254707554549	0.8043745292445451	NONCODEv6_celegans.fa
NONCELT000769.2	lncRNA	0.1809170908890447	0.8190829091109554	NONCODEv6_celegans.fa
NONCELT000781.2	lncRNA	0.06276498849002204	0.9372350115099778	NONCODEv6_celegans.fa
NONCELT000788.2	lncRNA	0.1882327944009845	0.8117672055990158	NONCODEv6_celegans.fa
NONCELT000792.2	lncRNA	0.09459555931035625	0.9054044406896437	NONCODEv6_celegans.fa
NONCELT000799.2	lncRNA	0.13165800995151045	0.8683419900484893	NONCODEv6_celegans.fa
NONCELT000800.2	lncRNA	0.25163247326718924	0.7483675267328107	NONCODEv6_celegans.fa
NONCELT000811.2	lncRNA	0.2794850965510324	0.7205149034489685	NONCODEv6_celegans.fa
NONCELT000812.2	lncRNA	0.3040433899268215	0.6959566100731779	NONCODEv6_celegans.fa
NONCELT000813.2	lncRNA	0.12394445957499417	0.8760555404250056	NONCODEv6_celegans.fa
NONCELT000819.2	lncRNA	0.23852318659866306	0.7614768134013365	NONCODEv6_celegans.fa
NONCELT000822.2	lncRNA	0.11570633608456546	0.8842936639154344	NONCODEv6_celegans.fa
NONCELT000823.2	lncRNA	0.09960471078929801	0.900395289210702	NONCODEv6_celegans.fa
NONCELT000826.2	lncRNA	0.07828160466851236	0.9217183953314877	NONCODEv6_celegans.fa
NONCELT000832.2	lncRNA	0.19063805500167505	0.8093619449983246	NONCODEv6_celegans.fa
NONCELT000843.2	Protein_Coding	0.6735049712295123	0.3264950287704877	NONCODEv6_celegans.fa
NONCELT000846.2	lncRNA	0.1985391560655547	0.8014608439344449	NONCODEv6_celegans.fa
NONCELT000851.2	Protein_Coding	0.5265826461302957	0.4734173538697043	NONCODEv6_celegans.fa
NONCELT000852.2	lncRNA	0.3159448510592636	0.6840551489407366	NONCODEv6_celegans.fa
NONCELT000854.2	Protein_Coding	0.5594572729845319	0.440542727015468	NONCODEv6_celegans.fa
NONCELT000856.2	Protein_Coding	0.5787775868693096	0.42122241313069025	NONCODEv6_celegans.fa
NONCELT000857.2	lncRNA	0.02629849762141408	0.9737015023785863	NONCODEv6_celegans.fa
NONCELT000859.2	lncRNA	0.023638787955077754	0.976361212044922	NONCODEv6_celegans.fa
NONCELT000861.2	lncRNA	0.25053500439029874	0.7494649956097015	NONCODEv6_celegans.fa
NONCELT000866.2	lncRNA	0.11323899217671704	0.8867610078232826	NONCODEv6_celegans.fa
NONCELT000872.2	lncRNA	0.07382361372443279	0.9261763862755673	NONCODEv6_celegans.fa
NONCELT000873.2	lncRNA	0.12741076237027354	0.872589237629726	NONCODEv6_celegans.fa
NONCELT000877.2	lncRNA	0.22182580869625154	0.7781741913037485	NONCODEv6_celegans.fa
NONCELT000880.2	lncRNA	0.45595512201337407	0.544044877986626	NONCODEv6_celegans.fa
NONCELT000883.2	lncRNA	0.12260922851967451	0.8773907714803255	NONCODEv6_celegans.fa
NONCELT000897.2	lncRNA	0.12230620317802222	0.8776937968219775	NONCODEv6_celegans.fa
NONCELT000921.2	lncRNA	0.3982115865745323	0.601788413425468	NONCODEv6_celegans.fa
NONCELT000925.2	lncRNA	0.20920249861911927	0.7907975013808806	NONCODEv6_celegans.fa
NONCELT000928.2	lncRNA	0.13940019449675062	0.8605998055032488	NONCODEv6_celegans.fa
NONCELT000940.2	lncRNA	0.2206748418804008	0.7793251581195991	NONCODEv6_celegans.fa
NONCELT000941.2	lncRNA	0.276183135821697	0.7238168641783028	NONCODEv6_celegans.fa
NONCELT000978.2	lncRNA	0.1538209206914341	0.8461790793085653	NONCODEv6_celegans.fa
NONCELT001018.2	lncRNA	0.1718656553762235	0.8281343446237762	NONCODEv6_celegans.fa
NONCELT001027.2	lncRNA	0.33595365753960343	0.6640463424603958	NONCODEv6_celegans.fa
NONCELT001045.2	Protein_Coding	0.7073695076637979	0.292630492336202	NONCODEv6_celegans.fa
NONCELT001054.2	lncRNA	0.17806715804681247	0.8219328419531872	NONCODEv6_celegans.fa
NONCELT001057.2	lncRNA	0.2594464932437797	0.7405535067562204	NONCODEv6_celegans.fa
NONCELT001063.2	Protein_Coding	0.6502242325163762	0.3497757674836238	NONCODEv6_celegans.fa
NONCELT001074.2	lncRNA	0.2247268115341336	0.7752731884658659	NONCODEv6_celegans.fa
NONCELT001102.2	Protein_Coding	0.5490709583350883	0.45092904166491143	NONCODEv6_celegans.fa
NONCELT001109.2	lncRNA	0.15717018883763026	0.8428298111623691	NONCODEv6_celegans.fa
NONCELT001113.2	lncRNA	0.15717018883763026	0.8428298111623691	NONCODEv6_celegans.fa
NONCELT001117.2	lncRNA	0.08357324973787172	0.9164267502621278	NONCODEv6_celegans.fa
NONCELT001118.2	Protein_Coding	0.5239455544216087	0.47605444557839127	NONCODEv6_celegans.fa
NONCELT001119.2	lncRNA	0.23249723029422267	0.7675027697057764	NONCODEv6_celegans.fa
NONCELT001120.2	lncRNA	0.12829606444450098	0.8717039355554987	NONCODEv6_celegans.fa
NONCELT001127.2	lncRNA	0.07201244802030309	0.9279875519796966	NONCODEv6_celegans.fa
NONCELT001128.2	lncRNA	0.11853533406593894	0.8814646659340605	NONCODEv6_celegans.fa
NONCELT001137.2	Protein_Coding	0.7571064637125569	0.24289353628744298	NONCODEv6_celegans.fa
NONCELT001138.2	lncRNA	0.10231622772100846	0.8976837722789911	NONCODEv6_celegans.fa
NONCELT001141.2	lncRNA	0.10596462911292807	0.8940353708870714	NONCODEv6_celegans.fa
NONCELT001142.2	lncRNA	0.15023465203349448	0.8497653479665052	NONCODEv6_celegans.fa
NONCELT001145.2	lncRNA	0.10596462911292807	0.8940353708870714	NONCODEv6_celegans.fa
NONCELT001146.2	lncRNA	0.15023465203349448	0.8497653479665052	NONCODEv6_celegans.fa
NONCELT001149.2	lncRNA	0.15006949406200457	0.849930505937995	NONCODEv6_celegans.fa
NONCELT001151.2	lncRNA	0.23249723029422267	0.7675027697057764	NONCODEv6_celegans.fa
NONCELT001152.2	lncRNA	0.12829606444450098	0.8717039355554987	NONCODEv6_celegans.fa
NONCELT001155.2	Protein_Coding	0.6971630693377633	0.30283693066223644	NONCODEv6_celegans.fa
NONCELT001164.2	Protein_Coding	0.6825288546782823	0.3174711453217182	NONCODEv6_celegans.fa
NONCELT001169.2	lncRNA	0.34130528101644264	0.6586947189835578	NONCODEv6_celegans.fa
NONCELT001171.2	lncRNA	0.32154615587950747	0.6784538441204924	NONCODEv6_celegans.fa
NONCELT001176.2	lncRNA	0.17585670093414077	0.8241432990658593	NONCODEv6_celegans.fa
NONCELT001178.2	lncRNA	0.18418805345259473	0.8158119465474054	NONCODEv6_celegans.fa
NONCELT001179.2	lncRNA	0.31947696142633375	0.680523038573666	NONCODEv6_celegans.fa
NONCELT001188.2	lncRNA	0.4679956173114689	0.5320043826885311	NONCODEv6_celegans.fa
NONCELT001189.2	lncRNA	0.11590245423189648	0.8840975457681036	NONCODEv6_celegans.fa
NONCELT001190.2	Protein_Coding	0.6708308376150757	0.3291691623849247	NONCODEv6_celegans.fa
NONCELT001195.2	lncRNA	0.16909332523666343	0.8309066747633365	NONCODEv6_celegans.fa
NONCELT001197.2	lncRNA	0.25605505326278505	0.7439449467372147	NONCODEv6_celegans.fa
NONCELT001205.2	lncRNA	0.059096459930753	0.9409035400692466	NONCODEv6_celegans.fa
NONCELT001206.2	lncRNA	0.2513695195011008	0.7486304804988984	NONCODEv6_celegans.fa
NONCELT001207.2	lncRNA	0.35418682582770145	0.6458131741722984	NONCODEv6_celegans.fa
NONCELT001208.2	lncRNA	0.11166278469885704	0.8883372153011427	NONCODEv6_celegans.fa
NONCELT001210.2	lncRNA	0.13189839149974258	0.8681016085002575	NONCODEv6_celegans.fa
NONCELT001211.2	lncRNA	0.18092722398276606	0.8190727760172337	NONCODEv6_celegans.fa
NONCELT001212.2	lncRNA	0.014738621641458468	0.9852613783585416	NONCODEv6_celegans.fa
NONCELT001214.2	lncRNA	0.015753974638787298	0.9842460253612129	NONCODEv6_celegans.fa
NONCELT001218.2	Protein_Coding	0.5551782143504779	0.4448217856495224	NONCODEv6_celegans.fa
NONCELT001228.2	Protein_Coding	0.6370736417083488	0.3629263582916509	NONCODEv6_celegans.fa
NONCELT001231.2	Protein_Coding	0.5355277041942101	0.4644722958057898	NONCODEv6_celegans.fa
NONCELT001259.2	lncRNA	0.31191183773555603	0.6880881622644437	NONCODEv6_celegans.fa
NONCELT001269.2	lncRNA	0.09500676003993166	0.904993239960068	NONCODEv6_celegans.fa
NONCELT001270.2	lncRNA	0.08473854108327829	0.9152614589167222	NONCODEv6_celegans.fa
NONCELT001275.2	Protein_Coding	0.7660533612336602	0.2339466387663397	NONCODEv6_celegans.fa
NONCELT001280.2	Protein_Coding	0.5949886837240399	0.4050113162759603	NONCODEv6_celegans.fa
NONCELT001291.2	lncRNA	0.12987283277528952	0.8701271672247102	NONCODEv6_celegans.fa
NONCELT001293.2	lncRNA	0.1878096887873298	0.81219031121267	NONCODEv6_celegans.fa
NONCELT001306.2	lncRNA	0.05753832143353211	0.9424616785664677	NONCODEv6_celegans.fa
NONCELT001339.2	lncRNA	0.13513947015580818	0.8648605298441913	NONCODEv6_celegans.fa
NONCELT001346.2	Protein_Coding	0.5113093690171368	0.48869063098286314	NONCODEv6_celegans.fa
NONCELT001355.2	lncRNA	0.04982609844579004	0.9501739015542104	NONCODEv6_celegans.fa
NONCELT001361.2	lncRNA	0.259890952850579	0.7401090471494212	NONCODEv6_celegans.fa
NONCELT001363.2	lncRNA	0.1277903684697243	0.8722096315302758	NONCODEv6_celegans.fa
NONCELT001370.2	Protein_Coding	0.5001152540941374	0.49988474590586257	NONCODEv6_celegans.fa
NONCELT001371.2	lncRNA	0.3983553961916294	0.6016446038083708	NONCODEv6_celegans.fa
NONCELT001374.2	lncRNA	0.09978477320815153	0.9002152267918482	NONCODEv6_celegans.fa
NONCELT001377.2	lncRNA	0.19224411706819752	0.8077558829318023	NONCODEv6_celegans.fa
NONCELT001384.2	lncRNA	0.23041091081353968	0.7695890891864603	NONCODEv6_celegans.fa
NONCELT001385.2	lncRNA	0.4073573717395772	0.5926426282604226	NONCODEv6_celegans.fa
NONCELT001387.2	lncRNA	0.16702930824913628	0.8329706917508636	NONCODEv6_celegans.fa
NONCELT001388.2	lncRNA	0.13039807639358383	0.869601923606416	NONCODEv6_celegans.fa
NONCELT001392.2	lncRNA	0.40658488407337917	0.5934151159266207	NONCODEv6_celegans.fa
NONCELT001394.2	lncRNA	0.16702930824913628	0.8329706917508636	NONCODEv6_celegans.fa
NONCELT001395.2	lncRNA	0.13039807639358383	0.869601923606416	NONCODEv6_celegans.fa
NONCELT001401.2	lncRNA	0.011949799240211792	0.9880502007597882	NONCODEv6_celegans.fa
NONCELT001407.2	lncRNA	0.10869832422441376	0.8913016757755864	NONCODEv6_celegans.fa
NONCELT001411.2	lncRNA	0.16274734841776226	0.8372526515822373	NONCODEv6_celegans.fa
NONCELT001443.2	Protein_Coding	0.5532695731855781	0.4467304268144215	NONCODEv6_celegans.fa
NONCELT001456.2	lncRNA	0.06213699868277438	0.9378630013172253	NONCODEv6_celegans.fa
NONCELT001457.2	lncRNA	0.11603029030008233	0.883969709699917	NONCODEv6_celegans.fa
NONCELT001462.2	lncRNA	0.011783611372943127	0.9882163886270572	NONCODEv6_celegans.fa
NONCELT001467.2	Protein_Coding	0.8014326383303823	0.19856736166961772	NONCODEv6_celegans.fa
NONCELT001468.2	lncRNA	0.318187795109428	0.6818122048905713	NONCODEv6_celegans.fa
NONCELT001476.2	lncRNA	0.03962234856810628	0.9603776514318942	NONCODEv6_celegans.fa
NONCELT001477.2	lncRNA	0.04504913920757668	0.9549508607924232	NONCODEv6_celegans.fa
NONCELT001483.2	Protein_Coding	0.5909352439160139	0.4090647560839862	NONCODEv6_celegans.fa
NONCELT001484.2	lncRNA	0.44693194150440274	0.5530680584955971	NONCODEv6_celegans.fa
NONCELT001485.2	lncRNA	0.11575562466625725	0.8842443753337424	NONCODEv6_celegans.fa
NONCELT001486.2	lncRNA	0.09200204054355361	0.9079979594564463	NONCODEv6_celegans.fa
NONCELT001490.2	lncRNA	0.1355488386312996	0.8644511613686997	NONCODEv6_celegans.fa
NONCELT001559.2	lncRNA	0.0256674439931247	0.9743325560068762	NONCODEv6_celegans.fa
NONCELT001560.2	lncRNA	0.02733200621403801	0.972667993785962	NONCODEv6_celegans.fa
NONCELT001570.2	Protein_Coding	0.6530467249642586	0.34695327503574147	NONCODEv6_celegans.fa
NONCELT001577.2	Protein_Coding	0.7067282088535115	0.29327179114648855	NONCODEv6_celegans.fa
NONCELT001582.2	lncRNA	0.13388042877693274	0.8661195712230668	NONCODEv6_celegans.fa
NONCELT001583.2	lncRNA	0.09591362668525036	0.9040863733147493	NONCODEv6_celegans.fa
NONCELT001592.2	lncRNA	0.14894758080010673	0.8510524191998927	NONCODEv6_celegans.fa
NONCELT001593.2	lncRNA	0.15018203026900745	0.849817969730993	NONCODEv6_celegans.fa
NONCELT001600.2	Protein_Coding	0.7183492150314065	0.2816507849685936	NONCODEv6_celegans.fa
NONCELT001605.2	lncRNA	0.15599091188861608	0.8440090881113835	NONCODEv6_celegans.fa
NONCELT001606.2	lncRNA	0.3461495049326686	0.6538504950673312	NONCODEv6_celegans.fa
NONCELT001613.2	Protein_Coding	0.7515994004501073	0.24840059954989274	NONCODEv6_celegans.fa
NONCELT001629.2	lncRNA	0.05853632163050005	0.9414636783695005	NONCODEv6_celegans.fa
NONCELT001630.2	lncRNA	0.08605294854894668	0.9139470514510535	NONCODEv6_celegans.fa
NONCELT001637.2	Protein_Coding	0.5977389547276217	0.4022610452723789	NONCODEv6_celegans.fa
NONCELT001638.2	Protein_Coding	0.6708322866505908	0.3291677133494091	NONCODEv6_celegans.fa
NONCELT001639.2	lncRNA	0.1396750256251695	0.8603249743748302	NONCODEv6_celegans.fa
NONCELT001640.2	lncRNA	0.15024995513178438	0.8497500448682157	NONCODEv6_celegans.fa
NONCELT001642.2	Protein_Coding	0.5029730214390826	0.49702697856091727	NONCODEv6_celegans.fa
NONCELT001644.2	lncRNA	0.12550061986988534	0.8744993801301144	NONCODEv6_celegans.fa
NONCELT001648.2	lncRNA	0.08532357157007116	0.9146764284299285	NONCODEv6_celegans.fa
NONCELT001684.2	lncRNA	0.053861439477249855	0.9461385605227504	NONCODEv6_celegans.fa
NONCELT001687.2	lncRNA	0.12038988823795457	0.8796101117620453	NONCODEv6_celegans.fa
NONCELT001695.2	lncRNA	0.06086338612568174	0.9391366138743181	NONCODEv6_celegans.fa
NONCELT001707.2	Protein_Coding	0.6024012985168408	0.3975987014831592	NONCODEv6_celegans.fa
NONCELT001711.2	lncRNA	0.2450545981362417	0.754945401863758	NONCODEv6_celegans.fa
NONCELT001718.2	Protein_Coding	0.675806688147622	0.32419331185237826	NONCODEv6_celegans.fa
NONCELT001719.2	Protein_Coding	0.5160725334340666	0.48392746656593355	NONCODEv6_celegans.fa
NONCELT001720.2	lncRNA	0.24748721477234212	0.7525127852276574	NONCODEv6_celegans.fa
NONCELT001729.2	lncRNA	0.05150666695661481	0.9484933330433852	NONCODEv6_celegans.fa
NONCELT001730.2	lncRNA	0.0414490552421689	0.958550944757831	NONCODEv6_celegans.fa
NONCELT001736.2	lncRNA	0.17118840382934442	0.8288115961706551	NONCODEv6_celegans.fa
NONCELT001737.2	lncRNA	0.10748410731264967	0.8925158926873503	NONCODEv6_celegans.fa
NONCELT001746.2	lncRNA	0.13283042782098217	0.8671695721790179	NONCODEv6_celegans.fa
NONCELT001763.2	Protein_Coding	0.7613661066006081	0.238633893399392	NONCODEv6_celegans.fa
NONCELT001764.2	Protein_Coding	0.6948030279346076	0.3051969720653925	NONCODEv6_celegans.fa
NONCELT001767.2	lncRNA	0.1415585614421199	0.8584414385578804	NONCODEv6_celegans.fa
NONCELT001768.2	lncRNA	0.0965520935339567	0.9034479064660429	NONCODEv6_celegans.fa
NONCELT001769.2	lncRNA	0.05498464016342904	0.9450153598365705	NONCODEv6_celegans.fa
NONCELT001770.2	lncRNA	0.05455470270815448	0.9454452972918453	NONCODEv6_celegans.fa
NONCELT001773.2	lncRNA	0.2830527779628034	0.7169472220371964	NONCODEv6_celegans.fa
NONCELT001775.2	Protein_Coding	0.6342815893215655	0.36571841067843447	NONCODEv6_celegans.fa
NONCELT001779.2	lncRNA	0.30052964723397724	0.6994703527660229	NONCODEv6_celegans.fa
NONCELT001781.2	Protein_Coding	0.6697087665991656	0.33029123340083477	NONCODEv6_celegans.fa
NONCELT001785.2	Protein_Coding	0.569766973701784	0.43023302629821636	NONCODEv6_celegans.fa
NONCELT001793.2	Protein_Coding	0.6229821056962946	0.377017894303705	NONCODEv6_celegans.fa
NONCELT001796.2	lncRNA	0.10806242846445241	0.8919375715355471	NONCODEv6_celegans.fa
NONCELT001809.2	lncRNA	0.0105024255063484	0.9894975744936515	NONCODEv6_celegans.fa
NONCELT001820.2	lncRNA	0.1018544256283423	0.8981455743716571	NONCODEv6_celegans.fa
NONCELT001831.2	lncRNA	0.2753463589519079	0.7246536410480917	NONCODEv6_celegans.fa
NONCELT001833.2	lncRNA	0.09486767825500349	0.9051323217449965	NONCODEv6_celegans.fa
NONCELT001840.2	lncRNA	0.11425717968182732	0.8857428203181723	NONCODEv6_celegans.fa
NONCELT001843.2	lncRNA	0.09442247355158759	0.9055775264484132	NONCODEv6_celegans.fa
NONCELT001845.2	lncRNA	0.05443447744863144	0.9455655225513686	NONCODEv6_celegans.fa
NONCELT001858.2	lncRNA	0.021129290580759078	0.9788707094192408	NONCODEv6_celegans.fa
NONCELT001859.2	lncRNA	0.49143955314569726	0.5085604468543026	NONCODEv6_celegans.fa
NONCELT001871.2	lncRNA	0.1912260538182155	0.8087739461817842	NONCODEv6_celegans.fa
NONCELT001875.2	lncRNA	0.12827884899160655	0.871721151008393	NONCODEv6_celegans.fa
NONCELT001876.2	lncRNA	0.13411549528400366	0.8658845047159963	NONCODEv6_celegans.fa
NONCELT001881.2	lncRNA	0.2626259268890185	0.737374073110982	NONCODEv6_celegans.fa
NONCELT001882.2	lncRNA	0.17715200544679144	0.822847994553208	NONCODEv6_celegans.fa
NONCELT001885.2	lncRNA	0.12078771035851041	0.8792122896414895	NONCODEv6_celegans.fa
NONCELT001886.2	lncRNA	0.10884032103454624	0.8911596789654539	NONCODEv6_celegans.fa
NONCELT001892.2	lncRNA	0.06314359593740175	0.9368564040625982	NONCODEv6_celegans.fa
NONCELT001901.2	lncRNA	0.15965930760774327	0.8403406923922564	NONCODEv6_celegans.fa
NONCELT001907.2	lncRNA	0.1094215788778907	0.8905784211221093	NONCODEv6_celegans.fa
NONCELT001909.2	lncRNA	0.13964815199686734	0.8603518480031327	NONCODEv6_celegans.fa
NONCELT001914.2	lncRNA	0.1067849503741469	0.8932150496258531	NONCODEv6_celegans.fa
NONCELT001921.2	lncRNA	0.1513798437082313	0.8486201562917685	NONCODEv6_celegans.fa
NONCELT001922.2	lncRNA	0.2422455579413213	0.757754442058678	NONCODEv6_celegans.fa
NONCELT001924.2	lncRNA	0.10371937392215928	0.8962806260778402	NONCODEv6_celegans.fa
NONCELT001925.2	lncRNA	0.15072317384602452	0.8492768261539747	NONCODEv6_celegans.fa
NONCELT001940.2	lncRNA	0.33442888596053866	0.6655711140394615	NONCODEv6_celegans.fa
NONCELT001972.2	lncRNA	0.08083249546074582	0.919167504539254	NONCODEv6_celegans.fa
NONCELT001990.2	lncRNA	0.05334744490149359	0.9466525550985062	NONCODEv6_celegans.fa
NONCELT001991.2	lncRNA	0.08192837498385985	0.91807162501614	NONCODEv6_celegans.fa
NONCELT001995.2	lncRNA	0.2754477023613849	0.7245522976386144	NONCODEv6_celegans.fa
NONCELT001996.2	lncRNA	0.13358408391230753	0.8664159160876921	NONCODEv6_celegans.fa
NONCELT002011.2	lncRNA	0.2196773796347215	0.7803226203652779	NONCODEv6_celegans.fa
NONCELT002012.2	lncRNA	0.2160005158308012	0.7839994841691987	NONCODEv6_celegans.fa
NONCELT002026.2	lncRNA	0.13750885776544	0.86249114223456	NONCODEv6_celegans.fa
NONCELT002027.2	lncRNA	0.14787570912391212	0.8521242908760881	NONCODEv6_celegans.fa
NONCELT002030.2	lncRNA	0.04651912222184212	0.9534808777781576	NONCODEv6_celegans.fa
NONCELT002033.2	lncRNA	0.12754295630126627	0.8724570436987337	NONCODEv6_celegans.fa
NONCELT002035.2	lncRNA	0.22752260878546082	0.7724773912145395	NONCODEv6_celegans.fa
NONCELT002048.2	lncRNA	0.08918502966795705	0.9108149703320424	NONCODEv6_celegans.fa
NONCELT002052.2	lncRNA	0.14379218857709064	0.8562078114229092	NONCODEv6_celegans.fa
NONCELT002061.2	lncRNA	0.14307940317937828	0.8569205968206212	NONCODEv6_celegans.fa
NONCELT002085.2	lncRNA	0.18546881782140096	0.8145311821785981	NONCODEv6_celegans.fa
NONCELT002089.2	lncRNA	0.2580957048335585	0.7419042951664416	NONCODEv6_celegans.fa
NONCELT002095.2	lncRNA	0.12937949611128438	0.8706205038887155	NONCODEv6_celegans.fa
NONCELT002099.2	lncRNA	0.09474584774539957	0.9052541522546003	NONCODEv6_celegans.fa
NONCELT002101.2	lncRNA	0.13321038572828775	0.866789614271712	NONCODEv6_celegans.fa
NONCELT002102.2	lncRNA	0.11003632313965847	0.8899636768603411	NONCODEv6_celegans.fa
NONCELT002108.2	lncRNA	0.18327382248525279	0.816726177514747	NONCODEv6_celegans.fa
NONCELT002114.2	lncRNA	0.07510050235473378	0.9248994976452661	NONCODEv6_celegans.fa
NONCELT002127.2	lncRNA	0.16724835452614534	0.8327516454738542	NONCODEv6_celegans.fa
NONCELT002129.2	lncRNA	0.10603992604494498	0.8939600739550552	NONCODEv6_celegans.fa
NONCELT002133.2	lncRNA	0.14210720664926654	0.8578927933507331	NONCODEv6_celegans.fa
NONCELT002146.2	lncRNA	0.15479793477181691	0.8452020652281832	NONCODEv6_celegans.fa
NONCELT002147.2	lncRNA	0.14380454149120953	0.8561954585087908	NONCODEv6_celegans.fa
NONCELT002149.2	lncRNA	0.06962231101274732	0.9303776889872523	NONCODEv6_celegans.fa
NONCELT002160.2	lncRNA	0.11886047230047064	0.881139527699529	NONCODEv6_celegans.fa
NONCELT002161.2	lncRNA	0.15956672815401912	0.840433271845981	NONCODEv6_celegans.fa
NONCELT002163.2	lncRNA	0.08207192840463053	0.9179280715953693	NONCODEv6_celegans.fa
NONCELT002168.2	lncRNA	0.05337192442994207	0.9466280755700575	NONCODEv6_celegans.fa
NONCELT002169.2	lncRNA	0.3188769056621439	0.681123094337856	NONCODEv6_celegans.fa
NONCELT002170.2	lncRNA	0.08827711879240117	0.9117228812075987	NONCODEv6_celegans.fa
NONCELT002171.2	lncRNA	0.10118028772712437	0.8988197122728758	NONCODEv6_celegans.fa
NONCELT002172.2	lncRNA	0.06580117372784339	0.9341988262721558	NONCODEv6_celegans.fa
NONCELT002175.2	lncRNA	0.17919962378451895	0.8208003762154809	NONCODEv6_celegans.fa
NONCELT002176.2	lncRNA	0.11324867234196756	0.8867513276580314	NONCODEv6_celegans.fa
NONCELT002178.2	lncRNA	0.17962552181626282	0.8203744781837372	NONCODEv6_celegans.fa
NONCELT002181.2	lncRNA	0.28050073931111213	0.7194992606888878	NONCODEv6_celegans.fa
NONCELT002187.2	lncRNA	0.23191936210184047	0.7680806378981594	NONCODEv6_celegans.fa
NONCELT002208.2	lncRNA	0.11301755121810415	0.8869824487818952	NONCODEv6_celegans.fa
NONCELT002209.2	lncRNA	0.10797049080010011	0.8920295091998995	NONCODEv6_celegans.fa
NONCELT002216.2	lncRNA	0.19197194463760628	0.8080280553623941	NONCODEv6_celegans.fa
NONCELT002223.2	lncRNA	0.20085437695337546	0.7991456230466251	NONCODEv6_celegans.fa
NONCELT002224.2	lncRNA	0.20479294360105801	0.7952070563989425	NONCODEv6_celegans.fa
NONCELT002226.2	Protein_Coding	0.5072142048669972	0.49278579513300275	NONCODEv6_celegans.fa
NONCELT002228.2	lncRNA	0.017154717359992713	0.9828452826400075	NONCODEv6_celegans.fa
NONCELT002230.2	lncRNA	0.47975367165989197	0.520246328340108	NONCODEv6_celegans.fa
NONCELT002233.2	lncRNA	0.3062051308417815	0.6937948691582179	NONCODEv6_celegans.fa
NONCELT002234.2	lncRNA	0.05481849250495553	0.9451815074950441	NONCODEv6_celegans.fa
NONCELT002255.2	lncRNA	0.10349880015165054	0.8965011998483496	NONCODEv6_celegans.fa
NONCELT002257.2	lncRNA	0.3423981079225597	0.6576018920774402	NONCODEv6_celegans.fa
NONCELT002258.2	lncRNA	0.2767120094126064	0.7232879905873936	NONCODEv6_celegans.fa
NONCELT002259.2	lncRNA	0.03575863389820039	0.9642413661017997	NONCODEv6_celegans.fa
NONCELT002260.2	lncRNA	0.2324693773364819	0.7675306226635177	NONCODEv6_celegans.fa
NONCELT002261.2	lncRNA	0.12499157390574282	0.8750084260942567	NONCODEv6_celegans.fa
NONCELT002265.2	lncRNA	0.21190017984418805	0.7880998201558119	NONCODEv6_celegans.fa
NONCELT002272.2	lncRNA	0.1303351457669303	0.8696648542330694	NONCODEv6_celegans.fa
NONCELT002277.2	lncRNA	0.17984750334817354	0.820152496651826	NONCODEv6_celegans.fa
NONCELT002308.2	lncRNA	0.1908281672114242	0.8091718327885752	NONCODEv6_celegans.fa
NONCELT002310.2	lncRNA	0.12642393055334805	0.8735760694466514	NONCODEv6_celegans.fa
NONCELT002312.2	lncRNA	0.1287712660948093	0.8712287339051908	NONCODEv6_celegans.fa
NONCELT002313.2	lncRNA	0.16326501139702754	0.8367349886029719	NONCODEv6_celegans.fa
NONCELT002314.2	lncRNA	0.035202718284757524	0.9647972817152425	NONCODEv6_celegans.fa
NONCELT002316.2	lncRNA	0.08278796785213387	0.9172120321478658	NONCODEv6_celegans.fa
NONCELT002317.2	Protein_Coding	0.5786383099829159	0.4213616900170839	NONCODEv6_celegans.fa
NONCELT002318.2	lncRNA	0.06078683996781006	0.9392131600321897	NONCODEv6_celegans.fa
NONCELT002319.2	lncRNA	0.16000435620355474	0.8399956437964451	NONCODEv6_celegans.fa
NONCELT002320.2	lncRNA	0.16997344828193212	0.830026551718068	NONCODEv6_celegans.fa
NONCELT002323.2	lncRNA	0.06990591258889652	0.9300940874111032	NONCODEv6_celegans.fa
NONCELT002324.2	lncRNA	0.06662327739354963	0.9333767226064499	NONCODEv6_celegans.fa
NONCELT002327.2	lncRNA	0.17644845353218103	0.8235515464678187	NONCODEv6_celegans.fa
NONCELT002330.2	lncRNA	0.23237395401202554	0.7676260459879742	NONCODEv6_celegans.fa
NONCELT002332.2	lncRNA	0.10154317181904111	0.8984568281809584	NONCODEv6_celegans.fa
NONCELT002333.2	lncRNA	0.19891363206430626	0.801086367935693	NONCODEv6_celegans.fa
NONCELT002335.2	lncRNA	0.16054878285728513	0.8394512171427149	NONCODEv6_celegans.fa
NONCELT002351.2	lncRNA	0.36923245755043854	0.6307675424495611	NONCODEv6_celegans.fa
NONCELT002360.2	lncRNA	0.1001052001347983	0.899894799865201	NONCODEv6_celegans.fa
NONCELT002365.2	lncRNA	0.0477494386506007	0.9522505613493992	NONCODEv6_celegans.fa
NONCELT002381.2	Protein_Coding	0.8351963762302423	0.16480362376975735	NONCODEv6_celegans.fa
NONCELT002385.2	lncRNA	0.42795152647909135	0.5720484735209084	NONCODEv6_celegans.fa
NONCELT002387.2	lncRNA	0.13463762366146545	0.8653623763385339	NONCODEv6_celegans.fa
NONCELT002400.2	lncRNA	0.14485300526189204	0.8551469947381078	NONCODEv6_celegans.fa
NONCELT002408.2	lncRNA	0.1128326736225917	0.8871673263774079	NONCODEv6_celegans.fa
NONCELT002409.2	lncRNA	0.07917657415511377	0.9208234258448862	NONCODEv6_celegans.fa
NONCELT002410.2	lncRNA	0.13598860645428956	0.8640113935457101	NONCODEv6_celegans.fa
NONCELT002411.2	lncRNA	0.4739318664071022	0.5260681335928977	NONCODEv6_celegans.fa
NONCELT002412.2	lncRNA	0.05580735002710792	0.9441926499728915	NONCODEv6_celegans.fa
NONCELT002417.2	lncRNA	0.18675963355437444	0.8132403664456254	NONCODEv6_celegans.fa
NONCELT002419.2	lncRNA	0.16056345976450861	0.8394365402354906	NONCODEv6_celegans.fa
NONCELT002420.2	lncRNA	0.10850632049875208	0.8914936795012482	NONCODEv6_celegans.fa
NONCELT002422.2	lncRNA	0.4592952647847675	0.5407047352152327	NONCODEv6_celegans.fa
NONCELT002423.2	Protein_Coding	0.509438815046834	0.4905611849531661	NONCODEv6_celegans.fa
NONCELT002424.2	lncRNA	0.2281837248318707	0.7718162751681289	NONCODEv6_celegans.fa
NONCELT002425.2	lncRNA	0.225912545455703	0.774087454544297	NONCODEv6_celegans.fa
NONCELT002426.2	lncRNA	0.3048303301617887	0.6951696698382109	NONCODEv6_celegans.fa
NONCELT002428.2	lncRNA	0.0294426331904632	0.9705573668095366	NONCODEv6_celegans.fa
NONCELT002432.2	lncRNA	0.15965224046041826	0.840347759539582	NONCODEv6_celegans.fa
NONCELT002436.2	lncRNA	0.27077017131469583	0.7292298286853038	NONCODEv6_celegans.fa
NONCELT002438.2	lncRNA	0.42030250145715403	0.5796974985428454	NONCODEv6_celegans.fa
NONCELT002445.2	lncRNA	0.2681516628920171	0.7318483371079826	NONCODEv6_celegans.fa
NONCELT002446.2	lncRNA	0.15186325844992785	0.8481367415500713	NONCODEv6_celegans.fa
NONCELT002452.2	lncRNA	0.08563432536500437	0.9143656746349951	NONCODEv6_celegans.fa
NONCELT002453.2	lncRNA	0.1028860324218429	0.8971139675781572	NONCODEv6_celegans.fa
NONCELT002457.2	lncRNA	0.15414383015358202	0.8458561698464179	NONCODEv6_celegans.fa
NONCELT002460.2	lncRNA	0.18518100547203792	0.8148189945279617	NONCODEv6_celegans.fa
NONCELT002465.2	lncRNA	0.18487457437648616	0.8151254256235138	NONCODEv6_celegans.fa
NONCELT002469.2	lncRNA	0.08938013424440103	0.9106198657555984	NONCODEv6_celegans.fa
NONCELT002474.2	lncRNA	0.1674876359882952	0.8325123640117048	NONCODEv6_celegans.fa
NONCELT002486.2	lncRNA	0.16220234410063203	0.8377976558993682	NONCODEv6_celegans.fa
NONCELT002491.2	lncRNA	0.07591558643948622	0.9240844135605135	NONCODEv6_celegans.fa
NONCELT002499.2	lncRNA	0.07212774302721849	0.9278722569727812	NONCODEv6_celegans.fa
NONCELT002509.2	Protein_Coding	0.638160071280484	0.36183992871951587	NONCODEv6_celegans.fa
NONCELT002510.2	Protein_Coding	0.6939145121015342	0.3060854878984657	NONCODEv6_celegans.fa
NONCELT002517.2	lncRNA	0.09277580999132054	0.90722419000868	NONCODEv6_celegans.fa
NONCELT002520.2	lncRNA	0.1330551993504374	0.8669448006495621	NONCODEv6_celegans.fa
NONCELT002525.2	Protein_Coding	0.5367100485756747	0.4632899514243255	NONCODEv6_celegans.fa
NONCELT002526.2	lncRNA	0.4848541126474032	0.5151458873525966	NONCODEv6_celegans.fa
NONCELT002530.2	Protein_Coding	0.7678617961749623	0.23213820382503747	NONCODEv6_celegans.fa
NONCELT002534.2	lncRNA	0.240182359799227	0.7598176402007731	NONCODEv6_celegans.fa
NONCELT002535.2	Protein_Coding	0.6204294538920181	0.3795705461079816	NONCODEv6_celegans.fa
NONCELT002536.2	Protein_Coding	0.7144398163097846	0.2855601836902157	NONCODEv6_celegans.fa
NONCELT002543.2	lncRNA	0.14788005711808452	0.8521199428819154	NONCODEv6_celegans.fa
NONCELT002547.2	lncRNA	0.28527199392001	0.7147280060799898	NONCODEv6_celegans.fa
NONCELT002548.2	lncRNA	0.07872202970396566	0.9212779702960342	NONCODEv6_celegans.fa
NONCELT002553.2	Protein_Coding	0.6757728420520814	0.3242271579479186	NONCODEv6_celegans.fa
NONCELT002558.2	Protein_Coding	0.6062368952341768	0.3937631047658229	NONCODEv6_celegans.fa
NONCELT002562.2	Protein_Coding	0.6675172611922968	0.33248273880770335	NONCODEv6_celegans.fa
NONCELT002569.2	lncRNA	0.09640134418102478	0.9035986558189754	NONCODEv6_celegans.fa
NONCELT002577.2	lncRNA	0.14106359483998876	0.858936405160011	NONCODEv6_celegans.fa
NONCELT002578.2	lncRNA	0.12218708916050612	0.8778129108394934	NONCODEv6_celegans.fa
NONCELT002579.2	lncRNA	0.22780836596514603	0.7721916340348539	NONCODEv6_celegans.fa
NONCELT002587.2	lncRNA	0.1293870079515371	0.8706129920484629	NONCODEv6_celegans.fa
NONCELT002594.2	lncRNA	0.1028824370250872	0.8971175629749124	NONCODEv6_celegans.fa
NONCELT002597.2	lncRNA	0.17497149888167002	0.8250285011183293	NONCODEv6_celegans.fa
NONCELT002598.2	lncRNA	0.34532779962534804	0.6546722003746519	NONCODEv6_celegans.fa
NONCELT002623.2	lncRNA	0.12561855051828083	0.8743814494817195	NONCODEv6_celegans.fa
NONCELT002626.2	lncRNA	0.048529445759407444	0.9514705542405926	NONCODEv6_celegans.fa
NONCELT002630.2	lncRNA	0.30314882449056507	0.6968511755094348	NONCODEv6_celegans.fa
NONCELT002634.2	lncRNA	0.15046002293901833	0.8495399770609807	NONCODEv6_celegans.fa
NONCELT002635.2	lncRNA	0.12365261454349799	0.8763473854565019	NONCODEv6_celegans.fa
NONCELT002636.2	lncRNA	0.07841773492904586	0.9215822650709541	NONCODEv6_celegans.fa
NONCELT002641.2	lncRNA	0.08795540602100281	0.9120445939789974	NONCODEv6_celegans.fa
NONCELT002644.2	lncRNA	0.07051082486338661	0.9294891751366133	NONCODEv6_celegans.fa
NONCELT002651.2	lncRNA	0.07150231332202724	0.9284976866779727	NONCODEv6_celegans.fa
NONCELT002653.2	lncRNA	0.11508949643177235	0.8849105035682271	NONCODEv6_celegans.fa
NONCELT002657.2	lncRNA	0.26508652334454175	0.7349134766554583	NONCODEv6_celegans.fa
NONCELT002667.2	lncRNA	0.18998224780624912	0.8100177521937504	NONCODEv6_celegans.fa
NONCELT002674.2	lncRNA	0.16028013461279234	0.8397198653872074	NONCODEv6_celegans.fa
NONCELT002675.2	lncRNA	0.16732858711647655	0.8326714128835228	NONCODEv6_celegans.fa
NONCELT002678.2	lncRNA	0.225433171397518	0.774566828602482	NONCODEv6_celegans.fa
NONCELT002688.2	lncRNA	0.17290871464033883	0.827091285359661	NONCODEv6_celegans.fa
NONCELT002689.2	lncRNA	0.1655460676483413	0.8344539323516591	NONCODEv6_celegans.fa
NONCELT002691.2	lncRNA	0.1347077585254335	0.8652922414745666	NONCODEv6_celegans.fa
NONCELT002699.2	lncRNA	0.17389645736438217	0.8261035426356168	NONCODEv6_celegans.fa
NONCELT002703.2	lncRNA	0.14502321990950667	0.8549767800904936	NONCODEv6_celegans.fa
NONCELT002709.2	lncRNA	0.023660853648337126	0.9763391463516634	NONCODEv6_celegans.fa
NONCELT002713.2	lncRNA	0.37793643103930774	0.6220635689606918	NONCODEv6_celegans.fa
NONCELT002715.2	lncRNA	0.08333053951498266	0.9166694604850167	NONCODEv6_celegans.fa
NONCELT002717.2	lncRNA	0.17492000563515586	0.8250799943648439	NONCODEv6_celegans.fa
NONCELT002719.2	lncRNA	0.22520564468722545	0.7747943553127741	NONCODEv6_celegans.fa
NONCELT002726.2	lncRNA	0.14036615956389537	0.8596338404361039	NONCODEv6_celegans.fa
NONCELT002730.2	lncRNA	0.09529934447917023	0.9047006555208298	NONCODEv6_celegans.fa
NONCELT002737.2	lncRNA	0.24291948492113888	0.7570805150788614	NONCODEv6_celegans.fa
NONCELT002742.2	lncRNA	0.29059986275864585	0.7094001372413535	NONCODEv6_celegans.fa
NONCELT002752.2	lncRNA	0.29943917739318426	0.7005608226068157	NONCODEv6_celegans.fa
NONCELT002753.2	lncRNA	0.20313525466477883	0.7968647453352216	NONCODEv6_celegans.fa
NONCELT002762.2	lncRNA	0.25651973841130155	0.7434802615886978	NONCODEv6_celegans.fa
NONCELT002781.2	lncRNA	0.4295984821564607	0.5704015178435388	NONCODEv6_celegans.fa
NONCELT002782.2	lncRNA	0.09769448052568644	0.9023055194743137	NONCODEv6_celegans.fa
NONCELT002785.2	lncRNA	0.10811549697683367	0.8918845030231657	NONCODEv6_celegans.fa
NONCELT002790.2	lncRNA	0.14278457010947	0.8572154298905291	NONCODEv6_celegans.fa
NONCELT002791.2	lncRNA	0.09972385391534212	0.9002761460846579	NONCODEv6_celegans.fa
NONCELT002801.2	lncRNA	0.373791438853807	0.6262085611461928	NONCODEv6_celegans.fa
NONCELT002804.2	lncRNA	0.10750777285425826	0.8924922271457415	NONCODEv6_celegans.fa
NONCELT002806.2	lncRNA	0.19889140442597172	0.8011085955740284	NONCODEv6_celegans.fa
NONCELT002810.2	Protein_Coding	0.847174956319885	0.15282504368011499	NONCODEv6_celegans.fa
NONCELT002816.2	lncRNA	0.48893137246868856	0.5110686275313115	NONCODEv6_celegans.fa
NONCELT002823.2	lncRNA	0.16445602292874828	0.8355439770712513	NONCODEv6_celegans.fa
NONCELT002830.2	lncRNA	0.06963352051354663	0.9303664794864533	NONCODEv6_celegans.fa
NONCELT002831.2	lncRNA	0.04243384030377026	0.95756615969623	NONCODEv6_celegans.fa
NONCELT002833.2	lncRNA	0.2204528414881931	0.7795471585118067	NONCODEv6_celegans.fa
NONCELT002847.2	lncRNA	0.20386662455602153	0.7961333754439781	NONCODEv6_celegans.fa
NONCELT002848.2	lncRNA	0.4831475071954346	0.516852492804565	NONCODEv6_celegans.fa
NONCELT002863.2	lncRNA	0.037262547042748596	0.9627374529572513	NONCODEv6_celegans.fa
NONCELT002864.2	lncRNA	0.1226059923825187	0.8773940076174817	NONCODEv6_celegans.fa
NONCELT002875.2	lncRNA	0.20887114508340293	0.7911288549165966	NONCODEv6_celegans.fa
NONCELT002879.2	lncRNA	0.28062799004031475	0.7193720099596851	NONCODEv6_celegans.fa
NONCELT002886.2	lncRNA	0.4771580547006898	0.5228419452993104	NONCODEv6_celegans.fa
NONCELT002907.2	lncRNA	0.11847213927826969	0.8815278607217304	NONCODEv6_celegans.fa
NONCELT002908.2	lncRNA	0.0454045092312933	0.9545954907687074	NONCODEv6_celegans.fa
NONCELT002910.2	lncRNA	0.30767323363528737	0.6923267663647131	NONCODEv6_celegans.fa
NONCELT002919.2	lncRNA	0.14301913687452772	0.8569808631254718	NONCODEv6_celegans.fa
NONCELT002928.2	lncRNA	0.24172122245915248	0.7582787775408475	NONCODEv6_celegans.fa
NONCELT002944.2	lncRNA	0.4905882597586688	0.5094117402413308	NONCODEv6_celegans.fa
NONCELT002950.2	lncRNA	0.12426981142966702	0.8757301885703324	NONCODEv6_celegans.fa
NONCELT002956.2	lncRNA	0.19895198023778937	0.8010480197622104	NONCODEv6_celegans.fa
NONCELT002957.2	lncRNA	0.1330094807417006	0.8669905192582992	NONCODEv6_celegans.fa
NONCELT002959.2	lncRNA	0.3332620035926048	0.6667379964073952	NONCODEv6_celegans.fa
NONCELT002967.2	lncRNA	0.23249723029422267	0.7675027697057764	NONCODEv6_celegans.fa
NONCELT002968.2	lncRNA	0.12829606444450098	0.8717039355554987	NONCODEv6_celegans.fa
NONCELT002973.2	lncRNA	0.12829606444450098	0.8717039355554987	NONCODEv6_celegans.fa
NONCELT002974.2	lncRNA	0.23249723029422267	0.7675027697057764	NONCODEv6_celegans.fa
NONCELT002980.2	lncRNA	0.23249723029422267	0.7675027697057764	NONCODEv6_celegans.fa
NONCELT002981.2	lncRNA	0.12829606444450098	0.8717039355554987	NONCODEv6_celegans.fa
NONCELT002998.2	lncRNA	0.2628111963982013	0.7371888036017983	NONCODEv6_celegans.fa
NONCELT003002.2	lncRNA	0.2628111963982013	0.7371888036017983	NONCODEv6_celegans.fa
NONCELT003016.2	Protein_Coding	0.5281940102809152	0.47180598971908444	NONCODEv6_celegans.fa
NONCELT003018.2	lncRNA	0.1814299079225661	0.8185700920774339	NONCODEv6_celegans.fa
NONCELT003033.2	lncRNA	0.16135587442859284	0.8386441255714071	NONCODEv6_celegans.fa
NONCELT003039.2	Protein_Coding	0.523478382040871	0.47652161795912856	NONCODEv6_celegans.fa
NONCELT003040.2	lncRNA	0.3449975060534417	0.6550024939465584	NONCODEv6_celegans.fa
NONCELT003041.2	lncRNA	0.12254992002587999	0.8774500799741192	NONCODEv6_celegans.fa
NONCELT003042.2	lncRNA	0.12676730627328492	0.8732326937267152	NONCODEv6_celegans.fa
NONCELT003047.2	lncRNA	0.20933500837236554	0.7906649916276346	NONCODEv6_celegans.fa
NONCELT003060.2	lncRNA	0.2430578340365065	0.756942165963493	NONCODEv6_celegans.fa
NONCELT003065.2	lncRNA	0.19446405078331963	0.8055359492166798	NONCODEv6_celegans.fa
NONCELT003081.2	lncRNA	0.4505249390644298	0.5494750609355701	NONCODEv6_celegans.fa
NONCELT003095.2	lncRNA	0.48260876461256785	0.517391235387432	NONCODEv6_celegans.fa
NONCELT003099.2	lncRNA	0.09868997507717948	0.9013100249228205	NONCODEv6_celegans.fa
NONCELT003103.2	lncRNA	0.11496683748048196	0.8850331625195186	NONCODEv6_celegans.fa
NONCELT003104.2	lncRNA	0.2986562951560347	0.7013437048439649	NONCODEv6_celegans.fa
NONCELT003120.2	lncRNA	0.40039800792112296	0.5996019920788769	NONCODEv6_celegans.fa
NONCELT003121.2	lncRNA	0.4136783609841787	0.586321639015821	NONCODEv6_celegans.fa
NONCELT003122.2	lncRNA	0.26778949924022605	0.7322105007597738	NONCODEv6_celegans.fa
NONCELT003136.2	lncRNA	0.49908326170145506	0.500916738298545	NONCODEv6_celegans.fa
NONCELT003137.2	lncRNA	0.1087556426560781	0.8912443573439213	NONCODEv6_celegans.fa
NONCELT003149.2	lncRNA	0.07957043465760855	0.9204295653423914	NONCODEv6_celegans.fa
NONCELT003150.2	lncRNA	0.24529965284468175	0.7547003471553181	NONCODEv6_celegans.fa
NONCELT003151.2	lncRNA	0.3162959590721188	0.6837040409278808	NONCODEv6_celegans.fa
NONCELT003152.2	lncRNA	0.17009024939608697	0.8299097506039129	NONCODEv6_celegans.fa
NONCELT003153.2	lncRNA	0.17009024939608697	0.8299097506039129	NONCODEv6_celegans.fa
NONCELT003157.2	lncRNA	0.020395959447170865	0.9796040405528291	NONCODEv6_celegans.fa
NONCELT003158.2	lncRNA	0.03246016800559341	0.9675398319944071	NONCODEv6_celegans.fa
NONCELT003175.2	lncRNA	0.09226907422705036	0.907730925772949	NONCODEv6_celegans.fa
NONCELT003176.2	lncRNA	0.1542907296224097	0.8457092703775894	NONCODEv6_celegans.fa
NONCELT003180.2	lncRNA	0.3864616783617383	0.613538321638261	NONCODEv6_celegans.fa
NONCELT003183.2	lncRNA	0.47627871679704986	0.5237212832029501	NONCODEv6_celegans.fa
NONCELT003192.2	lncRNA	0.055648989496132714	0.9443510105038676	NONCODEv6_celegans.fa
NONCELT003193.2	lncRNA	0.08891662549769272	0.911083374502307	NONCODEv6_celegans.fa
NONCELT003194.2	lncRNA	0.06846618821655767	0.9315338117834419	NONCODEv6_celegans.fa
NONCELT003207.2	lncRNA	0.14408459112841604	0.8559154088715845	NONCODEv6_celegans.fa
NONCELT003215.2	lncRNA	0.16482479355517296	0.8351752064448269	NONCODEv6_celegans.fa
NONCELT003224.2	lncRNA	0.4783251278841663	0.5216748721158339	NONCODEv6_celegans.fa
NONCELT003225.2	lncRNA	0.19430211406230635	0.8056978859376934	NONCODEv6_celegans.fa
NONCELT003226.2	lncRNA	0.10129285046009077	0.8987071495399088	NONCODEv6_celegans.fa
NONCELT003228.2	lncRNA	0.2222289201937332	0.7777710798062665	NONCODEv6_celegans.fa
NONCELT003229.2	lncRNA	0.16473150405822956	0.8352684959417698	NONCODEv6_celegans.fa
NONCELT003231.2	lncRNA	0.10533545897999666	0.8946645410200037	NONCODEv6_celegans.fa
NONCELT003268.2	lncRNA	0.04694245950591956	0.9530575404940805	NONCODEv6_celegans.fa
NONCELT003269.2	lncRNA	0.05229562804631534	0.9477043719536847	NONCODEv6_celegans.fa
NONCELT003282.2	lncRNA	0.04423451004376812	0.9557654899562318	NONCODEv6_celegans.fa
NONCELT003302.2	lncRNA	0.34763318806834437	0.6523668119316559	NONCODEv6_celegans.fa
NONCELT003316.2	lncRNA	0.4341554466361816	0.565844553363818	NONCODEv6_celegans.fa
NONCELT003317.2	lncRNA	0.3285460714550095	0.6714539285449904	NONCODEv6_celegans.fa
NONCELT003341.2	lncRNA	0.24270003690393563	0.757299963096064	NONCODEv6_celegans.fa
NONCELT003346.2	lncRNA	0.10277641979114406	0.8972235802088553	NONCODEv6_celegans.fa
NONCELT003347.2	lncRNA	0.07056650049073507	0.9294334995092649	NONCODEv6_celegans.fa
NONCELT003352.2	lncRNA	0.3614348791364407	0.6385651208635592	NONCODEv6_celegans.fa
NONCELT003367.2	lncRNA	0.1253124877692469	0.8746875122307521	NONCODEv6_celegans.fa
NONCELT003368.2	lncRNA	0.11926925556499582	0.8807307444350041	NONCODEv6_celegans.fa
NONCELT003370.2	lncRNA	0.3168499363477349	0.6831500636522652	NONCODEv6_celegans.fa
NONCELT003379.2	lncRNA	0.13422663151599276	0.8657733684840073	NONCODEv6_celegans.fa
NONCELT003396.2	lncRNA	0.1846284777928319	0.8153715222071679	NONCODEv6_celegans.fa
NONCELT003397.2	lncRNA	0.16741409133145815	0.8325859086685414	NONCODEv6_celegans.fa
NONCELT003398.2	lncRNA	0.1663566364225883	0.8336433635774111	NONCODEv6_celegans.fa
NONCELT003399.2	lncRNA	0.2101327458832217	0.7898672541167784	NONCODEv6_celegans.fa
NONCELT003421.2	lncRNA	0.20724155658504884	0.7927584434149508	NONCODEv6_celegans.fa
NONCELT003428.2	lncRNA	0.12775649614686435	0.8722435038531358	NONCODEv6_celegans.fa
NONCELT003435.2	Protein_Coding	0.5327762191201203	0.4672237808798797	NONCODEv6_celegans.fa
NONCELT003445.2	lncRNA	0.18396836814096304	0.8160316318590366	NONCODEv6_celegans.fa
NONCELT003446.2	lncRNA	0.2679663454495264	0.7320336545504734	NONCODEv6_celegans.fa
NONCELT003448.2	lncRNA	0.06728621271198634	0.9327137872880142	NONCODEv6_celegans.fa
NONCELT003449.2	lncRNA	0.29659985826034974	0.7034001417396502	NONCODEv6_celegans.fa
NONCELT003450.2	lncRNA	0.15511324110839783	0.8448867588916018	NONCODEv6_celegans.fa
NONCELT003451.2	lncRNA	0.14070286029203613	0.8592971397079632	NONCODEv6_celegans.fa
NONCELT003482.2	lncRNA	0.4901386189557538	0.509861381044246	NONCODEv6_celegans.fa
NONCELT003484.2	lncRNA	0.23120434719137165	0.7687956528086284	NONCODEv6_celegans.fa
NONCELT003506.2	lncRNA	0.32610317452449555	0.6738968254755038	NONCODEv6_celegans.fa
NONCELT003510.2	lncRNA	0.3656826078747169	0.6343173921252834	NONCODEv6_celegans.fa
NONCELT003534.2	lncRNA	0.23362453125745256	0.766375468742547	NONCODEv6_celegans.fa
NONCELT003538.2	lncRNA	0.0778511011683159	0.9221488988316837	NONCODEv6_celegans.fa
NONCELT003539.2	lncRNA	0.06896844900957201	0.9310315509904281	NONCODEv6_celegans.fa
NONCELT003543.2	lncRNA	0.16722394912216343	0.8327760508778366	NONCODEv6_celegans.fa
NONCELT003550.2	lncRNA	0.1397912861905469	0.8602087138094531	NONCODEv6_celegans.fa
NONCELT003556.2	lncRNA	0.1562749311515797	0.8437250688484202	NONCODEv6_celegans.fa
NONCELT003558.2	lncRNA	0.12319149535905917	0.876808504640941	NONCODEv6_celegans.fa
NONCELT003559.2	lncRNA	0.21171987976446102	0.7882801202355391	NONCODEv6_celegans.fa
NONCELT003577.2	lncRNA	0.04923310203327715	0.950766897966723	NONCODEv6_celegans.fa
NONCELT003579.2	lncRNA	0.04923310203327715	0.950766897966723	NONCODEv6_celegans.fa
NONCELT003595.2	lncRNA	0.220652036539931	0.7793479634600694	NONCODEv6_celegans.fa
NONCELT003604.2	lncRNA	0.09314867546536278	0.9068513245346373	NONCODEv6_celegans.fa
NONCELT003606.2	lncRNA	0.21124918650552046	0.7887508134944796	NONCODEv6_celegans.fa
NONCELT003618.2	lncRNA	0.2276682405078745	0.7723317594921256	NONCODEv6_celegans.fa
NONCELT003631.2	lncRNA	0.41548483934806457	0.584515160651935	NONCODEv6_celegans.fa
NONCELT003635.2	lncRNA	0.1109492055043862	0.8890507944956135	NONCODEv6_celegans.fa
NONCELT003671.2	lncRNA	0.43309839004133766	0.566901609958662	NONCODEv6_celegans.fa
NONCELT003674.2	lncRNA	0.16003986275970677	0.8399601372402933	NONCODEv6_celegans.fa
NONCELT003707.2	lncRNA	0.3516624732176931	0.6483375267823065	NONCODEv6_celegans.fa
NONCELT003708.2	lncRNA	0.35487870868617777	0.6451212913138218	NONCODEv6_celegans.fa
NONCELT003710.2	Protein_Coding	0.5016351554213293	0.49836484457867064	NONCODEv6_celegans.fa
NONCELT003717.2	lncRNA	0.07913302076621123	0.9208669792337882	NONCODEv6_celegans.fa
NONCELT003728.2	lncRNA	0.10674786850119372	0.8932521314988062	NONCODEv6_celegans.fa
NONCELT003732.2	lncRNA	0.21265894060193394	0.7873410593980662	NONCODEv6_celegans.fa
NONCELT003734.2	lncRNA	0.07177057001610188	0.9282294299838976	NONCODEv6_celegans.fa
NONCELT003735.2	lncRNA	0.06495689615286869	0.9350431038471309	NONCODEv6_celegans.fa
NONCELT003767.2	lncRNA	0.20187703432004803	0.7981229656799517	NONCODEv6_celegans.fa
NONCELT003800.2	lncRNA	0.0757022525514007	0.9242977474485998	NONCODEv6_celegans.fa
NONCELT003801.2	lncRNA	0.08828903704614235	0.9117109629538578	NONCODEv6_celegans.fa
NONCELT003814.2	lncRNA	0.07539985403756704	0.9246001459624326	NONCODEv6_celegans.fa
NONCELT003815.2	lncRNA	0.06275720032224616	0.9372427996777538	NONCODEv6_celegans.fa
NONCELT003817.2	lncRNA	0.30797934398603727	0.6920206560139627	NONCODEv6_celegans.fa
NONCELT003818.2	lncRNA	0.1590941187444248	0.840905881255575	NONCODEv6_celegans.fa
NONCELT003842.2	Protein_Coding	0.5764918149660352	0.4235081850339646	NONCODEv6_celegans.fa
NONCELT003864.2	lncRNA	0.1467896729785083	0.8532103270214907	NONCODEv6_celegans.fa
NONCELT003890.2	lncRNA	0.04888572339469458	0.9511142766053046	NONCODEv6_celegans.fa
NONCELT003898.2	lncRNA	0.12769018236741583	0.8723098176325838	NONCODEv6_celegans.fa
NONCELT003901.2	lncRNA	0.10559176295700813	0.8944082370429914	NONCODEv6_celegans.fa
NONCELT003904.2	lncRNA	0.08823277259607892	0.9117672274039208	NONCODEv6_celegans.fa
NONCELT003905.2	lncRNA	0.1171073498620557	0.8828926501379444	NONCODEv6_celegans.fa
NONCELT003908.2	lncRNA	0.09151816165448177	0.9084818383455173	NONCODEv6_celegans.fa
NONCELT003910.2	lncRNA	0.11398287322467289	0.8860171267753271	NONCODEv6_celegans.fa
NONCELT003941.2	lncRNA	0.025134209849835214	0.9748657901501641	NONCODEv6_celegans.fa
NONCELT003943.2	lncRNA	0.19385985899264024	0.8061401410073599	NONCODEv6_celegans.fa
NONCELT003945.2	lncRNA	0.16273996575659916	0.8372600342434003	NONCODEv6_celegans.fa
NONCELT003948.2	lncRNA	0.1556562285525183	0.8443437714474814	NONCODEv6_celegans.fa
NONCELT003965.2	Protein_Coding	0.6081437571126914	0.39185624288730886	NONCODEv6_celegans.fa
NONCELT003983.2	lncRNA	0.024503299284037428	0.9754967007159631	NONCODEv6_celegans.fa
NONCELT004015.2	lncRNA	0.20169059693159552	0.7983094030684044	NONCODEv6_celegans.fa
NONCELT004016.2	lncRNA	0.2820016168234131	0.7179983831765863	NONCODEv6_celegans.fa
NONCELT004019.2	lncRNA	0.23531554892280435	0.7646844510771952	NONCODEv6_celegans.fa
NONCELT004030.2	Protein_Coding	0.5859795738329885	0.4140204261670117	NONCODEv6_celegans.fa
NONCELT004033.2	lncRNA	0.12067059083406609	0.8793294091659337	NONCODEv6_celegans.fa
NONCELT004041.2	lncRNA	0.2072131417623026	0.7927868582376972	NONCODEv6_celegans.fa
NONCELT004045.2	lncRNA	0.05456350426127589	0.9454364957387239	NONCODEv6_celegans.fa
NONCELT004050.2	lncRNA	0.3795843052085961	0.620415694791404	NONCODEv6_celegans.fa
NONCELT004051.2	lncRNA	0.442452616608748	0.5575473833912515	NONCODEv6_celegans.fa
NONCELT004056.2	lncRNA	0.1818876907244869	0.8181123092755123	NONCODEv6_celegans.fa
NONCELT004059.2	lncRNA	0.40571292723524144	0.5942870727647587	NONCODEv6_celegans.fa
NONCELT004071.2	lncRNA	0.09498342266703576	0.9050165773329644	NONCODEv6_celegans.fa
NONCELT004084.2	lncRNA	0.19188160364306253	0.8081183963569369	NONCODEv6_celegans.fa
NONCELT004087.2	lncRNA	0.16828827280961317	0.8317117271903863	NONCODEv6_celegans.fa
NONCELT004088.2	lncRNA	0.15800857357554407	0.8419914264244558	NONCODEv6_celegans.fa
NONCELT004089.2	lncRNA	0.08016351586861571	0.9198364841313845	NONCODEv6_celegans.fa
NONCELT004095.2	lncRNA	0.2269359004150152	0.7730640995849847	NONCODEv6_celegans.fa
NONCELT004097.2	lncRNA	0.15252932539057482	0.8474706746094248	NONCODEv6_celegans.fa
NONCELT004103.2	lncRNA	0.2692312636743969	0.7307687363256031	NONCODEv6_celegans.fa
NONCELT004108.2	lncRNA	0.12037428458734074	0.8796257154126587	NONCODEv6_celegans.fa
NONCELT004111.2	lncRNA	0.1416589997688982	0.8583410002311015	NONCODEv6_celegans.fa
NONCELT004112.2	Protein_Coding	0.6859748789164544	0.31402512108354586	NONCODEv6_celegans.fa
NONCELT004114.2	lncRNA	0.49845277743080313	0.5015472225691968	NONCODEv6_celegans.fa
NONCELT004123.2	lncRNA	0.1746769555108552	0.8253230444891443	NONCODEv6_celegans.fa
NONCELT004138.2	lncRNA	0.2543916872220039	0.7456083127779957	NONCODEv6_celegans.fa
NONCELT004141.2	Protein_Coding	0.6503846468442694	0.3496153531557311	NONCODEv6_celegans.fa
NONCELT004145.2	lncRNA	0.22128037963664246	0.7787196203633571	NONCODEv6_celegans.fa
NONCELT004146.2	lncRNA	0.2137549150831736	0.7862450849168255	NONCODEv6_celegans.fa
NONCELT004147.2	lncRNA	0.07598733873854863	0.9240126612614513	NONCODEv6_celegans.fa
NONCELT004148.2	lncRNA	0.0978794551295028	0.9021205448704971	NONCODEv6_celegans.fa
NONCELT004150.2	lncRNA	0.20749050989518608	0.7925094901048136	NONCODEv6_celegans.fa
NONCELT004151.2	lncRNA	0.10357099981748086	0.8964290001825184	NONCODEv6_celegans.fa
NONCELT004161.2	lncRNA	0.3146605487313285	0.6853394512686722	NONCODEv6_celegans.fa
NONCELT004163.2	lncRNA	0.3340908025699748	0.6659091974300255	NONCODEv6_celegans.fa
NONCELT004164.2	lncRNA	0.30750033068544397	0.6924996693145558	NONCODEv6_celegans.fa
NONCELT004185.2	lncRNA	0.06465984712081083	0.9353401528791894	NONCODEv6_celegans.fa
NONCELT004198.2	Protein_Coding	0.514959440747213	0.4850405592527871	NONCODEv6_celegans.fa
NONCELT004200.2	lncRNA	0.15716055256509487	0.842839447434905	NONCODEv6_celegans.fa
NONCELT004208.2	lncRNA	0.1730522906830625	0.8269477093169371	NONCODEv6_celegans.fa
NONCELT004213.2	lncRNA	0.05033638449493083	0.9496636155050684	NONCODEv6_celegans.fa
NONCELT004218.2	lncRNA	0.08202806978441403	0.9179719302155855	NONCODEv6_celegans.fa
NONCELT004229.2	lncRNA	0.11070995636713339	0.8892900436328665	NONCODEv6_celegans.fa
NONCELT004245.2	lncRNA	0.08685719208100989	0.9131428079189903	NONCODEv6_celegans.fa
NONCELT004259.2	lncRNA	0.06753297838820312	0.932467021611797	NONCODEv6_celegans.fa
NONCELT004262.2	lncRNA	0.2930354246834093	0.7069645753165913	NONCODEv6_celegans.fa
NONCELT004268.2	lncRNA	0.1277181856716584	0.8722818143283411	NONCODEv6_celegans.fa
NONCELT004279.2	lncRNA	0.024028085363564728	0.9759719146364346	NONCODEv6_celegans.fa
NONCELT004280.2	lncRNA	0.1749937904458452	0.8250062095541548	NONCODEv6_celegans.fa
NONCELT004281.2	lncRNA	0.39144070870722375	0.6085592912927762	NONCODEv6_celegans.fa
NONCELT004293.2	lncRNA	0.20215710848566543	0.7978428915143339	NONCODEv6_celegans.fa
NONCELT004295.2	lncRNA	0.30553747007188176	0.694462529928118	NONCODEv6_celegans.fa
NONCELT004296.2	lncRNA	0.4876174602343429	0.5123825397656572	NONCODEv6_celegans.fa
NONCELT004307.2	Protein_Coding	0.6349566262212432	0.3650433737787571	NONCODEv6_celegans.fa
NONCELT004312.2	lncRNA	0.13748731760964	0.8625126823903599	NONCODEv6_celegans.fa
NONCELT004313.2	lncRNA	0.2271766187494741	0.7728233812505256	NONCODEv6_celegans.fa
NONCELT004315.2	lncRNA	0.1544253791111996	0.8455746208888005	NONCODEv6_celegans.fa
NONCELT004316.2	Protein_Coding	0.6936664680111091	0.30633353198889113	NONCODEv6_celegans.fa
NONCELT004331.2	lncRNA	0.04751702124199291	0.9524829787580066	NONCODEv6_celegans.fa
NONCELT004332.2	lncRNA	0.03952870303313422	0.9604712969668662	NONCODEv6_celegans.fa
NONCELT004335.2	Protein_Coding	0.7546330717014129	0.24536692829858672	NONCODEv6_celegans.fa
NONCELT004348.2	lncRNA	0.09044634788963107	0.9095536521103688	NONCODEv6_celegans.fa
NONCELT004354.2	lncRNA	0.07045701781645465	0.9295429821835454	NONCODEv6_celegans.fa
NONCELT004363.2	lncRNA	0.207913905531417	0.7920860944685825	NONCODEv6_celegans.fa
NONCELT004370.2	lncRNA	0.1440915265892298	0.85590847341077	NONCODEv6_celegans.fa
NONCELT004379.2	lncRNA	0.06647273441345246	0.9335272655865473	NONCODEv6_celegans.fa
NONCELT004380.2	lncRNA	0.04461802338616629	0.9553819766138332	NONCODEv6_celegans.fa
NONCELT004384.2	lncRNA	0.33525341707864276	0.6647465829213569	NONCODEv6_celegans.fa
NONCELT004401.2	lncRNA	0.13869533670835205	0.8613046632916477	NONCODEv6_celegans.fa
NONCELT004402.2	lncRNA	0.13901431698344574	0.8609856830165541	NONCODEv6_celegans.fa
NONCELT004426.2	lncRNA	0.28708296179874815	0.7129170382012514	NONCODEv6_celegans.fa
NONCELT004427.2	lncRNA	0.17300849756712472	0.8269915024328747	NONCODEv6_celegans.fa
NONCELT004435.2	lncRNA	0.11901158771326116	0.8809884122867382	NONCODEv6_celegans.fa
NONCELT004436.2	lncRNA	0.12790069606345938	0.8720993039365403	NONCODEv6_celegans.fa
NONCELT004438.2	lncRNA	0.11614736038658618	0.8838526396134135	NONCODEv6_celegans.fa
NONCELT004453.2	lncRNA	0.1654365737240716	0.8345634262759279	NONCODEv6_celegans.fa
NONCELT004466.2	lncRNA	0.10561191873476729	0.8943880812652325	NONCODEv6_celegans.fa
NONCELT004467.2	lncRNA	0.059649420381963685	0.9403505796180366	NONCODEv6_celegans.fa
NONCELT004492.2	lncRNA	0.08886493286127883	0.9111350671387213	NONCODEv6_celegans.fa
NONCELT004520.2	lncRNA	0.058728063553772636	0.9412719364462272	NONCODEv6_celegans.fa
NONCELT004522.2	lncRNA	0.18947071786100309	0.8105292821389968	NONCODEv6_celegans.fa
NONCELT004531.2	lncRNA	0.07316153374772705	0.9268384662522733	NONCODEv6_celegans.fa
NONCELT004552.2	lncRNA	0.05556744110801531	0.9444325588919841	NONCODEv6_celegans.fa
NONCELT004553.2	lncRNA	0.11992909418021785	0.8800709058197816	NONCODEv6_celegans.fa
NONCELT004554.2	lncRNA	0.08334048244202401	0.916659517557976	NONCODEv6_celegans.fa
NONCELT004555.2	lncRNA	0.09070712303117971	0.9092928769688201	NONCODEv6_celegans.fa
NONCELT004558.2	lncRNA	0.2587833174362282	0.7412166825637716	NONCODEv6_celegans.fa
NONCELT004559.2	lncRNA	0.3933011374601975	0.6066988625398021	NONCODEv6_celegans.fa
NONCELT004590.2	lncRNA	0.2789009371909137	0.7210990628090864	NONCODEv6_celegans.fa
NONCELT004621.2	lncRNA	0.23788353696441084	0.7621164630355889	NONCODEv6_celegans.fa
NONCELT004622.2	lncRNA	0.0835919200012321	0.9164080799987678	NONCODEv6_celegans.fa
NONCELT004641.2	lncRNA	0.17873402447677275	0.8212659755232268	NONCODEv6_celegans.fa
NONCELT004649.2	lncRNA	0.2817028092789106	0.7182971907210892	NONCODEv6_celegans.fa
NONCELT004655.2	lncRNA	0.16232749470326283	0.8376725052967365	NONCODEv6_celegans.fa
NONCELT004659.2	lncRNA	0.1437298874944993	0.8562701125055003	NONCODEv6_celegans.fa
NONCELT004660.2	lncRNA	0.15014945633549623	0.8498505436645035	NONCODEv6_celegans.fa
NONCELT004661.2	lncRNA	0.12486771858764037	0.8751322814123591	NONCODEv6_celegans.fa
NONCELT004663.2	lncRNA	0.06410324770150075	0.9358967522984989	NONCODEv6_celegans.fa
NONCELT004670.2	lncRNA	0.28307443776889246	0.7169255622311074	NONCODEv6_celegans.fa
NONCELT004683.2	lncRNA	0.046903148544258165	0.9530968514557417	NONCODEv6_celegans.fa
NONCELT004687.2	lncRNA	0.12387735328771672	0.8761226467122829	NONCODEv6_celegans.fa
NONCELT004688.2	lncRNA	0.10463530132588597	0.8953646986741137	NONCODEv6_celegans.fa
NONCELT004689.2	Protein_Coding	0.7849565104487413	0.21504348955125863	NONCODEv6_celegans.fa
NONCELT004690.2	lncRNA	0.043606291057823175	0.956393708942176	NONCODEv6_celegans.fa
NONCELT004691.2	lncRNA	0.04798084796776708	0.9520191520322322	NONCODEv6_celegans.fa
NONCELT004692.2	lncRNA	0.11481368298825025	0.8851863170117495	NONCODEv6_celegans.fa
NONCELT004693.2	lncRNA	0.44181492278936596	0.558185077210634	NONCODEv6_celegans.fa
NONCELT004694.2	Protein_Coding	0.5284516984024352	0.4715483015975647	NONCODEv6_celegans.fa
NONCELT004695.2	Protein_Coding	0.6034215459830536	0.39657845401694625	NONCODEv6_celegans.fa
NONCELT004696.2	Protein_Coding	0.7446709972164767	0.25532900278352366	NONCODEv6_celegans.fa
NONCELT004697.2	Protein_Coding	0.7119148166504862	0.2880851833495136	NONCODEv6_celegans.fa
NONCELT004698.2	lncRNA	0.47148981253119154	0.5285101874688085	NONCODEv6_celegans.fa
NONCELT004699.2	lncRNA	0.3233940435943443	0.6766059564056555	NONCODEv6_celegans.fa
NONCELT004700.2	lncRNA	0.46801940334197606	0.531980596658024	NONCODEv6_celegans.fa
NONCELT004701.2	lncRNA	0.16918744144184067	0.8308125585581593	NONCODEv6_celegans.fa
NONCELT004704.2	lncRNA	0.10164429850399638	0.8983557014960033	NONCODEv6_celegans.fa
NONCELT004710.2	lncRNA	0.20288736437186505	0.7971126356281346	NONCODEv6_celegans.fa
NONCELT004724.2	lncRNA	0.03615992248781826	0.963840077512182	NONCODEv6_celegans.fa
NONCELT004735.2	lncRNA	0.43033703160715786	0.5696629683928419	NONCODEv6_celegans.fa
NONCELT004745.2	lncRNA	0.11701216538581401	0.8829878346141864	NONCODEv6_celegans.fa
NONCELT004746.2	lncRNA	0.16058678491179829	0.8394132150882018	NONCODEv6_celegans.fa
NONCELT004747.2	lncRNA	0.17521020954049107	0.8247897904595085	NONCODEv6_celegans.fa
NONCELT004748.2	lncRNA	0.05403319017434346	0.9459668098256563	NONCODEv6_celegans.fa
NONCELT004753.2	lncRNA	0.21098830633905416	0.7890116936609459	NONCODEv6_celegans.fa
NONCELT004754.2	lncRNA	0.2212159823947843	0.7787840176052161	NONCODEv6_celegans.fa
NONCELT004757.2	lncRNA	0.22387569347842803	0.776124306521571	NONCODEv6_celegans.fa
NONCELT004758.2	lncRNA	0.2982036995396577	0.7017963004603425	NONCODEv6_celegans.fa
NONCELT004760.2	lncRNA	0.06702405099180407	0.9329759490081954	NONCODEv6_celegans.fa
NONCELT004763.2	lncRNA	0.308322108615587	0.6916778913844132	NONCODEv6_celegans.fa
NONCELT004764.2	lncRNA	0.2235622481028311	0.7764377518971691	NONCODEv6_celegans.fa
NONCELT004766.2	lncRNA	0.10817920177479588	0.8918207982252038	NONCODEv6_celegans.fa
NONCELT004767.2	lncRNA	0.11013400066752632	0.8898659993324733	NONCODEv6_celegans.fa
NONCELT004768.2	lncRNA	0.15371608971131878	0.8462839102886806	NONCODEv6_celegans.fa
NONCELT004769.2	lncRNA	0.1753854937039694	0.8246145062960301	NONCODEv6_celegans.fa
NONCELT004785.2	lncRNA	0.26292218099727016	0.7370778190027297	NONCODEv6_celegans.fa
NONCELT004788.2	lncRNA	0.25006894608215746	0.7499310539178422	NONCODEv6_celegans.fa
NONCELT004793.2	lncRNA	0.16425933038592952	0.8357406696140699	NONCODEv6_celegans.fa
NONCELT004808.2	lncRNA	0.12587903548751084	0.8741209645124888	NONCODEv6_celegans.fa
NONCELT004812.2	lncRNA	0.2001199165762679	0.7998800834237316	NONCODEv6_celegans.fa
NONCELT004813.2	lncRNA	0.1878516418027398	0.81214835819726	NONCODEv6_celegans.fa
NONCELT004819.2	lncRNA	0.27416838580235636	0.7258316141976436	NONCODEv6_celegans.fa
NONCELT004820.2	lncRNA	0.13005053554457313	0.869949464455427	NONCODEv6_celegans.fa
NONCELT004872.2	lncRNA	0.03800356540837171	0.9619964345916285	NONCODEv6_celegans.fa
NONCELT005054.2	lncRNA	0.23601609196213996	0.7639839080378595	NONCODEv6_celegans.fa
NONCELT005060.2	lncRNA	0.04237701988857052	0.9576229801114292	NONCODEv6_celegans.fa
NONCELT005073.2	lncRNA	0.4056077061023138	0.5943922938976859	NONCODEv6_celegans.fa
NONCELT005101.2	lncRNA	0.04447099871454807	0.955529001285452	NONCODEv6_celegans.fa
NONCELT005309.2	lncRNA	0.0760367158357874	0.9239632841642115	NONCODEv6_celegans.fa
NONCELT005315.2	lncRNA	0.39806554843018704	0.6019344515698128	NONCODEv6_celegans.fa
NONCELT005406.2	lncRNA	0.3132247119405112	0.6867752880594885	NONCODEv6_celegans.fa
NONCELT005545.2	lncRNA	0.1393573438661504	0.8606426561338486	NONCODEv6_celegans.fa
NONCELT005546.2	lncRNA	0.050895536432819466	0.9491044635671805	NONCODEv6_celegans.fa
NONCELT005557.2	lncRNA	0.1527593598739982	0.8472406401260018	NONCODEv6_celegans.fa
NONCELT005558.2	lncRNA	0.14262277630760226	0.8573772236923972	NONCODEv6_celegans.fa
NONCELT005702.2	lncRNA	0.08923130576917243	0.9107686942308276	NONCODEv6_celegans.fa
NONCELT005739.2	lncRNA	0.07997925759173984	0.9200207424082598	NONCODEv6_celegans.fa
NONCELT005780.2	lncRNA	0.07560005079368139	0.924399949206318	NONCODEv6_celegans.fa
NONCELT005820.2	lncRNA	0.050333668215686	0.9496663317843139	NONCODEv6_celegans.fa
NONCELT005945.2	lncRNA	0.39337755782322986	0.6066224421767695	NONCODEv6_celegans.fa
NONCELT005965.2	lncRNA	0.42830062840492994	0.5716993715950699	NONCODEv6_celegans.fa
NONCELT005971.2	lncRNA	0.14860110792000886	0.8513988920799912	NONCODEv6_celegans.fa
NONCELT005972.2	lncRNA	0.11666872315105827	0.8833312768489409	NONCODEv6_celegans.fa
NONCELT006067.2	lncRNA	0.12681562976575103	0.8731843702342492	NONCODEv6_celegans.fa
NONCELT006271.2	lncRNA	0.08520549230353884	0.9147945076964603	NONCODEv6_celegans.fa
NONCELT006300.2	lncRNA	0.06232304872577154	0.9376769512742282	NONCODEv6_celegans.fa
NONCELT006326.2	lncRNA	0.3334156702466143	0.6665843297533854	NONCODEv6_celegans.fa
NONCELT006332.2	lncRNA	0.33280878304795747	0.6671912169520424	NONCODEv6_celegans.fa
NONCELT006342.2	lncRNA	0.3993571693976282	0.6006428306023716	NONCODEv6_celegans.fa
NONCELT006492.2	lncRNA	0.14221340293537454	0.8577865970646249	NONCODEv6_celegans.fa
NONCELT006530.2	lncRNA	0.0949405746133981	0.9050594253866011	NONCODEv6_celegans.fa
NONCELT006531.2	lncRNA	0.16277082563620474	0.8372291743637953	NONCODEv6_celegans.fa
NONCELT006541.2	lncRNA	0.01764430480372435	0.9823556951962761	NONCODEv6_celegans.fa
NONCELT006562.2	lncRNA	0.2600798481051284	0.7399201518948715	NONCODEv6_celegans.fa
NONCELT006597.2	lncRNA	0.050749778755893364	0.9492502212441062	NONCODEv6_celegans.fa
NONCELT006736.2	lncRNA	0.20124151086967823	0.7987584891303217	NONCODEv6_celegans.fa
NONCELT006863.2	lncRNA	0.1988411305420118	0.8011588694579879	NONCODEv6_celegans.fa
NONCELT006903.2	lncRNA	0.0761098253771015	0.9238901746228981	NONCODEv6_celegans.fa
NONCELT006993.2	lncRNA	0.13533491759608846	0.8646650824039117	NONCODEv6_celegans.fa
NONCELT007004.2	lncRNA	0.1231586138826269	0.8768413861173725	NONCODEv6_celegans.fa
NONCELT007243.2	lncRNA	0.11077629516105691	0.8892237048389426	NONCODEv6_celegans.fa
NONCELT007270.2	lncRNA	0.11180381447154844	0.8881961855284517	NONCODEv6_celegans.fa
NONCELT007294.2	lncRNA	0.16570611981748834	0.8342938801825114	NONCODEv6_celegans.fa
NONCELT007313.2	lncRNA	0.0403905591788312	0.9596094408211687	NONCODEv6_celegans.fa
NONCELT007314.2	lncRNA	0.11741990630578147	0.8825800936942182	NONCODEv6_celegans.fa
NONCELT007374.2	lncRNA	0.13121475716466585	0.8687852428353344	NONCODEv6_celegans.fa
NONCELT007402.2	lncRNA	0.05406790079130027	0.9459320992086988	NONCODEv6_celegans.fa
NONCELT007405.2	lncRNA	0.049937479665443464	0.9500625203345563	NONCODEv6_celegans.fa
NONCELT007410.2	lncRNA	0.14848970749278778	0.8515102925072117	NONCODEv6_celegans.fa
NONCELT007411.2	lncRNA	0.3775095576185293	0.6224904423814697	NONCODEv6_celegans.fa
NONCELT007415.2	lncRNA	0.11708860375038695	0.882911396249613	NONCODEv6_celegans.fa
NONCELT007421.2	lncRNA	0.0960726258444696	0.9039273741555299	NONCODEv6_celegans.fa
NONCELT007443.2	lncRNA	0.2709575422745952	0.7290424577254052	NONCODEv6_celegans.fa
NONCELT007445.2	lncRNA	0.14555707798508885	0.8544429220149111	NONCODEv6_celegans.fa
NONCELT007460.2	lncRNA	0.2582339368953401	0.7417660631046599	NONCODEv6_celegans.fa
NONCELT007462.2	Protein_Coding	0.6592860844629608	0.34071391553703945	NONCODEv6_celegans.fa
NONCELT007475.2	lncRNA	0.2035044420764534	0.7964955579235464	NONCODEv6_celegans.fa
NONCELT007479.2	Protein_Coding	0.6870265742613161	0.3129734257386839	NONCODEv6_celegans.fa
NONCELT007480.2	Protein_Coding	0.522638026954542	0.47736197304545797	NONCODEv6_celegans.fa
NONCELT007481.2	lncRNA	0.2415656300095168	0.7584343699904831	NONCODEv6_celegans.fa
NONCELT007482.2	lncRNA	0.17061208616243587	0.8293879138375638	NONCODEv6_celegans.fa
NONCELT007484.2	lncRNA	0.23461533810895172	0.7653846618910485	NONCODEv6_celegans.fa
NONCELT007488.2	lncRNA	0.034147644195450376	0.9658523558045496	NONCODEv6_celegans.fa
NONCELT007494.2	lncRNA	0.16311087309094596	0.8368891269090534	NONCODEv6_celegans.fa
NONCELT007495.2	lncRNA	0.10378308086702835	0.8962169191329719	NONCODEv6_celegans.fa
NONCELT007496.2	lncRNA	0.11970053582194685	0.8802994641780529	NONCODEv6_celegans.fa
NONCELT007498.2	lncRNA	0.1953793913134125	0.8046206086865874	NONCODEv6_celegans.fa
NONCELT007504.2	lncRNA	0.06165561214652573	0.9383443878534737	NONCODEv6_celegans.fa
NONCELT007505.2	lncRNA	0.2296780760548506	0.7703219239451496	NONCODEv6_celegans.fa
NONCELT007508.2	lncRNA	0.21993348890344946	0.7800665110965502	NONCODEv6_celegans.fa
NONCELT007509.2	lncRNA	0.05127902835649323	0.9487209716435065	NONCODEv6_celegans.fa
NONCELT007519.2	lncRNA	0.2370126728202975	0.7629873271797033	NONCODEv6_celegans.fa
NONCELT007527.2	lncRNA	0.06887239614349511	0.9311276038565047	NONCODEv6_celegans.fa
NONCELT007542.2	lncRNA	0.15087096840648587	0.8491290315935138	NONCODEv6_celegans.fa
NONCELT007543.2	lncRNA	0.2630070088010982	0.7369929911989015	NONCODEv6_celegans.fa
NONCELT007544.2	lncRNA	0.1521973522379176	0.8478026477620824	NONCODEv6_celegans.fa
NONCELT007546.2	lncRNA	0.3264882049148615	0.6735117950851381	NONCODEv6_celegans.fa
NONCELT007547.2	lncRNA	0.28566466279268754	0.7143353372073122	NONCODEv6_celegans.fa
NONCELT007548.2	lncRNA	0.09496704946508427	0.9050329505349157	NONCODEv6_celegans.fa
NONCELT007556.2	lncRNA	0.046287859910205766	0.9537121400897943	NONCODEv6_celegans.fa
NONCELT007561.2	lncRNA	0.1086927599901905	0.8913072400098091	NONCODEv6_celegans.fa
NONCELT007570.2	lncRNA	0.18194862034779297	0.8180513796522068	NONCODEv6_celegans.fa
NONCELT007571.2	lncRNA	0.10534751129455078	0.8946524887054488	NONCODEv6_celegans.fa
NONCELT007584.2	lncRNA	0.18280849250311548	0.8171915074968842	NONCODEv6_celegans.fa
NONCELT007590.2	lncRNA	0.1330107172258269	0.8669892827741731	NONCODEv6_celegans.fa
NONCELT007591.2	lncRNA	0.15653305707632875	0.8434669429236717	NONCODEv6_celegans.fa
NONCELT007598.2	lncRNA	0.047462279203902724	0.9525377207960964	NONCODEv6_celegans.fa
NONCELT007600.2	lncRNA	0.1033204935423181	0.8966795064576821	NONCODEv6_celegans.fa
NONCELT007617.2	lncRNA	0.14663764382878003	0.8533623561712199	NONCODEv6_celegans.fa
NONCELT007628.2	lncRNA	0.10962665378946533	0.8903733462105344	NONCODEv6_celegans.fa
NONCELT007633.2	lncRNA	0.09274804954060502	0.9072519504593944	NONCODEv6_celegans.fa
NONCELT007637.2	lncRNA	0.21083755800140236	0.7891624419985974	NONCODEv6_celegans.fa
NONCELT007641.2	lncRNA	0.2312968800120168	0.7687031199879831	NONCODEv6_celegans.fa
NONCELT007649.2	lncRNA	0.14197075204678292	0.8580292479532169	NONCODEv6_celegans.fa
NONCELT007650.2	lncRNA	0.0673741996023001	0.9326258003976998	NONCODEv6_celegans.fa
NONCELT007653.2	lncRNA	0.14015691357323756	0.8598430864267627	NONCODEv6_celegans.fa
NONCELT007663.2	lncRNA	0.03610351899981445	0.963896481000186	NONCODEv6_celegans.fa
NONCELT007668.2	lncRNA	0.11644691718440472	0.8835530828155957	NONCODEv6_celegans.fa
NONCELT007669.2	lncRNA	0.2590201843827888	0.7409798156172105	NONCODEv6_celegans.fa
NONCELT007689.2	lncRNA	0.41878914651247656	0.5812108534875231	NONCODEv6_celegans.fa
NONCELT007692.2	lncRNA	0.10116242325213161	0.8988375767478683	NONCODEv6_celegans.fa
NONCELT007693.2	lncRNA	0.19412475312945504	0.805875246870544	NONCODEv6_celegans.fa
NONCELT007698.2	lncRNA	0.23234032467985266	0.7676596753201476	NONCODEv6_celegans.fa
NONCELT007706.2	lncRNA	0.0994223383642875	0.9005776616357126	NONCODEv6_celegans.fa
NONCELT007720.2	lncRNA	0.11991822201690543	0.8800817779830938	NONCODEv6_celegans.fa
NONCELT007721.2	lncRNA	0.13426407153029854	0.8657359284697013	NONCODEv6_celegans.fa
NONCELT007722.2	lncRNA	0.43709503398913685	0.5629049660108632	NONCODEv6_celegans.fa
NONCELT007738.2	Protein_Coding	0.5194181755197282	0.48058182448027165	NONCODEv6_celegans.fa
NONCELT007756.2	lncRNA	0.41367245474287706	0.5863275452571228	NONCODEv6_celegans.fa
NONCELT007758.2	lncRNA	0.10582089471239023	0.8941791052876101	NONCODEv6_celegans.fa
NONCELT007759.2	lncRNA	0.14839013984995877	0.8516098601500414	NONCODEv6_celegans.fa
NONCELT007761.2	lncRNA	0.11982719378279419	0.8801728062172055	NONCODEv6_celegans.fa
NONCELT007763.2	Protein_Coding	0.7152745710487735	0.2847254289512263	NONCODEv6_celegans.fa
NONCELT007769.2	lncRNA	0.15095724452596143	0.8490427554740384	NONCODEv6_celegans.fa
NONCELT007787.2	lncRNA	0.10051799008925796	0.8994820099107411	NONCODEv6_celegans.fa
NONCELT007794.2	lncRNA	0.13414371190178584	0.8658562880982134	NONCODEv6_celegans.fa
NONCELT007795.2	lncRNA	0.10665661656392846	0.8933433834360711	NONCODEv6_celegans.fa
NONCELT007797.2	lncRNA	0.3703303361407923	0.6296696638592073	NONCODEv6_celegans.fa
NONCELT007800.2	lncRNA	0.19671766128940535	0.8032823387105945	NONCODEv6_celegans.fa
NONCELT007819.2	lncRNA	0.16786693599135488	0.8321330640086452	NONCODEv6_celegans.fa
NONCELT007827.2	lncRNA	0.12420279321566842	0.8757972067843318	NONCODEv6_celegans.fa
NONCELT007830.2	lncRNA	0.23113077583223146	0.768869224167768	NONCODEv6_celegans.fa
NONCELT007831.2	lncRNA	0.37915975523568424	0.6208402447643157	NONCODEv6_celegans.fa
NONCELT007833.2	lncRNA	0.34559095626194275	0.6544090437380574	NONCODEv6_celegans.fa
NONCELT007869.2	lncRNA	0.05263072080091191	0.9473692791990876	NONCODEv6_celegans.fa
NONCELT007873.2	Protein_Coding	0.5410336254545064	0.4589663745454934	NONCODEv6_celegans.fa
NONCELT007874.2	lncRNA	0.07894683255300922	0.921053167446991	NONCODEv6_celegans.fa
NONCELT007876.2	lncRNA	0.06229415865993314	0.9377058413400674	NONCODEv6_celegans.fa
NONCELT007877.2	lncRNA	0.10971276895067604	0.8902872310493238	NONCODEv6_celegans.fa
NONCELT007882.2	Protein_Coding	0.5240231656725524	0.4759768343274478	NONCODEv6_celegans.fa
NONCELT007888.2	lncRNA	0.07498689489413957	0.9250131051058599	NONCODEv6_celegans.fa
NONCELT007892.2	lncRNA	0.10199548198892971	0.8980045180110702	NONCODEv6_celegans.fa
NONCELT007894.2	lncRNA	0.07335525965444832	0.9266447403455516	NONCODEv6_celegans.fa
NONCELT007900.2	lncRNA	0.16019529370213126	0.8398047062978683	NONCODEv6_celegans.fa
NONCELT007902.2	lncRNA	0.3137897660173756	0.6862102339826243	NONCODEv6_celegans.fa
NONCELT007906.2	lncRNA	0.07555409633363555	0.9244459036663643	NONCODEv6_celegans.fa
NONCELT007907.2	lncRNA	0.13225889729142135	0.8677411027085784	NONCODEv6_celegans.fa
NONCELT007909.2	lncRNA	0.2719492012518767	0.7280507987481231	NONCODEv6_celegans.fa
NONCELT007917.2	lncRNA	0.08590911035525158	0.9140908896447484	NONCODEv6_celegans.fa
NONCELT007919.2	lncRNA	0.13204588701738057	0.8679541129826192	NONCODEv6_celegans.fa
NONCELT007924.2	lncRNA	0.27811899817682456	0.7218810018231746	NONCODEv6_celegans.fa
NONCELT007926.2	lncRNA	0.11615065445688176	0.8838493455431181	NONCODEv6_celegans.fa
NONCELT007945.2	lncRNA	0.3165502045419543	0.6834497954580454	NONCODEv6_celegans.fa
NONCELT007958.2	lncRNA	0.12022118308991282	0.8797788169100869	NONCODEv6_celegans.fa
NONCELT007959.2	lncRNA	0.08556844175737292	0.9144315582426262	NONCODEv6_celegans.fa
NONCELT007960.2	lncRNA	0.08097443320548005	0.9190255667945195	NONCODEv6_celegans.fa
NONCELT007963.2	lncRNA	0.09915284631246662	0.9008471536875338	NONCODEv6_celegans.fa
NONCELT007964.2	lncRNA	0.19151485425814752	0.808485145741852	NONCODEv6_celegans.fa
NONCELT007967.2	lncRNA	0.11325891575064644	0.8867410842493528	NONCODEv6_celegans.fa
NONCELT007968.2	lncRNA	0.21556074629043204	0.784439253709568	NONCODEv6_celegans.fa
NONCELT007969.2	lncRNA	0.17160145174764194	0.8283985482523584	NONCODEv6_celegans.fa
NONCELT007972.2	lncRNA	0.09575590266334141	0.9042440973366581	NONCODEv6_celegans.fa
NONCELT007977.2	Protein_Coding	0.886572580377591	0.11342741962240899	NONCODEv6_celegans.fa
NONCELT007988.2	lncRNA	0.04915806130275214	0.9508419386972471	NONCODEv6_celegans.fa
NONCELT007990.2	lncRNA	0.1522790502982984	0.8477209497017013	NONCODEv6_celegans.fa
NONCELT007998.2	lncRNA	0.20858904561658048	0.791410954383419	NONCODEv6_celegans.fa
NONCELT008000.2	lncRNA	0.17659393213008015	0.8234060678699195	NONCODEv6_celegans.fa
NONCELT008002.2	lncRNA	0.20727064507506832	0.7927293549249318	NONCODEv6_celegans.fa
NONCELT008007.2	Protein_Coding	0.7696493100540756	0.23035068994592411	NONCODEv6_celegans.fa
NONCELT008026.2	lncRNA	0.33512436814207297	0.6648756318579271	NONCODEv6_celegans.fa
NONCELT008036.2	lncRNA	0.4300759904561844	0.5699240095438154	NONCODEv6_celegans.fa
NONCELT008038.2	lncRNA	0.3134462231962796	0.6865537768037197	NONCODEv6_celegans.fa
NONCELT008039.2	lncRNA	0.14475668713753614	0.8552433128624639	NONCODEv6_celegans.fa
NONCELT008048.2	lncRNA	0.14172110112501507	0.858278898874985	NONCODEv6_celegans.fa
NONCELT008055.2	lncRNA	0.03326925933897947	0.9667307406610202	NONCODEv6_celegans.fa
NONCELT008074.2	lncRNA	0.12859703452493781	0.871402965475062	NONCODEv6_celegans.fa
NONCELT008075.2	lncRNA	0.0743219722877833	0.9256780277122156	NONCODEv6_celegans.fa
NONCELT008085.2	lncRNA	0.13609892765144235	0.8639010723485573	NONCODEv6_celegans.fa
NONCELT008120.2	lncRNA	0.08383412344058659	0.9161658765594127	NONCODEv6_celegans.fa
NONCELT008123.2	lncRNA	0.15527480967930243	0.8447251903206974	NONCODEv6_celegans.fa
NONCELT008124.2	lncRNA	0.24221026282403776	0.7577897371759614	NONCODEv6_celegans.fa
NONCELT008126.2	lncRNA	0.06190066557006195	0.9380993344299374	NONCODEv6_celegans.fa
NONCELT008127.2	lncRNA	0.4585122996586946	0.5414877003413053	NONCODEv6_celegans.fa
NONCELT008131.2	lncRNA	0.2646799896042257	0.7353200103957739	NONCODEv6_celegans.fa
NONCELT008132.2	lncRNA	0.11659318992350276	0.8834068100764968	NONCODEv6_celegans.fa
NONCELT008138.2	lncRNA	0.37025601472495506	0.6297439852750447	NONCODEv6_celegans.fa
NONCELT008141.2	lncRNA	0.3743908172063198	0.62560918279368	NONCODEv6_celegans.fa
NONCELT008142.2	lncRNA	0.37344407847546224	0.6265559215245377	NONCODEv6_celegans.fa
NONCELT008143.2	Protein_Coding	0.5883977472274755	0.4116022527725242	NONCODEv6_celegans.fa
NONCELT008145.2	lncRNA	0.07947439303432048	0.9205256069656789	NONCODEv6_celegans.fa
NONCELT008148.2	lncRNA	0.07224184111064835	0.9277581588893521	NONCODEv6_celegans.fa
NONCELT008149.2	lncRNA	0.2182581006545405	0.7817418993454591	NONCODEv6_celegans.fa
NONCELT008152.2	lncRNA	0.13864000627734296	0.861359993722657	NONCODEv6_celegans.fa
NONCELT008155.2	lncRNA	0.22926024209710716	0.7707397579028926	NONCODEv6_celegans.fa
NONCELT008178.2	lncRNA	0.05432439222940478	0.9456756077705953	NONCODEv6_celegans.fa
NONCELT008186.2	lncRNA	0.13699385771086234	0.8630061422891372	NONCODEv6_celegans.fa
NONCELT008187.2	lncRNA	0.22166234561586776	0.7783376543841325	NONCODEv6_celegans.fa
NONCELT008188.2	lncRNA	0.12604170510860135	0.8739582948913985	NONCODEv6_celegans.fa
NONCELT008194.2	lncRNA	0.10236617133161444	0.8976338286683855	NONCODEv6_celegans.fa
NONCELT008196.2	lncRNA	0.05615070070780297	0.9438492992921969	NONCODEv6_celegans.fa
NONCELT008198.2	lncRNA	0.1519421343895426	0.8480578656104572	NONCODEv6_celegans.fa
NONCELT008199.2	lncRNA	0.17931193401385398	0.8206880659861455	NONCODEv6_celegans.fa
NONCELT008200.2	lncRNA	0.19308614104398847	0.8069138589560116	NONCODEv6_celegans.fa
NONCELT008203.2	Protein_Coding	0.7030979939623039	0.29690200603769584	NONCODEv6_celegans.fa
NONCELT008204.2	lncRNA	0.3099711775943399	0.6900288224056601	NONCODEv6_celegans.fa
NONCELT008209.2	lncRNA	0.33747974360650806	0.6625202563934919	NONCODEv6_celegans.fa
NONCELT008211.2	lncRNA	0.15406917214089175	0.8459308278591084	NONCODEv6_celegans.fa
NONCELT008221.2	lncRNA	0.12057413493848801	0.8794258650615114	NONCODEv6_celegans.fa
NONCELT008225.2	lncRNA	0.04695803905102639	0.9530419609489735	NONCODEv6_celegans.fa
NONCELT008242.2	lncRNA	0.11236059512617359	0.8876394048738263	NONCODEv6_celegans.fa
NONCELT008244.2	lncRNA	0.3557860060660053	0.6442139939339947	NONCODEv6_celegans.fa
NONCELT008245.2	lncRNA	0.36772691089890536	0.6322730891010946	NONCODEv6_celegans.fa
NONCELT008246.2	lncRNA	0.20979662015076614	0.7902033798492335	NONCODEv6_celegans.fa
NONCELT008247.2	lncRNA	0.44852864986105334	0.5514713501389463	NONCODEv6_celegans.fa
NONCELT008258.2	Protein_Coding	0.8369827441009265	0.16301725589907365	NONCODEv6_celegans.fa
NONCELT008259.2	lncRNA	0.12982799114708363	0.8701720088529157	NONCODEv6_celegans.fa
NONCELT008263.2	lncRNA	0.14517685085755924	0.8548231491424404	NONCODEv6_celegans.fa
NONCELT008271.2	lncRNA	0.032143390875556045	0.9678566091244436	NONCODEv6_celegans.fa
NONCELT008280.2	lncRNA	0.032143390875556045	0.9678566091244436	NONCODEv6_celegans.fa
NONCELT008288.2	lncRNA	0.09731351753002859	0.9026864824699707	NONCODEv6_celegans.fa
NONCELT008295.2	Protein_Coding	0.5034278428206965	0.49657215717930336	NONCODEv6_celegans.fa
NONCELT008297.2	lncRNA	0.44802412773584127	0.5519758722641589	NONCODEv6_celegans.fa
NONCELT008299.2	lncRNA	0.05960921485599896	0.940390785144001	NONCODEv6_celegans.fa
NONCELT008312.2	lncRNA	0.30070457158998876	0.6992954284100118	NONCODEv6_celegans.fa
NONCELT008313.2	Protein_Coding	0.5965729846587059	0.40342701534129416	NONCODEv6_celegans.fa
NONCELT008319.2	lncRNA	0.10314042942505251	0.8968595705749474	NONCODEv6_celegans.fa
NONCELT008320.2	lncRNA	0.21823757557534568	0.7817624244246545	NONCODEv6_celegans.fa
NONCELT008345.2	lncRNA	0.14519760633323134	0.8548023936667681	NONCODEv6_celegans.fa
NONCELT008346.2	lncRNA	0.1849365556970867	0.8150634443029129	NONCODEv6_celegans.fa
NONCELT008356.2	lncRNA	0.1706131062380931	0.8293868937619064	NONCODEv6_celegans.fa
NONCELT008357.2	lncRNA	0.024561168450374784	0.9754388315496253	NONCODEv6_celegans.fa
NONCELT008365.2	lncRNA	0.21837113767178137	0.7816288623282183	NONCODEv6_celegans.fa
NONCELT008376.2	lncRNA	0.08217911820056975	0.9178208817994298	NONCODEv6_celegans.fa
NONCELT008382.2	Protein_Coding	0.6792909887293139	0.3207090112706862	NONCODEv6_celegans.fa
NONCELT008383.2	lncRNA	0.21397973253845093	0.7860202674615482	NONCODEv6_celegans.fa
NONCELT008385.2	lncRNA	0.4277230844218603	0.5722769155781395	NONCODEv6_celegans.fa
NONCELT008386.2	lncRNA	0.2766645818692516	0.7233354181307484	NONCODEv6_celegans.fa
NONCELT008389.2	lncRNA	0.11751234586676537	0.8824876541332344	NONCODEv6_celegans.fa
NONCELT008390.2	Protein_Coding	0.8560586030615926	0.14394139693840696	NONCODEv6_celegans.fa
NONCELT008398.2	lncRNA	0.43127957897108826	0.5687204210289117	NONCODEv6_celegans.fa
NONCELT008405.2	lncRNA	0.08985001003120426	0.9101499899687949	NONCODEv6_celegans.fa
NONCELT008417.2	lncRNA	0.17439794766052796	0.8256020523394717	NONCODEv6_celegans.fa
NONCELT008445.2	Protein_Coding	0.7048420903823329	0.29515790961766675	NONCODEv6_celegans.fa
NONCELT008473.2	lncRNA	0.06648678710753039	0.9335132128924696	NONCODEv6_celegans.fa
NONCELT008488.2	lncRNA	0.09514411429319504	0.9048558857068049	NONCODEv6_celegans.fa
NONCELT008503.2	lncRNA	0.11371431772371295	0.8862856822762872	NONCODEv6_celegans.fa
NONCELT008504.2	lncRNA	0.1919593272093826	0.8080406727906171	NONCODEv6_celegans.fa
NONCELT008544.2	lncRNA	0.0709364543995163	0.9290635456004837	NONCODEv6_celegans.fa
NONCELT008551.2	lncRNA	0.30088106772944373	0.6991189322705562	NONCODEv6_celegans.fa
NONCELT008583.2	lncRNA	0.3400598900968305	0.6599401099031695	NONCODEv6_celegans.fa
NONCELT008793.2	lncRNA	0.2767199204516492	0.7232800795483512	NONCODEv6_celegans.fa
NONCELT008795.2	lncRNA	0.19218974834230204	0.8078102516576975	NONCODEv6_celegans.fa
NONCELT009032.2	lncRNA	0.20001337985742496	0.7999866201425745	NONCODEv6_celegans.fa
NONCELT009285.2	lncRNA	0.1995265013623672	0.8004734986376325	NONCODEv6_celegans.fa
NONCELT009459.2	lncRNA	0.23018643531924177	0.7698135646807577	NONCODEv6_celegans.fa
NONCELT009460.2	lncRNA	0.26396058095586455	0.7360394190441353	NONCODEv6_celegans.fa
NONCELT009669.2	Protein_Coding	0.5638358574239553	0.4361641425760445	NONCODEv6_celegans.fa
NONCELT009684.2	Protein_Coding	0.6438442646257649	0.35615573537423517	NONCODEv6_celegans.fa
NONCELT009704.2	lncRNA	0.07184064305469523	0.9281593569453046	NONCODEv6_celegans.fa
NONCELT009994.2	Protein_Coding	0.557286052577383	0.4427139474226173	NONCODEv6_celegans.fa
NONCELT010722.2	lncRNA	0.44439764951276556	0.5556023504872346	NONCODEv6_celegans.fa
NONCELT010730.2	lncRNA	0.3651163631414298	0.6348836368585701	NONCODEv6_celegans.fa
NONCELT010736.2	lncRNA	0.037253694971596196	0.9627463050284037	NONCODEv6_celegans.fa
NONCELT010745.2	lncRNA	0.2620461837964572	0.7379538162035432	NONCODEv6_celegans.fa
NONCELT010868.2	lncRNA	0.07881026134609553	0.921189738653904	NONCODEv6_celegans.fa
NONCELT010872.2	lncRNA	0.49586609306893065	0.5041339069310692	NONCODEv6_celegans.fa
NONCELT011282.2	lncRNA	0.14100304072263675	0.8589969592773627	NONCODEv6_celegans.fa
NONCELT011479.2	lncRNA	0.14534878419566538	0.8546512158043347	NONCODEv6_celegans.fa
NONCELT011482.2	lncRNA	0.15080906340315592	0.8491909365968433	NONCODEv6_celegans.fa
NONCELT011487.2	lncRNA	0.31905873547498287	0.6809412645250169	NONCODEv6_celegans.fa
NONCELT011545.2	lncRNA	0.49805816859605295	0.501941831403947	NONCODEv6_celegans.fa
NONCELT011856.2	Protein_Coding	0.613258820063632	0.38674117993636786	NONCODEv6_celegans.fa
NONCELT011871.2	lncRNA	0.23030601699318387	0.7696939830068164	NONCODEv6_celegans.fa
NONCELT011881.2	lncRNA	0.13585523889827023	0.8641447611017292	NONCODEv6_celegans.fa
NONCELT011886.2	lncRNA	0.23796530463338464	0.7620346953666156	NONCODEv6_celegans.fa
NONCELT011896.2	lncRNA	0.17960962105880032	0.8203903789411999	NONCODEv6_celegans.fa
NONCELT011899.2	lncRNA	0.11022902452838887	0.8897709754716111	NONCODEv6_celegans.fa
NONCELT011903.2	lncRNA	0.18249447288420606	0.8175055271157936	NONCODEv6_celegans.fa
NONCELT011954.2	lncRNA	0.0951364274198257	0.904863572580174	NONCODEv6_celegans.fa
NONCELT012016.2	lncRNA	0.17674809688104628	0.8232519031189532	NONCODEv6_celegans.fa
NONCELT012135.2	lncRNA	0.10041100496273864	0.8995889950372608	NONCODEv6_celegans.fa
NONCELT012140.2	lncRNA	0.48729299081330363	0.5127070091866963	NONCODEv6_celegans.fa
NONCELT012163.2	lncRNA	0.08324522210575784	0.916754777894242	NONCODEv6_celegans.fa
NONCELT012215.2	Protein_Coding	0.5163784501000109	0.4836215498999892	NONCODEv6_celegans.fa
NONCELT012487.2	lncRNA	0.015150341391407302	0.9848496586085934	NONCODEv6_celegans.fa
NONCELT012843.2	lncRNA	0.46829471138550216	0.5317052886144977	NONCODEv6_celegans.fa
NONCELT013269.2	lncRNA	0.10699321658018397	0.8930067834198157	NONCODEv6_celegans.fa
NONCELT013431.2	lncRNA	0.3693028061874856	0.6306971938125143	NONCODEv6_celegans.fa
NONCELT013433.2	Protein_Coding	0.7711493467066926	0.22885065329330742	NONCODEv6_celegans.fa
NONCELT013607.2	lncRNA	0.062476415492993875	0.9375235845070057	NONCODEv6_celegans.fa
NONCELT013647.2	lncRNA	0.059741206044614845	0.9402587939553847	NONCODEv6_celegans.fa
NONCELT013649.2	lncRNA	0.18548322373408885	0.8145167762659108	NONCODEv6_celegans.fa
NONCELT013654.2	lncRNA	0.059741206044614845	0.9402587939553847	NONCODEv6_celegans.fa
NONCELT013655.2	lncRNA	0.062476415492993875	0.9375235845070057	NONCODEv6_celegans.fa
NONCELT013798.2	lncRNA	0.3311422113627267	0.6688577886372734	NONCODEv6_celegans.fa
NONCELT014020.2	lncRNA	0.13316484768570394	0.8668351523142959	NONCODEv6_celegans.fa
NONCELT014077.2	lncRNA	0.16916155143084033	0.8308384485691594	NONCODEv6_celegans.fa
NONCELT014084.2	lncRNA	0.16916155143084033	0.8308384485691594	NONCODEv6_celegans.fa
NONCELT014234.2	Protein_Coding	0.5586087390679518	0.4413912609320481	NONCODEv6_celegans.fa
NONCELT014275.2	lncRNA	0.23539833949070077	0.7646016605092991	NONCODEv6_celegans.fa
NONCELT014588.2	lncRNA	0.12470973999065915	0.8752902600093404	NONCODEv6_celegans.fa
NONCELT014940.2	lncRNA	0.21861400774591463	0.7813859922540848	NONCODEv6_celegans.fa
NONCELT015170.2	Protein_Coding	0.5400600324180049	0.45993996758199535	NONCODEv6_celegans.fa
NONCELT015489.2	lncRNA	0.09360020439861481	0.9063997956013854	NONCODEv6_celegans.fa
NONCELT015591.2	lncRNA	0.48278164235830306	0.5172183576416971	NONCODEv6_celegans.fa
NONCELT015592.2	lncRNA	0.2811206225509786	0.7188793774490215	NONCODEv6_celegans.fa
NONCELT015594.2	lncRNA	0.12829880632925456	0.8717011936707446	NONCODEv6_celegans.fa
NONCELT015723.2	Protein_Coding	0.5952963529383726	0.40470364706162765	NONCODEv6_celegans.fa
NONCELT015806.2	lncRNA	0.20333503044315837	0.7966649695568413	NONCODEv6_celegans.fa
NONCELT015819.2	Protein_Coding	0.5377579298852531	0.462242070114747	NONCODEv6_celegans.fa
NONCELT015820.2	Protein_Coding	0.5629324962990377	0.43706750370096215	NONCODEv6_celegans.fa
NONCELT015821.2	lncRNA	0.20356458952151116	0.7964354104784889	NONCODEv6_celegans.fa
NONCELT015822.2	lncRNA	0.12166159826032767	0.878338401739672	NONCODEv6_celegans.fa
NONCELT015826.2	lncRNA	0.33683347680904296	0.6631665231909573	NONCODEv6_celegans.fa
NONCELT015827.2	lncRNA	0.12742095688680805	0.8725790431131917	NONCODEv6_celegans.fa
NONCELT015829.2	lncRNA	0.21976115355014036	0.7802388464498595	NONCODEv6_celegans.fa
NONCELT015835.2	lncRNA	0.1755080457891864	0.8244919542108132	NONCODEv6_celegans.fa
NONCELT015843.2	lncRNA	0.30336189797743346	0.6966381020225664	NONCODEv6_celegans.fa
NONCELT015845.2	lncRNA	0.29281177099407607	0.7071882290059233	NONCODEv6_celegans.fa
NONCELT015851.2	lncRNA	0.10656096595623486	0.8934390340437649	NONCODEv6_celegans.fa
NONCELT016086.2	lncRNA	0.05759886891625699	0.9424011310837432	NONCODEv6_celegans.fa
NONCELT016107.2	lncRNA	0.1859899702587315	0.8140100297412686	NONCODEv6_celegans.fa
NONCELT016121.2	lncRNA	0.2622281828861605	0.7377718171138399	NONCODEv6_celegans.fa
NONCELT016158.2	lncRNA	0.34392554314602775	0.6560744568539729	NONCODEv6_celegans.fa
NONCELT016269.2	lncRNA	0.2999237168356596	0.7000762831643401	NONCODEv6_celegans.fa
NONCELT016483.2	lncRNA	0.2786474324610191	0.7213525675389814	NONCODEv6_celegans.fa
NONCELT016639.2	lncRNA	0.3631848480107158	0.6368151519892841	NONCODEv6_celegans.fa
NONCELT016874.2	lncRNA	0.45135470985410703	0.5486452901458929	NONCODEv6_celegans.fa
NONCELT016875.2	lncRNA	0.15852781966278215	0.8414721803372174	NONCODEv6_celegans.fa
NONCELT016983.2	lncRNA	0.11609034726101009	0.883909652738989	NONCODEv6_celegans.fa
NONCELT016987.2	lncRNA	0.4345421370037203	0.5654578629962792	NONCODEv6_celegans.fa
NONCELT017165.2	Protein_Coding	0.504654780654539	0.4953452193454612	NONCODEv6_celegans.fa
NONCELT017352.2	lncRNA	0.051467354203818955	0.948532645796181	NONCODEv6_celegans.fa
NONCELT017481.2	lncRNA	0.08743008176990656	0.9125699182300935	NONCODEv6_celegans.fa
NONCELT017652.2	lncRNA	0.08198711215659571	0.9180128878434043	NONCODEv6_celegans.fa
NONCELT017654.2	lncRNA	0.07693072999145628	0.9230692700085439	NONCODEv6_celegans.fa
NONCELT017721.2	Protein_Coding	0.8256899545791441	0.17431004542085574	NONCODEv6_celegans.fa
NONCELT017723.2	Protein_Coding	0.5547879947822976	0.4452120052177024	NONCODEv6_celegans.fa
NONCELT017738.2	lncRNA	0.17054266062434886	0.8294573393756509	NONCODEv6_celegans.fa
NONCELT017763.2	lncRNA	0.04556161521781001	0.9544383847821899	NONCODEv6_celegans.fa
NONCELT017764.2	lncRNA	0.019152550678710318	0.9808474493212895	NONCODEv6_celegans.fa
NONCELT017773.2	lncRNA	0.05756985186713374	0.9424301481328662	NONCODEv6_celegans.fa
NONCELT017774.2	lncRNA	0.20937400184583535	0.7906259981541641	NONCODEv6_celegans.fa
NONCELT017782.2	lncRNA	0.38202619648017344	0.6179738035198264	NONCODEv6_celegans.fa
NONCELT017785.2	lncRNA	0.057672138940606306	0.9423278610593937	NONCODEv6_celegans.fa
NONCELT017788.2	Protein_Coding	0.5462391978433806	0.45376080215661957	NONCODEv6_celegans.fa
NONCELT017789.2	Protein_Coding	0.7523313022696971	0.24766869773030295	NONCODEv6_celegans.fa
NONCELT017791.2	lncRNA	0.4671146148535701	0.5328853851464305	NONCODEv6_celegans.fa
NONCELT017792.2	Protein_Coding	0.5759865662265867	0.4240134337734139	NONCODEv6_celegans.fa
NONCELT017793.2	Protein_Coding	0.6378761629993208	0.362123837000679	NONCODEv6_celegans.fa
NONCELT017796.2	Protein_Coding	0.6834612550621181	0.3165387449378823	NONCODEv6_celegans.fa
NONCELT017797.2	lncRNA	0.0882175727269661	0.9117824272730337	NONCODEv6_celegans.fa
NONCELT017799.2	lncRNA	0.40227503885467447	0.5977249611453251	NONCODEv6_celegans.fa
NONCELT017802.2	lncRNA	0.45916724457264996	0.5408327554273499	NONCODEv6_celegans.fa
NONCELT017803.2	Protein_Coding	0.6968777926863038	0.30312220731369566	NONCODEv6_celegans.fa
NONCELT017804.2	Protein_Coding	0.679478068373562	0.3205219316264376	NONCODEv6_celegans.fa
NONCELT017810.2	Protein_Coding	0.5633618603345278	0.43663813966547216	NONCODEv6_celegans.fa
NONCELT017822.2	lncRNA	0.03750573061733344	0.9624942693826662	NONCODEv6_celegans.fa
NONCELT017827.2	lncRNA	0.1404061270996937	0.859593872900306	NONCODEv6_celegans.fa
NONCELT017830.2	lncRNA	0.18237012358219948	0.8176298764178006	NONCODEv6_celegans.fa
NONCELT017834.2	lncRNA	0.11603329239713682	0.8839667076028628	NONCODEv6_celegans.fa
NONCELT017849.2	Protein_Coding	0.5854358363986212	0.41456416360137827	NONCODEv6_celegans.fa
NONCELT017850.2	Protein_Coding	0.6867493976431468	0.3132506023568531	NONCODEv6_celegans.fa
NONCELT017885.2	lncRNA	0.33905265956736985	0.6609473404326306	NONCODEv6_celegans.fa
NONCELT017887.2	lncRNA	0.29812035059381425	0.7018796494061856	NONCODEv6_celegans.fa
NONCELT017888.2	Protein_Coding	0.6971425404064917	0.30285745959350846	NONCODEv6_celegans.fa
NONCELT017892.2	lncRNA	0.4862320839850253	0.5137679160149746	NONCODEv6_celegans.fa
NONCELT017893.2	lncRNA	0.12383919830381034	0.8761608016961886	NONCODEv6_celegans.fa
NONCELT017895.2	Protein_Coding	0.5944971402274135	0.4055028597725865	NONCODEv6_celegans.fa
NONCELT017896.2	lncRNA	0.12383919830381034	0.8761608016961886	NONCODEv6_celegans.fa
NONCELT017916.2	lncRNA	0.47151478845544326	0.5284852115445566	NONCODEv6_celegans.fa
NONCELT017919.2	Protein_Coding	0.5497121562101387	0.45028784378986125	NONCODEv6_celegans.fa
NONCELT017920.2	lncRNA	0.4068483305019164	0.5931516694980835	NONCODEv6_celegans.fa
NONCELT017921.2	Protein_Coding	0.6298656262831729	0.37013437371682695	NONCODEv6_celegans.fa
NONCELT017922.2	Protein_Coding	0.5086773700144774	0.49132262998552245	NONCODEv6_celegans.fa
NONCELT017924.2	Protein_Coding	0.6447916340208772	0.35520836597912325	NONCODEv6_celegans.fa
NONCELT017926.2	Protein_Coding	0.5774301688900315	0.42256983110996826	NONCODEv6_celegans.fa
NONCELT017927.2	Protein_Coding	0.6487938840251896	0.35120611597481	NONCODEv6_celegans.fa
NONCELT017928.2	lncRNA	0.4434375759155336	0.5565624240844663	NONCODEv6_celegans.fa
NONCELT017929.2	Protein_Coding	0.6817132912626768	0.3182867087373233	NONCODEv6_celegans.fa
NONCELT017930.2	lncRNA	0.4846086985021915	0.5153913014978084	NONCODEv6_celegans.fa
NONCELT017932.2	lncRNA	0.4357830973834106	0.564216902616589	NONCODEv6_celegans.fa
NONCELT017933.2	lncRNA	0.3733415502373333	0.6266584497626663	NONCODEv6_celegans.fa
NONCELT017934.2	lncRNA	0.37076942475146263	0.6292305752485371	NONCODEv6_celegans.fa
NONCELT017935.2	Protein_Coding	0.7018721736978449	0.29812782630215534	NONCODEv6_celegans.fa
NONCELT017936.2	Protein_Coding	0.6160514441253597	0.3839485558746402	NONCODEv6_celegans.fa
NONCELT017937.2	lncRNA	0.46542552571698825	0.5345744742830116	NONCODEv6_celegans.fa
NONCELT017938.2	lncRNA	0.3179893225767634	0.6820106774232362	NONCODEv6_celegans.fa
NONCELT017939.2	lncRNA	0.13339774233660934	0.866602257663391	NONCODEv6_celegans.fa
NONCELT017944.2	Protein_Coding	0.5131047951413906	0.48689520485860954	NONCODEv6_celegans.fa
NONCELT017945.2	Protein_Coding	0.6893473198639178	0.31065268013608216	NONCODEv6_celegans.fa
NONCELT017946.2	Protein_Coding	0.7622436128167376	0.23775638718326234	NONCODEv6_celegans.fa
NONCELT017948.2	Protein_Coding	0.7102773393568153	0.2897226606431846	NONCODEv6_celegans.fa
NONCELT017949.2	lncRNA	0.12884720905250074	0.8711527909474985	NONCODEv6_celegans.fa
NONCELT017952.2	lncRNA	0.1743145871184197	0.8256854128815797	NONCODEv6_celegans.fa
NONCELT017955.2	Protein_Coding	0.5706128590276016	0.42938714097239833	NONCODEv6_celegans.fa
NONCELT017964.2	Protein_Coding	0.6031865181857925	0.39681348181420734	NONCODEv6_celegans.fa
NONCELT017967.2	lncRNA	0.48037614378524146	0.5196238562147585	NONCODEv6_celegans.fa
NONCELT017968.2	Protein_Coding	0.5722329998880419	0.4277670001119581	NONCODEv6_celegans.fa
NONCELT017970.2	lncRNA	0.21441786134894103	0.785582138651059	NONCODEv6_celegans.fa
NONCELT017985.2	Protein_Coding	0.6601273182464954	0.3398726817535052	NONCODEv6_celegans.fa
NONCELT017988.2	Protein_Coding	0.5842873379810148	0.41571266201898505	NONCODEv6_celegans.fa
NONCELT017991.2	lncRNA	0.0744008345611474	0.9255991654388521	NONCODEv6_celegans.fa
NONCELT017992.2	lncRNA	0.08379493504278412	0.916205064957216	NONCODEv6_celegans.fa
NONCELT017993.2	lncRNA	0.4276408357670181	0.572359164232981	NONCODEv6_celegans.fa
NONCELT018003.2	lncRNA	0.472035360542317	0.5279646394576831	NONCODEv6_celegans.fa
NONCELT018013.2	Protein_Coding	0.54506236109413	0.45493763890587013	NONCODEv6_celegans.fa
NONCELT018014.2	Protein_Coding	0.5725026262216711	0.42749737377832897	NONCODEv6_celegans.fa
NONCELT018028.2	Protein_Coding	0.7287117356114851	0.2712882643885145	NONCODEv6_celegans.fa
NONCELT018048.2	Protein_Coding	0.7769576993904763	0.2230423006095235	NONCODEv6_celegans.fa
NONCELT018052.2	lncRNA	0.33959156431923065	0.6604084356807691	NONCODEv6_celegans.fa
NONCELT018053.2	lncRNA	0.1505309788460208	0.8494690211539784	NONCODEv6_celegans.fa
NONCELT018054.2	lncRNA	0.3038034248318702	0.6961965751681292	NONCODEv6_celegans.fa
NONCELT018057.2	lncRNA	0.12193143086926334	0.8780685691307365	NONCODEv6_celegans.fa
NONCELT018060.2	lncRNA	0.10695490746482252	0.8930450925351777	NONCODEv6_celegans.fa
NONCELT018066.2	Protein_Coding	0.6955043191172862	0.3044956808827139	NONCODEv6_celegans.fa
NONCELT018067.2	lncRNA	0.37383119462035164	0.6261688053796483	NONCODEv6_celegans.fa
NONCELT018069.2	lncRNA	0.3196854112860379	0.680314588713962	NONCODEv6_celegans.fa
NONCELT018086.2	lncRNA	0.3014174094433545	0.6985825905566451	NONCODEv6_celegans.fa
NONCELT018090.2	lncRNA	0.4562599612132734	0.5437400387867267	NONCODEv6_celegans.fa
NONCELT018101.2	lncRNA	0.11030652449828994	0.8896934755017102	NONCODEv6_celegans.fa
NONCELT018105.2	lncRNA	0.025453384301136573	0.9745466156988636	NONCODEv6_celegans.fa
NONCELT018106.2	lncRNA	0.3460293501418826	0.6539706498581176	NONCODEv6_celegans.fa
NONCELT018107.2	lncRNA	0.14658077920371065	0.8534192207962893	NONCODEv6_celegans.fa
NONCELT018113.2	lncRNA	0.04648088707147853	0.9535191129285218	NONCODEv6_celegans.fa
NONCELT018123.2	lncRNA	0.20233334207926848	0.7976666579207315	NONCODEv6_celegans.fa
NONCELT018126.2	lncRNA	0.10188703820887875	0.8981129617911209	NONCODEv6_celegans.fa
NONCELT018135.2	lncRNA	0.20685068100387713	0.7931493189961226	NONCODEv6_celegans.fa
NONCELT018136.2	lncRNA	0.21125950086331127	0.7887404991366883	NONCODEv6_celegans.fa
NONCELT018138.2	lncRNA	0.12860051293765498	0.8713994870623447	NONCODEv6_celegans.fa
NONCELT018139.2	lncRNA	0.10713971035044224	0.8928602896495575	NONCODEv6_celegans.fa
NONCELT018145.2	lncRNA	0.12209479733936704	0.8779052026606322	NONCODEv6_celegans.fa
NONCELT018147.2	lncRNA	0.4242259252568133	0.5757740747431863	NONCODEv6_celegans.fa
NONCELT018154.2	lncRNA	0.15374703438866003	0.8462529656113401	NONCODEv6_celegans.fa
NONCELT018155.2	lncRNA	0.1835494198009381	0.8164505801990615	NONCODEv6_celegans.fa
NONCELT018164.2	lncRNA	0.0950882812250555	0.9049117187749447	NONCODEv6_celegans.fa
NONCELT018165.2	lncRNA	0.1480661964165678	0.8519338035834322	NONCODEv6_celegans.fa
NONCELT018166.2	lncRNA	0.17725609469898101	0.8227439053010189	NONCODEv6_celegans.fa
NONCELT018170.2	lncRNA	0.10081027869974202	0.899189721300257	NONCODEv6_celegans.fa
NONCELT018195.2	lncRNA	0.06951045294855204	0.9304895470514475	NONCODEv6_celegans.fa
NONCELT018201.2	lncRNA	0.12696861734249199	0.8730313826575085	NONCODEv6_celegans.fa
NONCELT018203.2	lncRNA	0.10695502767926053	0.8930449723207393	NONCODEv6_celegans.fa
NONCELT018206.2	lncRNA	0.04331838619754656	0.9566816138024531	NONCODEv6_celegans.fa
NONCELT018212.2	lncRNA	0.04647596541674959	0.9535240345832499	NONCODEv6_celegans.fa
NONCELT018213.2	lncRNA	0.08333291732296828	0.9166670826770312	NONCODEv6_celegans.fa
NONCELT018219.2	lncRNA	0.4143135454466428	0.5856864545533575	NONCODEv6_celegans.fa
NONCELT018220.2	lncRNA	0.13258785809800414	0.8674121419019963	NONCODEv6_celegans.fa
NONCELT018223.2	lncRNA	0.14000056243720588	0.8599994375627938	NONCODEv6_celegans.fa
NONCELT018224.2	lncRNA	0.05635090293447182	0.9436490970655275	NONCODEv6_celegans.fa
NONCELT018225.2	lncRNA	0.07506173336443078	0.9249382666355689	NONCODEv6_celegans.fa
NONCELT018228.2	lncRNA	0.2815907560155611	0.7184092439844382	NONCODEv6_celegans.fa
NONCELT018229.2	lncRNA	0.07507289731913441	0.9249271026808656	NONCODEv6_celegans.fa
NONCELT018230.2	lncRNA	0.06842525255005628	0.931574747449943	NONCODEv6_celegans.fa
NONCELT018232.2	lncRNA	0.20967113395895567	0.7903288660410442	NONCODEv6_celegans.fa
NONCELT018234.2	lncRNA	0.19457914742995336	0.8054208525700456	NONCODEv6_celegans.fa
NONCELT018238.2	lncRNA	0.10809245725669056	0.8919075427433091	NONCODEv6_celegans.fa
NONCELT018239.2	lncRNA	0.2383816104030685	0.7616183895969321	NONCODEv6_celegans.fa
NONCELT018240.2	lncRNA	0.16629839327541437	0.8337016067245856	NONCODEv6_celegans.fa
NONCELT018241.2	lncRNA	0.1682140145207175	0.8317859854792823	NONCODEv6_celegans.fa
NONCELT018242.2	lncRNA	0.17680645263087366	0.8231935473691262	NONCODEv6_celegans.fa
NONCELT018245.2	lncRNA	0.1089983772101578	0.8910016227898419	NONCODEv6_celegans.fa
NONCELT018246.2	lncRNA	0.16527857646061198	0.8347214235393879	NONCODEv6_celegans.fa
NONCELT018247.2	lncRNA	0.14010454958865656	0.8598954504113434	NONCODEv6_celegans.fa
NONCELT018249.2	lncRNA	0.23707291794571372	0.7629270820542858	NONCODEv6_celegans.fa
NONCELT018251.2	lncRNA	0.09679548636442385	0.9032045136355761	NONCODEv6_celegans.fa
NONCELT018254.2	lncRNA	0.09792352567548224	0.902076474324518	NONCODEv6_celegans.fa
NONCELT018255.2	lncRNA	0.09944980863435567	0.9005501913656448	NONCODEv6_celegans.fa
NONCELT018263.2	lncRNA	0.13483714969440377	0.8651628503055961	NONCODEv6_celegans.fa
NONCELT018264.2	lncRNA	0.08478196307752316	0.9152180369224764	NONCODEv6_celegans.fa
NONCELT018265.2	lncRNA	0.2339755108289639	0.7660244891710364	NONCODEv6_celegans.fa
NONCELT018266.2	lncRNA	0.23050247183122097	0.7694975281687784	NONCODEv6_celegans.fa
NONCELT018267.2	lncRNA	0.11139747780840482	0.8886025221915944	NONCODEv6_celegans.fa
NONCELT018269.2	lncRNA	0.1066663072095573	0.8933336927904425	NONCODEv6_celegans.fa
NONCELT018272.2	lncRNA	0.12065287005372574	0.8793471299462736	NONCODEv6_celegans.fa
NONCELT018273.2	lncRNA	0.27291381185079655	0.7270861881492033	NONCODEv6_celegans.fa
NONCELT018274.2	lncRNA	0.1357432606768256	0.8642567393231744	NONCODEv6_celegans.fa
NONCELT018278.2	lncRNA	0.1033260204272538	0.896673979572746	NONCODEv6_celegans.fa
NONCELT018279.2	lncRNA	0.20220023935026823	0.7977997606497316	NONCODEv6_celegans.fa
NONCELT018287.2	lncRNA	0.1767498599212793	0.8232501400787203	NONCODEv6_celegans.fa
NONCELT018291.2	lncRNA	0.03278134131528395	0.967218658684716	NONCODEv6_celegans.fa
NONCELT018292.2	lncRNA	0.048636867187010546	0.9513631328129887	NONCODEv6_celegans.fa
NONCELT018298.2	lncRNA	0.13105559645021064	0.8689444035497883	NONCODEv6_celegans.fa
NONCELT018302.2	lncRNA	0.04120380007703006	0.958796199922969	NONCODEv6_celegans.fa
NONCELT018306.2	lncRNA	0.14645964696822036	0.8535403530317797	NONCODEv6_celegans.fa
NONCELT018317.2	lncRNA	0.20784742937243705	0.7921525706275637	NONCODEv6_celegans.fa
NONCELT018320.2	lncRNA	0.03924532722550959	0.9607546727744908	NONCODEv6_celegans.fa
NONCELT018331.2	lncRNA	0.2902494074759608	0.7097505925240392	NONCODEv6_celegans.fa
NONCELT018335.2	lncRNA	0.1488446182426771	0.8511553817573229	NONCODEv6_celegans.fa
NONCELT018338.2	lncRNA	0.13817580077444047	0.8618241992255592	NONCODEv6_celegans.fa
NONCELT018339.2	lncRNA	0.14628647837151382	0.8537135216284859	NONCODEv6_celegans.fa
NONCELT018340.2	lncRNA	0.0702288775922506	0.9297711224077488	NONCODEv6_celegans.fa
NONCELT018347.2	lncRNA	0.26406744785257835	0.735932552147421	NONCODEv6_celegans.fa
NONCELT018353.2	lncRNA	0.1655449764231141	0.8344550235768861	NONCODEv6_celegans.fa
NONCELT018360.2	lncRNA	0.0680585882245074	0.9319414117754924	NONCODEv6_celegans.fa
NONCELT018362.2	lncRNA	0.11453909467852598	0.885460905321474	NONCODEv6_celegans.fa
NONCELT018365.2	lncRNA	0.24141839558148925	0.7585816044185106	NONCODEv6_celegans.fa
NONCELT018368.2	lncRNA	0.2698015898010088	0.7301984101989916	NONCODEv6_celegans.fa
NONCELT018370.2	lncRNA	0.10883714167989722	0.8911628583201023	NONCODEv6_celegans.fa
NONCELT018377.2	lncRNA	0.23534694089011193	0.7646530591098879	NONCODEv6_celegans.fa
NONCELT018389.2	lncRNA	0.22393825258016967	0.7760617474198298	NONCODEv6_celegans.fa
NONCELT018393.2	lncRNA	0.14233003567993502	0.8576699643200646	NONCODEv6_celegans.fa
NONCELT018394.2	lncRNA	0.06057583140875795	0.939424168591242	NONCODEv6_celegans.fa
NONCELT018395.2	lncRNA	0.12658174983818912	0.8734182501618106	NONCODEv6_celegans.fa
NONCELT018403.2	lncRNA	0.15246811999132306	0.8475318800086769	NONCODEv6_celegans.fa
NONCELT018404.2	lncRNA	0.22151834835910142	0.7784816516408984	NONCODEv6_celegans.fa
NONCELT018406.2	lncRNA	0.1917109465400131	0.8082890534599866	NONCODEv6_celegans.fa
NONCELT018411.2	lncRNA	0.08228289090555219	0.9177171090944479	NONCODEv6_celegans.fa
NONCELT018416.2	lncRNA	0.3788961384889923	0.6211038615110075	NONCODEv6_celegans.fa
NONCELT018422.2	lncRNA	0.25527667267544013	0.7447233273245599	NONCODEv6_celegans.fa
NONCELT018423.2	lncRNA	0.2684745948700332	0.7315254051299668	NONCODEv6_celegans.fa
NONCELT018424.2	lncRNA	0.09631675516307121	0.9036832448369291	NONCODEv6_celegans.fa
NONCELT018425.2	lncRNA	0.04095415280390948	0.9590458471960905	NONCODEv6_celegans.fa
NONCELT018426.2	lncRNA	0.10292447801022636	0.8970755219897736	NONCODEv6_celegans.fa
NONCELT018427.2	Protein_Coding	0.5493847776109397	0.4506152223890604	NONCODEv6_celegans.fa
NONCELT018428.2	lncRNA	0.1290320439612944	0.8709679560387055	NONCODEv6_celegans.fa
NONCELT018431.2	lncRNA	0.4310763927187734	0.5689236072812263	NONCODEv6_celegans.fa
NONCELT018434.2	lncRNA	0.43792197966484964	0.5620780203351504	NONCODEv6_celegans.fa
NONCELT018435.2	lncRNA	0.4971272411324367	0.5028727588675631	NONCODEv6_celegans.fa
NONCELT018436.2	lncRNA	0.31298012628310884	0.6870198737168912	NONCODEv6_celegans.fa
NONCELT018438.2	lncRNA	0.20116622806023435	0.7988337719397652	NONCODEv6_celegans.fa
NONCELT018439.2	lncRNA	0.2326949027011782	0.767305097298822	NONCODEv6_celegans.fa
NONCELT018440.2	lncRNA	0.47862293383670457	0.5213770661632955	NONCODEv6_celegans.fa
NONCELT018442.2	lncRNA	0.41055237494961494	0.589447625050385	NONCODEv6_celegans.fa
NONCELT018443.2	Protein_Coding	0.5029414379276815	0.49705856207231836	NONCODEv6_celegans.fa
NONCELT018444.2	lncRNA	0.49310159985881263	0.5068984001411871	NONCODEv6_celegans.fa
NONCELT018446.2	lncRNA	0.3267007029889464	0.6732992970110535	NONCODEv6_celegans.fa
NONCELT018447.2	Protein_Coding	0.5245456225087702	0.4754543774912298	NONCODEv6_celegans.fa
NONCELT018453.2	lncRNA	0.46329420166523166	0.5367057983347683	NONCODEv6_celegans.fa
NONCELT018456.2	lncRNA	0.1874401341482972	0.8125598658517029	NONCODEv6_celegans.fa
NONCELT018462.2	Protein_Coding	0.5320258102373406	0.4679741897626594	NONCODEv6_celegans.fa
NONCELT018468.2	lncRNA	0.2840233098233851	0.7159766901766139	NONCODEv6_celegans.fa
NONCELT018473.2	lncRNA	0.3418622256157892	0.6581377743842107	NONCODEv6_celegans.fa
NONCELT018478.2	lncRNA	0.25061303230813514	0.7493869676918649	NONCODEv6_celegans.fa
NONCELT018481.2	lncRNA	0.25536076056856244	0.7446392394314377	NONCODEv6_celegans.fa
NONCELT018490.2	lncRNA	0.24582183885437156	0.7541781611456285	NONCODEv6_celegans.fa
NONCELT018493.2	lncRNA	0.0663729811825574	0.9336270188174419	NONCODEv6_celegans.fa
NONCELT018496.2	Protein_Coding	0.6421076333134867	0.357892366686513	NONCODEv6_celegans.fa
NONCELT018497.2	lncRNA	0.3252240938572326	0.6747759061427675	NONCODEv6_celegans.fa
NONCELT018500.2	lncRNA	0.19193510644147385	0.8080648935585262	NONCODEv6_celegans.fa
NONCELT018501.2	lncRNA	0.20998060872594562	0.7900193912740545	NONCODEv6_celegans.fa
NONCELT018516.2	lncRNA	0.07508396132187546	0.9249160386781239	NONCODEv6_celegans.fa
NONCELT018517.2	Protein_Coding	0.7808187348659336	0.2191812651340664	NONCODEv6_celegans.fa
NONCELT018519.2	lncRNA	0.1998041812446199	0.8001958187553803	NONCODEv6_celegans.fa
NONCELT018525.2	lncRNA	0.42453865500352206	0.5754613449964782	NONCODEv6_celegans.fa
NONCELT018548.2	lncRNA	0.1563010838439249	0.843698916156075	NONCODEv6_celegans.fa
NONCELT018559.2	lncRNA	0.31105712914752065	0.6889428708524795	NONCODEv6_celegans.fa
NONCELT018560.2	lncRNA	0.26356185527030457	0.7364381447296948	NONCODEv6_celegans.fa
NONCELT018562.2	lncRNA	0.21821962093372968	0.7817803790662703	NONCODEv6_celegans.fa
NONCELT018564.2	lncRNA	0.07551001470837769	0.9244899852916227	NONCODEv6_celegans.fa
NONCELT018571.2	lncRNA	0.10220342371587053	0.8977965762841296	NONCODEv6_celegans.fa
NONCELT018572.2	lncRNA	0.15939046352516478	0.8406095364748349	NONCODEv6_celegans.fa
NONCELT018575.2	lncRNA	0.1572829203581653	0.8427170796418345	NONCODEv6_celegans.fa
NONCELT018576.2	lncRNA	0.25809284628119467	0.7419071537188052	NONCODEv6_celegans.fa
NONCELT018578.2	lncRNA	0.18261473512772847	0.8173852648722718	NONCODEv6_celegans.fa
NONCELT018585.2	lncRNA	0.1322739335614094	0.8677260664385898	NONCODEv6_celegans.fa
NONCELT018587.2	lncRNA	0.11003811900186378	0.8899618809981359	NONCODEv6_celegans.fa
NONCELT018590.2	lncRNA	0.1322739335614094	0.8677260664385898	NONCODEv6_celegans.fa
NONCELT018592.2	lncRNA	0.11003811900186378	0.8899618809981359	NONCODEv6_celegans.fa
NONCELT018598.2	lncRNA	0.1322739335614094	0.8677260664385898	NONCODEv6_celegans.fa
NONCELT018600.2	lncRNA	0.11003811900186378	0.8899618809981359	NONCODEv6_celegans.fa
NONCELT018602.2	lncRNA	0.1322739335614094	0.8677260664385898	NONCODEv6_celegans.fa
NONCELT018604.2	lncRNA	0.11003811900186378	0.8899618809981359	NONCODEv6_celegans.fa
NONCELT018616.2	lncRNA	0.08945389213528987	0.9105461078647095	NONCODEv6_celegans.fa
NONCELT018619.2	lncRNA	0.3886089327502653	0.6113910672497348	NONCODEv6_celegans.fa
NONCELT018623.2	lncRNA	0.4753918633948471	0.5246081366051529	NONCODEv6_celegans.fa
NONCELT018624.2	lncRNA	0.2246477615955175	0.775352238404482	NONCODEv6_celegans.fa
NONCELT018626.2	lncRNA	0.048238683868990224	0.9517613161310101	NONCODEv6_celegans.fa
NONCELT018627.2	Protein_Coding	0.8159117978307727	0.1840882021692271	NONCODEv6_celegans.fa
NONCELT018629.2	lncRNA	0.17984655234687974	0.8201534476531194	NONCODEv6_celegans.fa
NONCELT018643.2	lncRNA	0.06542073799126452	0.9345792620087359	NONCODEv6_celegans.fa
NONCELT018652.2	lncRNA	0.16900351712256476	0.8309964828774359	NONCODEv6_celegans.fa
NONCELT018654.2	lncRNA	0.23085943169320353	0.7691405683067966	NONCODEv6_celegans.fa
NONCELT018657.2	lncRNA	0.105035111212788	0.8949648887872126	NONCODEv6_celegans.fa
NONCELT018662.2	lncRNA	0.21898354330623923	0.7810164566937603	NONCODEv6_celegans.fa
NONCELT018664.2	lncRNA	0.1522355129949961	0.847764487005004	NONCODEv6_celegans.fa
NONCELT018665.2	lncRNA	0.10706014890231302	0.8929398510976866	NONCODEv6_celegans.fa
NONCELT018671.2	lncRNA	0.022790022041399106	0.977209977958601	NONCODEv6_celegans.fa
NONCELT018675.2	lncRNA	0.12328865367538533	0.8767113463246141	NONCODEv6_celegans.fa
NONCELT018681.2	lncRNA	0.19185513166328763	0.8081448683367122	NONCODEv6_celegans.fa
NONCELT018683.2	lncRNA	0.06326749127304376	0.9367325087269555	NONCODEv6_celegans.fa
NONCELT018695.2	lncRNA	0.17531060308199659	0.8246893969180027	NONCODEv6_celegans.fa
NONCELT018696.2	lncRNA	0.4877480050679146	0.5122519949320853	NONCODEv6_celegans.fa
NONCELT018697.2	lncRNA	0.20446181438129557	0.7955381856187042	NONCODEv6_celegans.fa
NONCELT018702.2	lncRNA	0.12352042830046357	0.8764795716995364	NONCODEv6_celegans.fa
NONCELT018714.2	lncRNA	0.20535562832237458	0.7946443716776252	NONCODEv6_celegans.fa
NONCELT018719.2	Protein_Coding	0.5040137143601882	0.49598628563981184	NONCODEv6_celegans.fa
NONCELT018720.2	lncRNA	0.2755504571118771	0.7244495428881225	NONCODEv6_celegans.fa
NONCELT018727.2	lncRNA	0.07824748380093537	0.9217525161990647	NONCODEv6_celegans.fa
NONCELT018734.2	lncRNA	0.48677585644770227	0.5132241435522976	NONCODEv6_celegans.fa
NONCELT018735.2	lncRNA	0.10288145639442503	0.897118543605575	NONCODEv6_celegans.fa
NONCELT018736.2	lncRNA	0.16714481081016033	0.8328551891898395	NONCODEv6_celegans.fa
NONCELT018737.2	lncRNA	0.1409614061245269	0.8590385938754731	NONCODEv6_celegans.fa
NONCELT018743.2	Protein_Coding	0.6093368956388366	0.3906631043611633	NONCODEv6_celegans.fa
NONCELT018746.2	lncRNA	0.13585857985364072	0.864141420146359	NONCODEv6_celegans.fa
NONCELT018748.2	lncRNA	0.4295785166300607	0.5704214833699389	NONCODEv6_celegans.fa
NONCELT018749.2	lncRNA	0.10172763560892718	0.8982723643910729	NONCODEv6_celegans.fa
NONCELT018751.2	lncRNA	0.11060826991469934	0.8893917300853007	NONCODEv6_celegans.fa
NONCELT018754.2	lncRNA	0.20457753497843303	0.7954224650215674	NONCODEv6_celegans.fa
NONCELT018761.2	lncRNA	0.11595776551683343	0.8840422344831664	NONCODEv6_celegans.fa
NONCELT018763.2	lncRNA	0.18912583477885972	0.8108741652211404	NONCODEv6_celegans.fa
NONCELT018770.2	lncRNA	0.10648405115587897	0.8935159488441209	NONCODEv6_celegans.fa
NONCELT018772.2	lncRNA	0.10148783021894221	0.8985121697810574	NONCODEv6_celegans.fa
NONCELT018773.2	lncRNA	0.05955471572760312	0.9404452842723968	NONCODEv6_celegans.fa
NONCELT018774.2	lncRNA	0.034242907834758904	0.9657570921652413	NONCODEv6_celegans.fa
NONCELT018776.2	Protein_Coding	0.6012325858468415	0.3987674141531582	NONCODEv6_celegans.fa
NONCELT018779.2	lncRNA	0.09696394062876923	0.9030360593712297	NONCODEv6_celegans.fa
NONCELT018780.2	lncRNA	0.09746729308350827	0.9025327069164917	NONCODEv6_celegans.fa
NONCELT018784.2	lncRNA	0.2580568570229774	0.7419431429770227	NONCODEv6_celegans.fa
NONCELT018793.2	lncRNA	0.08130528032524995	0.91869471967475	NONCODEv6_celegans.fa
NONCELT018794.2	lncRNA	0.08137813278258495	0.9186218672174151	NONCODEv6_celegans.fa
NONCELT018797.2	lncRNA	0.14550380497554746	0.8544961950244523	NONCODEv6_celegans.fa
NONCELT018799.2	lncRNA	0.19789861066250178	0.8021013893374981	NONCODEv6_celegans.fa
NONCELT018809.2	lncRNA	0.056726614278368184	0.9432733857216314	NONCODEv6_celegans.fa
NONCELT018810.2	lncRNA	0.19238475723645518	0.8076152427635447	NONCODEv6_celegans.fa
NONCELT018811.2	lncRNA	0.1155181879038951	0.8844818120961045	NONCODEv6_celegans.fa
NONCELT018819.2	lncRNA	0.0731001567949965	0.9268998432050032	NONCODEv6_celegans.fa
NONCELT018832.2	lncRNA	0.2480053055121351	0.7519946944878649	NONCODEv6_celegans.fa
NONCELT018837.2	lncRNA	0.17838968893156892	0.821610311068431	NONCODEv6_celegans.fa
NONCELT018847.2	lncRNA	0.07076715368728416	0.9292328463127156	NONCODEv6_celegans.fa
NONCELT018848.2	lncRNA	0.11651436040693199	0.8834856395930679	NONCODEv6_celegans.fa
NONCELT018861.2	Protein_Coding	0.598484920136376	0.4015150798636241	NONCODEv6_celegans.fa
NONCELT018863.2	lncRNA	0.12283805174504825	0.8771619482549514	NONCODEv6_celegans.fa
NONCELT018867.2	lncRNA	0.4449664096523014	0.5550335903476983	NONCODEv6_celegans.fa
NONCELT018868.2	lncRNA	0.30005447549336384	0.6999455245066357	NONCODEv6_celegans.fa
NONCELT018875.2	lncRNA	0.1617258399136049	0.838274160086395	NONCODEv6_celegans.fa
NONCELT018876.2	lncRNA	0.07662391660015636	0.9233760833998432	NONCODEv6_celegans.fa
NONCELT018877.2	lncRNA	0.2612365285910517	0.7387634714089484	NONCODEv6_celegans.fa
NONCELT018878.2	lncRNA	0.19685337201338546	0.8031466279866141	NONCODEv6_celegans.fa
NONCELT018879.2	lncRNA	0.2781822763784406	0.7218177236215595	NONCODEv6_celegans.fa
NONCELT018884.2	lncRNA	0.11522316200991528	0.8847768379900841	NONCODEv6_celegans.fa
NONCELT018889.2	lncRNA	0.15894271000908727	0.8410572899909122	NONCODEv6_celegans.fa
NONCELT018890.2	lncRNA	0.30857351954213974	0.6914264804578601	NONCODEv6_celegans.fa
NONCELT018893.2	lncRNA	0.1997868699364574	0.8002131300635427	NONCODEv6_celegans.fa
NONCELT018894.2	lncRNA	0.09170820341887054	0.9082917965811296	NONCODEv6_celegans.fa
NONCELT018895.2	lncRNA	0.17603362045011095	0.8239663795498886	NONCODEv6_celegans.fa
NONCELT018896.2	lncRNA	0.17096831046656422	0.8290316895334352	NONCODEv6_celegans.fa
NONCELT018897.2	Protein_Coding	0.7592693371581076	0.24073066284189257	NONCODEv6_celegans.fa
NONCELT018900.2	lncRNA	0.44783326296557774	0.5521667370344221	NONCODEv6_celegans.fa
NONCELT018901.2	Protein_Coding	0.5579805765674777	0.4420194234325223	NONCODEv6_celegans.fa
NONCELT018905.2	lncRNA	0.1832623569344967	0.8167376430655033	NONCODEv6_celegans.fa
NONCELT018906.2	lncRNA	0.15902418862555145	0.8409758113744482	NONCODEv6_celegans.fa
NONCELT018910.2	lncRNA	0.18033691329620674	0.8196630867037932	NONCODEv6_celegans.fa
NONCELT018912.2	lncRNA	0.03902874450621249	0.9609712554937878	NONCODEv6_celegans.fa
NONCELT018913.2	lncRNA	0.10905041932343595	0.8909495806765638	NONCODEv6_celegans.fa
NONCELT018915.2	lncRNA	0.07298702068297497	0.9270129793170246	NONCODEv6_celegans.fa
NONCELT018927.2	lncRNA	0.09625235810230609	0.9037476418976934	NONCODEv6_celegans.fa
NONCELT018932.2	lncRNA	0.24216491944509352	0.7578350805549063	NONCODEv6_celegans.fa
NONCELT018936.2	lncRNA	0.10974807982610052	0.890251920173899	NONCODEv6_celegans.fa
NONCELT018939.2	lncRNA	0.14138274197560952	0.8586172580243908	NONCODEv6_celegans.fa
NONCELT018960.2	lncRNA	0.3585620484944848	0.6414379515055154	NONCODEv6_celegans.fa
NONCELT018962.2	lncRNA	0.13058726961446135	0.8694127303855387	NONCODEv6_celegans.fa
NONCELT018969.2	lncRNA	0.1983862618045397	0.8016137381954601	NONCODEv6_celegans.fa
NONCELT018970.2	lncRNA	0.35817032251497205	0.641829677485028	NONCODEv6_celegans.fa
NONCELT018976.2	lncRNA	0.16300699266316918	0.8369930073368301	NONCODEv6_celegans.fa
NONCELT018977.2	lncRNA	0.20169840523913565	0.7983015947608639	NONCODEv6_celegans.fa
NONCELT018991.2	lncRNA	0.013660643047201779	0.9863393569527982	NONCODEv6_celegans.fa
NONCELT018992.2	lncRNA	0.1638973335431405	0.8361026664568596	NONCODEv6_celegans.fa
NONCELT018994.2	lncRNA	0.20501990704886033	0.7949800929511388	NONCODEv6_celegans.fa
NONCELT018997.2	lncRNA	0.0585426520514089	0.9414573479485903	NONCODEv6_celegans.fa
NONCELT018999.2	lncRNA	0.16631882287250563	0.833681177127494	NONCODEv6_celegans.fa
NONCELT019000.2	lncRNA	0.10006567654758379	0.8999343234524162	NONCODEv6_celegans.fa
NONCELT019007.2	lncRNA	0.39775375447112865	0.6022462455288713	NONCODEv6_celegans.fa
NONCELT019010.2	lncRNA	0.03317578017957484	0.9668242198204244	NONCODEv6_celegans.fa
NONCELT019011.2	lncRNA	0.0850791889888392	0.9149208110111605	NONCODEv6_celegans.fa
NONCELT019014.2	lncRNA	0.2448422462402768	0.7551577537597233	NONCODEv6_celegans.fa
NONCELT019015.2	lncRNA	0.2469909873652132	0.7530090126347866	NONCODEv6_celegans.fa
NONCELT019019.2	lncRNA	0.07570257832619007	0.9242974216738098	NONCODEv6_celegans.fa
NONCELT019025.2	lncRNA	0.40203999619745723	0.5979600038025426	NONCODEv6_celegans.fa
NONCELT019026.2	lncRNA	0.17056013092321723	0.829439869076783	NONCODEv6_celegans.fa
NONCELT019030.2	lncRNA	0.07740650514759624	0.9225934948524034	NONCODEv6_celegans.fa
NONCELT019032.2	lncRNA	0.2834324628243661	0.7165675371756335	NONCODEv6_celegans.fa
NONCELT019039.2	lncRNA	0.17995994128649154	0.8200400587135086	NONCODEv6_celegans.fa
NONCELT019040.2	lncRNA	0.14611794809820572	0.8538820519017938	NONCODEv6_celegans.fa
NONCELT019043.2	lncRNA	0.1352987710621912	0.8647012289378088	NONCODEv6_celegans.fa
NONCELT019050.2	lncRNA	0.04351264834260314	0.9564873516573967	NONCODEv6_celegans.fa
NONCELT019058.2	lncRNA	0.17447615992497556	0.8255238400750242	NONCODEv6_celegans.fa
NONCELT019062.2	lncRNA	0.22874302003894606	0.7712569799610539	NONCODEv6_celegans.fa
NONCELT019063.2	lncRNA	0.08264652912147778	0.9173534708785228	NONCODEv6_celegans.fa
NONCELT019065.2	lncRNA	0.14368979785279465	0.8563102021472047	NONCODEv6_celegans.fa
NONCELT019066.2	lncRNA	0.3168036028195235	0.6831963971804763	NONCODEv6_celegans.fa
NONCELT019069.2	lncRNA	0.2547603805986631	0.7452396194013364	NONCODEv6_celegans.fa
NONCELT019070.2	lncRNA	0.2195144086287232	0.7804855913712762	NONCODEv6_celegans.fa
NONCELT019083.2	lncRNA	0.05456219174474879	0.9454378082552514	NONCODEv6_celegans.fa
NONCELT019102.2	lncRNA	0.06600069117830762	0.9339993088216919	NONCODEv6_celegans.fa
NONCELT019103.2	lncRNA	0.06756774298017178	0.9324322570198282	NONCODEv6_celegans.fa
NONCELT019105.2	lncRNA	0.2383794581833494	0.7616205418166497	NONCODEv6_celegans.fa
NONCELT019106.2	lncRNA	0.1995762669014786	0.800423733098521	NONCODEv6_celegans.fa
NONCELT019110.2	lncRNA	0.22987809612645305	0.7701219038735464	NONCODEv6_celegans.fa
NONCELT019112.2	lncRNA	0.1439049708053018	0.856095029194698	NONCODEv6_celegans.fa
NONCELT019113.2	lncRNA	0.14708994432967257	0.8529100556703275	NONCODEv6_celegans.fa
NONCELT019115.2	lncRNA	0.11520259995817031	0.884797400041829	NONCODEv6_celegans.fa
NONCELT019116.2	lncRNA	0.07094188487294134	0.9290581151270583	NONCODEv6_celegans.fa
NONCELT019117.2	lncRNA	0.12580144586285427	0.8741985541371451	NONCODEv6_celegans.fa
NONCELT019124.2	lncRNA	0.19243058764544982	0.8075694123545499	NONCODEv6_celegans.fa
NONCELT019129.2	lncRNA	0.4387744498792197	0.5612255501207805	NONCODEv6_celegans.fa
NONCELT019130.2	lncRNA	0.1967520888669697	0.8032479111330304	NONCODEv6_celegans.fa
NONCELT019136.2	lncRNA	0.28254178419676357	0.7174582158032361	NONCODEv6_celegans.fa
NONCELT019138.2	lncRNA	0.17859775041754758	0.821402249582452	NONCODEv6_celegans.fa
NONCELT019142.2	lncRNA	0.26450167618638293	0.7354983238136168	NONCODEv6_celegans.fa
NONCELT019144.2	lncRNA	0.34805517405998926	0.6519448259400112	NONCODEv6_celegans.fa
NONCELT019145.2	lncRNA	0.4740339463888106	0.5259660536111896	NONCODEv6_celegans.fa
NONCELT019146.2	lncRNA	0.214289366234707	0.7857106337652928	NONCODEv6_celegans.fa
NONCELT019148.2	lncRNA	0.2125096541588723	0.7874903458411273	NONCODEv6_celegans.fa
NONCELT019149.2	lncRNA	0.41504741957274305	0.5849525804272567	NONCODEv6_celegans.fa
NONCELT019158.2	lncRNA	0.146493878320332	0.8535061216796673	NONCODEv6_celegans.fa
NONCELT019159.2	lncRNA	0.13821000330646055	0.8617899966935393	NONCODEv6_celegans.fa
NONCELT019160.2	lncRNA	0.4384131630079762	0.5615868369920235	NONCODEv6_celegans.fa
NONCELT019164.2	lncRNA	0.049092593870121534	0.9509074061298782	NONCODEv6_celegans.fa
NONCELT019168.2	lncRNA	0.052491646286610696	0.9475083537133888	NONCODEv6_celegans.fa
NONCELT019172.2	lncRNA	0.20597135786844292	0.7940286421315566	NONCODEv6_celegans.fa
NONCELT019174.2	lncRNA	0.09501636929858973	0.9049836307014103	NONCODEv6_celegans.fa
NONCELT019175.2	lncRNA	0.07222322285895073	0.927776777141049	NONCODEv6_celegans.fa
NONCELT019176.2	lncRNA	0.2361119879488299	0.7638880120511694	NONCODEv6_celegans.fa
NONCELT019177.2	lncRNA	0.22084308046785273	0.7791569195321463	NONCODEv6_celegans.fa
NONCELT019178.2	lncRNA	0.14166290307057872	0.858337096929421	NONCODEv6_celegans.fa
NONCELT019179.2	lncRNA	0.11631315272572657	0.8836868472742726	NONCODEv6_celegans.fa
NONCELT019186.2	lncRNA	0.052052937478665885	0.9479470625213335	NONCODEv6_celegans.fa
NONCELT019189.2	lncRNA	0.21668092487370882	0.7833190751262914	NONCODEv6_celegans.fa
NONCELT019190.2	lncRNA	0.04522896723096622	0.9547710327690336	NONCODEv6_celegans.fa
NONCELT019191.2	lncRNA	0.21029184645107177	0.7897081535489284	NONCODEv6_celegans.fa
NONCELT019192.2	lncRNA	0.1621775171130428	0.8378224828869573	NONCODEv6_celegans.fa
NONCELT019194.2	lncRNA	0.37505056962298	0.6249494303770197	NONCODEv6_celegans.fa
NONCELT019203.2	lncRNA	0.13380770518997864	0.8661922948100207	NONCODEv6_celegans.fa
NONCELT019204.2	lncRNA	0.05441174381729163	0.9455882561827086	NONCODEv6_celegans.fa
NONCELT019216.2	lncRNA	0.1378885493608008	0.8621114506391995	NONCODEv6_celegans.fa
NONCELT019220.2	lncRNA	0.09562597738945687	0.9043740226105432	NONCODEv6_celegans.fa
NONCELT019223.2	Protein_Coding	0.6737164588580394	0.3262835411419613	NONCODEv6_celegans.fa
NONCELT019224.2	Protein_Coding	0.6809750702589502	0.3190249297410505	NONCODEv6_celegans.fa
NONCELT019225.2	Protein_Coding	0.5247069109685064	0.4752930890314934	NONCODEv6_celegans.fa
NONCELT019226.2	lncRNA	0.16488311734801483	0.8351168826519848	NONCODEv6_celegans.fa
NONCELT019232.2	lncRNA	0.1449208076605601	0.8550791923394403	NONCODEv6_celegans.fa
NONCELT019234.2	lncRNA	0.12097004349349147	0.8790299565065085	NONCODEv6_celegans.fa
NONCELT019239.2	lncRNA	0.08021156499147844	0.9197884350085217	NONCODEv6_celegans.fa
NONCELT019240.2	lncRNA	0.07491696986007829	0.9250830301399221	NONCODEv6_celegans.fa
NONCELT019243.2	lncRNA	0.07790735763960613	0.9220926423603946	NONCODEv6_celegans.fa
NONCELT019248.2	lncRNA	0.1295227121184168	0.8704772878815831	NONCODEv6_celegans.fa
NONCELT019252.2	lncRNA	0.12379141551557292	0.8762085844844273	NONCODEv6_celegans.fa
NONCELT019253.2	lncRNA	0.2252845351962474	0.7747154648037518	NONCODEv6_celegans.fa
NONCELT019275.2	lncRNA	0.08799370177000135	0.9120062982299991	NONCODEv6_celegans.fa
NONCELT019276.2	lncRNA	0.42318327620630675	0.5768167237936934	NONCODEv6_celegans.fa
NONCELT019278.2	lncRNA	0.24841947169170156	0.7515805283082978	NONCODEv6_celegans.fa
NONCELT019279.2	lncRNA	0.20793280500905556	0.7920671949909442	NONCODEv6_celegans.fa
NONCELT019280.2	Protein_Coding	0.5534158486015855	0.44658415139841473	NONCODEv6_celegans.fa
NONCELT019289.2	Protein_Coding	0.7192752627614328	0.2807247372385668	NONCODEv6_celegans.fa
NONCELT019290.2	lncRNA	0.08160005151664591	0.9183999484833532	NONCODEv6_celegans.fa
NONCELT019291.2	lncRNA	0.2889092204651346	0.711090779534865	NONCODEv6_celegans.fa
NONCELT019292.2	lncRNA	0.05699533612874617	0.9430046638712541	NONCODEv6_celegans.fa
NONCELT019310.2	lncRNA	0.1574241797508104	0.8425758202491889	NONCODEv6_celegans.fa
NONCELT019318.2	lncRNA	0.3385342194075159	0.6614657805924837	NONCODEv6_celegans.fa
NONCELT019328.2	lncRNA	0.1894528919582545	0.8105471080417447	NONCODEv6_celegans.fa
NONCELT019340.2	lncRNA	0.12370478283012244	0.8762952171698771	NONCODEv6_celegans.fa
NONCELT019342.2	lncRNA	0.13707271648283992	0.86292728351716	NONCODEv6_celegans.fa
NONCELT019350.2	lncRNA	0.17874458486281544	0.8212554151371847	NONCODEv6_celegans.fa
NONCELT019352.2	lncRNA	0.21074726731512064	0.7892527326848793	NONCODEv6_celegans.fa
NONCELT019371.2	lncRNA	0.21515536150760178	0.7848446384923978	NONCODEv6_celegans.fa
NONCELT019376.2	lncRNA	0.14772032259973086	0.8522796774002691	NONCODEv6_celegans.fa
NONCELT019380.2	lncRNA	0.3059703233640346	0.694029676635965	NONCODEv6_celegans.fa
NONCELT019396.2	lncRNA	0.2375715509230659	0.7624284490769336	NONCODEv6_celegans.fa
NONCELT019405.2	lncRNA	0.1780991715559223	0.8219008284440771	NONCODEv6_celegans.fa
NONCELT019411.2	lncRNA	0.21564213378631256	0.7843578662136875	NONCODEv6_celegans.fa
NONCELT019412.2	lncRNA	0.3841728718957509	0.6158271281042492	NONCODEv6_celegans.fa
NONCELT019426.2	lncRNA	0.10949969593979789	0.8905003040602024	NONCODEv6_celegans.fa
NONCELT019434.2	lncRNA	0.23249831260895065	0.7675016873910493	NONCODEv6_celegans.fa
NONCELT019436.2	lncRNA	0.2140018069986471	0.7859981930013524	NONCODEv6_celegans.fa
NONCELT019437.2	lncRNA	0.13512764396344587	0.864872356036554	NONCODEv6_celegans.fa
NONCELT019438.2	lncRNA	0.4932658409314626	0.5067341590685375	NONCODEv6_celegans.fa
NONCELT019439.2	lncRNA	0.09559536266033271	0.9044046373396677	NONCODEv6_celegans.fa
NONCELT019441.2	lncRNA	0.4007261343094792	0.599273865690521	NONCODEv6_celegans.fa
NONCELT019444.2	Protein_Coding	0.7452557286187882	0.2547442713812118	NONCODEv6_celegans.fa
NONCELT019458.2	Protein_Coding	0.639325777607046	0.36067422239295377	NONCODEv6_celegans.fa
NONCELT019460.2	lncRNA	0.19712435764949238	0.8028756423505072	NONCODEv6_celegans.fa
NONCELT019462.2	lncRNA	0.06528818001295068	0.9347118199870492	NONCODEv6_celegans.fa
NONCELT019463.2	lncRNA	0.0640034180299092	0.9359965819700904	NONCODEv6_celegans.fa
NONCELT019473.2	lncRNA	0.10363457396986762	0.8963654260301324	NONCODEv6_celegans.fa
NONCELT019477.2	lncRNA	0.08028036341497617	0.9197196365850238	NONCODEv6_celegans.fa
NONCELT019488.2	Protein_Coding	0.8091063376472181	0.1908936623527817	NONCODEv6_celegans.fa
NONCELT019490.2	lncRNA	0.19550260168554595	0.8044973983144539	NONCODEv6_celegans.fa
NONCELT019491.2	lncRNA	0.14698812471696815	0.8530118752830315	NONCODEv6_celegans.fa
NONCELT019493.2	lncRNA	0.06086306769394807	0.9391369323060518	NONCODEv6_celegans.fa
NONCELT019494.2	lncRNA	0.1501991727804653	0.8498008272195345	NONCODEv6_celegans.fa
NONCELT019497.2	lncRNA	0.44376355066793005	0.55623644933207	NONCODEv6_celegans.fa
NONCELT019500.2	lncRNA	0.1697512488719981	0.8302487511280016	NONCODEv6_celegans.fa
NONCELT019502.2	lncRNA	0.2344269740805798	0.7655730259194196	NONCODEv6_celegans.fa
NONCELT019510.2	lncRNA	0.20284431355080673	0.7971556864491931	NONCODEv6_celegans.fa
NONCELT019511.2	lncRNA	0.060079045268043585	0.9399209547319562	NONCODEv6_celegans.fa
NONCELT019514.2	lncRNA	0.2142908869246991	0.7857091130753006	NONCODEv6_celegans.fa
NONCELT019519.2	lncRNA	0.15463423598767406	0.8453657640123261	NONCODEv6_celegans.fa
NONCELT019520.2	lncRNA	0.14473427045081222	0.8552657295491874	NONCODEv6_celegans.fa
NONCELT019522.2	lncRNA	0.2516019073480521	0.748398092651948	NONCODEv6_celegans.fa
NONCELT019523.2	lncRNA	0.11757925485313121	0.8824207451468687	NONCODEv6_celegans.fa
NONCELT019528.2	Protein_Coding	0.5011885298654094	0.4988114701345906	NONCODEv6_celegans.fa
NONCELT019532.2	lncRNA	0.4343318077492959	0.565668192250704	NONCODEv6_celegans.fa
NONCELT019535.2	lncRNA	0.12818908943401186	0.8718109105659885	NONCODEv6_celegans.fa
NONCELT019544.2	lncRNA	0.2876071735937853	0.7123928264062145	NONCODEv6_celegans.fa
NONCELT019545.2	lncRNA	0.20031599587438859	0.7996840041256109	NONCODEv6_celegans.fa
NONCELT019553.2	lncRNA	0.1374485316542601	0.8625514683457396	NONCODEv6_celegans.fa
NONCELT019554.2	lncRNA	0.07531741871972406	0.9246825812802755	NONCODEv6_celegans.fa
NONCELT019557.2	lncRNA	0.1588516545228165	0.841148345477183	NONCODEv6_celegans.fa
NONCELT019558.2	lncRNA	0.08227376036908247	0.9177262396309175	NONCODEv6_celegans.fa
NONCELT019569.2	lncRNA	0.14840531423174486	0.8515946857682556	NONCODEv6_celegans.fa
NONCELT019576.2	lncRNA	0.13132631052138372	0.8686736894786161	NONCODEv6_celegans.fa
NONCELT019577.2	lncRNA	0.26686853594458765	0.7331314640554124	NONCODEv6_celegans.fa
NONCELT019580.2	lncRNA	0.17817990790218013	0.8218200920978199	NONCODEv6_celegans.fa
NONCELT019582.2	lncRNA	0.16763146129783948	0.83236853870216	NONCODEv6_celegans.fa
NONCELT019586.2	lncRNA	0.13813040629039308	0.8618695937096066	NONCODEv6_celegans.fa
NONCELT019596.2	lncRNA	0.4555088620435786	0.5444911379564213	NONCODEv6_celegans.fa
NONCELT019601.2	lncRNA	0.33216607845692814	0.667833921543072	NONCODEv6_celegans.fa
NONCELT019606.2	Protein_Coding	0.729632829931727	0.27036717006827277	NONCODEv6_celegans.fa
NONCELT019607.2	lncRNA	0.1132505167758091	0.8867494832241904	NONCODEv6_celegans.fa
NONCELT019608.2	lncRNA	0.27398559572366127	0.7260144042763377	NONCODEv6_celegans.fa
NONCELT019612.2	Protein_Coding	0.6192265083316173	0.38077349166838315	NONCODEv6_celegans.fa
NONCELT019629.2	lncRNA	0.15319288486155064	0.8468071151384494	NONCODEv6_celegans.fa
NONCELT019634.2	lncRNA	0.14651494720794275	0.8534850527920571	NONCODEv6_celegans.fa
NONCELT019635.2	lncRNA	0.10747692946702547	0.8925230705329744	NONCODEv6_celegans.fa
NONCELT019636.2	lncRNA	0.11329297910980211	0.8867070208901974	NONCODEv6_celegans.fa
NONCELT019637.2	lncRNA	0.18281504051071698	0.817184959489283	NONCODEv6_celegans.fa
NONCELT019638.2	lncRNA	0.10106671707231228	0.8989332829276876	NONCODEv6_celegans.fa
NONCELT019642.2	lncRNA	0.14009972478183957	0.8599002752181606	NONCODEv6_celegans.fa
NONCELT019648.2	lncRNA	0.14139801093740711	0.8586019890625924	NONCODEv6_celegans.fa
NONCELT019653.2	lncRNA	0.23886207726944506	0.7611379227305545	NONCODEv6_celegans.fa
NONCELT019657.2	lncRNA	0.3976141167930524	0.6023858832069477	NONCODEv6_celegans.fa
NONCELT019664.2	lncRNA	0.12218438778568436	0.8778156122143155	NONCODEv6_celegans.fa
NONCELT019674.2	lncRNA	0.2506272686713402	0.7493727313286596	NONCODEv6_celegans.fa
NONCELT019682.2	lncRNA	0.37197379228274813	0.6280262077172514	NONCODEv6_celegans.fa
NONCELT019686.2	lncRNA	0.03361737462371888	0.9663826253762806	NONCODEv6_celegans.fa
NONCELT019687.2	lncRNA	0.23323481825205844	0.7667651817479416	NONCODEv6_celegans.fa
NONCELT019688.2	lncRNA	0.20148745173545543	0.7985125482645445	NONCODEv6_celegans.fa
NONCELT019691.2	lncRNA	0.212776896770533	0.7872231032294665	NONCODEv6_celegans.fa
NONCELT019696.2	lncRNA	0.059038064311235317	0.9409619356887643	NONCODEv6_celegans.fa
NONCELT019701.2	lncRNA	0.07915054394133494	0.9208494560586651	NONCODEv6_celegans.fa
NONCELT019702.2	lncRNA	0.3096579819824966	0.6903420180175039	NONCODEv6_celegans.fa
NONCELT019705.2	Protein_Coding	0.5734754275629553	0.4265245724370446	NONCODEv6_celegans.fa
NONCELT019717.2	lncRNA	0.1532190937224012	0.8467809062775984	NONCODEv6_celegans.fa
NONCELT019728.2	lncRNA	0.07689707078810597	0.9231029292118933	NONCODEv6_celegans.fa
NONCELT019731.2	lncRNA	0.10273819546591827	0.8972618045340814	NONCODEv6_celegans.fa
NONCELT019744.2	Protein_Coding	0.6719599502883556	0.32804004971164447	NONCODEv6_celegans.fa
NONCELT019745.2	Protein_Coding	0.6415302457252974	0.35846975427470246	NONCODEv6_celegans.fa
NONCELT019747.2	lncRNA	0.1413565007265446	0.8586434992734553	NONCODEv6_celegans.fa
NONCELT019749.2	lncRNA	0.48425911326370086	0.515740886736299	NONCODEv6_celegans.fa
NONCELT019750.2	lncRNA	0.3347720040095574	0.6652279959904417	NONCODEv6_celegans.fa
NONCELT019751.2	lncRNA	0.17912971195176186	0.8208702880482379	NONCODEv6_celegans.fa
NONCELT019754.2	lncRNA	0.2724488594299174	0.7275511405700824	NONCODEv6_celegans.fa
NONCELT019755.2	lncRNA	0.2586292606027533	0.7413707393972468	NONCODEv6_celegans.fa
NONCELT019759.2	lncRNA	0.4960060357043326	0.5039939642956673	NONCODEv6_celegans.fa
NONCELT019762.2	lncRNA	0.45336609524835975	0.5466339047516404	NONCODEv6_celegans.fa
NONCELT019763.2	lncRNA	0.40474301698641973	0.5952569830135803	NONCODEv6_celegans.fa
NONCELT019764.2	Protein_Coding	0.544461831924285	0.455538168075715	NONCODEv6_celegans.fa
NONCELT019767.2	lncRNA	0.46485825138711195	0.535141748612888	NONCODEv6_celegans.fa
NONCELT019769.2	Protein_Coding	0.5719195527895762	0.42808044721042404	NONCODEv6_celegans.fa
NONCELT019770.2	Protein_Coding	0.8469411943256804	0.15305880567431981	NONCODEv6_celegans.fa
NONCELT019773.2	Protein_Coding	0.5261800153399917	0.4738199846600083	NONCODEv6_celegans.fa
NONCELT019777.2	lncRNA	0.1591766579666624	0.8408233420333374	NONCODEv6_celegans.fa
NONCELT019779.2	lncRNA	0.14716015409712832	0.8528398459028708	NONCODEv6_celegans.fa
NONCELT019780.2	Protein_Coding	0.675760645529167	0.3242393544708326	NONCODEv6_celegans.fa
NONCELT019783.2	lncRNA	0.052539830040968336	0.9474601699590313	NONCODEv6_celegans.fa
NONCELT019784.2	lncRNA	0.40357454832939094	0.596425451670609	NONCODEv6_celegans.fa
NONCELT019785.2	lncRNA	0.2004396831024772	0.7995603168975224	NONCODEv6_celegans.fa
NONCELT019786.2	Protein_Coding	0.635889123913908	0.3641108760860918	NONCODEv6_celegans.fa
NONCELT019788.2	lncRNA	0.19141814539494292	0.808581854605057	NONCODEv6_celegans.fa
NONCELT019792.2	Protein_Coding	0.5586393573836768	0.44136064261632324	NONCODEv6_celegans.fa
NONCELT019793.2	Protein_Coding	0.7130442234081424	0.28695577659185745	NONCODEv6_celegans.fa
NONCELT019794.2	lncRNA	0.11282625146571468	0.8871737485342855	NONCODEv6_celegans.fa
NONCELT019795.2	lncRNA	0.4618614514134406	0.5381385485865591	NONCODEv6_celegans.fa
NONCELT019796.2	lncRNA	0.484193323827978	0.5158066761720219	NONCODEv6_celegans.fa
NONCELT019819.2	lncRNA	0.03953179555487313	0.960468204445127	NONCODEv6_celegans.fa
NONCELT019820.2	lncRNA	0.19941561226118462	0.8005843877388151	NONCODEv6_celegans.fa
NONCELT019821.2	Protein_Coding	0.7877506321320068	0.21224936786799317	NONCODEv6_celegans.fa
NONCELT019822.2	lncRNA	0.3671659269094825	0.6328340730905172	NONCODEv6_celegans.fa
NONCELT019827.2	lncRNA	0.2061885761734617	0.793811423826538	NONCODEv6_celegans.fa
NONCELT019828.2	lncRNA	0.17918073772674134	0.8208192622732587	NONCODEv6_celegans.fa
NONCELT019831.2	Protein_Coding	0.6269966028644971	0.3730033971355026	NONCODEv6_celegans.fa
NONCELT019832.2	lncRNA	0.23507277158832757	0.7649272284116725	NONCODEv6_celegans.fa
NONCELT019834.2	Protein_Coding	0.5543525461933725	0.4456474538066274	NONCODEv6_celegans.fa
NONCELT019836.2	lncRNA	0.05231762556481642	0.9476823744351832	NONCODEv6_celegans.fa
NONCELT019837.2	lncRNA	0.11743619530206471	0.8825638046979355	NONCODEv6_celegans.fa
NONCELT019839.2	lncRNA	0.10693232796103201	0.8930676720389672	NONCODEv6_celegans.fa
NONCELT019843.2	Protein_Coding	0.5836177538316969	0.4163822461683032	NONCODEv6_celegans.fa
NONCELT019845.2	Protein_Coding	0.6529043635312906	0.34709563646870967	NONCODEv6_celegans.fa
NONCELT019846.2	lncRNA	0.4629929493881697	0.5370070506118301	NONCODEv6_celegans.fa
NONCELT019848.2	lncRNA	0.18111547745608111	0.8188845225439189	NONCODEv6_celegans.fa
NONCELT019849.2	lncRNA	0.09660287436693328	0.9033971256330667	NONCODEv6_celegans.fa
NONCELT019850.2	lncRNA	0.12816097823355985	0.8718390217664399	NONCODEv6_celegans.fa
NONCELT019852.2	lncRNA	0.39021759777678583	0.6097824022232144	NONCODEv6_celegans.fa
NONCELT019853.2	lncRNA	0.06971956746196743	0.9302804325380325	NONCODEv6_celegans.fa
NONCELT019854.2	lncRNA	0.1346507510880395	0.8653492489119597	NONCODEv6_celegans.fa
NONCELT019855.2	lncRNA	0.3199976749306732	0.680002325069326	NONCODEv6_celegans.fa
NONCELT019856.2	lncRNA	0.3015882885130398	0.69841171148696	NONCODEv6_celegans.fa
NONCELT019857.2	Protein_Coding	0.6067953302556645	0.39320466974433504	NONCODEv6_celegans.fa
NONCELT019858.2	lncRNA	0.1729357825157355	0.8270642174842637	NONCODEv6_celegans.fa
NONCELT019861.2	lncRNA	0.4095052007438405	0.5904947992561597	NONCODEv6_celegans.fa
NONCELT019862.2	lncRNA	0.07573071836615265	0.9242692816338474	NONCODEv6_celegans.fa
NONCELT019870.2	lncRNA	0.2466921763669795	0.7533078236330202	NONCODEv6_celegans.fa
NONCELT019871.2	Protein_Coding	0.5155175284175432	0.4844824715824568	NONCODEv6_celegans.fa
NONCELT019872.2	lncRNA	0.4404479590589278	0.559552040941072	NONCODEv6_celegans.fa
NONCELT019873.2	lncRNA	0.40376655980944764	0.5962334401905526	NONCODEv6_celegans.fa
NONCELT019874.2	Protein_Coding	0.5543369491864919	0.44566305081350815	NONCODEv6_celegans.fa
NONCELT019876.2	Protein_Coding	0.5157845008960464	0.48421549910395356	NONCODEv6_celegans.fa
NONCELT019877.2	lncRNA	0.41985855119792664	0.5801414488020733	NONCODEv6_celegans.fa
NONCELT019881.2	lncRNA	0.24913954634365224	0.7508604536563473	NONCODEv6_celegans.fa
NONCELT019882.2	lncRNA	0.12218050880517725	0.8778194911948223	NONCODEv6_celegans.fa
NONCELT019888.2	lncRNA	0.04932462415833975	0.950675375841661	NONCODEv6_celegans.fa
NONCELT019889.2	lncRNA	0.060052377204047054	0.9399476227959533	NONCODEv6_celegans.fa
NONCELT019891.2	lncRNA	0.3691789270952903	0.6308210729047091	NONCODEv6_celegans.fa
NONCELT019893.2	lncRNA	0.10079026380596649	0.8992097361940334	NONCODEv6_celegans.fa
NONCELT019897.2	lncRNA	0.35306933279897246	0.6469306672010278	NONCODEv6_celegans.fa
NONCELT019899.2	lncRNA	0.04804882599417724	0.9519511740058233	NONCODEv6_celegans.fa
NONCELT019901.2	lncRNA	0.28644294945052945	0.7135570505494703	NONCODEv6_celegans.fa
NONCELT019904.2	lncRNA	0.11126487751323562	0.8887351224867641	NONCODEv6_celegans.fa
NONCELT019907.2	lncRNA	0.46260995762807555	0.5373900423719243	NONCODEv6_celegans.fa
NONCELT019912.2	lncRNA	0.2538372357782573	0.7461627642217425	NONCODEv6_celegans.fa
NONCELT019913.2	lncRNA	0.12415539782536471	0.8758446021746346	NONCODEv6_celegans.fa
NONCELT019915.2	lncRNA	0.21392618818451403	0.786073811815486	NONCODEv6_celegans.fa
NONCELT019917.2	lncRNA	0.3117384554198293	0.6882615445801711	NONCODEv6_celegans.fa
NONCELT019918.2	lncRNA	0.1949597898803742	0.8050402101196255	NONCODEv6_celegans.fa
NONCELT019921.2	lncRNA	0.2957545088149464	0.7042454911850536	NONCODEv6_celegans.fa
NONCELT019923.2	lncRNA	0.2705538174525046	0.7294461825474943	NONCODEv6_celegans.fa
NONCELT019924.2	lncRNA	0.08770562945672872	0.9122943705432711	NONCODEv6_celegans.fa
NONCELT019936.2	Protein_Coding	0.6307690998231864	0.36923090017681354	NONCODEv6_celegans.fa
NONCELT019937.2	Protein_Coding	0.6679810269195955	0.3320189730804045	NONCODEv6_celegans.fa
NONCELT019941.2	lncRNA	0.2628629253389034	0.7371370746610966	NONCODEv6_celegans.fa
NONCELT019942.2	lncRNA	0.23940390082563165	0.7605960991743683	NONCODEv6_celegans.fa
NONCELT019944.2	lncRNA	0.1439742662044171	0.8560257337955831	NONCODEv6_celegans.fa
NONCELT019945.2	lncRNA	0.10944753716199865	0.890552462838001	NONCODEv6_celegans.fa
NONCELT019950.2	Protein_Coding	0.5906555157704971	0.40934448422950337	NONCODEv6_celegans.fa
NONCELT019951.2	lncRNA	0.38745747969947075	0.6125425203005295	NONCODEv6_celegans.fa
NONCELT019952.2	Protein_Coding	0.5444162258404426	0.4555837741595579	NONCODEv6_celegans.fa
NONCELT019954.2	lncRNA	0.36874776037829765	0.6312522396217023	NONCODEv6_celegans.fa
NONCELT019955.2	lncRNA	0.13650152907350885	0.863498470926491	NONCODEv6_celegans.fa
NONCELT019956.2	Protein_Coding	0.731947206474774	0.26805279352522665	NONCODEv6_celegans.fa
NONCELT019961.2	lncRNA	0.255907303441983	0.7440926965580171	NONCODEv6_celegans.fa
NONCELT019963.2	lncRNA	0.04929036224831064	0.9507096377516893	NONCODEv6_celegans.fa
NONCELT019968.2	Protein_Coding	0.6229137122574964	0.3770862877425038	NONCODEv6_celegans.fa
NONCELT019980.2	Protein_Coding	0.5496869442480989	0.4503130557519012	NONCODEv6_celegans.fa
NONCELT019981.2	lncRNA	0.4190918789234076	0.5809081210765924	NONCODEv6_celegans.fa
NONCELT019982.2	lncRNA	0.19413357533235123	0.805866424667648	NONCODEv6_celegans.fa
NONCELT019987.2	Protein_Coding	0.6512801460220018	0.3487198539779977	NONCODEv6_celegans.fa
NONCELT019988.2	lncRNA	0.18409250938493452	0.815907490615065	NONCODEv6_celegans.fa
NONCELT019989.2	lncRNA	0.3711076484336294	0.6288923515663707	NONCODEv6_celegans.fa
NONCELT019990.2	lncRNA	0.30576718438595996	0.6942328156140399	NONCODEv6_celegans.fa
NONCELT019996.2	lncRNA	0.34330403817237115	0.6566959618276285	NONCODEv6_celegans.fa
NONCELT019997.2	Protein_Coding	0.6514885828324258	0.34851141716757456	NONCODEv6_celegans.fa
NONCELT020002.2	lncRNA	0.15930087204943685	0.8406991279505626	NONCODEv6_celegans.fa
NONCELT020004.2	lncRNA	0.13261217710543374	0.8673878228945662	NONCODEv6_celegans.fa
NONCELT020005.2	Protein_Coding	0.5693602628392712	0.43063973716072923	NONCODEv6_celegans.fa
NONCELT020006.2	lncRNA	0.14702662431168073	0.8529733756883187	NONCODEv6_celegans.fa
NONCELT020009.2	lncRNA	0.08008116544914641	0.9199188345508531	NONCODEv6_celegans.fa
NONCELT020010.2	lncRNA	0.17128369711286667	0.828716302887133	NONCODEv6_celegans.fa
NONCELT020011.2	lncRNA	0.15374334953955052	0.8462566504604491	NONCODEv6_celegans.fa
NONCELT020012.2	lncRNA	0.1686605607026685	0.831339439297331	NONCODEv6_celegans.fa
NONCELT020013.2	lncRNA	0.4035427208951005	0.5964572791048992	NONCODEv6_celegans.fa
NONCELT020014.2	Protein_Coding	0.6015232272753477	0.39847677272465226	NONCODEv6_celegans.fa
NONCELT020015.2	lncRNA	0.3573617217207784	0.6426382782792214	NONCODEv6_celegans.fa
NONCELT020016.2	lncRNA	0.30244444812526744	0.6975555518747328	NONCODEv6_celegans.fa
NONCELT020017.2	Protein_Coding	0.8529748102491206	0.14702518975087958	NONCODEv6_celegans.fa
NONCELT020018.2	lncRNA	0.20242729353682426	0.7975727064631752	NONCODEv6_celegans.fa
NONCELT020020.2	lncRNA	0.3109224128332014	0.6890775871667983	NONCODEv6_celegans.fa
NONCELT020022.2	lncRNA	0.46745581242994	0.53254418757006	NONCODEv6_celegans.fa
NONCELT020024.2	lncRNA	0.4678085435000204	0.5321914564999795	NONCODEv6_celegans.fa
NONCELT020025.2	lncRNA	0.4564443005354248	0.543555699464575	NONCODEv6_celegans.fa
NONCELT020026.2	lncRNA	0.2883110593468485	0.7116889406531516	NONCODEv6_celegans.fa
NONCELT020028.2	lncRNA	0.08368328007150731	0.9163167199284924	NONCODEv6_celegans.fa
NONCELT020105.2	lncRNA	0.17290562357470768	0.8270943764252923	NONCODEv6_celegans.fa
NONCELT020106.2	lncRNA	0.46321982470884826	0.5367801752911524	NONCODEv6_celegans.fa
NONCELT020108.2	lncRNA	0.4299623330403934	0.5700376669596061	NONCODEv6_celegans.fa
NONCELT020110.2	Protein_Coding	0.6087164009413911	0.3912835990586084	NONCODEv6_celegans.fa
NONCELT020112.2	lncRNA	0.2539690909228609	0.7460309090771386	NONCODEv6_celegans.fa
NONCELT020113.2	lncRNA	0.1898287940854398	0.8101712059145604	NONCODEv6_celegans.fa
NONCELT020114.2	lncRNA	0.25074359242774813	0.749256407572252	NONCODEv6_celegans.fa
NONCELT020116.2	lncRNA	0.2147486586675677	0.7852513413324322	NONCODEv6_celegans.fa
NONCELT020117.2	lncRNA	0.40395322039522824	0.5960467796047716	NONCODEv6_celegans.fa
NONCELT020118.2	lncRNA	0.19833938050860095	0.8016606194913987	NONCODEv6_celegans.fa
NONCELT020120.2	Protein_Coding	0.6206548157981134	0.3793451842018866	NONCODEv6_celegans.fa
NONCELT020121.2	Protein_Coding	0.5901131205796964	0.40988687942030333	NONCODEv6_celegans.fa
NONCELT020123.2	lncRNA	0.21698793383463288	0.7830120661653667	NONCODEv6_celegans.fa
NONCELT020124.2	lncRNA	0.3350752490769846	0.6649247509230157	NONCODEv6_celegans.fa
NONCELT020126.2	lncRNA	0.16153118273143477	0.8384688172685648	NONCODEv6_celegans.fa
NONCELT020128.2	lncRNA	0.06788916203304765	0.9321108379669522	NONCODEv6_celegans.fa
NONCELT020129.2	lncRNA	0.21931470806169323	0.7806852919383067	NONCODEv6_celegans.fa
NONCELT020141.2	lncRNA	0.2579630493591858	0.7420369506408142	NONCODEv6_celegans.fa
NONCELT020142.2	lncRNA	0.25896868552178964	0.7410313144782096	NONCODEv6_celegans.fa
NONCELT020143.2	lncRNA	0.1676340226445506	0.8323659773554495	NONCODEv6_celegans.fa
NONCELT020144.2	lncRNA	0.39250625709010045	0.6074937429098995	NONCODEv6_celegans.fa
NONCELT020145.2	lncRNA	0.32198524064493683	0.6780147593550631	NONCODEv6_celegans.fa
NONCELT020146.2	lncRNA	0.3377712148692975	0.6622287851307028	NONCODEv6_celegans.fa
NONCELT020147.2	lncRNA	0.15646326285075912	0.8435367371492406	NONCODEv6_celegans.fa
NONCELT020149.2	lncRNA	0.13242285378314494	0.8675771462168547	NONCODEv6_celegans.fa
NONCELT020152.2	Protein_Coding	0.5610429101651419	0.43895708983485804	NONCODEv6_celegans.fa
NONCELT020155.2	lncRNA	0.39047442924260667	0.6095255707573932	NONCODEv6_celegans.fa
NONCELT020156.2	lncRNA	0.20284197518485997	0.7971580248151396	NONCODEv6_celegans.fa
NONCELT020157.2	lncRNA	0.40640396076440016	0.5935960392355998	NONCODEv6_celegans.fa
NONCELT020158.2	Protein_Coding	0.694304479485261	0.30569552051473947	NONCODEv6_celegans.fa
NONCELT020159.2	Protein_Coding	0.5579209730777258	0.4420790269222743	NONCODEv6_celegans.fa
NONCELT020160.2	lncRNA	0.13125204029127288	0.8687479597087273	NONCODEv6_celegans.fa
NONCELT020161.2	lncRNA	0.3082209841044744	0.6917790158955247	NONCODEv6_celegans.fa
NONCELT020162.2	Protein_Coding	0.5185755668018722	0.4814244331981279	NONCODEv6_celegans.fa
NONCELT020164.2	lncRNA	0.3584617135348068	0.6415382864651936	NONCODEv6_celegans.fa
NONCELT020167.2	lncRNA	0.08347256028779909	0.9165274397121995	NONCODEv6_celegans.fa
NONCELT020168.2	lncRNA	0.08971219232023227	0.9102878076797671	NONCODEv6_celegans.fa
NONCELT020170.2	Protein_Coding	0.5905983688892886	0.4094016311107115	NONCODEv6_celegans.fa
NONCELT020172.2	lncRNA	0.3005841563709197	0.6994158436290805	NONCODEv6_celegans.fa
NONCELT020174.2	lncRNA	0.1673306403262914	0.8326693596737087	NONCODEv6_celegans.fa
NONCELT020178.2	lncRNA	0.18257437337102214	0.8174256266289776	NONCODEv6_celegans.fa
NONCELT020179.2	lncRNA	0.05083185633256591	0.9491681436674341	NONCODEv6_celegans.fa
NONCELT020180.2	lncRNA	0.11214146567630716	0.887858534323693	NONCODEv6_celegans.fa
NONCELT020181.2	lncRNA	0.12402679071382672	0.8759732092861733	NONCODEv6_celegans.fa
NONCELT020185.2	lncRNA	0.12093501500625992	0.8790649849937395	NONCODEv6_celegans.fa
NONCELT020186.2	lncRNA	0.06934285375327244	0.930657146246728	NONCODEv6_celegans.fa
NONCELT020195.2	lncRNA	0.23388551338050007	0.7661144866195	NONCODEv6_celegans.fa
NONCELT020219.2	lncRNA	0.03701533566720297	0.9629846643327971	NONCODEv6_celegans.fa
NONCELT020220.2	lncRNA	0.1302215767305585	0.8697784232694414	NONCODEv6_celegans.fa
NONCELT020224.2	lncRNA	0.3178746866913255	0.682125313308674	NONCODEv6_celegans.fa
NONCELT020234.2	lncRNA	0.2054559339420253	0.7945440660579745	NONCODEv6_celegans.fa
NONCELT020235.2	lncRNA	0.3448752933952094	0.65512470660479	NONCODEv6_celegans.fa
NONCELT020236.2	lncRNA	0.2949414466104186	0.7050585533895813	NONCODEv6_celegans.fa
NONCELT020276.2	lncRNA	0.27241766660617445	0.7275823333938247	NONCODEv6_celegans.fa
NONCELT020277.2	lncRNA	0.42244278582976375	0.577557214170236	NONCODEv6_celegans.fa
NONCELT020315.2	lncRNA	0.36682282661000015	0.63317717339	NONCODEv6_celegans.fa
NONCELT020316.2	lncRNA	0.19528738074529514	0.8047126192547046	NONCODEv6_celegans.fa
NONCELT020317.2	lncRNA	0.4936895713442502	0.5063104286557497	NONCODEv6_celegans.fa
NONCELT020318.2	lncRNA	0.417554770595815	0.582445229404185	NONCODEv6_celegans.fa
NONCELT020321.2	Protein_Coding	0.5988274387073663	0.40117256129263323	NONCODEv6_celegans.fa
NONCELT020323.2	lncRNA	0.166454713568171	0.8335452864318289	NONCODEv6_celegans.fa
NONCELT020325.2	lncRNA	0.21493342972386942	0.7850665702761299	NONCODEv6_celegans.fa
NONCELT020329.2	lncRNA	0.25359477137902237	0.7464052286209776	NONCODEv6_celegans.fa
NONCELT020337.2	lncRNA	0.3361525141297335	0.6638474858702663	NONCODEv6_celegans.fa
NONCELT020340.2	lncRNA	0.38696061021735423	0.613039389782646	NONCODEv6_celegans.fa
NONCELT020347.2	lncRNA	0.18491023207051327	0.8150897679294863	NONCODEv6_celegans.fa
NONCELT020351.2	lncRNA	0.16936952798759167	0.8306304720124079	NONCODEv6_celegans.fa
NONCELT020352.2	Protein_Coding	0.5648627631317361	0.43513723686826433	NONCODEv6_celegans.fa
NONCELT020363.2	lncRNA	0.22058102246490302	0.7794189775350968	NONCODEv6_celegans.fa
NONCELT020370.2	lncRNA	0.03891813465251179	0.9610818653474877	NONCODEv6_celegans.fa
NONCELT020378.2	lncRNA	0.04431976415094626	0.9556802358490535	NONCODEv6_celegans.fa
NONCELT020383.2	lncRNA	0.06744282492428214	0.9325571750757174	NONCODEv6_celegans.fa
NONCELT020385.2	lncRNA	0.06638305812587848	0.9336169418741214	NONCODEv6_celegans.fa
NONCELT020390.2	lncRNA	0.1014484428010086	0.898551557198991	NONCODEv6_celegans.fa
NONCELT020391.2	lncRNA	0.14004448878273526	0.8599555112172643	NONCODEv6_celegans.fa
NONCELT020392.2	lncRNA	0.27695879943780083	0.7230412005621989	NONCODEv6_celegans.fa
NONCELT020393.2	lncRNA	0.16087474947113375	0.8391252505288659	NONCODEv6_celegans.fa
NONCELT020395.2	lncRNA	0.29908108901457864	0.7009189109854213	NONCODEv6_celegans.fa
NONCELT020398.2	lncRNA	0.2350746568132941	0.7649253431867057	NONCODEv6_celegans.fa
NONCELT020399.2	lncRNA	0.07403343809957859	0.9259665619004207	NONCODEv6_celegans.fa
NONCELT020400.2	lncRNA	0.17559417704157332	0.8244058229584267	NONCODEv6_celegans.fa
NONCELT020401.2	lncRNA	0.05295791449185744	0.9470420855081428	NONCODEv6_celegans.fa
NONCELT020404.2	lncRNA	0.2460526877518344	0.7539473122481656	NONCODEv6_celegans.fa
NONCELT020406.2	lncRNA	0.22642822863145456	0.7735717713685453	NONCODEv6_celegans.fa
NONCELT020407.2	lncRNA	0.2925511376528768	0.707448862347123	NONCODEv6_celegans.fa
NONCELT020408.2	lncRNA	0.08082093407377015	0.9191790659262298	NONCODEv6_celegans.fa
NONCELT020409.2	lncRNA	0.08677616796102137	0.9132238320389785	NONCODEv6_celegans.fa
NONCELT020431.2	Protein_Coding	0.6675315802514445	0.3324684197485552	NONCODEv6_celegans.fa
NONCELT020478.2	lncRNA	0.26607321414213203	0.733926785857868	NONCODEv6_celegans.fa
NONCELT020486.2	lncRNA	0.3899352863343065	0.6100647136656927	NONCODEv6_celegans.fa
NONCELT020489.2	lncRNA	0.11235076604680733	0.8876492339531928	NONCODEv6_celegans.fa
NONCELT020491.2	Protein_Coding	0.6529462709123317	0.34705372908766813	NONCODEv6_celegans.fa
NONCELT020514.2	lncRNA	0.3287420892362701	0.6712579107637301	NONCODEv6_celegans.fa
NONCELT020517.2	lncRNA	0.2206095839959555	0.7793904160040441	NONCODEv6_celegans.fa
NONCELT020519.2	lncRNA	0.3045106496703301	0.6954893503296696	NONCODEv6_celegans.fa
NONCELT020520.2	lncRNA	0.4310655414871811	0.568934458512819	NONCODEv6_celegans.fa
NONCELT020522.2	lncRNA	0.030908176817633897	0.9690918231823659	NONCODEv6_celegans.fa
NONCELT020558.2	Protein_Coding	0.6398168407628004	0.36018315923719957	NONCODEv6_celegans.fa
NONCELT020559.2	lncRNA	0.15803360201838446	0.841966397981616	NONCODEv6_celegans.fa
NONCELT020563.2	lncRNA	0.1886087466147917	0.8113912533852082	NONCODEv6_celegans.fa
NONCELT020567.2	Protein_Coding	0.6302700368606975	0.36972996313930245	NONCODEv6_celegans.fa
NONCELT020568.2	lncRNA	0.0784357141574121	0.9215642858425873	NONCODEv6_celegans.fa
NONCELT020577.2	lncRNA	0.06662166466389532	0.933378335336105	NONCODEv6_celegans.fa
NONCELT020580.2	Protein_Coding	0.6573680143772704	0.34263198562272973	NONCODEv6_celegans.fa
NONCELT020584.2	lncRNA	0.31348063070236376	0.686519369297636	NONCODEv6_celegans.fa
NONCELT020585.2	lncRNA	0.08483301731522766	0.9151669826847718	NONCODEv6_celegans.fa
NONCELT020586.2	lncRNA	0.08891738261932658	0.911082617380673	NONCODEv6_celegans.fa
NONCELT020589.2	lncRNA	0.0741546131642482	0.925845386835751	NONCODEv6_celegans.fa
NONCELT020597.2	lncRNA	0.04860664715381782	0.9513933528461822	NONCODEv6_celegans.fa
NONCELT020600.2	Protein_Coding	0.5220093141513696	0.4779906858486303	NONCODEv6_celegans.fa
NONCELT020609.2	lncRNA	0.06792635826207967	0.9320736417379202	NONCODEv6_celegans.fa
NONCELT020610.2	lncRNA	0.06529386331534345	0.9347061366846562	NONCODEv6_celegans.fa
NONCELT020611.2	Protein_Coding	0.5915677507548361	0.4084322492451637	NONCODEv6_celegans.fa
NONCELT020613.2	lncRNA	0.41207733161113935	0.5879226683888603	NONCODEv6_celegans.fa
NONCELT020615.2	lncRNA	0.3308522514390475	0.6691477485609522	NONCODEv6_celegans.fa
NONCELT020617.2	lncRNA	0.1563420785377267	0.843657921462273	NONCODEv6_celegans.fa
NONCELT020618.2	lncRNA	0.11940925474826788	0.8805907452517318	NONCODEv6_celegans.fa
NONCELT020620.2	lncRNA	0.4447887008138989	0.5552112991861011	NONCODEv6_celegans.fa
NONCELT020621.2	lncRNA	0.06858340711709314	0.9314165928829068	NONCODEv6_celegans.fa
NONCELT020631.2	lncRNA	0.420617223820001	0.5793827761799992	NONCODEv6_celegans.fa
NONCELT020636.2	Protein_Coding	0.6232375436279293	0.37676245637207056	NONCODEv6_celegans.fa
NONCELT020637.2	lncRNA	0.1554934953727346	0.8445065046272653	NONCODEv6_celegans.fa
NONCELT020642.2	lncRNA	0.06176904788513	0.9382309521148697	NONCODEv6_celegans.fa
NONCELT020646.2	Protein_Coding	0.5503943073448163	0.4496056926551837	NONCODEv6_celegans.fa
NONCELT020648.2	Protein_Coding	0.7622873975109891	0.23771260248901113	NONCODEv6_celegans.fa
NONCELT020649.2	Protein_Coding	0.6766523395156502	0.32334766048435004	NONCODEv6_celegans.fa
NONCELT020650.2	lncRNA	0.47354003962996755	0.5264599603700324	NONCODEv6_celegans.fa
NONCELT020658.2	lncRNA	0.07468200327119179	0.925317996728808	NONCODEv6_celegans.fa
NONCELT020669.2	lncRNA	0.02628059173684676	0.9737194082631532	NONCODEv6_celegans.fa
NONCELT020670.2	lncRNA	0.35653560036830473	0.6434643996316953	NONCODEv6_celegans.fa
NONCELT020671.2	lncRNA	0.42082438254384746	0.5791756174561526	NONCODEv6_celegans.fa
NONCELT020673.2	lncRNA	0.3363763391709099	0.6636236608290903	NONCODEv6_celegans.fa
NONCELT020680.2	lncRNA	0.05554759659603716	0.944452403403963	NONCODEv6_celegans.fa
NONCELT020686.2	lncRNA	0.15818164986526687	0.8418183501347332	NONCODEv6_celegans.fa
NONCELT020687.2	lncRNA	0.10683365915780114	0.8931663408421985	NONCODEv6_celegans.fa
NONCELT020696.2	lncRNA	0.44188390299849845	0.5581160970015014	NONCODEv6_celegans.fa
NONCELT020697.2	lncRNA	0.18040495485983976	0.8195950451401596	NONCODEv6_celegans.fa
NONCELT020700.2	lncRNA	0.10616522915960881	0.8938347708403909	NONCODEv6_celegans.fa
NONCELT020701.2	lncRNA	0.17329489803093256	0.8267051019690675	NONCODEv6_celegans.fa
NONCELT020716.2	lncRNA	0.419430967194585	0.5805690328054146	NONCODEv6_celegans.fa
NONCELT020719.2	lncRNA	0.23512260507816926	0.7648773949218303	NONCODEv6_celegans.fa
NONCELT020721.2	Protein_Coding	0.5644488272667426	0.43555117273325744	NONCODEv6_celegans.fa
NONCELT020759.2	lncRNA	0.05331517951037479	0.9466848204896254	NONCODEv6_celegans.fa
NONCELT020761.2	lncRNA	0.1514689513699849	0.8485310486300144	NONCODEv6_celegans.fa
NONCELT020766.2	lncRNA	0.023772393674807827	0.9762276063251922	NONCODEv6_celegans.fa
NONCELT020773.2	lncRNA	0.0632691762344508	0.936730823765549	NONCODEv6_celegans.fa
NONCELT020774.2	lncRNA	0.11529894100909821	0.8847010589909011	NONCODEv6_celegans.fa
NONCELT020781.2	lncRNA	0.051412448836767696	0.948587551163232	NONCODEv6_celegans.fa
NONCELT020817.2	lncRNA	0.18695190077572169	0.8130480992242781	NONCODEv6_celegans.fa
NONCELT020818.2	lncRNA	0.0792284612201228	0.9207715387798775	NONCODEv6_celegans.fa
NONCELT020819.2	lncRNA	0.09203556749230882	0.9079644325076904	NONCODEv6_celegans.fa
NONCELT020830.2	lncRNA	0.10196076719045669	0.898039232809543	NONCODEv6_celegans.fa
NONCELT020831.2	lncRNA	0.10039216245706804	0.899607837542932	NONCODEv6_celegans.fa
NONCELT020832.2	lncRNA	0.13393881299357308	0.8660611870064264	NONCODEv6_celegans.fa
NONCELT020834.2	lncRNA	0.18600862433826493	0.8139913756617349	NONCODEv6_celegans.fa
NONCELT020837.2	lncRNA	0.1271092742907835	0.8728907257092164	NONCODEv6_celegans.fa
NONCELT020845.2	lncRNA	0.2636222003980784	0.7363777996019215	NONCODEv6_celegans.fa
NONCELT020868.2	lncRNA	0.42876335743373073	0.5712366425662692	NONCODEv6_celegans.fa
NONCELT020869.2	lncRNA	0.11956393092534237	0.8804360690746573	NONCODEv6_celegans.fa
NONCELT020871.2	lncRNA	0.2460787121491799	0.7539212878508192	NONCODEv6_celegans.fa
NONCELT020872.2	lncRNA	0.2131081424922791	0.7868918575077204	NONCODEv6_celegans.fa
NONCELT020874.2	lncRNA	0.11942075878778237	0.880579241212217	NONCODEv6_celegans.fa
NONCELT020887.2	lncRNA	0.015716395871392327	0.9842836041286075	NONCODEv6_celegans.fa
NONCELT020888.2	lncRNA	0.02263368270292438	0.9773663172970758	NONCODEv6_celegans.fa
NONCELT020891.2	lncRNA	0.01579111643487139	0.9842088835651284	NONCODEv6_celegans.fa
NONCELT020892.2	lncRNA	0.012442120551718705	0.9875578794482817	NONCODEv6_celegans.fa
NONCELT020893.2	lncRNA	0.00867730975340459	0.991322690246595	NONCODEv6_celegans.fa
NONCELT020896.2	lncRNA	0.03116654074528583	0.9688334592547141	NONCODEv6_celegans.fa
NONCELT020905.2	lncRNA	0.43132055341189623	0.5686794465881038	NONCODEv6_celegans.fa
NONCELT020907.2	lncRNA	0.1155003772522914	0.8844996227477082	NONCODEv6_celegans.fa
NONCELT020912.2	lncRNA	0.040421501636306485	0.9595784983636929	NONCODEv6_celegans.fa
NONCELT020919.2	lncRNA	0.3387807180331262	0.6612192819668736	NONCODEv6_celegans.fa
NONCELT020926.2	lncRNA	0.18282927560820347	0.8171707243917969	NONCODEv6_celegans.fa
NONCELT020931.2	lncRNA	0.2761314478094225	0.7238685521905776	NONCODEv6_celegans.fa
NONCELT020941.2	lncRNA	0.23070307067674162	0.7692969293232579	NONCODEv6_celegans.fa
NONCELT020942.2	lncRNA	0.3248147865565874	0.675185213443412	NONCODEv6_celegans.fa
NONCELT020944.2	lncRNA	0.18863631489274374	0.8113636851072562	NONCODEv6_celegans.fa
NONCELT020945.2	lncRNA	0.24874462327513452	0.7512553767248653	NONCODEv6_celegans.fa
NONCELT020946.2	lncRNA	0.27016934642919466	0.7298306535708052	NONCODEv6_celegans.fa
NONCELT020947.2	lncRNA	0.16754448227822846	0.8324555177217708	NONCODEv6_celegans.fa
NONCELT020949.2	lncRNA	0.16498430514783693	0.8350156948521632	NONCODEv6_celegans.fa
NONCELT020952.2	lncRNA	0.2534332410916819	0.7465667589083177	NONCODEv6_celegans.fa
NONCELT020967.2	lncRNA	0.0826208382706419	0.9173791617293579	NONCODEv6_celegans.fa
NONCELT020972.2	lncRNA	0.1813221269167425	0.8186778730832576	NONCODEv6_celegans.fa
NONCELT020978.2	lncRNA	0.12464053982767277	0.8753594601723269	NONCODEv6_celegans.fa
NONCELT020981.2	lncRNA	0.10499451080806235	0.8950054891919378	NONCODEv6_celegans.fa
NONCELT021008.2	lncRNA	0.18250128595551737	0.8174987140444822	NONCODEv6_celegans.fa
NONCELT021016.2	lncRNA	0.20785740158003246	0.792142598419967	NONCODEv6_celegans.fa
NONCELT021019.2	lncRNA	0.14706591061927038	0.8529340893807297	NONCODEv6_celegans.fa
NONCELT021033.2	lncRNA	0.1632191178339974	0.8367808821660029	NONCODEv6_celegans.fa
NONCELT021038.2	lncRNA	0.020641249284500396	0.9793587507155003	NONCODEv6_celegans.fa
NONCELT021039.2	lncRNA	0.13474740618780923	0.8652525938121906	NONCODEv6_celegans.fa
NONCELT021040.2	lncRNA	0.09544171504563716	0.9045582849543626	NONCODEv6_celegans.fa
NONCELT021041.2	lncRNA	0.04781147777193731	0.9521885222280629	NONCODEv6_celegans.fa
NONCELT021042.2	lncRNA	0.09589634377358139	0.9041036562264189	NONCODEv6_celegans.fa
NONCELT021044.2	lncRNA	0.1807878954676977	0.8192121045323022	NONCODEv6_celegans.fa
NONCELT021055.2	lncRNA	0.23632395565828765	0.763676044341712	NONCODEv6_celegans.fa
NONCELT021069.2	lncRNA	0.10265784572903307	0.8973421542709673	NONCODEv6_celegans.fa
NONCELT021071.2	lncRNA	0.03893479525600031	0.9610652047439995	NONCODEv6_celegans.fa
NONCELT021076.2	lncRNA	0.162733876017928	0.837266123982072	NONCODEv6_celegans.fa
NONCELT021078.2	lncRNA	0.15489975454221253	0.8451002454577872	NONCODEv6_celegans.fa
NONCELT021086.2	lncRNA	0.11331197930655794	0.8866880206934419	NONCODEv6_celegans.fa
NONCELT021089.2	lncRNA	0.37276387762834035	0.6272361223716596	NONCODEv6_celegans.fa
NONCELT021090.2	lncRNA	0.0609922372250677	0.9390077627749326	NONCODEv6_celegans.fa
NONCELT021106.2	lncRNA	0.11276290144230189	0.8872370985576982	NONCODEv6_celegans.fa
NONCELT021111.2	lncRNA	0.10098508665753617	0.8990149133424636	NONCODEv6_celegans.fa
NONCELT021113.2	lncRNA	0.20031763128518282	0.7996823687148168	NONCODEv6_celegans.fa
NONCELT021123.2	lncRNA	0.11792294180088683	0.8820770581991126	NONCODEv6_celegans.fa
NONCELT021128.2	lncRNA	0.08192973289590529	0.9180702671040946	NONCODEv6_celegans.fa
NONCELT021142.2	lncRNA	0.1871000161466486	0.8128999838533507	NONCODEv6_celegans.fa
NONCELT021143.2	lncRNA	0.1785896709875396	0.8214103290124601	NONCODEv6_celegans.fa
NONCELT021144.2	lncRNA	0.2516855899806311	0.7483144100193687	NONCODEv6_celegans.fa
NONCELT021146.2	lncRNA	0.11441803575131286	0.8855819642486872	NONCODEv6_celegans.fa
NONCELT021148.2	lncRNA	0.23790896052752705	0.7620910394724731	NONCODEv6_celegans.fa
NONCELT021151.2	lncRNA	0.19808673657848697	0.8019132634215133	NONCODEv6_celegans.fa
NONCELT021153.2	lncRNA	0.2044546552072113	0.795545344792788	NONCODEv6_celegans.fa
NONCELT021160.2	lncRNA	0.09531324849213386	0.9046867515078658	NONCODEv6_celegans.fa
NONCELT021167.2	lncRNA	0.20467199576891382	0.7953280042310858	NONCODEv6_celegans.fa
NONCELT021175.2	lncRNA	0.1318421440484084	0.8681578559515917	NONCODEv6_celegans.fa
NONCELT021176.2	lncRNA	0.1448933074324732	0.8551066925675266	NONCODEv6_celegans.fa
NONCELT021177.2	lncRNA	0.04402397425200809	0.9559760257479913	NONCODEv6_celegans.fa
NONCELT021179.2	lncRNA	0.12153257734682697	0.8784674226531725	NONCODEv6_celegans.fa
NONCELT021181.2	lncRNA	0.10129338322722567	0.8987066167727745	NONCODEv6_celegans.fa
NONCELT021182.2	lncRNA	0.2979556484391925	0.7020443515608072	NONCODEv6_celegans.fa
NONCELT021183.2	lncRNA	0.1287352694750347	0.8712647305249657	NONCODEv6_celegans.fa
NONCELT021189.2	lncRNA	0.07773892488225882	0.922261075117741	NONCODEv6_celegans.fa
NONCELT021192.2	lncRNA	0.2255157672254861	0.7744842327745137	NONCODEv6_celegans.fa
NONCELT021211.2	lncRNA	0.22491648718148494	0.7750835128185154	NONCODEv6_celegans.fa
NONCELT021216.2	lncRNA	0.17330376210103451	0.8266962378989652	NONCODEv6_celegans.fa
NONCELT021218.2	lncRNA	0.10261617456124632	0.8973838254387532	NONCODEv6_celegans.fa
NONCELT021219.2	lncRNA	0.16088176863586273	0.8391182313641373	NONCODEv6_celegans.fa
NONCELT021230.2	lncRNA	0.060352755454976176	0.9396472445450238	NONCODEv6_celegans.fa
NONCELT021231.2	lncRNA	0.10170228521976325	0.8982977147802367	NONCODEv6_celegans.fa
NONCELT021240.2	lncRNA	0.14295937821893653	0.8570406217810629	NONCODEv6_celegans.fa
NONCELT021241.2	lncRNA	0.23350091558535768	0.7664990844146421	NONCODEv6_celegans.fa
NONCELT021245.2	lncRNA	0.19012240166932295	0.8098775983306767	NONCODEv6_celegans.fa
NONCELT021260.2	lncRNA	0.07705475754983741	0.9229452424501623	NONCODEv6_celegans.fa
NONCELT021262.2	lncRNA	0.1730053957404013	0.8269946042595985	NONCODEv6_celegans.fa
NONCELT021263.2	lncRNA	0.22197563645938148	0.7780243635406185	NONCODEv6_celegans.fa
NONCELT021272.2	lncRNA	0.2930078367242054	0.7069921632757948	NONCODEv6_celegans.fa
NONCELT021276.2	lncRNA	0.11770628475403618	0.8822937152459637	NONCODEv6_celegans.fa
NONCELT021282.2	lncRNA	0.25177441935168426	0.7482255806483159	NONCODEv6_celegans.fa
NONCELT021291.2	lncRNA	0.21508945470028618	0.7849105452997139	NONCODEv6_celegans.fa
NONCELT021298.2	lncRNA	0.1069098556161947	0.8930901443838051	NONCODEv6_celegans.fa
NONCELT021299.2	lncRNA	0.12168634548810692	0.8783136545118924	NONCODEv6_celegans.fa
NONCELT021300.2	lncRNA	0.24118907239109083	0.7588109276089091	NONCODEv6_celegans.fa
NONCELT021302.2	lncRNA	0.13791170017561272	0.8620882998243867	NONCODEv6_celegans.fa
NONCELT021319.2	lncRNA	0.16336591726811123	0.8366340827318879	NONCODEv6_celegans.fa
NONCELT021321.2	lncRNA	0.034495514028391426	0.9655044859716083	NONCODEv6_celegans.fa
NONCELT021327.2	lncRNA	0.06453059687623056	0.9354694031237692	NONCODEv6_celegans.fa
NONCELT021328.2	lncRNA	0.3245938884514684	0.675406111548531	NONCODEv6_celegans.fa
NONCELT021332.2	lncRNA	0.11385137022159872	0.8861486297784009	NONCODEv6_celegans.fa
NONCELT021338.2	lncRNA	0.34665253555953207	0.6533474644404674	NONCODEv6_celegans.fa
NONCELT021344.2	lncRNA	0.24256794757070135	0.7574320524292988	NONCODEv6_celegans.fa
NONCELT021348.2	lncRNA	0.15066132557557854	0.849338674424421	NONCODEv6_celegans.fa
NONCELT021375.2	lncRNA	0.021975510081736524	0.9780244899182631	NONCODEv6_celegans.fa
NONCELT021381.2	lncRNA	0.04209181360765532	0.9579081863923455	NONCODEv6_celegans.fa
NONCELT021387.2	lncRNA	0.15365910520949785	0.8463408947905017	NONCODEv6_celegans.fa
NONCELT021388.2	lncRNA	0.13641818602706424	0.8635818139729357	NONCODEv6_celegans.fa
NONCELT021394.2	lncRNA	0.0972158105616617	0.902784189438338	NONCODEv6_celegans.fa
NONCELT021397.2	lncRNA	0.0972158105616617	0.902784189438338	NONCODEv6_celegans.fa
NONCELT021400.2	lncRNA	0.11790825320590727	0.8820917467940926	NONCODEv6_celegans.fa
NONCELT021402.2	lncRNA	0.17116001620652738	0.8288399837934727	NONCODEv6_celegans.fa
NONCELT021412.2	lncRNA	0.1569081422855662	0.8430918577144336	NONCODEv6_celegans.fa
NONCELT021415.2	lncRNA	0.40618530647379714	0.5938146935262029	NONCODEv6_celegans.fa
NONCELT021427.2	lncRNA	0.18274212776928456	0.8172578722307153	NONCODEv6_celegans.fa
NONCELT021428.2	lncRNA	0.17328999911016915	0.8267100008898307	NONCODEv6_celegans.fa
NONCELT021446.2	lncRNA	0.21100022546701894	0.7889997745329816	NONCODEv6_celegans.fa
NONCELT021447.2	lncRNA	0.1393249842975401	0.8606750157024593	NONCODEv6_celegans.fa
NONCELT021448.2	lncRNA	0.19289881190103564	0.807101188098964	NONCODEv6_celegans.fa
NONCELT021453.2	lncRNA	0.15851673492317672	0.8414832650768226	NONCODEv6_celegans.fa
NONCELT021454.2	lncRNA	0.29681302896623546	0.7031869710337642	NONCODEv6_celegans.fa
NONCELT021456.2	lncRNA	0.11097042380559306	0.8890295761944067	NONCODEv6_celegans.fa
NONCELT021457.2	lncRNA	0.2736224774274038	0.7263775225725965	NONCODEv6_celegans.fa
NONCELT021460.2	lncRNA	0.18869836631267814	0.8113016336873213	NONCODEv6_celegans.fa
NONCELT021461.2	lncRNA	0.12345039701312731	0.8765496029868723	NONCODEv6_celegans.fa
NONCELT021467.2	lncRNA	0.1194267508356002	0.8805732491643996	NONCODEv6_celegans.fa
NONCELT021468.2	lncRNA	0.07761177302648452	0.9223882269735155	NONCODEv6_celegans.fa
NONCELT021479.2	lncRNA	0.30228867003530413	0.6977113299646956	NONCODEv6_celegans.fa
NONCELT021490.2	lncRNA	0.060792841544961354	0.9392071584550385	NONCODEv6_celegans.fa
NONCELT021496.2	lncRNA	0.23275052972545587	0.7672494702745437	NONCODEv6_celegans.fa
NONCELT021501.2	lncRNA	0.15588169286458378	0.8441183071354156	NONCODEv6_celegans.fa
NONCELT021502.2	lncRNA	0.2833716917629205	0.7166283082370793	NONCODEv6_celegans.fa
NONCELT021504.2	lncRNA	0.18478621904146447	0.8152137809585349	NONCODEv6_celegans.fa
NONCELT021505.2	lncRNA	0.19089793544993847	0.8091020645500613	NONCODEv6_celegans.fa
NONCELT021506.2	lncRNA	0.24880274881073985	0.7511972511892598	NONCODEv6_celegans.fa
NONCELT021511.2	lncRNA	0.1421444724122771	0.8578555275877224	NONCODEv6_celegans.fa
NONCELT021517.2	lncRNA	0.34397943015112753	0.6560205698488721	NONCODEv6_celegans.fa
NONCELT021530.2	lncRNA	0.10054374994749618	0.8994562500525031	NONCODEv6_celegans.fa
NONCELT021539.2	lncRNA	0.07069855234583734	0.9293014476541626	NONCODEv6_celegans.fa
NONCELT021552.2	lncRNA	0.046006901853535995	0.9539930981464642	NONCODEv6_celegans.fa
NONCELT021555.2	lncRNA	0.26413580683029714	0.7358641931697024	NONCODEv6_celegans.fa
NONCELT021556.2	lncRNA	0.09833519639002858	0.901664803609971	NONCODEv6_celegans.fa
NONCELT021560.2	lncRNA	0.16339080210934864	0.8366091978906516	NONCODEv6_celegans.fa
NONCELT021561.2	lncRNA	0.22281110432129678	0.777188895678703	NONCODEv6_celegans.fa
NONCELT021572.2	lncRNA	0.10727552386248605	0.8927244761375138	NONCODEv6_celegans.fa
NONCELT021579.2	lncRNA	0.19143249470095458	0.8085675052990456	NONCODEv6_celegans.fa
NONCELT021589.2	lncRNA	0.08200706557956816	0.9179929344204315	NONCODEv6_celegans.fa
NONCELT021593.2	lncRNA	0.1633602161887038	0.8366397838112956	NONCODEv6_celegans.fa
NONCELT021594.2	lncRNA	0.09184147255253453	0.9081585274474651	NONCODEv6_celegans.fa
NONCELT021596.2	lncRNA	0.1831742353919454	0.8168257646080546	NONCODEv6_celegans.fa
NONCELT021597.2	lncRNA	0.2973161503616509	0.7026838496383487	NONCODEv6_celegans.fa
NONCELT021598.2	lncRNA	0.18536162764049915	0.8146383723595005	NONCODEv6_celegans.fa
NONCELT021599.2	lncRNA	0.2110746236193688	0.7889253763806313	NONCODEv6_celegans.fa
NONCELT021606.2	lncRNA	0.012225733780578238	0.9877742662194214	NONCODEv6_celegans.fa
NONCELT021607.2	lncRNA	0.12400724742460918	0.8759927525753908	NONCODEv6_celegans.fa
NONCELT021611.2	lncRNA	0.17258856810464182	0.8274114318953588	NONCODEv6_celegans.fa
NONCELT021617.2	lncRNA	0.11148368285726401	0.8885163171427352	NONCODEv6_celegans.fa
NONCELT021618.2	lncRNA	0.12822902793001795	0.8717709720699819	NONCODEv6_celegans.fa
NONCELT021623.2	lncRNA	0.21803619727836682	0.7819638027216332	NONCODEv6_celegans.fa
NONCELT021636.2	lncRNA	0.040331260271990965	0.9596687397280088	NONCODEv6_celegans.fa
NONCELT021638.2	lncRNA	0.15443658871648197	0.8455634112835173	NONCODEv6_celegans.fa
NONCELT021640.2	lncRNA	0.09997573264546229	0.9000242673545373	NONCODEv6_celegans.fa
NONCELT021646.2	lncRNA	0.0780998866795737	0.9219001133204258	NONCODEv6_celegans.fa
NONCELT021657.2	lncRNA	0.16913469416727894	0.8308653058327207	NONCODEv6_celegans.fa
NONCELT021658.2	lncRNA	0.2922371305586065	0.7077628694413937	NONCODEv6_celegans.fa
NONCELT021661.2	lncRNA	0.16295769893171744	0.8370423010682818	NONCODEv6_celegans.fa
NONCELT021662.2	lncRNA	0.1422322474143923	0.8577677525856077	NONCODEv6_celegans.fa
NONCELT021663.2	lncRNA	0.2091338484819732	0.7908661515180262	NONCODEv6_celegans.fa
NONCELT021672.2	lncRNA	0.09383418973722459	0.9061658102627757	NONCODEv6_celegans.fa
NONCELT021674.2	lncRNA	0.029346189480752356	0.9706538105192476	NONCODEv6_celegans.fa
NONCELT021686.2	lncRNA	0.20346381898512073	0.7965361810148791	NONCODEv6_celegans.fa
NONCELT021695.2	lncRNA	0.08023245934600187	0.919767540653998	NONCODEv6_celegans.fa
NONCELT021696.2	lncRNA	0.06526660172874749	0.9347333982712518	NONCODEv6_celegans.fa
NONCELT021709.2	lncRNA	0.10375337007633502	0.8962466299236648	NONCODEv6_celegans.fa
NONCELT021714.2	lncRNA	0.26340576910115926	0.7365942308988407	NONCODEv6_celegans.fa
NONCELT021722.2	lncRNA	0.1429789978374212	0.8570210021625789	NONCODEv6_celegans.fa
NONCELT021723.2	lncRNA	0.12217509933249474	0.8778249006675052	NONCODEv6_celegans.fa
NONCELT021724.2	lncRNA	0.17151283815504087	0.8284871618449591	NONCODEv6_celegans.fa
NONCELT021729.2	lncRNA	0.24997780987200333	0.7500221901279961	NONCODEv6_celegans.fa
NONCELT021730.2	lncRNA	0.440183200946924	0.5598167990530758	NONCODEv6_celegans.fa
NONCELT021731.2	lncRNA	0.09459546865236698	0.9054045313476332	NONCODEv6_celegans.fa
NONCELT021733.2	lncRNA	0.2561191003339124	0.7438808996660873	NONCODEv6_celegans.fa
NONCELT021735.2	lncRNA	0.23445738756206305	0.7655426124379366	NONCODEv6_celegans.fa
NONCELT021744.2	lncRNA	0.33498992538399114	0.6650100746160083	NONCODEv6_celegans.fa
NONCELT021745.2	lncRNA	0.34975586130179276	0.6502441386982072	NONCODEv6_celegans.fa
NONCELT021763.2	lncRNA	0.27692845575962827	0.7230715442403715	NONCODEv6_celegans.fa
NONCELT021764.2	lncRNA	0.11823328347103838	0.8817667165289612	NONCODEv6_celegans.fa
NONCELT021779.2	lncRNA	0.04024368676225865	0.9597563132377414	NONCODEv6_celegans.fa
NONCELT021780.2	lncRNA	0.059103684370213176	0.9408963156297865	NONCODEv6_celegans.fa
NONCELT021781.2	lncRNA	0.06571709783432782	0.9342829021656713	NONCODEv6_celegans.fa
NONCELT021790.2	lncRNA	0.06265599784743114	0.9373440021525687	NONCODEv6_celegans.fa
NONCELT021791.2	lncRNA	0.21197656347930904	0.7880234365206911	NONCODEv6_celegans.fa
NONCELT021794.2	lncRNA	0.2860553865321638	0.7139446134678364	NONCODEv6_celegans.fa
NONCELT021802.2	lncRNA	0.24871432676938268	0.7512856732306175	NONCODEv6_celegans.fa
NONCELT021807.2	lncRNA	0.10899348261955712	0.8910065173804423	NONCODEv6_celegans.fa
NONCELT021808.2	lncRNA	0.015006791952527517	0.9849932080474723	NONCODEv6_celegans.fa
NONCELT021816.2	lncRNA	0.1877716527574988	0.8122283472425015	NONCODEv6_celegans.fa
NONCELT021817.2	lncRNA	0.15285694193438853	0.8471430580656109	NONCODEv6_celegans.fa
NONCELT021818.2	lncRNA	0.25773083030737326	0.7422691696926265	NONCODEv6_celegans.fa
NONCELT021819.2	lncRNA	0.24737670704255016	0.7526232929574493	NONCODEv6_celegans.fa
NONCELT021832.2	lncRNA	0.06562085532950165	0.934379144670498	NONCODEv6_celegans.fa
NONCELT021840.2	lncRNA	0.1777063610007251	0.8222936389992748	NONCODEv6_celegans.fa
NONCELT021843.2	lncRNA	0.27967350831620025	0.7203264916837998	NONCODEv6_celegans.fa
NONCELT021844.2	lncRNA	0.3770480412046536	0.6229519587953462	NONCODEv6_celegans.fa
NONCELT021847.2	lncRNA	0.15693709032339842	0.8430629096766007	NONCODEv6_celegans.fa
NONCELT021851.2	lncRNA	0.44554604136913767	0.5544539586308622	NONCODEv6_celegans.fa
NONCELT021852.2	lncRNA	0.37209460089006546	0.6279053991099347	NONCODEv6_celegans.fa
NONCELT021855.2	lncRNA	0.10169147743984513	0.8983085225601551	NONCODEv6_celegans.fa
NONCELT021859.2	lncRNA	0.14733353560849025	0.8526664643915093	NONCODEv6_celegans.fa
NONCELT021861.2	lncRNA	0.4566491548912079	0.5433508451087922	NONCODEv6_celegans.fa
NONCELT021872.2	lncRNA	0.15686592299534802	0.8431340770046514	NONCODEv6_celegans.fa
NONCELT021881.2	lncRNA	0.13954255648355726	0.8604574435164422	NONCODEv6_celegans.fa
NONCELT021882.2	lncRNA	0.08959716019894591	0.9104028398010536	NONCODEv6_celegans.fa
NONCELT021886.2	lncRNA	0.38849334980217404	0.611506650197826	NONCODEv6_celegans.fa
NONCELT021887.2	lncRNA	0.19472812586131902	0.8052718741386811	NONCODEv6_celegans.fa
NONCELT021888.2	lncRNA	0.3316566056500067	0.6683433943499937	NONCODEv6_celegans.fa
NONCELT021889.2	lncRNA	0.2806274359357076	0.7193725640642923	NONCODEv6_celegans.fa
NONCELT021895.2	lncRNA	0.18212957733741889	0.817870422662581	NONCODEv6_celegans.fa
NONCELT021898.2	lncRNA	0.3157552863393877	0.6842447136606125	NONCODEv6_celegans.fa
NONCELT021902.2	lncRNA	0.09421333707642322	0.9057866629235765	NONCODEv6_celegans.fa
NONCELT021918.2	lncRNA	0.024204289167830528	0.9757957108321699	NONCODEv6_celegans.fa
NONCELT021919.2	lncRNA	0.07964846120516852	0.9203515387948308	NONCODEv6_celegans.fa
NONCELT021921.2	lncRNA	0.07432563853916027	0.9256743614608398	NONCODEv6_celegans.fa
NONCELT021928.2	lncRNA	0.023989405338644805	0.9760105946613549	NONCODEv6_celegans.fa
NONCELT021929.2	lncRNA	0.15287792091609695	0.8471220790839027	NONCODEv6_celegans.fa
NONCELT021930.2	lncRNA	0.20080991881435606	0.7991900811856436	NONCODEv6_celegans.fa
NONCELT021934.2	lncRNA	0.031625794444467475	0.9683742055555319	NONCODEv6_celegans.fa
NONCELT021937.2	lncRNA	0.17264500653438086	0.827354993465619	NONCODEv6_celegans.fa
NONCELT021938.2	lncRNA	0.10885431330474467	0.8911456866952553	NONCODEv6_celegans.fa
NONCELT021942.2	lncRNA	0.22959371719210894	0.7704062828078913	NONCODEv6_celegans.fa
NONCELT021949.2	lncRNA	0.0824348095401261	0.9175651904598736	NONCODEv6_celegans.fa
NONCELT021950.2	lncRNA	0.17379377263226223	0.8262062273677379	NONCODEv6_celegans.fa
NONCELT021953.2	lncRNA	0.10218009614575164	0.8978199038542478	NONCODEv6_celegans.fa
NONCELT021966.2	lncRNA	0.18041482153296945	0.8195851784670302	NONCODEv6_celegans.fa
NONCELT021973.2	lncRNA	0.15064355701359114	0.8493564429864089	NONCODEv6_celegans.fa
NONCELT021982.2	lncRNA	0.21369768129810407	0.7863023187018958	NONCODEv6_celegans.fa
NONCELT021983.2	lncRNA	0.14399343267163062	0.8560065673283697	NONCODEv6_celegans.fa
NONCELT021985.2	lncRNA	0.08850756708758084	0.91149243291242	NONCODEv6_celegans.fa
NONCELT021988.2	lncRNA	0.05750561390800992	0.9424943860919891	NONCODEv6_celegans.fa
NONCELT021992.2	lncRNA	0.13933995035992744	0.8606600496400721	NONCODEv6_celegans.fa
NONCELT021994.2	lncRNA	0.12482711281536649	0.8751728871846335	NONCODEv6_celegans.fa
NONCELT022016.2	lncRNA	0.22663982221579748	0.7733601777842021	NONCODEv6_celegans.fa
NONCELT022023.2	lncRNA	0.20184019385817364	0.7981598061418264	NONCODEv6_celegans.fa
NONCELT022024.2	lncRNA	0.19341547065818376	0.8065845293418161	NONCODEv6_celegans.fa
NONCELT022029.2	lncRNA	0.09113774848007021	0.9088622515199297	NONCODEv6_celegans.fa
NONCELT022031.2	lncRNA	0.13023896623058967	0.8697610337694106	NONCODEv6_celegans.fa
NONCELT022041.2	lncRNA	0.28017064097312455	0.7198293590268754	NONCODEv6_celegans.fa
NONCELT022047.2	lncRNA	0.2746613687140323	0.7253386312859675	NONCODEv6_celegans.fa
NONCELT022048.2	lncRNA	0.22219670773459527	0.7778032922654039	NONCODEv6_celegans.fa
NONCELT022049.2	lncRNA	0.12932273903104405	0.8706772609689558	NONCODEv6_celegans.fa
NONCELT022050.2	lncRNA	0.18351475164105013	0.8164852483589501	NONCODEv6_celegans.fa
NONCELT022051.2	lncRNA	0.1968975241174299	0.8031024758825699	NONCODEv6_celegans.fa
NONCELT022052.2	lncRNA	0.2213695745214593	0.7786304254785412	NONCODEv6_celegans.fa
NONCELT022058.2	lncRNA	0.054337664161680566	0.9456623358383187	NONCODEv6_celegans.fa
NONCELT022069.2	lncRNA	0.10233517521914062	0.8976648247808593	NONCODEv6_celegans.fa
NONCELT022074.2	lncRNA	0.07764099902723547	0.9223590009727641	NONCODEv6_celegans.fa
NONCELT022075.2	lncRNA	0.0648474676103729	0.9351525323896268	NONCODEv6_celegans.fa
NONCELT022079.2	lncRNA	0.18380395992327797	0.8161960400767213	NONCODEv6_celegans.fa
NONCELT022080.2	lncRNA	0.22760893703017557	0.7723910629698238	NONCODEv6_celegans.fa
NONCELT022085.2	lncRNA	0.1648040841195126	0.8351959158804871	NONCODEv6_celegans.fa
NONCELT022092.2	lncRNA	0.44977942095161677	0.5502205790483831	NONCODEv6_celegans.fa
NONCELT022095.2	lncRNA	0.1725579398903563	0.8274420601096437	NONCODEv6_celegans.fa
NONCELT022100.2	lncRNA	0.1288755855087623	0.8711244144912371	NONCODEv6_celegans.fa
NONCELT022108.2	lncRNA	0.15461074386601503	0.8453892561339847	NONCODEv6_celegans.fa
NONCELT022119.2	lncRNA	0.1738426701658229	0.8261573298341766	NONCODEv6_celegans.fa
NONCELT022120.2	lncRNA	0.03940642114138003	0.9605935788586207	NONCODEv6_celegans.fa
NONCELT022121.2	lncRNA	0.21764074547820472	0.7823592545217953	NONCODEv6_celegans.fa
NONCELT022128.2	lncRNA	0.13888202473659464	0.8611179752634049	NONCODEv6_celegans.fa
NONCELT022129.2	lncRNA	0.18016552922586704	0.8198344707741329	NONCODEv6_celegans.fa
NONCELT022132.2	lncRNA	0.20863944427000328	0.7913605557299969	NONCODEv6_celegans.fa
NONCELT022136.2	lncRNA	0.19553248794693634	0.8044675120530642	NONCODEv6_celegans.fa
NONCELT022142.2	lncRNA	0.27166441335270364	0.7283355866472967	NONCODEv6_celegans.fa
NONCELT022144.2	lncRNA	0.15429445950809548	0.8457055404919035	NONCODEv6_celegans.fa
NONCELT022149.2	lncRNA	0.25434336496100535	0.7456566350389939	NONCODEv6_celegans.fa
NONCELT022154.2	lncRNA	0.08615126742525196	0.9138487325747484	NONCODEv6_celegans.fa
NONCELT022159.2	lncRNA	0.1232819440414576	0.8767180559585412	NONCODEv6_celegans.fa
NONCELT022160.2	lncRNA	0.3182162851801997	0.6817837148198005	NONCODEv6_celegans.fa
NONCELT022163.2	lncRNA	0.1646742896141822	0.8353257103858176	NONCODEv6_celegans.fa
NONCELT022165.2	lncRNA	0.10650472442666195	0.8934952755733379	NONCODEv6_celegans.fa
NONCELT022166.2	lncRNA	0.1533198298801796	0.8466801701198201	NONCODEv6_celegans.fa
NONCELT022171.2	lncRNA	0.20477860419678634	0.7952213958032132	NONCODEv6_celegans.fa
NONCELT022182.2	lncRNA	0.24252135867806351	0.7574786413219363	NONCODEv6_celegans.fa
NONCELT022193.2	lncRNA	0.23934816383029253	0.7606518361697067	NONCODEv6_celegans.fa
NONCELT022196.2	lncRNA	0.07639757854315057	0.9236024214568491	NONCODEv6_celegans.fa
NONCELT022200.2	lncRNA	0.07993160379834223	0.9200683962016577	NONCODEv6_celegans.fa
NONCELT022204.2	lncRNA	0.11975196894582564	0.8802480310541743	NONCODEv6_celegans.fa
NONCELT022210.2	lncRNA	0.06653491731568216	0.9334650826843178	NONCODEv6_celegans.fa
NONCELT022219.2	lncRNA	0.1239846957965032	0.8760153042034968	NONCODEv6_celegans.fa
NONCELT022220.2	lncRNA	0.1134922950203871	0.886507704979613	NONCODEv6_celegans.fa
NONCELT022221.2	lncRNA	0.17848637042252183	0.8215136295774783	NONCODEv6_celegans.fa
NONCELT022232.2	lncRNA	0.02552558758921132	0.9744744124107888	NONCODEv6_celegans.fa
NONCELT022237.2	lncRNA	0.33699247901820467	0.6630075209817952	NONCODEv6_celegans.fa
NONCELT022240.2	lncRNA	0.09184007563752909	0.9081599243624707	NONCODEv6_celegans.fa
NONCELT022262.2	lncRNA	0.2729989389132646	0.7270010610867356	NONCODEv6_celegans.fa
NONCELT022268.2	lncRNA	0.09954449022059762	0.9004555097794024	NONCODEv6_celegans.fa
NONCELT022276.2	lncRNA	0.19409028335891967	0.8059097166410798	NONCODEv6_celegans.fa
NONCELT022278.2	lncRNA	0.2084310387515086	0.7915689612484913	NONCODEv6_celegans.fa
NONCELT022280.2	lncRNA	0.14773139741932728	0.8522686025806723	NONCODEv6_celegans.fa
NONCELT022281.2	lncRNA	0.2393259552031884	0.7606740447968118	NONCODEv6_celegans.fa
NONCELT022285.2	lncRNA	0.2252445987230316	0.7747554012769687	NONCODEv6_celegans.fa
NONCELT022286.2	lncRNA	0.4591426008618213	0.540857399138179	NONCODEv6_celegans.fa
NONCELT022287.2	lncRNA	0.24444384465811916	0.7555561553418807	NONCODEv6_celegans.fa
NONCELT022288.2	lncRNA	0.2919715190806232	0.7080284809193768	NONCODEv6_celegans.fa
NONCELT022292.2	lncRNA	0.26205237356765054	0.7379476264323491	NONCODEv6_celegans.fa
NONCELT022300.2	lncRNA	0.08052722290253575	0.9194727770974641	NONCODEv6_celegans.fa
NONCELT022308.2	lncRNA	0.10485430161955642	0.8951456983804434	NONCODEv6_celegans.fa
NONCELT022311.2	lncRNA	0.24982659602917145	0.7501734039708283	NONCODEv6_celegans.fa
NONCELT022312.2	lncRNA	0.14106331660161528	0.8589366833983851	NONCODEv6_celegans.fa
NONCELT022318.2	lncRNA	0.23060342475425494	0.7693965752457446	NONCODEv6_celegans.fa
NONCELT022327.2	lncRNA	0.04814910169644785	0.951850898303552	NONCODEv6_celegans.fa
NONCELT022328.2	lncRNA	0.22299487429736098	0.7770051257026389	NONCODEv6_celegans.fa
NONCELT022348.2	lncRNA	0.16463104866766828	0.8353689513323317	NONCODEv6_celegans.fa
NONCELT022353.2	lncRNA	0.14162096144858194	0.8583790385514177	NONCODEv6_celegans.fa
NONCELT022356.2	lncRNA	0.08483324750000308	0.915166752499997	NONCODEv6_celegans.fa
NONCELT022361.2	lncRNA	0.07052681141698215	0.9294731885830176	NONCODEv6_celegans.fa
NONCELT022404.2	lncRNA	0.11230193057087551	0.8876980694291242	NONCODEv6_celegans.fa
NONCELT022405.2	lncRNA	0.12531411098449377	0.8746858890155067	NONCODEv6_celegans.fa
NONCELT022413.2	lncRNA	0.08260103662123726	0.9173989633787636	NONCODEv6_celegans.fa
NONCELT022431.2	lncRNA	0.09055839541386541	0.9094416045861338	NONCODEv6_celegans.fa
NONCELT022460.2	lncRNA	0.12543894382961351	0.8745610561703865	NONCODEv6_celegans.fa
NONCELT022475.2	lncRNA	0.10352434925354408	0.8964756507464562	NONCODEv6_celegans.fa
NONCELT022476.2	lncRNA	0.17374599855395087	0.826254001446049	NONCODEv6_celegans.fa
NONCELT022490.2	lncRNA	0.15797879154531125	0.8420212084546884	NONCODEv6_celegans.fa
NONCELT022491.2	lncRNA	0.14977474811914807	0.8502252518808511	NONCODEv6_celegans.fa
NONCELT022500.2	lncRNA	0.03111404600281993	0.9688859539971802	NONCODEv6_celegans.fa
NONCELT022512.2	lncRNA	0.13404058755828185	0.8659594124417183	NONCODEv6_celegans.fa
NONCELT022515.2	lncRNA	0.05449111518275078	0.9455088848172492	NONCODEv6_celegans.fa
NONCELT022518.2	lncRNA	0.14143073830128056	0.8585692616987189	NONCODEv6_celegans.fa
NONCELT022519.2	lncRNA	0.1130869662424723	0.8869130337575278	NONCODEv6_celegans.fa
NONCELT022540.2	lncRNA	0.0578667867754783	0.9421332132245221	NONCODEv6_celegans.fa
NONCELT022558.2	lncRNA	0.08936900784978086	0.9106309921502193	NONCODEv6_celegans.fa
NONCELT022604.2	lncRNA	0.057210007073402895	0.9427899929265972	NONCODEv6_celegans.fa
NONCELT022613.2	lncRNA	0.018317471760183442	0.9816825282398165	NONCODEv6_celegans.fa
NONCELT022614.2	lncRNA	0.11604035515239837	0.883959644847601	NONCODEv6_celegans.fa
NONCELT022625.2	lncRNA	0.33701147624694694	0.6629885237530533	NONCODEv6_celegans.fa
NONCELT022630.2	lncRNA	0.266536945686148	0.7334630543138518	NONCODEv6_celegans.fa
NONCELT022637.2	lncRNA	0.0936368993778134	0.9063631006221866	NONCODEv6_celegans.fa
NONCELT022647.2	lncRNA	0.15851303415474793	0.8414869658452517	NONCODEv6_celegans.fa
NONCELT022648.2	lncRNA	0.09261652236535445	0.907383477634646	NONCODEv6_celegans.fa
NONCELT022670.2	lncRNA	0.15583006512095815	0.8441699348790418	NONCODEv6_celegans.fa
NONCELT022681.2	lncRNA	0.16772609746412592	0.8322739025358736	NONCODEv6_celegans.fa
NONCELT022687.2	lncRNA	0.33585303252782583	0.6641469674721738	NONCODEv6_celegans.fa
NONCELT022691.2	lncRNA	0.10210712536142315	0.8978928746385769	NONCODEv6_celegans.fa
NONCELT022697.2	lncRNA	0.20843512029029562	0.7915648797097043	NONCODEv6_celegans.fa
NONCELT022699.2	lncRNA	0.05887234337948081	0.9411276566205191	NONCODEv6_celegans.fa
NONCELT022713.2	lncRNA	0.11302741541243201	0.8869725845875674	NONCODEv6_celegans.fa
NONCELT022714.2	lncRNA	0.09733364554616285	0.9026663544538372	NONCODEv6_celegans.fa
NONCELT022715.2	lncRNA	0.16507626486019283	0.8349237351398068	NONCODEv6_celegans.fa
NONCELT022724.2	lncRNA	0.1738512616373174	0.8261487383626821	NONCODEv6_celegans.fa
NONCELT022726.2	lncRNA	0.1293662545245509	0.8706337454754488	NONCODEv6_celegans.fa
NONCELT022727.2	lncRNA	0.275726326998088	0.7242736730019119	NONCODEv6_celegans.fa
NONCELT022735.2	lncRNA	0.03280763986018887	0.9671923601398109	NONCODEv6_celegans.fa
NONCELT022737.2	lncRNA	0.14938225172552805	0.8506177482744715	NONCODEv6_celegans.fa
NONCELT022740.2	lncRNA	0.172635769284009	0.8273642307159905	NONCODEv6_celegans.fa
NONCELT022746.2	lncRNA	0.2148293403944264	0.785170659605573	NONCODEv6_celegans.fa
NONCELT022749.2	lncRNA	0.2129890030704332	0.7870109969295661	NONCODEv6_celegans.fa
NONCELT022781.2	lncRNA	0.05009642603379322	0.9499035739662071	NONCODEv6_celegans.fa
NONCELT022785.2	lncRNA	0.12092683668795703	0.8790731633120431	NONCODEv6_celegans.fa
NONCELT022800.2	lncRNA	0.23418159811944933	0.7658184018805501	NONCODEv6_celegans.fa
NONCELT022801.2	lncRNA	0.1088908202805933	0.8911091797194062	NONCODEv6_celegans.fa
NONCELT022809.2	lncRNA	0.23980564716743635	0.7601943528325636	NONCODEv6_celegans.fa
NONCELT022818.2	lncRNA	0.17460525062225346	0.8253947493777462	NONCODEv6_celegans.fa
NONCELT022826.2	lncRNA	0.0969712561618286	0.9030287438381711	NONCODEv6_celegans.fa
NONCELT022836.2	lncRNA	0.3799851481408814	0.6200148518591186	NONCODEv6_celegans.fa
NONCELT022839.2	lncRNA	0.167385589481187	0.8326144105188128	NONCODEv6_celegans.fa
NONCELT022845.2	lncRNA	0.08756831806289996	0.9124316819370998	NONCODEv6_celegans.fa
NONCELT022846.2	lncRNA	0.08595415389748644	0.9140458461025127	NONCODEv6_celegans.fa
NONCELT022861.2	lncRNA	0.03949822948474971	0.9605017705152499	NONCODEv6_celegans.fa
NONCELT022867.2	lncRNA	0.08519763100534426	0.9148023689946558	NONCODEv6_celegans.fa
NONCELT022884.2	lncRNA	0.4828854596593192	0.5171145403406807	NONCODEv6_celegans.fa
NONCELT022893.2	lncRNA	0.268326196556995	0.731673803443005	NONCODEv6_celegans.fa
NONCELT022895.2	lncRNA	0.2069986487274349	0.7930013512725647	NONCODEv6_celegans.fa
NONCELT022902.2	lncRNA	0.1548632365915545	0.8451367634084453	NONCODEv6_celegans.fa
NONCELT022905.2	lncRNA	0.25856474512455224	0.7414352548754474	NONCODEv6_celegans.fa
NONCELT022906.2	lncRNA	0.1285694286423488	0.8714305713576507	NONCODEv6_celegans.fa
NONCELT022911.2	lncRNA	0.16648468837939642	0.8335153116206034	NONCODEv6_celegans.fa
NONCELT022912.2	lncRNA	0.20904826325867235	0.7909517367413277	NONCODEv6_celegans.fa
NONCELT022913.2	lncRNA	0.13307271174179136	0.8669272882582086	NONCODEv6_celegans.fa
NONCELT022917.2	lncRNA	0.20860388333198532	0.7913961166680142	NONCODEv6_celegans.fa
NONCELT022923.2	lncRNA	0.16718348192240437	0.8328165180775947	NONCODEv6_celegans.fa
NONCELT022932.2	lncRNA	0.10002476545967076	0.8999752345403286	NONCODEv6_celegans.fa
NONCELT022937.2	lncRNA	0.1556682936861096	0.8443317063138902	NONCODEv6_celegans.fa
NONCELT022946.2	lncRNA	0.11212259939360464	0.8878774006063951	NONCODEv6_celegans.fa
NONCELT022968.2	lncRNA	0.4013759000225998	0.5986240999774001	NONCODEv6_celegans.fa
NONCELT022976.2	lncRNA	0.11697499604147946	0.88302500395852	NONCODEv6_celegans.fa
NONCELT022977.2	lncRNA	0.1513060860449662	0.8486939139550339	NONCODEv6_celegans.fa
NONCELT022978.2	lncRNA	0.16643039511095647	0.833569604889043	NONCODEv6_celegans.fa
NONCELT022990.2	lncRNA	0.13958402363117936	0.8604159763688204	NONCODEv6_celegans.fa
NONCELT022991.2	lncRNA	0.22825707504068857	0.7717429249593112	NONCODEv6_celegans.fa
NONCELT022992.2	lncRNA	0.16430900049443192	0.8356909995055679	NONCODEv6_celegans.fa
NONCELT022993.2	lncRNA	0.10855051285786982	0.8914494871421299	NONCODEv6_celegans.fa
NONCELT022998.2	lncRNA	0.10981204608110616	0.8901879539188928	NONCODEv6_celegans.fa
NONCELT023000.2	lncRNA	0.18903987905529424	0.8109601209447054	NONCODEv6_celegans.fa
NONCELT023004.2	lncRNA	0.10002049207477352	0.8999795079252261	NONCODEv6_celegans.fa
NONCELT023005.2	lncRNA	0.23141664729112763	0.7685833527088725	NONCODEv6_celegans.fa
NONCELT023008.2	lncRNA	0.34027555630577	0.6597244436942297	NONCODEv6_celegans.fa
NONCELT023009.2	lncRNA	0.1583914409893121	0.841608559010687	NONCODEv6_celegans.fa
NONCELT023010.2	lncRNA	0.09773356530911086	0.9022664346908892	NONCODEv6_celegans.fa
NONCELT023025.2	lncRNA	0.0667562285373128	0.9332437714626869	NONCODEv6_celegans.fa
NONCELT023029.2	lncRNA	0.1311836454830762	0.868816354516924	NONCODEv6_celegans.fa
NONCELT023030.2	lncRNA	0.2224709325516955	0.777529067448305	NONCODEv6_celegans.fa
NONCELT023032.2	lncRNA	0.14527245108763917	0.8547275489123596	NONCODEv6_celegans.fa
NONCELT023034.2	lncRNA	0.1820452941383657	0.8179547058616339	NONCODEv6_celegans.fa
NONCELT023036.2	lncRNA	0.16427291089859905	0.835727089101401	NONCODEv6_celegans.fa
NONCELT023047.2	lncRNA	0.2085814443553787	0.7914185556446212	NONCODEv6_celegans.fa
NONCELT023053.2	lncRNA	0.27108692806869816	0.7289130719313022	NONCODEv6_celegans.fa
NONCELT023057.2	lncRNA	0.051235166208635975	0.9487648337913646	NONCODEv6_celegans.fa
NONCELT023059.2	lncRNA	0.055005245613593025	0.9449947543864066	NONCODEv6_celegans.fa
NONCELT023067.2	lncRNA	0.07088372925913378	0.9291162707408663	NONCODEv6_celegans.fa
NONCELT023070.2	lncRNA	0.19969857458167103	0.8003014254183286	NONCODEv6_celegans.fa
NONCELT023078.2	lncRNA	0.2332451480146261	0.7667548519853732	NONCODEv6_celegans.fa
NONCELT023083.2	lncRNA	0.15227003606626932	0.8477299639337306	NONCODEv6_celegans.fa
NONCELT023092.2	lncRNA	0.10065487531557547	0.8993451246844237	NONCODEv6_celegans.fa
NONCELT023097.2	lncRNA	0.10627844210298736	0.8937215578970122	NONCODEv6_celegans.fa
NONCELT023104.2	lncRNA	0.08292516155438387	0.9170748384456169	NONCODEv6_celegans.fa
NONCELT023110.2	lncRNA	0.13645812686581082	0.8635418731341888	NONCODEv6_celegans.fa
NONCELT023114.2	lncRNA	0.14168325113134156	0.8583167488686583	NONCODEv6_celegans.fa
NONCELT023119.2	lncRNA	0.1677105415002803	0.8322894584997201	NONCODEv6_celegans.fa
NONCELT023133.2	lncRNA	0.1957012320853249	0.804298767914675	NONCODEv6_celegans.fa
NONCELT023134.2	lncRNA	0.1664778670616305	0.8335221329383701	NONCODEv6_celegans.fa
NONCELT023137.2	lncRNA	0.16913162992225797	0.830868370077742	NONCODEv6_celegans.fa
NONCELT023139.2	lncRNA	0.11549153750624082	0.8845084624937584	NONCODEv6_celegans.fa
NONCELT023140.2	lncRNA	0.15142026478378964	0.8485797352162099	NONCODEv6_celegans.fa
NONCELT023161.2	lncRNA	0.23095747123180604	0.7690425287681938	NONCODEv6_celegans.fa
NONCELT023170.2	lncRNA	0.10100217088952367	0.8989978291104764	NONCODEv6_celegans.fa
NONCELT023171.2	lncRNA	0.08957215219441325	0.9104278478055866	NONCODEv6_celegans.fa
NONCELT023175.2	lncRNA	0.04841524040662018	0.9515847595933797	NONCODEv6_celegans.fa
NONCELT023176.2	lncRNA	0.10324869637443651	0.8967513036255635	NONCODEv6_celegans.fa
NONCELT023185.2	lncRNA	0.16102087517960023	0.838979124820399	NONCODEv6_celegans.fa
NONCELT023197.2	lncRNA	0.05880001665761154	0.9411999833423882	NONCODEv6_celegans.fa
NONCELT023198.2	lncRNA	0.12920823953351568	0.8707917604664834	NONCODEv6_celegans.fa
NONCELT023199.2	lncRNA	0.13362969967781774	0.8663703003221822	NONCODEv6_celegans.fa
NONCELT023205.2	lncRNA	0.15962269675594604	0.8403773032440538	NONCODEv6_celegans.fa
NONCELT023232.2	lncRNA	0.15392011773983794	0.8460798822601613	NONCODEv6_celegans.fa
NONCELT023246.2	lncRNA	0.13333125476048865	0.8666687452395107	NONCODEv6_celegans.fa
NONCELT023247.2	lncRNA	0.13234003582683881	0.8676599641731607	NONCODEv6_celegans.fa
NONCELT023248.2	lncRNA	0.06689190195162495	0.933108098048375	NONCODEv6_celegans.fa
NONCELT023249.2	lncRNA	0.290404672035136	0.7095953279648638	NONCODEv6_celegans.fa
NONCELT023250.2	lncRNA	0.12914632041023918	0.870853679589761	NONCODEv6_celegans.fa
NONCELT023272.2	lncRNA	0.11607404908529824	0.8839259509147017	NONCODEv6_celegans.fa
NONCELT023274.2	lncRNA	0.1399247053919811	0.8600752946080182	NONCODEv6_celegans.fa
NONCELT023275.2	lncRNA	0.19383461849957606	0.8061653815004236	NONCODEv6_celegans.fa
NONCELT023278.2	lncRNA	0.1569185106968583	0.8430814893031419	NONCODEv6_celegans.fa
NONCELT023294.2	lncRNA	0.06638795302096867	0.9336120469790312	NONCODEv6_celegans.fa
NONCELT023300.2	lncRNA	0.15975690785920205	0.8402430921407976	NONCODEv6_celegans.fa
NONCELT023311.2	lncRNA	0.06375126922707237	0.936248730772928	NONCODEv6_celegans.fa
NONCELT023337.2	lncRNA	0.07826058760102586	0.9217394123989738	NONCODEv6_celegans.fa
NONCELT023338.2	lncRNA	0.04710004129325513	0.9528999587067447	NONCODEv6_celegans.fa
NONCELT023340.2	lncRNA	0.10945450099846639	0.8905454990015327	NONCODEv6_celegans.fa
NONCELT023342.2	lncRNA	0.10427103667241355	0.8957289633275862	NONCODEv6_celegans.fa
NONCELT023352.2	lncRNA	0.22571599642230872	0.774284003577691	NONCODEv6_celegans.fa
NONCELT023363.2	lncRNA	0.19364809983642212	0.8063519001635778	NONCODEv6_celegans.fa
NONCELT023364.2	lncRNA	0.11595270635984603	0.8840472936401537	NONCODEv6_celegans.fa
NONCELT023367.2	Protein_Coding	0.8748046933898507	0.12519530661014908	NONCODEv6_celegans.fa
NONCELT023368.2	lncRNA	0.20924402669700143	0.7907559733029983	NONCODEv6_celegans.fa
NONCELT023375.2	lncRNA	0.14879511534639422	0.8512048846536056	NONCODEv6_celegans.fa
NONCELT023376.2	lncRNA	0.15141685768208477	0.848583142317915	NONCODEv6_celegans.fa
NONCELT023378.2	lncRNA	0.21845669627924708	0.7815433037207526	NONCODEv6_celegans.fa
NONCELT023380.2	lncRNA	0.06405936884084294	0.935940631159157	NONCODEv6_celegans.fa
NONCELT023384.2	lncRNA	0.2558406487800057	0.7441593512199943	NONCODEv6_celegans.fa
NONCELT023397.2	lncRNA	0.29410216583296406	0.7058978341670356	NONCODEv6_celegans.fa
NONCELT023398.2	lncRNA	0.2822855000510565	0.7177144999489427	NONCODEv6_celegans.fa
NONCELT023411.2	lncRNA	0.42166011973943895	0.5783398802605613	NONCODEv6_celegans.fa
NONCELT023414.2	lncRNA	0.09795635408867488	0.9020436459113248	NONCODEv6_celegans.fa
NONCELT023433.2	lncRNA	0.21411310391208874	0.7858868960879108	NONCODEv6_celegans.fa
NONCELT023434.2	lncRNA	0.312720144735626	0.6872798552643743	NONCODEv6_celegans.fa
NONCELT023438.2	lncRNA	0.30607555004932857	0.693924449950671	NONCODEv6_celegans.fa
NONCELT023455.2	lncRNA	0.12464692954672289	0.8753530704532766	NONCODEv6_celegans.fa
NONCELT023463.2	lncRNA	0.10215582894320505	0.8978441710567948	NONCODEv6_celegans.fa
NONCELT023465.2	lncRNA	0.09466191317522749	0.9053380868247726	NONCODEv6_celegans.fa
NONCELT023467.2	lncRNA	0.25057207078300786	0.749427929216992	NONCODEv6_celegans.fa
NONCELT023468.2	lncRNA	0.11439030354847032	0.8856096964515293	NONCODEv6_celegans.fa
NONCELT023476.2	lncRNA	0.0741660182352479	0.9258339817647518	NONCODEv6_celegans.fa
NONCELT023479.2	lncRNA	0.12564396471294056	0.8743560352870595	NONCODEv6_celegans.fa
NONCELT023481.2	lncRNA	0.16703520483938036	0.8329647951606194	NONCODEv6_celegans.fa
NONCELT023486.2	lncRNA	0.2154231759468692	0.7845768240531307	NONCODEv6_celegans.fa
NONCELT023488.2	lncRNA	0.1263449454318844	0.8736550545681154	NONCODEv6_celegans.fa
NONCELT023489.2	lncRNA	0.1266852673764278	0.8733147326235722	NONCODEv6_celegans.fa
NONCELT023495.2	lncRNA	0.05856544731710791	0.9414345526828922	NONCODEv6_celegans.fa
NONCELT023499.2	lncRNA	0.1035670029511709	0.8964329970488288	NONCODEv6_celegans.fa
NONCELT023506.2	lncRNA	0.138909031704918	0.8610909682950815	NONCODEv6_celegans.fa
NONCELT023519.2	lncRNA	0.2195207511588221	0.7804792488411773	NONCODEv6_celegans.fa
NONCELT023534.2	lncRNA	0.24034800613602886	0.759651993863971	NONCODEv6_celegans.fa
NONCELT023535.2	lncRNA	0.10353980515999406	0.8964601948400054	NONCODEv6_celegans.fa
NONCELT023537.2	lncRNA	0.10910471412908845	0.8908952858709118	NONCODEv6_celegans.fa
NONCELT023543.2	lncRNA	0.09514447373551516	0.9048555262644853	NONCODEv6_celegans.fa
NONCELT023549.2	lncRNA	0.26902308662249635	0.7309769133775033	NONCODEv6_celegans.fa
NONCELT023550.2	lncRNA	0.10510485907145561	0.8948951409285444	NONCODEv6_celegans.fa
NONCELT023555.2	lncRNA	0.17582596114864252	0.8241740388513569	NONCODEv6_celegans.fa
NONCELT023556.2	lncRNA	0.23592681947651334	0.7640731805234864	NONCODEv6_celegans.fa
NONCELT023557.2	lncRNA	0.2438353769452757	0.7561646230547235	NONCODEv6_celegans.fa
NONCELT023558.2	lncRNA	0.13656895956832224	0.8634310404316776	NONCODEv6_celegans.fa
NONCELT023562.2	lncRNA	0.24595110294266664	0.7540488970573334	NONCODEv6_celegans.fa
NONCELT023570.2	lncRNA	0.1299636913074432	0.8700363086925569	NONCODEv6_celegans.fa
NONCELT023572.2	lncRNA	0.14843767786789866	0.8515623221321009	NONCODEv6_celegans.fa
NONCELT023573.2	lncRNA	0.15035794749871498	0.8496420525012849	NONCODEv6_celegans.fa
NONCELT023583.2	lncRNA	0.14629228997494428	0.8537077100250555	NONCODEv6_celegans.fa
NONCELT023589.2	lncRNA	0.20662053935381688	0.7933794606461828	NONCODEv6_celegans.fa
NONCELT023603.2	lncRNA	0.21500203736250434	0.7849979626374952	NONCODEv6_celegans.fa
NONCELT023609.2	lncRNA	0.1181171103964453	0.881882889603555	NONCODEv6_celegans.fa
NONCELT023610.2	lncRNA	0.17782191186877438	0.822178088131226	NONCODEv6_celegans.fa
NONCELT023619.2	lncRNA	0.20813689385030745	0.7918631061496928	NONCODEv6_celegans.fa
NONCELT023646.2	lncRNA	0.1456241293143943	0.8543758706856056	NONCODEv6_celegans.fa
NONCELT023652.2	lncRNA	0.1119968574158393	0.8880031425841602	NONCODEv6_celegans.fa
NONCELT023653.2	lncRNA	0.16114042108408358	0.8388595789159161	NONCODEv6_celegans.fa
NONCELT023662.2	lncRNA	0.06579672275738419	0.9342032772426155	NONCODEv6_celegans.fa
NONCELT023663.2	lncRNA	0.2993210921949053	0.7006789078050945	NONCODEv6_celegans.fa
NONCELT023684.2	lncRNA	0.08897849754593735	0.9110215024540624	NONCODEv6_celegans.fa
NONCELT023685.2	lncRNA	0.16892807577165786	0.8310719242283415	NONCODEv6_celegans.fa
NONCELT023689.2	lncRNA	0.07648262710450543	0.923517372895494	NONCODEv6_celegans.fa
NONCELT023694.2	lncRNA	0.0510036955986044	0.9489963044013958	NONCODEv6_celegans.fa
NONCELT023698.2	lncRNA	0.08773594219311537	0.9122640578068842	NONCODEv6_celegans.fa
NONCELT023717.2	lncRNA	0.20004534731836934	0.7999546526816309	NONCODEv6_celegans.fa
NONCELT023718.2	lncRNA	0.11015236256771888	0.8898476374322813	NONCODEv6_celegans.fa
NONCELT023723.2	lncRNA	0.06996313347392752	0.9300368665260719	NONCODEv6_celegans.fa
NONCELT023741.2	lncRNA	0.4794636359869893	0.5205363640130106	NONCODEv6_celegans.fa
NONCELT023749.2	lncRNA	0.15152515130557148	0.8484748486944282	NONCODEv6_celegans.fa
NONCELT023750.2	lncRNA	0.2510462312966149	0.7489537687033845	NONCODEv6_celegans.fa
NONCELT023767.2	lncRNA	0.1180535100860097	0.8819464899139902	NONCODEv6_celegans.fa
NONCELT023768.2	lncRNA	0.18011680446751827	0.8198831955324818	NONCODEv6_celegans.fa
NONCELT023776.2	lncRNA	0.12589860112003515	0.8741013988799641	NONCODEv6_celegans.fa
NONCELT023778.2	lncRNA	0.17873532680828844	0.8212646731917109	NONCODEv6_celegans.fa
NONCELT023779.2	lncRNA	0.36121283764608003	0.6387871623539196	NONCODEv6_celegans.fa
NONCELT023793.2	lncRNA	0.04681815163910257	0.9531818483608977	NONCODEv6_celegans.fa
NONCELT023810.2	lncRNA	0.3532265758270957	0.6467734241729046	NONCODEv6_celegans.fa
NONCELT023836.2	lncRNA	0.29544486487622706	0.7045551351237732	NONCODEv6_celegans.fa
NONCELT023843.2	lncRNA	0.2721395879298028	0.7278604120701969	NONCODEv6_celegans.fa
NONCELT023844.2	lncRNA	0.12590001311900084	0.8740999868809981	NONCODEv6_celegans.fa
NONCELT023855.2	lncRNA	0.1810587498971213	0.8189412501028782	NONCODEv6_celegans.fa
NONCELT023861.2	lncRNA	0.06978879306602058	0.9302112069339794	NONCODEv6_celegans.fa
NONCELT023866.2	lncRNA	0.06039543448724745	0.9396045655127521	NONCODEv6_celegans.fa
NONCELT023870.2	lncRNA	0.20965641033295407	0.7903435896670462	NONCODEv6_celegans.fa
NONCELT023871.2	lncRNA	0.2174057361781212	0.7825942638218789	NONCODEv6_celegans.fa
NONCELT023882.2	lncRNA	0.1974209703139934	0.8025790296860057	NONCODEv6_celegans.fa
NONCELT023886.2	lncRNA	0.0738453191851969	0.9261546808148028	NONCODEv6_celegans.fa
NONCELT023900.2	lncRNA	0.05932747186587468	0.9406725281341246	NONCODEv6_celegans.fa
NONCELT023917.2	lncRNA	0.1891103363868677	0.8108896636131322	NONCODEv6_celegans.fa
NONCELT023918.2	lncRNA	0.22392806641193505	0.7760719335880647	NONCODEv6_celegans.fa
NONCELT023919.2	lncRNA	0.17534629136027213	0.8246537086397274	NONCODEv6_celegans.fa
NONCELT023929.2	lncRNA	0.09058314557682366	0.9094168544231763	NONCODEv6_celegans.fa
NONCELT023936.2	lncRNA	0.08540838091029557	0.9145916190897039	NONCODEv6_celegans.fa
NONCELT023939.2	lncRNA	0.20958064847757688	0.7904193515224229	NONCODEv6_celegans.fa
NONCELT023940.2	lncRNA	0.13724406771797204	0.8627559322820275	NONCODEv6_celegans.fa
NONCELT023942.2	lncRNA	0.09963900000586116	0.900360999994139	NONCODEv6_celegans.fa
NONCELT023943.2	lncRNA	0.11009280007318573	0.8899071999268143	NONCODEv6_celegans.fa
NONCELT023946.2	lncRNA	0.06474903544538513	0.9352509645546153	NONCODEv6_celegans.fa
NONCELT023949.2	lncRNA	0.1269661454402221	0.8730338545597777	NONCODEv6_celegans.fa
NONCELT023953.2	lncRNA	0.06740906246846858	0.9325909375315314	NONCODEv6_celegans.fa
NONCELT023954.2	lncRNA	0.14797587975988793	0.8520241202401119	NONCODEv6_celegans.fa
NONCELT023965.2	lncRNA	0.12151904418911409	0.8784809558108858	NONCODEv6_celegans.fa
NONCELT023966.2	lncRNA	0.09975285078660821	0.900247149213392	NONCODEv6_celegans.fa
NONCELT023971.2	lncRNA	0.006412998887529518	0.9935870011124701	NONCODEv6_celegans.fa
NONCELT023976.2	lncRNA	0.10446022179031801	0.8955397782096814	NONCODEv6_celegans.fa
NONCELT023977.2	Protein_Coding	0.6263857538847366	0.37361424611526317	NONCODEv6_celegans.fa
NONCELT023980.2	lncRNA	0.011147769422673778	0.9888522305773262	NONCODEv6_celegans.fa
NONCELT023985.2	lncRNA	0.1673514604610536	0.8326485395389461	NONCODEv6_celegans.fa
NONCELT023986.2	lncRNA	0.25943709581447794	0.7405629041855213	NONCODEv6_celegans.fa
NONCELT023994.2	lncRNA	0.05771678917874314	0.9422832108212571	NONCODEv6_celegans.fa
NONCELT023997.2	lncRNA	0.10756554265869356	0.892434457341306	NONCODEv6_celegans.fa
NONCELT024006.2	lncRNA	0.11739096702470869	0.882609032975291	NONCODEv6_celegans.fa
NONCELT024009.1	lncRNA	0.22113479262759433	0.7788652073724049	NONCODEv6_celegans.fa
NONCELT024010.1	lncRNA	0.11212318093495216	0.8878768190650476	NONCODEv6_celegans.fa
NONCELT024011.1	lncRNA	0.21173046453319644	0.7882695354668032	NONCODEv6_celegans.fa
NONCELT024014.1	lncRNA	0.3348460229502312	0.6651539770497686	NONCODEv6_celegans.fa
NONCELT024015.1	lncRNA	0.34682842215772525	0.6531715778422749	NONCODEv6_celegans.fa
NONCELT024016.1	lncRNA	0.2606340474184625	0.7393659525815379	NONCODEv6_celegans.fa
NONCELT024017.1	lncRNA	0.26587877813676836	0.7341212218632323	NONCODEv6_celegans.fa
NONCELT024018.1	lncRNA	0.19035883077792193	0.8096411692220775	NONCODEv6_celegans.fa
NONCELT024019.1	lncRNA	0.19035883077792193	0.8096411692220775	NONCODEv6_celegans.fa
NONCELT024020.1	lncRNA	0.43033379562601326	0.5696662043739867	NONCODEv6_celegans.fa
NONCELT024021.1	lncRNA	0.4270604235246295	0.5729395764753704	NONCODEv6_celegans.fa
NONCELT024022.1	lncRNA	0.4043044338776594	0.5956955661223406	NONCODEv6_celegans.fa
NONCELT024023.1	lncRNA	0.13953667937882222	0.8604633206211777	NONCODEv6_celegans.fa
NONCELT024024.1	lncRNA	0.0861857156443655	0.913814284355634	NONCODEv6_celegans.fa
NONCELT024025.1	lncRNA	0.08671792448833768	0.9132820755116617	NONCODEv6_celegans.fa
NONCELT024026.1	lncRNA	0.12672255435872654	0.8732774456412726	NONCODEv6_celegans.fa
NONCELT024027.1	lncRNA	0.15756193150067108	0.8424380684993283	NONCODEv6_celegans.fa
NONCELT024028.1	lncRNA	0.3120369726349017	0.6879630273650978	NONCODEv6_celegans.fa
NONCELT024029.1	lncRNA	0.3252031640782878	0.6747968359217114	NONCODEv6_celegans.fa
NONCELT024030.1	lncRNA	0.1642492779629124	0.8357507220370874	NONCODEv6_celegans.fa
NONCELT024031.1	lncRNA	0.08263013602413925	0.9173698639758602	NONCODEv6_celegans.fa
NONCELT024032.1	lncRNA	0.07638029326754837	0.9236197067324515	NONCODEv6_celegans.fa
NONCELT024033.1	lncRNA	0.1438092489808987	0.8561907510191009	NONCODEv6_celegans.fa
NONCELT024034.1	lncRNA	0.27214944461398416	0.7278505553860151	NONCODEv6_celegans.fa
NONCELT024036.1	lncRNA	0.18659074441656637	0.8134092555834331	NONCODEv6_celegans.fa
NONCELT024038.1	Protein_Coding	0.6861719560067077	0.3138280439932924	NONCODEv6_celegans.fa
NONCELT024039.1	Protein_Coding	0.7386942331386092	0.26130576686139023	NONCODEv6_celegans.fa
NONCELT024040.1	lncRNA	0.38698702100554444	0.6130129789944555	NONCODEv6_celegans.fa
NONCELT024042.1	lncRNA	0.0978335022473468	0.9021664977526533	NONCODEv6_celegans.fa
NONCELT024043.1	lncRNA	0.12999549903562088	0.870004500964379	NONCODEv6_celegans.fa
NONCELT024044.1	lncRNA	0.4659727683553597	0.5340272316446405	NONCODEv6_celegans.fa
NONCELT024047.1	Protein_Coding	0.7079064906125512	0.29209350938744877	NONCODEv6_celegans.fa
NONCELT024048.1	lncRNA	0.048997851273586725	0.9510021487264134	NONCODEv6_celegans.fa
NONCELT024050.1	Protein_Coding	0.629527662451736	0.3704723375482641	NONCODEv6_celegans.fa
NONCELT024052.1	lncRNA	0.2620845472952845	0.7379154527047155	NONCODEv6_celegans.fa
NONCELT024053.1	lncRNA	0.1257731467416819	0.8742268532583175	NONCODEv6_celegans.fa
NONCELT024055.1	lncRNA	0.24685120105344305	0.7531487989465566	NONCODEv6_celegans.fa
NONCELT024057.1	lncRNA	0.16486469450212018	0.8351353054978796	NONCODEv6_celegans.fa
NONCELT024058.1	lncRNA	0.163755980141803	0.8362440198581969	NONCODEv6_celegans.fa
NONCELT024059.1	lncRNA	0.11270984101710836	0.887290158982892	NONCODEv6_celegans.fa
NONCELT024060.1	lncRNA	0.1599869028438875	0.8400130971561124	NONCODEv6_celegans.fa
NONCELT024061.1	lncRNA	0.05938138484316961	0.9406186151568301	NONCODEv6_celegans.fa
NONCELT024062.1	lncRNA	0.051423936112303247	0.9485760638876964	NONCODEv6_celegans.fa
NONCELT024063.1	lncRNA	0.16460690926266783	0.8353930907373315	NONCODEv6_celegans.fa
NONCELT024064.1	lncRNA	0.13876701047368417	0.8612329895263153	NONCODEv6_celegans.fa
NONCELT024065.1	lncRNA	0.19382325532906827	0.8061767446709321	NONCODEv6_celegans.fa
NONCELT024066.1	lncRNA	0.19858876316554158	0.801411236834459	NONCODEv6_celegans.fa
NONCELT024069.1	lncRNA	0.07036814569181263	0.9296318543081872	NONCODEv6_celegans.fa
NONCELT024070.1	lncRNA	0.07394221111623903	0.9260577888837607	NONCODEv6_celegans.fa
NONCELT024072.1	lncRNA	0.2169394518915739	0.7830605481084255	NONCODEv6_celegans.fa
NONCELT024073.1	Protein_Coding	0.6044349819881387	0.39556501801186145	NONCODEv6_celegans.fa
NONCELT024074.1	lncRNA	0.10348399741266939	0.8965160025873303	NONCODEv6_celegans.fa
NONCELT024075.1	lncRNA	0.1302644697806925	0.8697355302193075	NONCODEv6_celegans.fa
NONCELT024079.1	lncRNA	0.19317174338150683	0.8068282566184927	NONCODEv6_celegans.fa
NONCELT024080.1	lncRNA	0.09767258714254631	0.9023274128574537	NONCODEv6_celegans.fa
NONCELT024081.1	lncRNA	0.26590867010544245	0.7340913298945577	NONCODEv6_celegans.fa
NONCELT024082.1	lncRNA	0.1510736019991372	0.848926398000863	NONCODEv6_celegans.fa
NONCELT024083.1	lncRNA	0.0847359686310198	0.9152640313689796	NONCODEv6_celegans.fa
NONCELT024084.1	lncRNA	0.03706710696135031	0.9629328930386499	NONCODEv6_celegans.fa
NONCELT024086.1	lncRNA	0.14007659698434516	0.8599234030156548	NONCODEv6_celegans.fa
NONCELT024087.1	lncRNA	0.263389572915848	0.736610427084152	NONCODEv6_celegans.fa
NONCELT024088.1	lncRNA	0.36906067670429815	0.6309393232957021	NONCODEv6_celegans.fa
NONCELT024089.1	lncRNA	0.16800958892600196	0.8319904110739976	NONCODEv6_celegans.fa
NONCELT024090.1	lncRNA	0.12208042475326236	0.8779195752467367	NONCODEv6_celegans.fa
NONCELT024091.1	lncRNA	0.11772896360364345	0.8822710363963563	NONCODEv6_celegans.fa
NONCELT024092.1	lncRNA	0.14760494451550693	0.852395055484493	NONCODEv6_celegans.fa
NONCELT024093.1	lncRNA	0.140808232821834	0.8591917671781654	NONCODEv6_celegans.fa
NONCELT024095.1	lncRNA	0.41197427044742757	0.5880257295525723	NONCODEv6_celegans.fa
NONCELT024096.1	lncRNA	0.15753861541504122	0.8424613845849583	NONCODEv6_celegans.fa
NONCELT024097.1	lncRNA	0.17140487026040277	0.8285951297395971	NONCODEv6_celegans.fa
NONCELT024098.1	lncRNA	0.14275685158933527	0.8572431484106646	NONCODEv6_celegans.fa
NONCELT024099.1	lncRNA	0.15648311934866366	0.8435168806513358	NONCODEv6_celegans.fa
NONCELT024100.1	lncRNA	0.12718571011301433	0.8728142898869855	NONCODEv6_celegans.fa
NONCELT024101.1	lncRNA	0.13262119128681896	0.8673788087131804	NONCODEv6_celegans.fa
NONCELT024102.1	lncRNA	0.14558943708748465	0.8544105629125152	NONCODEv6_celegans.fa
NONCELT024103.1	lncRNA	0.14586740792773234	0.8541325920722674	NONCODEv6_celegans.fa
NONCELT024104.1	lncRNA	0.05911925437241897	0.9408807456275817	NONCODEv6_celegans.fa
NONCELT024105.1	lncRNA	0.05907770333978967	0.9409222966602112	NONCODEv6_celegans.fa
NONCELT024106.1	lncRNA	0.13825918206559099	0.8617408179344089	NONCODEv6_celegans.fa
NONCELT024107.1	lncRNA	0.14146612158998825	0.8585338784100116	NONCODEv6_celegans.fa
NONCELT024108.1	lncRNA	0.059268715181873606	0.9407312848181264	NONCODEv6_celegans.fa
NONCELT024109.1	lncRNA	0.0514637105937641	0.9485362894062359	NONCODEv6_celegans.fa
NONCELT024110.1	lncRNA	0.17744404421071563	0.8225559557892838	NONCODEv6_celegans.fa
NONCELT024111.1	lncRNA	0.17447953539545033	0.825520464604549	NONCODEv6_celegans.fa
NONCELT024112.1	lncRNA	0.10946548008344822	0.8905345199165517	NONCODEv6_celegans.fa
NONCELT024113.1	lncRNA	0.11166661558186768	0.8883333844181323	NONCODEv6_celegans.fa
NONCELT024114.1	Protein_Coding	0.6512716543496762	0.3487283456503238	NONCODEv6_celegans.fa
NONCELT024115.1	lncRNA	0.15095930026211915	0.8490406997378799	NONCODEv6_celegans.fa
NONCELT024116.1	lncRNA	0.16631484432304486	0.8336851556769547	NONCODEv6_celegans.fa
NONCELT024117.1	lncRNA	0.0629640153728188	0.9370359846271803	NONCODEv6_celegans.fa
NONCELT024118.1	lncRNA	0.09858262928001744	0.9014173707199824	NONCODEv6_celegans.fa
NONCELT024120.1	lncRNA	0.15459924589598614	0.8454007541040136	NONCODEv6_celegans.fa
NONCELT024121.1	lncRNA	0.15106001926167603	0.8489399807383239	NONCODEv6_celegans.fa
NONCELT024123.1	Protein_Coding	0.6985809755800616	0.30141902441993906	NONCODEv6_celegans.fa
NONCELT024125.1	Protein_Coding	0.6956568405349347	0.30434315946506546	NONCODEv6_celegans.fa
NONCELT024126.1	lncRNA	0.4634751250948816	0.5365248749051187	NONCODEv6_celegans.fa
NONCELT024127.1	Protein_Coding	0.5698810794812802	0.4301189205187197	NONCODEv6_celegans.fa
NONCELT024128.1	lncRNA	0.1072176975470994	0.8927823024529005	NONCODEv6_celegans.fa
NONCELT024129.1	lncRNA	0.3416094994669906	0.658390500533009	NONCODEv6_celegans.fa
NONCELT024130.1	lncRNA	0.0693954209689071	0.9306045790310927	NONCODEv6_celegans.fa
NONCELT024131.1	lncRNA	0.06891177143678841	0.9310882285632116	NONCODEv6_celegans.fa
NONCELT024132.1	Protein_Coding	0.5217846823091103	0.47821531769088954	NONCODEv6_celegans.fa
NONCELT024133.1	lncRNA	0.045994486010496556	0.9540055139895036	NONCODEv6_celegans.fa
NONCELT024134.1	lncRNA	0.0501877461916085	0.9498122538083915	NONCODEv6_celegans.fa
NONCELT024135.1	lncRNA	0.12001787165413566	0.879982128345864	NONCODEv6_celegans.fa
NONCELT024136.1	lncRNA	0.06973703328108757	0.9302629667189114	NONCODEv6_celegans.fa
NONCELT024137.1	lncRNA	0.46424837103521027	0.5357516289647899	NONCODEv6_celegans.fa
NONCELT024138.1	lncRNA	0.0621902519164456	0.9378097480835542	NONCODEv6_celegans.fa
NONCELT024139.1	lncRNA	0.06984856712295781	0.9301514328770423	NONCODEv6_celegans.fa
NONCELT024140.1	lncRNA	0.19621137593965648	0.8037886240603435	NONCODEv6_celegans.fa
NONCELT024141.1	lncRNA	0.15298705985672068	0.8470129401432792	NONCODEv6_celegans.fa
NONCELT024142.1	lncRNA	0.07684007605713199	0.9231599239428679	NONCODEv6_celegans.fa
NONCELT024143.1	lncRNA	0.09226907422705036	0.907730925772949	NONCODEv6_celegans.fa
NONCELT024144.1	lncRNA	0.08387469094487236	0.916125309055127	NONCODEv6_celegans.fa
NONCELT024145.1	lncRNA	0.19554653558501542	0.8044534644149842	NONCODEv6_celegans.fa
NONCELT024146.1	lncRNA	0.19521096081762063	0.8047890391823791	NONCODEv6_celegans.fa
NONCELT024147.1	lncRNA	0.22126671685355478	0.778733283146445	NONCODEv6_celegans.fa
NONCELT024148.1	lncRNA	0.21835820428411115	0.7816417957158888	NONCODEv6_celegans.fa
NONCELT024149.1	lncRNA	0.1208457580719615	0.8791542419280378	NONCODEv6_celegans.fa
NONCELT024150.1	lncRNA	0.1045105129630227	0.8954894870369772	NONCODEv6_celegans.fa
NONCELT024151.1	lncRNA	0.2369352888908481	0.7630647111091513	NONCODEv6_celegans.fa
NONCELT024152.1	lncRNA	0.13544876707475925	0.86455123292524	NONCODEv6_celegans.fa
NONCELT024153.1	lncRNA	0.1451613278000211	0.8548386721999784	NONCODEv6_celegans.fa
NONCELT024154.1	lncRNA	0.17797299904919248	0.822027000950807	NONCODEv6_celegans.fa
NONCELT024156.1	lncRNA	0.2932083256710698	0.7067916743289303	NONCODEv6_celegans.fa
NONCELT024157.1	lncRNA	0.139883154281954	0.860116845718046	NONCODEv6_celegans.fa
NONCELT024158.1	lncRNA	0.3099133247245208	0.6900866752754795	NONCODEv6_celegans.fa
NONCELT024159.1	lncRNA	0.17844844817232564	0.8215515518276744	NONCODEv6_celegans.fa
NONCELT024160.1	lncRNA	0.4017347237117918	0.5982652762882081	NONCODEv6_celegans.fa
NONCELT024161.1	lncRNA	0.1544827206660791	0.8455172793339206	NONCODEv6_celegans.fa
NONCELT024162.1	lncRNA	0.12776538999476847	0.8722346100052313	NONCODEv6_celegans.fa
NONCELT024163.1	Protein_Coding	0.5470649949769119	0.45293500502308826	NONCODEv6_celegans.fa
NONCELT024164.1	lncRNA	0.23807209314379982	0.7619279068561999	NONCODEv6_celegans.fa
NONCELT024166.1	lncRNA	0.15971175070409216	0.8402882492959073	NONCODEv6_celegans.fa
NONCELT024167.1	lncRNA	0.19067088051987297	0.8093291194801263	NONCODEv6_celegans.fa
NONCELT024168.1	lncRNA	0.30691670426846707	0.6930832957315335	NONCODEv6_celegans.fa
NONCELT024169.1	lncRNA	0.1728764680960315	0.8271235319039681	NONCODEv6_celegans.fa
NONCELT024170.1	lncRNA	0.3571728832888887	0.6428271167111115	NONCODEv6_celegans.fa
NONCELT024171.1	lncRNA	0.19246610921295862	0.807533890787041	NONCODEv6_celegans.fa
NONCELT024173.1	lncRNA	0.42417695096979025	0.5758230490302095	NONCODEv6_celegans.fa
NONCELT024175.1	lncRNA	0.08532553139276239	0.9146744686072373	NONCODEv6_celegans.fa
NONCELT024176.1	lncRNA	0.08461610426729232	0.9153838957327071	NONCODEv6_celegans.fa
NONCELT024177.1	lncRNA	0.18724374362398452	0.8127562563760153	NONCODEv6_celegans.fa
NONCELT024178.1	lncRNA	0.2032936876453161	0.7967063123546834	NONCODEv6_celegans.fa
NONCELT024180.1	lncRNA	0.48599038438629816	0.514009615613702	NONCODEv6_celegans.fa
NONCELT024181.1	lncRNA	0.47806158053261083	0.5219384194673892	NONCODEv6_celegans.fa
NONCELT024182.1	lncRNA	0.25971977524702516	0.7402802247529742	NONCODEv6_celegans.fa
NONCELT024183.1	lncRNA	0.22987155618405955	0.7701284438159403	NONCODEv6_celegans.fa
NONCELT024184.1	lncRNA	0.17827737631080962	0.8217226236891899	NONCODEv6_celegans.fa
NONCELT024185.1	lncRNA	0.19478392430442262	0.8052160756955771	NONCODEv6_celegans.fa
NONCELT024187.1	Protein_Coding	0.7768463149322464	0.22315368506775304	NONCODEv6_celegans.fa
NONCELT024188.1	lncRNA	0.07272122480231749	0.9272787751976829	NONCODEv6_celegans.fa
NONCELT024189.1	lncRNA	0.06956752080315022	0.9304324791968501	NONCODEv6_celegans.fa
NONCELT024190.1	lncRNA	0.07614337581208327	0.9238566241879161	NONCODEv6_celegans.fa
NONCELT024191.1	lncRNA	0.07812626770807708	0.9218737322919226	NONCODEv6_celegans.fa
NONCELT024193.1	lncRNA	0.21142834858199985	0.7885716514179992	NONCODEv6_celegans.fa
NONCELT024194.1	lncRNA	0.07993584902232553	0.9200641509776745	NONCODEv6_celegans.fa
NONCELT024195.1	lncRNA	0.09053044425811542	0.909469555741885	NONCODEv6_celegans.fa
NONCELT024196.1	lncRNA	0.060601152208271	0.939398847791729	NONCODEv6_celegans.fa
NONCELT024197.1	lncRNA	0.03355203348680402	0.9664479665131962	NONCODEv6_celegans.fa
NONCELT024198.1	lncRNA	0.0642927290396025	0.9357072709603971	NONCODEv6_celegans.fa
NONCELT024199.1	lncRNA	0.10363105834209303	0.8963689416579068	NONCODEv6_celegans.fa
NONCELT024200.1	lncRNA	0.17492322230140567	0.8250767776985938	NONCODEv6_celegans.fa
NONCELT024201.1	lncRNA	0.1515839517259429	0.8484160482740571	NONCODEv6_celegans.fa
NONCELT024202.1	lncRNA	0.15517276600075008	0.8448272339992499	NONCODEv6_celegans.fa
NONCELT024203.1	lncRNA	0.0631767866503633	0.9368232133496367	NONCODEv6_celegans.fa
NONCELT024204.1	lncRNA	0.08555820704788461	0.9144417929521151	NONCODEv6_celegans.fa
NONCELT024205.1	Protein_Coding	0.6261623299739307	0.3738376700260691	NONCODEv6_celegans.fa
NONCELT024206.1	lncRNA	0.12494682915291776	0.8750531708470815	NONCODEv6_celegans.fa
NONCELT024207.1	lncRNA	0.1991911977188056	0.8008088022811942	NONCODEv6_celegans.fa
NONCELT024212.1	Protein_Coding	0.7211308942307282	0.27886910576927193	NONCODEv6_celegans.fa
NONCELT024214.1	Protein_Coding	0.8580925643178016	0.14190743568219807	NONCODEv6_celegans.fa
NONCELT024217.1	lncRNA	0.19625579095944787	0.8037442090405519	NONCODEv6_celegans.fa
NONCELT024219.1	lncRNA	0.10031222708273896	0.8996877729172611	NONCODEv6_celegans.fa
NONCELT024220.1	lncRNA	0.10150399678749532	0.8984960032125047	NONCODEv6_celegans.fa
NONCELT024221.1	lncRNA	0.12910733780083133	0.8708926621991687	NONCODEv6_celegans.fa
NONCELT024222.1	lncRNA	0.4011125319459476	0.5988874680540529	NONCODEv6_celegans.fa
NONCELT024224.1	lncRNA	0.10332043698424985	0.8966795630157507	NONCODEv6_celegans.fa
NONCELT024225.1	lncRNA	0.10638849374441393	0.8936115062555864	NONCODEv6_celegans.fa
NONCELT024227.1	lncRNA	0.05238632824145523	0.9476136717585442	NONCODEv6_celegans.fa
NONCELT024228.1	lncRNA	0.04863023272661608	0.9513697672733835	NONCODEv6_celegans.fa
NONCELT024229.1	lncRNA	0.4753575201607071	0.5246424798392928	NONCODEv6_celegans.fa
NONCELT024231.1	lncRNA	0.26888551542018374	0.731114484579816	NONCODEv6_celegans.fa
NONCELT024232.1	lncRNA	0.12764901070223972	0.8723509892977602	NONCODEv6_celegans.fa
NONCELT024233.1	Protein_Coding	0.7260611158879707	0.2739388841120288	NONCODEv6_celegans.fa
NONCELT024234.1	lncRNA	0.16565878051447036	0.8343412194855293	NONCODEv6_celegans.fa
NONCELT024235.1	lncRNA	0.2909427169326481	0.7090572830673516	NONCODEv6_celegans.fa
NONCELT024236.1	lncRNA	0.36206095381969045	0.6379390461803093	NONCODEv6_celegans.fa
NONCELT024237.1	lncRNA	0.4035564753704015	0.5964435246295986	NONCODEv6_celegans.fa
NONCELT024238.1	lncRNA	0.11739808630851634	0.8826019136914836	NONCODEv6_celegans.fa
NONCELT024239.1	lncRNA	0.08195847844510963	0.9180415215548897	NONCODEv6_celegans.fa
NONCELT024240.1	lncRNA	0.2991925727003737	0.7008074272996259	NONCODEv6_celegans.fa
NONCELT024242.1	lncRNA	0.18983353573719336	0.810166464262806	NONCODEv6_celegans.fa
NONCELT024246.1	lncRNA	0.1377197211214186	0.8622802788785812	NONCODEv6_celegans.fa
NONCELT024247.1	lncRNA	0.1319453231933144	0.8680546768066852	NONCODEv6_celegans.fa
NONCELT024248.1	Protein_Coding	0.8348727664348512	0.1651272335651488	NONCODEv6_celegans.fa
NONCELT024251.1	lncRNA	0.027893794067402576	0.9721062059325967	NONCODEv6_celegans.fa
NONCELT024252.1	lncRNA	0.028091037087642677	0.9719089629123572	NONCODEv6_celegans.fa
NONCELT024253.1	lncRNA	0.09755907984902429	0.902440920150975	NONCODEv6_celegans.fa
NONCELT024254.1	lncRNA	0.20327776758818114	0.7967222324118184	NONCODEv6_celegans.fa
NONCELT024255.1	lncRNA	0.3313125210601621	0.6686874789398376	NONCODEv6_celegans.fa
NONCELT024256.1	lncRNA	0.2028454811990835	0.7971545188009165	NONCODEv6_celegans.fa
NONCELT024259.1	lncRNA	0.24348392760390164	0.756516072396098	NONCODEv6_celegans.fa
NONCELT024261.1	lncRNA	0.39668747854260417	0.6033125214573959	NONCODEv6_celegans.fa
NONCELT024262.1	lncRNA	0.3211482275330131	0.6788517724669867	NONCODEv6_celegans.fa
NONCELT024263.1	lncRNA	0.41189625721566575	0.5881037427843346	NONCODEv6_celegans.fa
NONCELT024264.1	lncRNA	0.06426988587732765	0.9357301141226722	NONCODEv6_celegans.fa
NONCELT024265.1	lncRNA	0.10473912286661756	0.8952608771333825	NONCODEv6_celegans.fa
NONCELT024268.1	Protein_Coding	0.5099443035883936	0.4900556964116062	NONCODEv6_celegans.fa
NONCELT024269.1	Protein_Coding	0.5337646263989265	0.4662353736010734	NONCODEv6_celegans.fa
NONCELT024270.1	lncRNA	0.1641886692053908	0.8358113307946089	NONCODEv6_celegans.fa
NONCELT024271.1	Protein_Coding	0.7709455863385607	0.22905441366143936	NONCODEv6_celegans.fa
NONCELT024272.1	Protein_Coding	0.7409237251795939	0.259076274820406	NONCODEv6_celegans.fa
NONCELT024273.1	lncRNA	0.3096760733366827	0.6903239266633174	NONCODEv6_celegans.fa
NONCELT024274.1	lncRNA	0.1583395832553633	0.8416604167446363	NONCODEv6_celegans.fa
NONCELT024275.1	lncRNA	0.23801878784690134	0.7619812121530977	NONCODEv6_celegans.fa
NONCELT024276.1	lncRNA	0.10915047040493311	0.8908495295950667	NONCODEv6_celegans.fa
NONCELT024277.1	Protein_Coding	0.7526336729949981	0.24736632700500202	NONCODEv6_celegans.fa
NONCELT024278.1	lncRNA	0.2021508329074573	0.7978491670925429	NONCODEv6_celegans.fa
NONCELT024279.1	lncRNA	0.3644652800027782	0.6355347199972216	NONCODEv6_celegans.fa
NONCELT024282.1	lncRNA	0.10635797936942491	0.8936420206305746	NONCODEv6_celegans.fa
NONCELT024283.1	lncRNA	0.1247360079474072	0.8752639920525929	NONCODEv6_celegans.fa
NONCELT024284.1	lncRNA	0.2587214790783537	0.7412785209216458	NONCODEv6_celegans.fa
NONCELT024285.1	lncRNA	0.11837281809135716	0.8816271819086429	NONCODEv6_celegans.fa
NONCELT024286.1	lncRNA	0.04350443718466946	0.9564955628153299	NONCODEv6_celegans.fa
NONCELT024287.1	lncRNA	0.11995022174058241	0.8800497782594177	NONCODEv6_celegans.fa
NONCELT024288.1	lncRNA	0.043811105028517545	0.956188894971482	NONCODEv6_celegans.fa
NONCELT024289.1	lncRNA	0.41383971864369745	0.5861602813563024	NONCODEv6_celegans.fa
NONCELT024290.1	lncRNA	0.21268871508234152	0.7873112849176584	NONCODEv6_celegans.fa
NONCELT024291.1	lncRNA	0.23804062612353097	0.7619593738764692	NONCODEv6_celegans.fa
NONCELT024292.1	lncRNA	0.09521063002826119	0.9047893699717384	NONCODEv6_celegans.fa
NONCELT024293.1	lncRNA	0.16748350573572796	0.832516494264272	NONCODEv6_celegans.fa
NONCELT024294.1	lncRNA	0.1367287728623227	0.863271227137677	NONCODEv6_celegans.fa
NONCELT024295.1	lncRNA	0.19379411755264	0.8062058824473597	NONCODEv6_celegans.fa
NONCELT024296.1	lncRNA	0.1315577753920684	0.8684422246079309	NONCODEv6_celegans.fa
NONCELT024297.1	lncRNA	0.08075454626751338	0.9192454537324861	NONCODEv6_celegans.fa
NONCELT024298.1	Protein_Coding	0.5614497940396243	0.4385502059603757	NONCODEv6_celegans.fa
NONCELT024302.1	lncRNA	0.4611754076636644	0.538824592336336	NONCODEv6_celegans.fa
NONCELT024304.1	lncRNA	0.07511799627188162	0.9248820037281176	NONCODEv6_celegans.fa
NONCELT024305.1	Protein_Coding	0.7579563535282199	0.2420436464717796	NONCODEv6_celegans.fa
NONCELT024306.1	lncRNA	0.35868847941650095	0.6413115205834993	NONCODEv6_celegans.fa
NONCELT024308.1	lncRNA	0.2958369647663604	0.7041630352336395	NONCODEv6_celegans.fa
NONCELT024310.1	Protein_Coding	0.7406915267729989	0.259308473227001	NONCODEv6_celegans.fa
NONCELT024312.1	lncRNA	0.22956173910269398	0.7704382608973056	NONCODEv6_celegans.fa
NONCELT024313.1	lncRNA	0.2285811634134001	0.771418836586599	NONCODEv6_celegans.fa
NONCELT024314.1	lncRNA	0.08752139982500506	0.9124786001749949	NONCODEv6_celegans.fa
NONCELT024315.1	lncRNA	0.07913297382880963	0.9208670261711904	NONCODEv6_celegans.fa
NONCELT024316.1	lncRNA	0.30483245439996165	0.6951675456000384	NONCODEv6_celegans.fa
NONCELT024318.1	Protein_Coding	0.5613851933158421	0.43861480668415775	NONCODEv6_celegans.fa
NONCELT024319.1	Protein_Coding	0.5513329647144694	0.4486670352855304	NONCODEv6_celegans.fa
NONCELT024320.1	lncRNA	0.057149994679297475	0.9428500053207021	NONCODEv6_celegans.fa
NONCELT024321.1	lncRNA	0.20211695188682496	0.7978830481131746	NONCODEv6_celegans.fa
NONCELT024322.1	lncRNA	0.24326745692635393	0.7567325430736458	NONCODEv6_celegans.fa
NONCELT024323.1	lncRNA	0.46655015402838385	0.5334498459716159	NONCODEv6_celegans.fa
NONCELT024325.1	lncRNA	0.03115478909466136	0.9688452109053386	NONCODEv6_celegans.fa
NONCELT024327.1	lncRNA	0.2628009202077575	0.7371990797922429	NONCODEv6_celegans.fa
NONCELT024328.1	lncRNA	0.33097286845579255	0.669027131544207	NONCODEv6_celegans.fa
NONCELT024329.1	lncRNA	0.4049551501877486	0.5950448498122515	NONCODEv6_celegans.fa
NONCELT024330.1	Protein_Coding	0.6237101834563037	0.37628981654369614	NONCODEv6_celegans.fa
NONCELT024331.1	Protein_Coding	0.7126342411274257	0.28736575887257415	NONCODEv6_celegans.fa
NONCELT024332.1	lncRNA	0.11105507727531906	0.8889449227246803	NONCODEv6_celegans.fa
NONCELT024333.1	lncRNA	0.1623828907578498	0.8376171092421496	NONCODEv6_celegans.fa
NONCELT024334.1	Protein_Coding	0.583412794621511	0.4165872053784892	NONCODEv6_celegans.fa
NONCELT024335.1	Protein_Coding	0.5437231089253527	0.4562768910746471	NONCODEv6_celegans.fa
NONCELT024336.1	Protein_Coding	0.5098725349509701	0.49012746504903015	NONCODEv6_celegans.fa
NONCELT024337.1	lncRNA	0.25552569520278	0.7444743047972201	NONCODEv6_celegans.fa
NONCELT024341.1	Protein_Coding	0.6418636089692272	0.3581363910307727	NONCODEv6_celegans.fa
NONCELT024342.1	lncRNA	0.07038535978529897	0.9296146402147011	NONCODEv6_celegans.fa
NONCELT024343.1	lncRNA	0.07630090151334078	0.9236990984866588	NONCODEv6_celegans.fa
NONCELT024344.1	lncRNA	0.14040181995112652	0.8595981800488737	NONCODEv6_celegans.fa
NONCELT024345.1	Protein_Coding	0.6058196480467433	0.3941803519532565	NONCODEv6_celegans.fa
NONCELT024346.1	lncRNA	0.4683651968313615	0.5316348031686386	NONCODEv6_celegans.fa
NONCELT024347.1	Protein_Coding	0.5585610948560615	0.44143890514393863	NONCODEv6_celegans.fa
NONCELT024348.1	lncRNA	0.4648092311621352	0.5351907688378648	NONCODEv6_celegans.fa
NONCELT024349.1	lncRNA	0.10925510139538379	0.8907448986046157	NONCODEv6_celegans.fa
NONCELT024350.1	lncRNA	0.10629978817739809	0.8937002118226015	NONCODEv6_celegans.fa
NONCELT024351.1	lncRNA	0.11434973014475043	0.8856502698552494	NONCODEv6_celegans.fa
NONCELT024352.1	lncRNA	0.32351749787187795	0.676482502128122	NONCODEv6_celegans.fa
NONCELT024354.1	lncRNA	0.09478236019345257	0.9052176398065476	NONCODEv6_celegans.fa
NONCELT024355.1	lncRNA	0.2646872075651454	0.7353127924348549	NONCODEv6_celegans.fa
NONCELT024356.1	lncRNA	0.2786991158284971	0.7213008841715026	NONCODEv6_celegans.fa
NONCELT024357.1	lncRNA	0.13171435337989643	0.8682856466201029	NONCODEv6_celegans.fa
NONCELT024358.1	lncRNA	0.3666550869153	0.6333449130846994	NONCODEv6_celegans.fa
NONCELT024360.1	lncRNA	0.3266256240982395	0.6733743759017602	NONCODEv6_celegans.fa
NONCELT024361.1	lncRNA	0.41955066486347226	0.5804493351365277	NONCODEv6_celegans.fa
NONCELT024362.1	lncRNA	0.1619412591379494	0.8380587408620501	NONCODEv6_celegans.fa
NONCELT024363.1	lncRNA	0.11966829841811472	0.8803317015818852	NONCODEv6_celegans.fa
NONCELT024364.1	lncRNA	0.3197106504521179	0.6802893495478818	NONCODEv6_celegans.fa
NONCELT024365.1	lncRNA	0.3308031289913441	0.6691968710086554	NONCODEv6_celegans.fa
NONCELT024367.1	lncRNA	0.11970998198637306	0.880290018013627	NONCODEv6_celegans.fa
NONCELT024369.1	lncRNA	0.10912121664213387	0.8908787833578654	NONCODEv6_celegans.fa
NONCELT024370.1	lncRNA	0.10327448978556256	0.8967255102144366	NONCODEv6_celegans.fa
NONCELT024371.1	Protein_Coding	0.5534292367568536	0.4465707632431463	NONCODEv6_celegans.fa
NONCELT024372.1	lncRNA	0.10819752901375565	0.8918024709862438	NONCODEv6_celegans.fa
NONCELT024373.1	lncRNA	0.04594630525455032	0.954053694745449	NONCODEv6_celegans.fa
NONCELT024374.1	lncRNA	0.031040001396763613	0.9689599986032361	NONCODEv6_celegans.fa
NONCELT024376.1	Protein_Coding	0.6981432582605701	0.30185674173943045	NONCODEv6_celegans.fa
NONCELT024378.1	lncRNA	0.17591019316777595	0.824089806832224	NONCODEv6_celegans.fa
NONCELT024381.1	lncRNA	0.46009408282094033	0.5399059171790598	NONCODEv6_celegans.fa
NONCELT024382.1	Protein_Coding	0.5110154979619627	0.48898450203803717	NONCODEv6_celegans.fa
NONCELT024383.1	Protein_Coding	0.6389733722903436	0.3610266277096561	NONCODEv6_celegans.fa
NONCELT024385.1	lncRNA	0.17473540974947033	0.8252645902505295	NONCODEv6_celegans.fa
NONCELT024386.1	lncRNA	0.2603424092402486	0.7396575907597513	NONCODEv6_celegans.fa
NONCELT024387.1	lncRNA	0.1149255920739183	0.8850744079260813	NONCODEv6_celegans.fa
NONCELT024388.1	lncRNA	0.13880160166761338	0.861198398332386	NONCODEv6_celegans.fa
NONCELT024389.1	lncRNA	0.10222048535138678	0.8977795146486126	NONCODEv6_celegans.fa
NONCELT024390.1	lncRNA	0.08110101145472522	0.9188989885452749	NONCODEv6_celegans.fa
NONCELT024391.1	lncRNA	0.2018045345395844	0.7981954654604155	NONCODEv6_celegans.fa
NONCELT024392.1	Protein_Coding	0.5950903815235126	0.40490961847648754	NONCODEv6_celegans.fa
NONCELT024393.1	lncRNA	0.13674554150032645	0.8632544584996724	NONCODEv6_celegans.fa
NONCELT024394.1	lncRNA	0.07175440686415945	0.9282455931358404	NONCODEv6_celegans.fa
NONCELT024395.1	lncRNA	0.1483936133230948	0.8516063866769046	NONCODEv6_celegans.fa
NONCELT024396.1	lncRNA	0.14206471318325814	0.8579352868167416	NONCODEv6_celegans.fa
NONCELT024397.1	lncRNA	0.2973379883186514	0.7026620116813487	NONCODEv6_celegans.fa
NONCELT024398.1	lncRNA	0.32789779380630635	0.6721022061936937	NONCODEv6_celegans.fa
NONCELT024400.1	lncRNA	0.4436825054922097	0.5563174945077903	NONCODEv6_celegans.fa
NONCELT024401.1	Protein_Coding	0.5520510445806049	0.4479489554193954	NONCODEv6_celegans.fa
NONCELT024402.1	lncRNA	0.14732153038101942	0.8526784696189802	NONCODEv6_celegans.fa
NONCELT024403.1	lncRNA	0.09751528368731523	0.9024847163126846	NONCODEv6_celegans.fa
NONCELT024404.1	lncRNA	0.4425672103725399	0.5574327896274598	NONCODEv6_celegans.fa
NONCELT024405.1	lncRNA	0.20932112027378563	0.7906788797262141	NONCODEv6_celegans.fa
NONCELT024407.1	lncRNA	0.42799509966160787	0.572004900338392	NONCODEv6_celegans.fa
NONCELT024410.1	lncRNA	0.04383854241472642	0.9561614575852734	NONCODEv6_celegans.fa
NONCELT024411.1	lncRNA	0.12439824845631588	0.8756017515436841	NONCODEv6_celegans.fa
NONCELT024412.1	lncRNA	0.15487510577229818	0.8451248942277018	NONCODEv6_celegans.fa
NONCELT024413.1	lncRNA	0.09195980515783805	0.9080401948421626	NONCODEv6_celegans.fa
NONCELT024414.1	lncRNA	0.17282581100806557	0.8271741889919343	NONCODEv6_celegans.fa
NONCELT024415.1	lncRNA	0.06564592071420268	0.9343540792857967	NONCODEv6_celegans.fa
NONCELT024416.1	lncRNA	0.22166735344558663	0.7783326465544131	NONCODEv6_celegans.fa
NONCELT024417.1	lncRNA	0.0676502595585507	0.932349740441449	NONCODEv6_celegans.fa
NONCELT024418.1	lncRNA	0.16265426922998222	0.8373457307700175	NONCODEv6_celegans.fa
NONCELT024419.1	lncRNA	0.06896262632220229	0.9310373736777972	NONCODEv6_celegans.fa
NONCELT024420.1	lncRNA	0.1766327455753233	0.8233672544246764	NONCODEv6_celegans.fa
NONCELT024421.1	lncRNA	0.361955403704714	0.6380445962952863	NONCODEv6_celegans.fa
NONCELT024422.1	lncRNA	0.1817781604664471	0.818221839533553	NONCODEv6_celegans.fa
NONCELT024423.1	lncRNA	0.09957039809516037	0.9004296019048394	NONCODEv6_celegans.fa
NONCELT024424.1	lncRNA	0.12716248568105928	0.8728375143189403	NONCODEv6_celegans.fa
NONCELT024425.1	lncRNA	0.15468775696954748	0.8453122430304527	NONCODEv6_celegans.fa
NONCELT024426.1	lncRNA	0.17437013709821633	0.8256298629017833	NONCODEv6_celegans.fa
NONCELT024427.1	lncRNA	0.10642077698559285	0.8935792230144073	NONCODEv6_celegans.fa
NONCELT024428.1	lncRNA	0.09441181216037756	0.9055881878396226	NONCODEv6_celegans.fa
NONCELT024433.1	lncRNA	0.08835565398879856	0.9116443460112013	NONCODEv6_celegans.fa
NONCELT024434.1	lncRNA	0.09258556964966706	0.9074144303503326	NONCODEv6_celegans.fa
NONCELT024435.1	lncRNA	0.05926068260798383	0.9407393173920169	NONCODEv6_celegans.fa
NONCELT024436.1	lncRNA	0.08437167784944358	0.9156283221505561	NONCODEv6_celegans.fa
NONCELT024437.1	lncRNA	0.12767691507075435	0.8723230849292457	NONCODEv6_celegans.fa
NONCELT024438.1	lncRNA	0.17941948048684286	0.820580519513157	NONCODEv6_celegans.fa
NONCELT024440.1	lncRNA	0.14582518785141746	0.8541748121485819	NONCODEv6_celegans.fa
NONCELT024441.1	lncRNA	0.1409892397228378	0.8590107602771618	NONCODEv6_celegans.fa
NONCELT024442.1	lncRNA	0.14087652311438734	0.859123476885613	NONCODEv6_celegans.fa
NONCELT024443.1	lncRNA	0.06744919191879342	0.9325508080812065	NONCODEv6_celegans.fa
NONCELT024444.1	Protein_Coding	0.5211438531370205	0.47885614686297956	NONCODEv6_celegans.fa
NONCELT024445.1	Protein_Coding	0.6282780101881661	0.37172198981183424	NONCODEv6_celegans.fa
NONCELT024446.1	lncRNA	0.20431467005812984	0.7956853299418704	NONCODEv6_celegans.fa
NONCELT024447.1	lncRNA	0.18917873862109605	0.8108212613789038	NONCODEv6_celegans.fa
NONCELT024448.1	lncRNA	0.1872913424060295	0.8127086575939707	NONCODEv6_celegans.fa
NONCELT024450.1	lncRNA	0.47491157198530093	0.525088428014699	NONCODEv6_celegans.fa
NONCELT024451.1	lncRNA	0.2878343303602923	0.7121656696397076	NONCODEv6_celegans.fa
NONCELT024453.1	lncRNA	0.3298255929010616	0.6701744070989383	NONCODEv6_celegans.fa
NONCELT024454.1	lncRNA	0.30953802182149465	0.6904619781785046	NONCODEv6_celegans.fa
NONCELT024455.1	lncRNA	0.28771334311371316	0.7122866568862861	NONCODEv6_celegans.fa
NONCELT024456.1	lncRNA	0.17243427690514707	0.8275657230948534	NONCODEv6_celegans.fa
NONCELT024457.1	lncRNA	0.14343477432676816	0.8565652256732317	NONCODEv6_celegans.fa
NONCELT024458.1	lncRNA	0.3072380867252282	0.6927619132747715	NONCODEv6_celegans.fa
NONCELT024459.1	lncRNA	0.223579683592391	0.7764203164076088	NONCODEv6_celegans.fa
NONCELT024460.1	Protein_Coding	0.5724127874331885	0.4275872125668115	NONCODEv6_celegans.fa
NONCELT024461.1	lncRNA	0.029031287431307624	0.9709687125686927	NONCODEv6_celegans.fa
NONCELT024462.1	lncRNA	0.13013524840787416	0.8698647515921258	NONCODEv6_celegans.fa
NONCELT024463.1	lncRNA	0.06015094932509592	0.9398490506749043	NONCODEv6_celegans.fa
NONCELT024464.1	lncRNA	0.04432206725961683	0.9556779327403833	NONCODEv6_celegans.fa
NONCELT024465.1	lncRNA	0.3703049110027351	0.6296950889972653	NONCODEv6_celegans.fa
NONCELT024466.1	lncRNA	0.25310119042589	0.7468988095741094	NONCODEv6_celegans.fa
NONCELT024467.1	lncRNA	0.21162573962027648	0.7883742603797232	NONCODEv6_celegans.fa
NONCELT024468.1	lncRNA	0.12895703489039625	0.8710429651096039	NONCODEv6_celegans.fa
NONCELT024469.1	lncRNA	0.1425147745610431	0.8574852254389568	NONCODEv6_celegans.fa
NONCELT024470.1	Protein_Coding	0.5017636115993703	0.4982363884006298	NONCODEv6_celegans.fa
NONCELT024471.1	lncRNA	0.06553144657140579	0.9344685534285938	NONCODEv6_celegans.fa
NONCELT024472.1	lncRNA	0.05615495831640055	0.9438450416835988	NONCODEv6_celegans.fa
NONCELT024473.1	lncRNA	0.07926549193576327	0.9207345080642365	NONCODEv6_celegans.fa
NONCELT024476.1	lncRNA	0.2805613991552602	0.7194386008447393	NONCODEv6_celegans.fa
NONCELT024477.1	lncRNA	0.06383772980501234	0.9361622701949875	NONCODEv6_celegans.fa
NONCELT024478.1	lncRNA	0.06887579250849664	0.9311242074915027	NONCODEv6_celegans.fa
NONCELT024479.1	lncRNA	0.031173566200117506	0.9688264337998821	NONCODEv6_celegans.fa
NONCELT024480.1	lncRNA	0.4876310196331587	0.5123689803668415	NONCODEv6_celegans.fa
NONCELT024481.1	lncRNA	0.09718305158266138	0.9028169484173382	NONCODEv6_celegans.fa
NONCELT024483.1	lncRNA	0.10409492480234545	0.8959050751976544	NONCODEv6_celegans.fa
NONCELT024484.1	lncRNA	0.08179744146497081	0.9182025585350286	NONCODEv6_celegans.fa
NONCELT024485.1	lncRNA	0.12974637006371306	0.8702536299362871	NONCODEv6_celegans.fa
NONCELT024486.1	lncRNA	0.29592357341419784	0.7040764265858019	NONCODEv6_celegans.fa
NONCELT024487.1	lncRNA	0.2746428598180956	0.7253571401819043	NONCODEv6_celegans.fa
NONCELT024488.1	lncRNA	0.13859817278635214	0.8614018272136477	NONCODEv6_celegans.fa
NONCELT024489.1	lncRNA	0.3990008577830397	0.6009991422169599	NONCODEv6_celegans.fa
NONCELT024490.1	lncRNA	0.14033262963337859	0.8596673703666207	NONCODEv6_celegans.fa
NONCELT024491.1	lncRNA	0.21224911065772725	0.7877508893422727	NONCODEv6_celegans.fa
NONCELT024492.1	lncRNA	0.13900630852543835	0.8609936914745614	NONCODEv6_celegans.fa
NONCELT024493.1	lncRNA	0.06099895821618492	0.9390010417838145	NONCODEv6_celegans.fa
NONCELT024494.1	lncRNA	0.06344003414919173	0.936559965850808	NONCODEv6_celegans.fa
NONCELT024496.1	lncRNA	0.12816626501138956	0.8718337349886104	NONCODEv6_celegans.fa
NONCELT024497.1	lncRNA	0.1364706913169399	0.8635293086830601	NONCODEv6_celegans.fa
NONCELT024498.1	lncRNA	0.4904424796340651	0.5095575203659347	NONCODEv6_celegans.fa
NONCELT024499.1	lncRNA	0.32283014288782647	0.6771698571121735	NONCODEv6_celegans.fa
NONCELT024500.1	lncRNA	0.24410081966440758	0.7558991803355918	NONCODEv6_celegans.fa
NONCELT024501.1	lncRNA	0.24854467748353487	0.7514553225164646	NONCODEv6_celegans.fa
NONCELT024503.1	lncRNA	0.13275763144543365	0.8672423685545656	NONCODEv6_celegans.fa
NONCELT024504.1	lncRNA	0.4317386900270966	0.5682613099729029	NONCODEv6_celegans.fa
NONCELT024505.1	lncRNA	0.4216498092240008	0.5783501907759989	NONCODEv6_celegans.fa
NONCELT024506.1	lncRNA	0.38621142695468236	0.6137885730453173	NONCODEv6_celegans.fa
NONCELT024507.1	lncRNA	0.15251917100277432	0.8474808289972253	NONCODEv6_celegans.fa
NONCELT024508.1	lncRNA	0.16166492452406797	0.8383350754759314	NONCODEv6_celegans.fa
NONCELT024509.1	lncRNA	0.2888398675404917	0.7111601324595082	NONCODEv6_celegans.fa
NONCELT024510.1	lncRNA	0.11932887090152827	0.8806711290984713	NONCODEv6_celegans.fa
NONCELT024511.1	lncRNA	0.3624514737003422	0.6375485262996579	NONCODEv6_celegans.fa
NONCELT024512.1	lncRNA	0.14610256363882476	0.8538974363611755	NONCODEv6_celegans.fa
NONCELT024513.1	lncRNA	0.12516693520503963	0.8748330647949606	NONCODEv6_celegans.fa
NONCELT024515.1	lncRNA	0.20229852548938063	0.7977014745106192	NONCODEv6_celegans.fa
NONCELT024516.1	lncRNA	0.17122943132998653	0.8287705686700125	NONCODEv6_celegans.fa
NONCELT024517.1	Protein_Coding	0.871188424099326	0.1288115759006739	NONCODEv6_celegans.fa
NONCELT024518.1	lncRNA	0.3887625409275012	0.6112374590724985	NONCODEv6_celegans.fa
NONCELT024519.1	lncRNA	0.13551241800716327	0.8644875819928368	NONCODEv6_celegans.fa
NONCELT024520.1	lncRNA	0.08703298682492683	0.9129670131750727	NONCODEv6_celegans.fa
NONCELT024522.1	lncRNA	0.16194155999819315	0.8380584400018066	NONCODEv6_celegans.fa
NONCELT024523.1	lncRNA	0.1124433025261336	0.8875566974738665	NONCODEv6_celegans.fa
NONCELT024524.1	lncRNA	0.09539435675468556	0.9046056432453145	NONCODEv6_celegans.fa
NONCELT024525.1	lncRNA	0.31849822448309456	0.6815017755169055	NONCODEv6_celegans.fa
NONCELT024526.1	lncRNA	0.3222488827321746	0.6777511172678256	NONCODEv6_celegans.fa
NONCELT024527.1	lncRNA	0.10361480777052756	0.8963851922294725	NONCODEv6_celegans.fa
NONCELT024528.1	lncRNA	0.1316791609143572	0.868320839085643	NONCODEv6_celegans.fa
NONCELT024529.1	lncRNA	0.09021153329591937	0.9097884667040812	NONCODEv6_celegans.fa
NONCELT024530.1	lncRNA	0.479715475738168	0.5202845242618319	NONCODEv6_celegans.fa
NONCELT024531.1	Protein_Coding	0.567862766362831	0.43213723363716916	NONCODEv6_celegans.fa
NONCELT024532.1	lncRNA	0.10070447505928366	0.8992955249407164	NONCODEv6_celegans.fa
NONCELT024535.1	lncRNA	0.07593233363638197	0.9240676663636176	NONCODEv6_celegans.fa
NONCELT024536.1	lncRNA	0.06501024334153659	0.9349897566584628	NONCODEv6_celegans.fa
NONCELT024537.1	lncRNA	0.12397426896810294	0.8760257310318967	NONCODEv6_celegans.fa
NONCELT024538.1	lncRNA	0.06567851287772564	0.9343214871222739	NONCODEv6_celegans.fa
NONCELT024539.1	lncRNA	0.30501224457022974	0.6949877554297701	NONCODEv6_celegans.fa
NONCELT024540.1	lncRNA	0.1740327069291324	0.825967293070867	NONCODEv6_celegans.fa
NONCELT024541.1	lncRNA	0.18680368853949428	0.8131963114605053	NONCODEv6_celegans.fa
NONCELT024542.1	lncRNA	0.08794140332403648	0.9120585966759631	NONCODEv6_celegans.fa
NONCELT024543.1	lncRNA	0.2110233159729918	0.7889766840270083	NONCODEv6_celegans.fa
NONCELT024544.1	lncRNA	0.13631444109058105	0.8636855589094189	NONCODEv6_celegans.fa
NONCELT024545.1	lncRNA	0.24061443854933587	0.7593855614506637	NONCODEv6_celegans.fa
NONCELT024546.1	lncRNA	0.3235941492164907	0.6764058507835083	NONCODEv6_celegans.fa
NONCELT024549.1	lncRNA	0.0868985747073111	0.9131014252926887	NONCODEv6_celegans.fa
NONCELT024550.1	lncRNA	0.09937357506944566	0.9006264249305539	NONCODEv6_celegans.fa
NONCELT024551.1	lncRNA	0.2102504438076774	0.7897495561923222	NONCODEv6_celegans.fa
NONCELT024552.1	lncRNA	0.12086157317321634	0.8791384268267831	NONCODEv6_celegans.fa
NONCELT024553.1	lncRNA	0.18974697555178974	0.8102530244482096	NONCODEv6_celegans.fa
NONCELT024554.1	lncRNA	0.1334555384033196	0.8665444615966804	NONCODEv6_celegans.fa
NONCELT024556.1	lncRNA	0.19926693867262796	0.8007330613273722	NONCODEv6_celegans.fa
NONCELT024557.1	lncRNA	0.18517299487826397	0.8148270051217358	NONCODEv6_celegans.fa
NONCELT024558.1	lncRNA	0.08913789222052189	0.9108621077794775	NONCODEv6_celegans.fa
NONCELT024559.1	lncRNA	0.10430786019705558	0.8956921398029443	NONCODEv6_celegans.fa
NONCELT024560.1	lncRNA	0.16110414867750117	0.8388958513224989	NONCODEv6_celegans.fa
NONCELT024562.1	lncRNA	0.09510193076394412	0.9048980692360559	NONCODEv6_celegans.fa
NONCELT024563.1	lncRNA	0.24147055454494717	0.7585294454550523	NONCODEv6_celegans.fa
NONCELT024564.1	lncRNA	0.2825083139089366	0.7174916860910633	NONCODEv6_celegans.fa
NONCELT024565.1	lncRNA	0.236242750185205	0.7637572498147949	NONCODEv6_celegans.fa
NONCELT024566.1	lncRNA	0.4108175369650007	0.5891824630349992	NONCODEv6_celegans.fa
NONCELT024567.1	lncRNA	0.3253922762422279	0.6746077237577724	NONCODEv6_celegans.fa
NONCELT024568.1	lncRNA	0.26464562113711776	0.7353543788628827	NONCODEv6_celegans.fa
NONCELT024569.1	lncRNA	0.20794565529891493	0.7920543447010853	NONCODEv6_celegans.fa
NONCELT024570.1	lncRNA	0.3404961526299274	0.6595038473700721	NONCODEv6_celegans.fa
NONCELT024571.1	lncRNA	0.14867070817983988	0.8513292918201605	NONCODEv6_celegans.fa
NONCELT024572.1	lncRNA	0.11793888641167836	0.8820611135883214	NONCODEv6_celegans.fa
NONCELT024573.1	lncRNA	0.22942403888281832	0.7705759611171816	NONCODEv6_celegans.fa
NONCELT024574.1	lncRNA	0.3128632168659763	0.6871367831340235	NONCODEv6_celegans.fa
NONCELT024575.1	lncRNA	0.06296883234714971	0.9370311676528508	NONCODEv6_celegans.fa
NONCELT024576.1	lncRNA	0.26776127183310605	0.732238728166894	NONCODEv6_celegans.fa
NONCELT024577.1	lncRNA	0.11936806349845797	0.880631936501542	NONCODEv6_celegans.fa
NONCELT024578.1	lncRNA	0.07905293653337096	0.9209470634666278	NONCODEv6_celegans.fa
NONCELT024579.1	lncRNA	0.13836924918903418	0.8616307508109652	NONCODEv6_celegans.fa
NONCELT024580.1	lncRNA	0.17581155355830008	0.8241884464416996	NONCODEv6_celegans.fa
NONCELT024581.1	lncRNA	0.19799790726664868	0.8020020927333514	NONCODEv6_celegans.fa
NONCELT024582.1	lncRNA	0.1618443806300001	0.8381556193699997	NONCODEv6_celegans.fa
NONCELT024583.1	lncRNA	0.19224691215670764	0.8077530878432916	NONCODEv6_celegans.fa
NONCELT024584.1	lncRNA	0.3686992343507333	0.6313007656492667	NONCODEv6_celegans.fa
NONCELT024585.1	lncRNA	0.12593302448374522	0.8740669755162548	NONCODEv6_celegans.fa
NONCELT024586.1	lncRNA	0.1807513624571941	0.8192486375428055	NONCODEv6_celegans.fa
NONCELT024587.1	lncRNA	0.1834423039263688	0.8165576960736309	NONCODEv6_celegans.fa
NONCELT024588.1	lncRNA	0.17769825141970422	0.8223017485802948	NONCODEv6_celegans.fa
NONCELT024589.1	lncRNA	0.07125181383370664	0.9287481861662935	NONCODEv6_celegans.fa
NONCELT024590.1	lncRNA	0.17092826056720803	0.8290717394327912	NONCODEv6_celegans.fa
NONCELT024591.1	lncRNA	0.06343632481873578	0.936563675181264	NONCODEv6_celegans.fa
NONCELT024592.1	Protein_Coding	0.6855608705606613	0.3144391294393389	NONCODEv6_celegans.fa
NONCELT024593.1	Protein_Coding	0.7508282839002374	0.2491717160997622	NONCODEv6_celegans.fa
NONCELT024594.1	Protein_Coding	0.7631930037540203	0.23680699624597942	NONCODEv6_celegans.fa
NONCELT024595.1	lncRNA	0.1435666464737089	0.8564333535262904	NONCODEv6_celegans.fa
NONCELT024596.1	lncRNA	0.11324991830785819	0.8867500816921413	NONCODEv6_celegans.fa
NONCELT024597.1	lncRNA	0.13247391479568704	0.8675260852043132	NONCODEv6_celegans.fa
NONCELT024598.1	lncRNA	0.3164645406933348	0.6835354593066654	NONCODEv6_celegans.fa
NONCELT024599.1	Protein_Coding	0.7032029910486199	0.2967970089513801	NONCODEv6_celegans.fa
NONCELT024600.1	lncRNA	0.18111054669860316	0.818889453301397	NONCODEv6_celegans.fa
NONCELT024601.1	Protein_Coding	0.5579182800806355	0.44208171991936474	NONCODEv6_celegans.fa
NONCELT024602.1	lncRNA	0.264196347604912	0.7358036523950877	NONCODEv6_celegans.fa
NONCELT024603.1	lncRNA	0.11033434058665526	0.8896656594133449	NONCODEv6_celegans.fa
NONCELT024604.1	lncRNA	0.3768236909748607	0.6231763090251393	NONCODEv6_celegans.fa
NONCELT024605.1	lncRNA	0.15733197229628246	0.8426680277037167	NONCODEv6_celegans.fa
NONCELT024606.1	lncRNA	0.31493800930374916	0.685061990696251	NONCODEv6_celegans.fa
NONCELT024607.1	lncRNA	0.186140524533385	0.8138594754666142	NONCODEv6_celegans.fa
NONCELT024608.1	lncRNA	0.186140524533385	0.8138594754666142	NONCODEv6_celegans.fa
NONCELT024609.1	lncRNA	0.12764311450777724	0.872356885492222	NONCODEv6_celegans.fa
NONCELT024610.1	lncRNA	0.2579822566830296	0.7420177433169701	NONCODEv6_celegans.fa
NONCELT024611.1	lncRNA	0.11871852242515495	0.8812814775748444	NONCODEv6_celegans.fa
NONCELT024612.1	lncRNA	0.09551544548398641	0.9044845545160133	NONCODEv6_celegans.fa
NONCELT024613.1	lncRNA	0.12815293036250056	0.8718470696374989	NONCODEv6_celegans.fa
NONCELT024614.1	lncRNA	0.3281808891330499	0.6718191108669495	NONCODEv6_celegans.fa
NONCELT024615.1	Protein_Coding	0.7713696336150113	0.22863036638498893	NONCODEv6_celegans.fa
NONCELT024616.1	lncRNA	0.22753494374754643	0.7724650562524533	NONCODEv6_celegans.fa
NONCELT024617.1	lncRNA	0.28849131639343967	0.7115086836065603	NONCODEv6_celegans.fa
NONCELT024618.1	lncRNA	0.09453040212024044	0.9054695978797589	NONCODEv6_celegans.fa
NONCELT024619.1	lncRNA	0.15175523629827226	0.8482447637017279	NONCODEv6_celegans.fa
NONCELT024620.1	lncRNA	0.24611007957650455	0.7538899204234959	NONCODEv6_celegans.fa
NONCELT024621.1	lncRNA	0.4592140276586073	0.5407859723413924	NONCODEv6_celegans.fa
NONCELT024622.1	lncRNA	0.20303416944366456	0.7969658305563353	NONCODEv6_celegans.fa
NONCELT024623.1	Protein_Coding	0.6586087952246737	0.3413912047753264	NONCODEv6_celegans.fa
NONCELT024624.1	lncRNA	0.42882444548325727	0.5711755545167428	NONCODEv6_celegans.fa
NONCELT024625.1	lncRNA	0.17680980821635012	0.8231901917836493	NONCODEv6_celegans.fa
NONCELT024626.1	lncRNA	0.1498178974697131	0.850182102530287	NONCODEv6_celegans.fa
NONCELT024627.1	lncRNA	0.10869763615558717	0.8913023638444126	NONCODEv6_celegans.fa
NONCELT024628.1	lncRNA	0.12943579906642905	0.8705642009335709	NONCODEv6_celegans.fa
NONCELT024629.1	lncRNA	0.07383478724356081	0.9261652127564387	NONCODEv6_celegans.fa
NONCELT024630.1	lncRNA	0.08037252521621265	0.9196274747837879	NONCODEv6_celegans.fa
NONCELT024631.1	lncRNA	0.14492793075154614	0.8550720692484535	NONCODEv6_celegans.fa
NONCELT024632.1	lncRNA	0.1655033652165587	0.8344966347834413	NONCODEv6_celegans.fa
NONCELT024633.1	lncRNA	0.2988042264004018	0.701195773599598	NONCODEv6_celegans.fa
NONCELT024634.1	lncRNA	0.26368992946324354	0.7363100705367561	NONCODEv6_celegans.fa
NONCELT024635.1	lncRNA	0.11918786111127697	0.8808121388887225	NONCODEv6_celegans.fa
NONCELT024636.1	lncRNA	0.13847384825981465	0.8615261517401853	NONCODEv6_celegans.fa
NONCELT024637.1	lncRNA	0.05476939740792706	0.945230602592073	NONCODEv6_celegans.fa
NONCELT024638.1	Protein_Coding	0.5048539014249249	0.49514609857507497	NONCODEv6_celegans.fa
NONCELT024639.1	Protein_Coding	0.7678819410918244	0.2321180589081757	NONCODEv6_celegans.fa
NONCELT024640.1	lncRNA	0.2324642425149674	0.7675357574850321	NONCODEv6_celegans.fa
NONCELT024641.1	lncRNA	0.05186781739120026	0.9481321826088	NONCODEv6_celegans.fa
NONCELT024642.1	lncRNA	0.12099834535775063	0.879001654642249	NONCODEv6_celegans.fa
NONCELT024643.1	lncRNA	0.3832105077466518	0.6167894922533482	NONCODEv6_celegans.fa
NONCELT024644.1	Protein_Coding	0.7333296541937303	0.26667034580626925	NONCODEv6_celegans.fa
NONCELT024645.1	lncRNA	0.2519784477706561	0.7480215522293434	NONCODEv6_celegans.fa
NONCELT024646.1	lncRNA	0.4186210282956741	0.5813789717043256	NONCODEv6_celegans.fa
NONCELT024647.1	lncRNA	0.15109655212702275	0.8489034478729771	NONCODEv6_celegans.fa
NONCELT024648.1	lncRNA	0.27566009752553006	0.7243399024744698	NONCODEv6_celegans.fa
NONCELT024649.1	lncRNA	0.2224086878573763	0.7775913121426236	NONCODEv6_celegans.fa
NONCELT024650.1	lncRNA	0.10630237698489542	0.8936976230151035	NONCODEv6_celegans.fa
NONCELT024651.1	Protein_Coding	0.6659478176797655	0.3340521823202349	NONCODEv6_celegans.fa
NONCELT024652.1	lncRNA	0.23614459204908508	0.7638554079509148	NONCODEv6_celegans.fa
NONCELT024653.1	lncRNA	0.26564199003561956	0.7343580099643806	NONCODEv6_celegans.fa
NONCELT024654.1	lncRNA	0.1541058418713339	0.8458941581286663	NONCODEv6_celegans.fa
NONCELT024655.1	lncRNA	0.1776478442982406	0.8223521557017589	NONCODEv6_celegans.fa
NONCELT024656.1	lncRNA	0.10991545607808831	0.890084543921912	NONCODEv6_celegans.fa
NONCELT024657.1	Protein_Coding	0.9139933195439559	0.08600668045604416	NONCODEv6_celegans.fa
NONCELT024658.1	lncRNA	0.12237025945900898	0.8776297405409913	NONCODEv6_celegans.fa
NONCELT024659.1	lncRNA	0.12583422658951074	0.8741657734104895	NONCODEv6_celegans.fa
NONCELT024660.1	lncRNA	0.1789743211675861	0.8210256788324136	NONCODEv6_celegans.fa
NONCELT024661.1	lncRNA	0.07122157349920157	0.9287784265007986	NONCODEv6_celegans.fa
NONCELT024662.1	lncRNA	0.08530239110150291	0.9146976088984972	NONCODEv6_celegans.fa
NONCELT024663.1	lncRNA	0.09220756737693267	0.9077924326230672	NONCODEv6_celegans.fa
NONCELT024664.1	lncRNA	0.08524548204895625	0.9147545179510435	NONCODEv6_celegans.fa
NONCELT024665.1	lncRNA	0.21861298986807998	0.7813870101319204	NONCODEv6_celegans.fa
NONCELT024666.1	lncRNA	0.06498028228779212	0.9350197177122076	NONCODEv6_celegans.fa
NONCELT024667.1	Protein_Coding	0.8614811332760907	0.13851886672390906	NONCODEv6_celegans.fa
NONCELT024668.1	Protein_Coding	0.5064966932032823	0.49350330679671767	NONCODEv6_celegans.fa
NONCELT024669.1	Protein_Coding	0.8481037168258174	0.15189628317418255	NONCODEv6_celegans.fa
NONCELT024670.1	lncRNA	0.24467053035689135	0.7553294696431083	NONCODEv6_celegans.fa
NONCELT024671.1	lncRNA	0.14070888769828588	0.8592911123017138	NONCODEv6_celegans.fa
NONCELT024672.1	lncRNA	0.20832674327332704	0.7916732567266731	NONCODEv6_celegans.fa
NONCELT024673.1	lncRNA	0.2165170863959363	0.7834829136040639	NONCODEv6_celegans.fa
NONCELT024674.1	Protein_Coding	0.7323087532381398	0.2676912467618599	NONCODEv6_celegans.fa
NONCELT024675.1	lncRNA	0.1987502672664323	0.8012497327335674	NONCODEv6_celegans.fa
NONCELT024676.1	Protein_Coding	0.5617629326629386	0.4382370673370617	NONCODEv6_celegans.fa
NONCELT024677.1	lncRNA	0.11056717330880572	0.8894328266911945	NONCODEv6_celegans.fa
NONCELT024678.1	lncRNA	0.08330654331364405	0.9166934566863556	NONCODEv6_celegans.fa
NONCELT024679.1	lncRNA	0.08330654331364405	0.9166934566863556	NONCODEv6_celegans.fa
NONCELT024680.1	lncRNA	0.2129705275665539	0.7870294724334457	NONCODEv6_celegans.fa
NONCELT024681.1	lncRNA	0.07614814844071836	0.9238518515592815	NONCODEv6_celegans.fa
NONCELT024682.1	lncRNA	0.22696377967110518	0.7730362203288942	NONCODEv6_celegans.fa
NONCELT024683.1	lncRNA	0.21219818044177094	0.7878018195582285	NONCODEv6_celegans.fa
NONCELT024684.1	lncRNA	0.261251480627506	0.7387485193724935	NONCODEv6_celegans.fa
NONCELT024685.1	lncRNA	0.1700336119750726	0.829966388024927	NONCODEv6_celegans.fa
NONCELT024686.1	lncRNA	0.29920438962626583	0.7007956103737341	NONCODEv6_celegans.fa
NONCELT024687.1	Protein_Coding	0.7022723336397253	0.2977276663602751	NONCODEv6_celegans.fa
NONCELT024688.1	lncRNA	0.17125054987020968	0.8287494501297895	NONCODEv6_celegans.fa
NONCELT024689.1	lncRNA	0.36712707148077234	0.6328729285192273	NONCODEv6_celegans.fa
NONCELT024690.1	lncRNA	0.16761388295682586	0.8323861170431738	NONCODEv6_celegans.fa
NONCELT024691.1	lncRNA	0.29684789204081136	0.7031521079591884	NONCODEv6_celegans.fa
NONCELT024692.1	lncRNA	0.3808312248507412	0.6191687751492586	NONCODEv6_celegans.fa
NONCELT024693.1	lncRNA	0.37026501846379956	0.6297349815362002	NONCODEv6_celegans.fa
NONCELT024694.1	lncRNA	0.19878197868308198	0.8012180213169185	NONCODEv6_celegans.fa
NONCELT024695.1	lncRNA	0.14588891422138164	0.8541110857786182	NONCODEv6_celegans.fa
NONCELT024696.1	lncRNA	0.13322731600850823	0.8667726839914913	NONCODEv6_celegans.fa
NONCELT024697.1	lncRNA	0.06329911712565671	0.9367008828743433	NONCODEv6_celegans.fa
NONCELT024698.1	lncRNA	0.08543872014690283	0.9145612798530972	NONCODEv6_celegans.fa
NONCELT024699.1	lncRNA	0.08573998321681701	0.9142600167831829	NONCODEv6_celegans.fa
NONCELT024700.1	lncRNA	0.1621369440045803	0.8378630559954195	NONCODEv6_celegans.fa
NONCELT024701.1	lncRNA	0.15074480299195758	0.8492551970080424	NONCODEv6_celegans.fa
NONCELT024702.1	lncRNA	0.24190508687384893	0.7580949131261505	NONCODEv6_celegans.fa
NONCELT024703.1	lncRNA	0.4729696872540874	0.5270303127459128	NONCODEv6_celegans.fa
NONCELT024704.1	lncRNA	0.46322701511205394	0.5367729848879461	NONCODEv6_celegans.fa
NONCELT024705.1	Protein_Coding	0.7820346390913492	0.2179653609086511	NONCODEv6_celegans.fa
NONCELT024706.1	Protein_Coding	0.6332844871200068	0.36671551287999277	NONCODEv6_celegans.fa
NONCELT024707.1	lncRNA	0.2748705347486278	0.725129465251372	NONCODEv6_celegans.fa
NONCELT024708.1	lncRNA	0.1369585325603977	0.8630414674396023	NONCODEv6_celegans.fa
NONCELT024709.1	lncRNA	0.21738603837502335	0.782613961624976	NONCODEv6_celegans.fa
NONCELT024710.1	lncRNA	0.32197050822566115	0.6780294917743391	NONCODEv6_celegans.fa
NONCELT024711.1	lncRNA	0.05800545744858887	0.9419945425514107	NONCODEv6_celegans.fa
NONCELT024712.1	lncRNA	0.10543601297082199	0.8945639870291777	NONCODEv6_celegans.fa
NONCELT024713.1	lncRNA	0.12150430882370444	0.8784956911762952	NONCODEv6_celegans.fa
NONCELT024714.1	lncRNA	0.08395230889122565	0.9160476911087745	NONCODEv6_celegans.fa
NONCELT024715.1	lncRNA	0.32821613457321897	0.6717838654267814	NONCODEv6_celegans.fa
NONCELT024716.1	lncRNA	0.300190805135073	0.699809194864927	NONCODEv6_celegans.fa
NONCELT024717.1	Protein_Coding	0.5069389126219568	0.4930610873780432	NONCODEv6_celegans.fa
NONCELT024718.1	Protein_Coding	0.6372700735373078	0.3627299264626917	NONCODEv6_celegans.fa
NONCELT024719.1	Protein_Coding	0.7005643272827968	0.299435672717203	NONCODEv6_celegans.fa
NONCELT024720.1	Protein_Coding	0.7558019164298738	0.24419808357012632	NONCODEv6_celegans.fa
NONCELT024721.1	lncRNA	0.1310104419200172	0.8689895580799826	NONCODEv6_celegans.fa
NONCELT024722.1	lncRNA	0.1313637975544702	0.8686362024455304	NONCODEv6_celegans.fa
NONCELT024723.1	Protein_Coding	0.8236377379640769	0.17636226203592317	NONCODEv6_celegans.fa
NONCELT024724.1	Protein_Coding	0.5753770313464751	0.42462296865352483	NONCODEv6_celegans.fa
NONCELT024725.1	lncRNA	0.10608158616635664	0.8939184138336431	NONCODEv6_celegans.fa
NONCELT024726.1	lncRNA	0.20522107858868546	0.7947789214113142	NONCODEv6_celegans.fa
NONCELT024727.1	lncRNA	0.4744071383081492	0.5255928616918508	NONCODEv6_celegans.fa
NONCELT024728.1	Protein_Coding	0.7026227644071655	0.29737723559283463	NONCODEv6_celegans.fa
NONCELT024729.1	lncRNA	0.17255022966512887	0.827449770334871	NONCODEv6_celegans.fa
NONCELT024730.1	lncRNA	0.10592860898663777	0.8940713910133619	NONCODEv6_celegans.fa
NONCELT024731.1	lncRNA	0.16343998544476546	0.8365600145552341	NONCODEv6_celegans.fa
NONCELT024732.1	lncRNA	0.30386693958613653	0.696133060413863	NONCODEv6_celegans.fa
NONCELT024733.1	Protein_Coding	0.5400814544381445	0.4599185455618558	NONCODEv6_celegans.fa
NONCELT024734.1	lncRNA	0.12472579004972872	0.8752742099502709	NONCODEv6_celegans.fa
NONCELT024735.1	lncRNA	0.049560977079040766	0.9504390229209594	NONCODEv6_celegans.fa
NONCELT024736.1	lncRNA	0.09948521977380713	0.900514780226193	NONCODEv6_celegans.fa
NONCELT024737.1	lncRNA	0.08511529347446865	0.9148847065255316	NONCODEv6_celegans.fa
NONCELT024738.1	lncRNA	0.08379381716372687	0.9162061828362732	NONCODEv6_celegans.fa
NONCELT024739.1	Protein_Coding	0.7052973700761622	0.29470262992383783	NONCODEv6_celegans.fa
NONCELT024740.1	Protein_Coding	0.7646734087718855	0.2353265912281141	NONCODEv6_celegans.fa
NONCELT024741.1	lncRNA	0.12148233454935617	0.8785176654506434	NONCODEv6_celegans.fa
NONCELT024742.1	lncRNA	0.10164002026374552	0.8983599797362544	NONCODEv6_celegans.fa
NONCELT024743.1	Protein_Coding	0.5035662218646553	0.4964337781353448	NONCODEv6_celegans.fa
NONCELT024744.1	lncRNA	0.4255871635008551	0.5744128364991453	NONCODEv6_celegans.fa
NONCELT024745.1	Protein_Coding	0.5128588059935423	0.48714119400645756	NONCODEv6_celegans.fa
NONCELT024746.1	Protein_Coding	0.5533618431052406	0.4466381568947593	NONCODEv6_celegans.fa
NONCELT024747.1	lncRNA	0.18120800768617576	0.8187919923138246	NONCODEv6_celegans.fa
NONCELT024748.1	lncRNA	0.10952767411555557	0.8904723258844442	NONCODEv6_celegans.fa
NONCELT024749.1	lncRNA	0.11751353967949567	0.882486460320504	NONCODEv6_celegans.fa
NONCELT024750.1	lncRNA	0.07904764987741808	0.9209523501225819	NONCODEv6_celegans.fa
NONCELT024751.1	lncRNA	0.08737996057184474	0.912620039428155	NONCODEv6_celegans.fa
NONCELT024752.1	lncRNA	0.23872772901135803	0.7612722709886419	NONCODEv6_celegans.fa
NONCELT024753.1	lncRNA	0.3126934291255416	0.6873065708744582	NONCODEv6_celegans.fa
NONCELT024754.1	lncRNA	0.42091494859510536	0.5790850514048949	NONCODEv6_celegans.fa
NONCELT024755.1	lncRNA	0.17662565250490064	0.8233743474950996	NONCODEv6_celegans.fa
NONCELT024756.1	lncRNA	0.12054862808476526	0.879451371915235	NONCODEv6_celegans.fa
NONCELT024757.1	Protein_Coding	0.7251302463259502	0.2748697536740501	NONCODEv6_celegans.fa
NONCELT024758.1	Protein_Coding	0.7234232996745518	0.2765767003254484	NONCODEv6_celegans.fa
NONCELT024759.1	Protein_Coding	0.5638814648209478	0.4361185351790526	NONCODEv6_celegans.fa
NONCELT024760.1	lncRNA	0.2578505085613584	0.7421494914386415	NONCODEv6_celegans.fa
NONCELT024761.1	lncRNA	0.27398559572366127	0.7260144042763377	NONCODEv6_celegans.fa
NONCELT024762.1	lncRNA	0.38193625850817187	0.618063741491828	NONCODEv6_celegans.fa
NONCELT024763.1	Protein_Coding	0.6123186847800683	0.3876813152199318	NONCODEv6_celegans.fa
NONCELT024764.1	Protein_Coding	0.6326932980313453	0.36730670196865456	NONCODEv6_celegans.fa
NONCELT024765.1	Protein_Coding	0.8250212628076223	0.17497873719237778	NONCODEv6_celegans.fa
NONCELT024766.1	Protein_Coding	0.5283235640374538	0.4716764359625462	NONCODEv6_celegans.fa
NONCELT024767.1	Protein_Coding	0.5204544911928901	0.47954550880710994	NONCODEv6_celegans.fa
NONCELT024768.1	lncRNA	0.12033481716046816	0.8796651828395319	NONCODEv6_celegans.fa
NONCELT024769.1	lncRNA	0.13041526317233557	0.8695847368276646	NONCODEv6_celegans.fa
NONCELT024770.1	lncRNA	0.12245154194542236	0.8775484580545774	NONCODEv6_celegans.fa
NONCELT024771.1	Protein_Coding	0.5846822939682981	0.41531770603170226	NONCODEv6_celegans.fa
NONCELT024772.1	lncRNA	0.15017208852117747	0.8498279114788224	NONCODEv6_celegans.fa
NONCELT024773.1	lncRNA	0.4395538774234236	0.5604461225765763	NONCODEv6_celegans.fa
NONCELT024774.1	Protein_Coding	0.5553583933423379	0.44464160665766206	NONCODEv6_celegans.fa
NONCELT024775.1	lncRNA	0.16229674803395946	0.8377032519660401	NONCODEv6_celegans.fa
NONCELT024776.1	lncRNA	0.1216458531742696	0.8783541468257294	NONCODEv6_celegans.fa
NONCELT024777.1	Protein_Coding	0.5568100416598668	0.4431899583401334	NONCODEv6_celegans.fa
NONCELT024778.1	lncRNA	0.12064954004509104	0.879350459954909	NONCODEv6_celegans.fa
NONCELT024779.1	Protein_Coding	0.6645944631895677	0.33540553681043206	NONCODEv6_celegans.fa
NONCELT024780.1	lncRNA	0.1548072318047428	0.8451927681952572	NONCODEv6_celegans.fa
NONCELT024781.1	lncRNA	0.22158741591566616	0.7784125840843339	NONCODEv6_celegans.fa
NONCELT024782.1	Protein_Coding	0.6645944631895677	0.33540553681043206	NONCODEv6_celegans.fa
NONCELT024783.1	lncRNA	0.1548072318047428	0.8451927681952572	NONCODEv6_celegans.fa
NONCELT024784.1	lncRNA	0.22158741591566616	0.7784125840843339	NONCODEv6_celegans.fa
NONCELT024785.1	lncRNA	0.15494678672695744	0.8450532132730431	NONCODEv6_celegans.fa
NONCELT024786.1	lncRNA	0.1585956790378899	0.8414043209621104	NONCODEv6_celegans.fa
NONCELT024787.1	Protein_Coding	0.6944763484793993	0.305523651520601	NONCODEv6_celegans.fa
NONCELT024788.1	lncRNA	0.13711297451506	0.8628870254849392	NONCODEv6_celegans.fa
NONCELT024789.1	lncRNA	0.280325983848935	0.7196740161510649	NONCODEv6_celegans.fa
NONCELT024790.1	lncRNA	0.20142273093649138	0.7985772690635086	NONCODEv6_celegans.fa
NONCELT024791.1	lncRNA	0.21712036176246932	0.7828796382375307	NONCODEv6_celegans.fa
NONCELT024792.1	lncRNA	0.16514801000607715	0.8348519899939228	NONCODEv6_celegans.fa
NONCELT024793.1	lncRNA	0.17705526469464486	0.8229447353053553	NONCODEv6_celegans.fa
NONCELT024794.1	lncRNA	0.16789879601584437	0.8321012039841555	NONCODEv6_celegans.fa
NONCELT024795.1	Protein_Coding	0.5030518618703078	0.4969481381296922	NONCODEv6_celegans.fa
NONCELT024796.1	Protein_Coding	0.5885064424146853	0.41149355758531475	NONCODEv6_celegans.fa
NONCELT024797.1	Protein_Coding	0.6161143587093784	0.38388564129062197	NONCODEv6_celegans.fa
NONCELT024798.1	lncRNA	0.05823519818162827	0.9417648018183715	NONCODEv6_celegans.fa
NONCELT024799.1	lncRNA	0.05084886840094185	0.9491511315990581	NONCODEv6_celegans.fa
NONCELT024800.1	lncRNA	0.046469155701198375	0.9535308442988019	NONCODEv6_celegans.fa
NONCELT024801.1	lncRNA	0.060706728106247915	0.9392932718937523	NONCODEv6_celegans.fa
NONCELT024802.1	lncRNA	0.378469620122183	0.621530379877817	NONCODEv6_celegans.fa
NONCELT024803.1	lncRNA	0.4941135618113845	0.5058864381886156	NONCODEv6_celegans.fa
NONCELT024804.1	lncRNA	0.2977542327710688	0.7022457672289311	NONCODEv6_celegans.fa
NONCELT024805.1	Protein_Coding	0.6604494059072413	0.3395505940927587	NONCODEv6_celegans.fa
NONCELT024806.1	lncRNA	0.3040135085352048	0.695986491464796	NONCODEv6_celegans.fa
NONCELT024807.1	lncRNA	0.23009587544071744	0.7699041245592821	NONCODEv6_celegans.fa
NONCELT024808.1	lncRNA	0.0821680120552088	0.9178319879447909	NONCODEv6_celegans.fa
NONCELT024809.1	lncRNA	0.4760486198383491	0.5239513801616509	NONCODEv6_celegans.fa
NONCELT024810.1	lncRNA	0.1645503937327499	0.8354496062672501	NONCODEv6_celegans.fa
NONCELT024811.1	lncRNA	0.13735890046111504	0.8626410995388848	NONCODEv6_celegans.fa
NONCELT024812.1	lncRNA	0.07156039378346798	0.9284396062165313	NONCODEv6_celegans.fa
NONCELT024813.1	lncRNA	0.40130775842633093	0.5986922415736688	NONCODEv6_celegans.fa
NONCELT024814.1	lncRNA	0.3739617730757485	0.626038226924251	NONCODEv6_celegans.fa
NONCELT024815.1	lncRNA	0.4861717020209675	0.5138282979790325	NONCODEv6_celegans.fa
NONCELT024816.1	lncRNA	0.10049098436990375	0.899509015630096	NONCODEv6_celegans.fa
NONCELT024817.1	Protein_Coding	0.6470598649203196	0.3529401350796801	NONCODEv6_celegans.fa
NONCELT024818.1	lncRNA	0.27126349426873975	0.7287365057312599	NONCODEv6_celegans.fa
NONCELT024819.1	lncRNA	0.2912169973461304	0.7087830026538693	NONCODEv6_celegans.fa
NONCELT024820.1	lncRNA	0.1642587937818027	0.8357412062181971	NONCODEv6_celegans.fa
NONCELT024821.1	lncRNA	0.07364483126001768	0.9263551687399825	NONCODEv6_celegans.fa
NONCELT024822.1	Protein_Coding	0.5186702496694163	0.4813297503305835	NONCODEv6_celegans.fa
NONCELT024823.1	Protein_Coding	0.5614775870493443	0.4385224129506563	NONCODEv6_celegans.fa
NONCELT024824.1	lncRNA	0.3909265141761242	0.6090734858238758	NONCODEv6_celegans.fa
