Transcript_ID	Prediction	Prob_Protein_Coding	Prob_lncRNA	FASTA_File
NONATHT000001	lncRNA	0.014726502588003298	0.9852734974119968	NONCODEv6_ATH.fa
NONATHT000002	lncRNA	0.05306197248837253	0.9469380275116277	NONCODEv6_ATH.fa
NONATHT000003	lncRNA	0.18679023423346905	0.8132097657665311	NONCODEv6_ATH.fa
NONATHT000004	lncRNA	0.16981715013081042	0.8301828498691896	NONCODEv6_ATH.fa
NONATHT000005	lncRNA	0.2508550965147473	0.7491449034852528	NONCODEv6_ATH.fa
NONATHT000006	lncRNA	0.04434207916527698	0.9556579208347231	NONCODEv6_ATH.fa
NONATHT000007	lncRNA	0.032826950803324734	0.9671730491966757	NONCODEv6_ATH.fa
NONATHT000008	lncRNA	0.12264583750565862	0.8773541624943417	NONCODEv6_ATH.fa
NONATHT000009	Protein_Coding	0.5602501506358647	0.4397498493641353	NONCODEv6_ATH.fa
NONATHT000010	Protein_Coding	0.5682979738919839	0.43170202610801617	NONCODEv6_ATH.fa
NONATHT000011	Protein_Coding	0.5465003366755105	0.45349966332448943	NONCODEv6_ATH.fa
NONATHT000012	Protein_Coding	0.5465003366755105	0.45349966332448943	NONCODEv6_ATH.fa
NONATHT000013	lncRNA	0.23461214744550385	0.7653878525544966	NONCODEv6_ATH.fa
NONATHT000014	lncRNA	0.14155360017016924	0.8584463998298304	NONCODEv6_ATH.fa
NONATHT000015	lncRNA	0.11570614260974878	0.8842938573902517	NONCODEv6_ATH.fa
NONATHT000016	lncRNA	0.12161429119731025	0.8783857088026894	NONCODEv6_ATH.fa
NONATHT000017	lncRNA	0.07950086966774961	0.9204991303322508	NONCODEv6_ATH.fa
NONATHT000018	lncRNA	0.14196753983111798	0.8580324601688816	NONCODEv6_ATH.fa
NONATHT000019	lncRNA	0.20737469623757285	0.7926253037624269	NONCODEv6_ATH.fa
NONATHT000020	lncRNA	0.3245851017309941	0.6754148982690058	NONCODEv6_ATH.fa
NONATHT000021	lncRNA	0.10719871616254652	0.8928012838374534	NONCODEv6_ATH.fa
NONATHT000022	lncRNA	0.13385690593027183	0.8661430940697287	NONCODEv6_ATH.fa
NONATHT000023	lncRNA	0.16599234321528858	0.8340076567847117	NONCODEv6_ATH.fa
NONATHT000024	lncRNA	0.0737009457936468	0.9262990542063535	NONCODEv6_ATH.fa
NONATHT000025	lncRNA	0.09791777732462209	0.9020822226753777	NONCODEv6_ATH.fa
NONATHT000026	lncRNA	0.22681891116607283	0.7731810888339268	NONCODEv6_ATH.fa
NONATHT000027	lncRNA	0.2560523398763557	0.7439476601236448	NONCODEv6_ATH.fa
NONATHT000028	lncRNA	0.1137926111977463	0.8862073888022541	NONCODEv6_ATH.fa
NONATHT000029	lncRNA	0.055867160439365134	0.9441328395606351	NONCODEv6_ATH.fa
NONATHT000030	lncRNA	0.06517955161893692	0.934820448381063	NONCODEv6_ATH.fa
NONATHT000031	lncRNA	0.09253811888969404	0.9074618811103056	NONCODEv6_ATH.fa
NONATHT000032	lncRNA	0.16294414112039765	0.8370558588796024	NONCODEv6_ATH.fa
NONATHT000033	lncRNA	0.02734626111880375	0.9726537388811964	NONCODEv6_ATH.fa
NONATHT000034	lncRNA	0.16090070315422064	0.8390992968457791	NONCODEv6_ATH.fa
NONATHT000035	lncRNA	0.07569183212891302	0.9243081678710875	NONCODEv6_ATH.fa
NONATHT000036	lncRNA	0.07936721304936699	0.920632786950633	NONCODEv6_ATH.fa
NONATHT000037	lncRNA	0.13708404651406847	0.8629159534859313	NONCODEv6_ATH.fa
NONATHT000038	lncRNA	0.04371915436055954	0.9562808456394402	NONCODEv6_ATH.fa
NONATHT000039	lncRNA	0.43905516090699026	0.5609448390930097	NONCODEv6_ATH.fa
NONATHT000040	lncRNA	0.17847555434878049	0.8215244456512198	NONCODEv6_ATH.fa
NONATHT000041	lncRNA	0.19826419401019144	0.8017358059898085	NONCODEv6_ATH.fa
NONATHT000042	lncRNA	0.051015726795059835	0.9489842732049404	NONCODEv6_ATH.fa
NONATHT000043	lncRNA	0.07431670411080475	0.9256832958891955	NONCODEv6_ATH.fa
NONATHT000044	lncRNA	0.11905729322260607	0.8809427067773936	NONCODEv6_ATH.fa
NONATHT000045	lncRNA	0.12252833255847331	0.8774716674415268	NONCODEv6_ATH.fa
NONATHT000046	lncRNA	0.04841597174570858	0.9515840282542916	NONCODEv6_ATH.fa
NONATHT000047	lncRNA	0.013867630262641019	0.9861323697373592	NONCODEv6_ATH.fa
NONATHT000048	lncRNA	0.08563859306217157	0.9143614069378285	NONCODEv6_ATH.fa
NONATHT000049	lncRNA	0.177311470123406	0.8226885298765942	NONCODEv6_ATH.fa
NONATHT000050	lncRNA	0.15856424092697088	0.841435759073029	NONCODEv6_ATH.fa
NONATHT000051	lncRNA	0.1927273994966958	0.807272600503304	NONCODEv6_ATH.fa
NONATHT000052	lncRNA	0.11628213846289645	0.8837178615371035	NONCODEv6_ATH.fa
NONATHT000053	lncRNA	0.09627080311447106	0.9037291968855291	NONCODEv6_ATH.fa
NONATHT000054	lncRNA	0.0429169003413379	0.9570830996586623	NONCODEv6_ATH.fa
NONATHT000055	lncRNA	0.09366817284411758	0.9063318271558827	NONCODEv6_ATH.fa
NONATHT000056	lncRNA	0.2494056549584321	0.7505943450415683	NONCODEv6_ATH.fa
NONATHT000057	lncRNA	0.45208212686274585	0.5479178731372543	NONCODEv6_ATH.fa
NONATHT000058	lncRNA	0.16861804752501638	0.8313819524749843	NONCODEv6_ATH.fa
NONATHT000059	lncRNA	0.1416318113106595	0.8583681886893407	NONCODEv6_ATH.fa
NONATHT000060	lncRNA	0.02178418329115452	0.9782158167088458	NONCODEv6_ATH.fa
NONATHT000061	lncRNA	0.14249265802788016	0.8575073419721201	NONCODEv6_ATH.fa
NONATHT000062	lncRNA	0.0763878814997102	0.9236121185002897	NONCODEv6_ATH.fa
NONATHT000063	lncRNA	0.1664394581658101	0.8335605418341899	NONCODEv6_ATH.fa
NONATHT000064	lncRNA	0.0213029328899936	0.9786970671100066	NONCODEv6_ATH.fa
NONATHT000065	lncRNA	0.2786051322709941	0.7213948677290072	NONCODEv6_ATH.fa
NONATHT000066	lncRNA	0.17073729569930662	0.829262704300694	NONCODEv6_ATH.fa
NONATHT000069	lncRNA	0.2963039692324116	0.7036960307675892	NONCODEv6_ATH.fa
NONATHT000068	lncRNA	0.29226504301226724	0.7077349569877334	NONCODEv6_ATH.fa
NONATHT000067	lncRNA	0.29074695180678	0.709253048193221	NONCODEv6_ATH.fa
NONATHT000070	lncRNA	0.05957052487404814	0.940429475125952	NONCODEv6_ATH.fa
NONATHT000071	lncRNA	0.07060716779644481	0.9293928322035554	NONCODEv6_ATH.fa
NONATHT000072	lncRNA	0.15034856550408293	0.8496514344959172	NONCODEv6_ATH.fa
NONATHT000073	lncRNA	0.0703621573397775	0.929637842660223	NONCODEv6_ATH.fa
NONATHT000074	lncRNA	0.1663800361768707	0.8336199638231294	NONCODEv6_ATH.fa
NONATHT000075	lncRNA	0.025609247734957378	0.9743907522650428	NONCODEv6_ATH.fa
NONATHT000076	lncRNA	0.04586183904460006	0.9541381609554006	NONCODEv6_ATH.fa
NONATHT000077	lncRNA	0.029631906672460052	0.9703680933275398	NONCODEv6_ATH.fa
NONATHT000078	lncRNA	0.08579721844404697	0.9142027815559532	NONCODEv6_ATH.fa
NONATHT000079	lncRNA	0.11398966109430937	0.8860103389056914	NONCODEv6_ATH.fa
NONATHT000080	lncRNA	0.08400324165330075	0.9159967583466994	NONCODEv6_ATH.fa
NONATHT000081	lncRNA	0.11671023307001312	0.883289766929987	NONCODEv6_ATH.fa
NONATHT000082	lncRNA	0.03381855400170685	0.9661814459982933	NONCODEv6_ATH.fa
NONATHT000083	lncRNA	0.10936045008930295	0.890639549910697	NONCODEv6_ATH.fa
NONATHT000084	lncRNA	0.203665178604657	0.7963348213953432	NONCODEv6_ATH.fa
NONATHT000085	lncRNA	0.0798425452539455	0.9201574547460548	NONCODEv6_ATH.fa
NONATHT000086	lncRNA	0.04378773503466092	0.956212264965339	NONCODEv6_ATH.fa
NONATHT000087	lncRNA	0.15374120572351518	0.8462587942764852	NONCODEv6_ATH.fa
NONATHT000088	lncRNA	0.04314048863014698	0.9568595113698529	NONCODEv6_ATH.fa
NONATHT000089	lncRNA	0.018972774152643968	0.9810272258473562	NONCODEv6_ATH.fa
NONATHT000090	lncRNA	0.15207644393034822	0.8479235560696521	NONCODEv6_ATH.fa
NONATHT000091	lncRNA	0.06377061324043269	0.9362293867595669	NONCODEv6_ATH.fa
NONATHT000092	lncRNA	0.3139389900537246	0.6860610099462756	NONCODEv6_ATH.fa
NONATHT000093	lncRNA	0.12214488655568809	0.877855113444312	NONCODEv6_ATH.fa
NONATHT000094	lncRNA	0.34363869874490105	0.6563613012550988	NONCODEv6_ATH.fa
NONATHT000095	lncRNA	0.02173844556706517	0.9782615544329353	NONCODEv6_ATH.fa
NONATHT000096	lncRNA	0.027770668189614843	0.9722293318103855	NONCODEv6_ATH.fa
NONATHT000097	lncRNA	0.1332131413486482	0.866786858651352	NONCODEv6_ATH.fa
NONATHT000098	lncRNA	0.07191752061452461	0.9280824793854755	NONCODEv6_ATH.fa
NONATHT000099	lncRNA	0.20292767239957482	0.7970723276004257	NONCODEv6_ATH.fa
NONATHT000100	lncRNA	0.21168530757858076	0.7883146924214188	NONCODEv6_ATH.fa
NONATHT000101	lncRNA	0.06372195977722322	0.9362780402227772	NONCODEv6_ATH.fa
NONATHT000102	lncRNA	0.192202274246991	0.8077977257530096	NONCODEv6_ATH.fa
NONATHT000103	lncRNA	0.10752952942605698	0.892470470573943	NONCODEv6_ATH.fa
NONATHT000104	lncRNA	0.06378038317519416	0.9362196168248057	NONCODEv6_ATH.fa
NONATHT000105	Protein_Coding	0.6162609386661483	0.3837390613338513	NONCODEv6_ATH.fa
NONATHT000106	lncRNA	0.0329438635973656	0.9670561364026348	NONCODEv6_ATH.fa
NONATHT000107	lncRNA	0.19395666606539605	0.8060433339346039	NONCODEv6_ATH.fa
NONATHT000108	lncRNA	0.14948826541582236	0.8505117345841781	NONCODEv6_ATH.fa
NONATHT000109	lncRNA	0.37278516054249905	0.6272148394575007	NONCODEv6_ATH.fa
NONATHT000110	lncRNA	0.02288909960648492	0.977110900393515	NONCODEv6_ATH.fa
NONATHT000111	lncRNA	0.23505116309958735	0.7649488369004132	NONCODEv6_ATH.fa
NONATHT000112	lncRNA	0.4800540284054545	0.5199459715945457	NONCODEv6_ATH.fa
NONATHT000113	lncRNA	0.32710399431485465	0.6728960056851457	NONCODEv6_ATH.fa
NONATHT000114	lncRNA	0.03422774123378276	0.9657722587662172	NONCODEv6_ATH.fa
NONATHT000115	lncRNA	0.19966138405976103	0.8003386159402393	NONCODEv6_ATH.fa
NONATHT000116	lncRNA	0.18084359241120213	0.8191564075887977	NONCODEv6_ATH.fa
NONATHT000117	lncRNA	0.012267806178327288	0.9877321938216727	NONCODEv6_ATH.fa
NONATHT000118	lncRNA	0.038089442187849425	0.9619105578121511	NONCODEv6_ATH.fa
NONATHT000119	lncRNA	0.07941029770530916	0.9205897022946908	NONCODEv6_ATH.fa
NONATHT000120	lncRNA	0.1882302563513481	0.8117697436486523	NONCODEv6_ATH.fa
NONATHT000121	lncRNA	0.02342342908746415	0.9765765709125361	NONCODEv6_ATH.fa
NONATHT000122	lncRNA	0.146869620671786	0.8531303793282142	NONCODEv6_ATH.fa
NONATHT000123	lncRNA	0.42759388845751795	0.572406111542482	NONCODEv6_ATH.fa
NONATHT000124	lncRNA	0.2714068213254979	0.728593178674502	NONCODEv6_ATH.fa
NONATHT000125	lncRNA	0.13462165827945427	0.8653783417205462	NONCODEv6_ATH.fa
NONATHT000126	lncRNA	0.05052559529950716	0.9494744047004927	NONCODEv6_ATH.fa
NONATHT000127	lncRNA	0.04233197407630147	0.9576680259236988	NONCODEv6_ATH.fa
NONATHT000128	lncRNA	0.021345113197042975	0.9786548868029569	NONCODEv6_ATH.fa
NONATHT000129	lncRNA	0.10511910706947616	0.8948808929305251	NONCODEv6_ATH.fa
NONATHT000130	lncRNA	0.28177891491799745	0.718221085082002	NONCODEv6_ATH.fa
NONATHT000131	lncRNA	0.06669869714459324	0.9333013028554071	NONCODEv6_ATH.fa
NONATHT000132	lncRNA	0.06889987778478583	0.9311001222152144	NONCODEv6_ATH.fa
NONATHT000133	lncRNA	0.21645640342909597	0.7835435965709043	NONCODEv6_ATH.fa
NONATHT000134	lncRNA	0.09981311799638039	0.9001868820036202	NONCODEv6_ATH.fa
NONATHT000135	lncRNA	0.043863813980245726	0.9561361860197545	NONCODEv6_ATH.fa
NONATHT000136	lncRNA	0.07585551767960713	0.9241444823203928	NONCODEv6_ATH.fa
NONATHT000137	lncRNA	0.25001366192210894	0.7499863380778913	NONCODEv6_ATH.fa
NONATHT000138	lncRNA	0.1729717929771411	0.827028207022859	NONCODEv6_ATH.fa
NONATHT000139	lncRNA	0.07316363072850625	0.9268363692714937	NONCODEv6_ATH.fa
NONATHT000140	lncRNA	0.07810361783312192	0.9218963821668779	NONCODEv6_ATH.fa
NONATHT000141	lncRNA	0.24289627063240435	0.757103729367596	NONCODEv6_ATH.fa
NONATHT000142	lncRNA	0.12350969058030395	0.876490309419696	NONCODEv6_ATH.fa
NONATHT000143	lncRNA	0.05843033029016097	0.9415696697098399	NONCODEv6_ATH.fa
NONATHT000144	lncRNA	0.006971031006294339	0.9930289689937061	NONCODEv6_ATH.fa
NONATHT000145	lncRNA	0.09966434904371373	0.9003356509562866	NONCODEv6_ATH.fa
NONATHT000146	lncRNA	0.048234822880175054	0.9517651771198248	NONCODEv6_ATH.fa
NONATHT000147	lncRNA	0.07758393682950122	0.9224160631704988	NONCODEv6_ATH.fa
NONATHT000148	lncRNA	0.11427518552234397	0.8857248144776563	NONCODEv6_ATH.fa
NONATHT000149	lncRNA	0.1097120569922143	0.890287943007786	NONCODEv6_ATH.fa
NONATHT000150	lncRNA	0.01765622469243282	0.9823437753075677	NONCODEv6_ATH.fa
NONATHT000151	lncRNA	0.25043169198693277	0.7495683080130668	NONCODEv6_ATH.fa
NONATHT000152	lncRNA	0.07546819159684126	0.9245318084031587	NONCODEv6_ATH.fa
NONATHT000153	lncRNA	0.10357186686626155	0.8964281331337391	NONCODEv6_ATH.fa
NONATHT000154	lncRNA	0.01721576945759755	0.9827842305424028	NONCODEv6_ATH.fa
NONATHT000155	lncRNA	0.02018507402314717	0.9798149259768529	NONCODEv6_ATH.fa
NONATHT000156	lncRNA	0.4098939732899846	0.5901060267100153	NONCODEv6_ATH.fa
NONATHT000157	lncRNA	0.040206087100945934	0.9597939128990542	NONCODEv6_ATH.fa
NONATHT000158	lncRNA	0.07224764092171838	0.9277523590782814	NONCODEv6_ATH.fa
NONATHT000159	lncRNA	0.3487189412440424	0.6512810587559575	NONCODEv6_ATH.fa
NONATHT000160	lncRNA	0.055133549147933315	0.9448664508520669	NONCODEv6_ATH.fa
NONATHT000161	lncRNA	0.1177681410779179	0.8822318589220827	NONCODEv6_ATH.fa
NONATHT000162	lncRNA	0.03284981050001975	0.9671501894999806	NONCODEv6_ATH.fa
NONATHT000163	lncRNA	0.3849356557072117	0.6150643442927887	NONCODEv6_ATH.fa
NONATHT000164	lncRNA	0.1391633333485353	0.8608366666514647	NONCODEv6_ATH.fa
NONATHT000165	lncRNA	0.10925920302745427	0.8907407969725456	NONCODEv6_ATH.fa
NONATHT000166	lncRNA	0.0339412858464672	0.9660587141535331	NONCODEv6_ATH.fa
NONATHT000167	lncRNA	0.35895980095762936	0.6410401990423709	NONCODEv6_ATH.fa
NONATHT000168	lncRNA	0.37432846399747105	0.6256715360025288	NONCODEv6_ATH.fa
NONATHT000169	lncRNA	0.05791895969900156	0.9420810403009982	NONCODEv6_ATH.fa
NONATHT000170	lncRNA	0.035172414230009955	0.9648275857699902	NONCODEv6_ATH.fa
NONATHT000171	lncRNA	0.048539402366361825	0.951460597633638	NONCODEv6_ATH.fa
NONATHT000172	lncRNA	0.03487464182533156	0.9651253581746684	NONCODEv6_ATH.fa
NONATHT000173	lncRNA	0.27077939798864065	0.7292206020113597	NONCODEv6_ATH.fa
NONATHT000174	lncRNA	0.19352479179933252	0.8064752082006666	NONCODEv6_ATH.fa
NONATHT000175	lncRNA	0.28714429203886876	0.7128557079611315	NONCODEv6_ATH.fa
NONATHT000176	lncRNA	0.2582760464490358	0.7417239535509644	NONCODEv6_ATH.fa
NONATHT000177	lncRNA	0.38232249623094644	0.6176775037690537	NONCODEv6_ATH.fa
NONATHT000178	lncRNA	0.08267547686242609	0.9173245231375742	NONCODEv6_ATH.fa
NONATHT000179	lncRNA	0.1288490956849874	0.8711509043150126	NONCODEv6_ATH.fa
NONATHT000180	lncRNA	0.26872563716608266	0.7312743628339172	NONCODEv6_ATH.fa
NONATHT000181	lncRNA	0.16490281277159058	0.8350971872284098	NONCODEv6_ATH.fa
NONATHT000182	lncRNA	0.283999550203381	0.7160004497966188	NONCODEv6_ATH.fa
NONATHT000183	lncRNA	0.14253210386202592	0.8574678961379744	NONCODEv6_ATH.fa
NONATHT000184	lncRNA	0.047518810830075156	0.9524811891699247	NONCODEv6_ATH.fa
NONATHT000185	lncRNA	0.21466625759866143	0.7853337424013389	NONCODEv6_ATH.fa
NONATHT000186	lncRNA	0.3145300686796091	0.6854699313203907	NONCODEv6_ATH.fa
NONATHT000187	lncRNA	0.08281157398793591	0.9171884260120643	NONCODEv6_ATH.fa
NONATHT000188	lncRNA	0.18038411310873548	0.819615886891265	NONCODEv6_ATH.fa
NONATHT000189	lncRNA	0.12077107672751086	0.8792289232724895	NONCODEv6_ATH.fa
NONATHT000190	lncRNA	0.014886443185102741	0.9851135568148973	NONCODEv6_ATH.fa
NONATHT000191	lncRNA	0.10647785778103208	0.8935221422189682	NONCODEv6_ATH.fa
NONATHT000192	lncRNA	0.10760882880882011	0.8923911711911802	NONCODEv6_ATH.fa
NONATHT000193	lncRNA	0.08979841314806616	0.910201586851934	NONCODEv6_ATH.fa
NONATHT000194	lncRNA	0.0691594831800736	0.9308405168199262	NONCODEv6_ATH.fa
NONATHT000195	lncRNA	0.15463790256511317	0.8453620974348875	NONCODEv6_ATH.fa
NONATHT000196	lncRNA	0.22713037134062172	0.7728696286593785	NONCODEv6_ATH.fa
NONATHT000197	lncRNA	0.11205605024573705	0.8879439497542636	NONCODEv6_ATH.fa
NONATHT000198	lncRNA	0.3693110288894556	0.6306889711105442	NONCODEv6_ATH.fa
NONATHT000199	lncRNA	0.06796289640622899	0.9320371035937718	NONCODEv6_ATH.fa
NONATHT000200	lncRNA	0.08164971819831496	0.9183502818016861	NONCODEv6_ATH.fa
NONATHT000201	lncRNA	0.1938142272429923	0.8061857727570081	NONCODEv6_ATH.fa
NONATHT000202	lncRNA	0.04053951376788378	0.959460486232117	NONCODEv6_ATH.fa
NONATHT000203	lncRNA	0.027952240308338906	0.9720477596916616	NONCODEv6_ATH.fa
NONATHT000204	lncRNA	0.09241806464610147	0.9075819353538986	NONCODEv6_ATH.fa
NONATHT000205	lncRNA	0.30590030423506637	0.6940996957649335	NONCODEv6_ATH.fa
NONATHT000206	lncRNA	0.2865315574306602	0.7134684425693405	NONCODEv6_ATH.fa
NONATHT000207	lncRNA	0.3343076866692174	0.6656923133307828	NONCODEv6_ATH.fa
NONATHT000208	lncRNA	0.10586196921222753	0.894138030787772	NONCODEv6_ATH.fa
NONATHT000209	Protein_Coding	0.6085544634234339	0.3914455365765661	NONCODEv6_ATH.fa
NONATHT000210	lncRNA	0.15344724893886935	0.8465527510611308	NONCODEv6_ATH.fa
NONATHT000211	lncRNA	0.12060101328815857	0.8793989867118418	NONCODEv6_ATH.fa
NONATHT000212	lncRNA	0.048377499630841723	0.9516225003691584	NONCODEv6_ATH.fa
NONATHT000213	lncRNA	0.2676256708124343	0.7323743291875658	NONCODEv6_ATH.fa
NONATHT000214	lncRNA	0.012784588790882106	0.9872154112091179	NONCODEv6_ATH.fa
NONATHT000215	lncRNA	0.009371433670542778	0.9906285663294575	NONCODEv6_ATH.fa
NONATHT000216	lncRNA	0.2967200779741763	0.7032799220258241	NONCODEv6_ATH.fa
NONATHT000217	lncRNA	0.10025429550214493	0.8997457044978555	NONCODEv6_ATH.fa
NONATHT000218	lncRNA	0.09546691814607307	0.9045330818539271	NONCODEv6_ATH.fa
NONATHT000219	lncRNA	0.04684513782349327	0.953154862176507	NONCODEv6_ATH.fa
NONATHT000220	lncRNA	0.0955941403957144	0.9044058596042859	NONCODEv6_ATH.fa
NONATHT000221	lncRNA	0.05685052596590554	0.9431494740340941	NONCODEv6_ATH.fa
NONATHT000222	lncRNA	0.46196633611312926	0.5380336638868707	NONCODEv6_ATH.fa
NONATHT000223	lncRNA	0.16940016430291385	0.8305998356970867	NONCODEv6_ATH.fa
NONATHT000224	lncRNA	0.18052245682838355	0.8194775431716166	NONCODEv6_ATH.fa
NONATHT000225	lncRNA	0.029365386765552035	0.9706346132344487	NONCODEv6_ATH.fa
NONATHT000226	lncRNA	0.05335776648841303	0.9466422335115869	NONCODEv6_ATH.fa
NONATHT000227	lncRNA	0.24681197619190923	0.7531880238080909	NONCODEv6_ATH.fa
NONATHT000228	lncRNA	0.12284303281384942	0.8771569671861505	NONCODEv6_ATH.fa
NONATHT000229	lncRNA	0.12358540646269635	0.8764145935373037	NONCODEv6_ATH.fa
NONATHT000230	lncRNA	0.10620392387579665	0.8937960761242036	NONCODEv6_ATH.fa
NONATHT000231	lncRNA	0.09320935474983046	0.9067906452501702	NONCODEv6_ATH.fa
NONATHT000232	lncRNA	0.15374860209653862	0.8462513979034615	NONCODEv6_ATH.fa
NONATHT000233	lncRNA	0.4395125842708327	0.5604874157291673	NONCODEv6_ATH.fa
NONATHT000234	lncRNA	0.032599355266851496	0.9674006447331494	NONCODEv6_ATH.fa
NONATHT000235	lncRNA	0.07004559602308293	0.9299544039769171	NONCODEv6_ATH.fa
NONATHT000236	lncRNA	0.011737813676498192	0.9882621863235019	NONCODEv6_ATH.fa
NONATHT000237	lncRNA	0.045573856311694416	0.9544261436883057	NONCODEv6_ATH.fa
NONATHT000238	lncRNA	0.1698136179471928	0.8301863820528076	NONCODEv6_ATH.fa
NONATHT000239	lncRNA	0.06290515965590096	0.9370948403440996	NONCODEv6_ATH.fa
NONATHT000240	lncRNA	0.17148381827953196	0.8285161817204681	NONCODEv6_ATH.fa
NONATHT000241	Protein_Coding	0.605636341732719	0.3943636582672811	NONCODEv6_ATH.fa
NONATHT000242	lncRNA	0.18696253091685897	0.8130374690831416	NONCODEv6_ATH.fa
NONATHT000243	lncRNA	0.0329385603371947	0.9670614396628052	NONCODEv6_ATH.fa
NONATHT000244	lncRNA	0.22869070950859344	0.7713092904914066	NONCODEv6_ATH.fa
NONATHT000245	lncRNA	0.07582079570220479	0.9241792042977953	NONCODEv6_ATH.fa
NONATHT000246	lncRNA	0.13081306046709731	0.869186939532903	NONCODEv6_ATH.fa
NONATHT000247	lncRNA	0.014495843282557945	0.9855041567174423	NONCODEv6_ATH.fa
NONATHT000248	lncRNA	0.22938639055200072	0.7706136094479996	NONCODEv6_ATH.fa
NONATHT000249	lncRNA	0.17356703844759921	0.8264329615524006	NONCODEv6_ATH.fa
NONATHT000250	lncRNA	0.17003050486566268	0.8299694951343376	NONCODEv6_ATH.fa
NONATHT000251	lncRNA	0.0939435166555847	0.9060564833444154	NONCODEv6_ATH.fa
NONATHT000252	lncRNA	0.143071809980633	0.8569281900193672	NONCODEv6_ATH.fa
NONATHT000253	lncRNA	0.060413030150256716	0.9395869698497434	NONCODEv6_ATH.fa
NONATHT000254	lncRNA	0.14930535784397575	0.8506946421560242	NONCODEv6_ATH.fa
NONATHT000255	lncRNA	0.2491866910897554	0.7508133089102448	NONCODEv6_ATH.fa
NONATHT000256	lncRNA	0.14410348634981227	0.8558965136501875	NONCODEv6_ATH.fa
NONATHT000257	lncRNA	0.12656976568665085	0.8734302343133489	NONCODEv6_ATH.fa
NONATHT000258	lncRNA	0.07716771127459258	0.9228322887254085	NONCODEv6_ATH.fa
NONATHT000259	lncRNA	0.07033611206192003	0.9296638879380803	NONCODEv6_ATH.fa
NONATHT000260	lncRNA	0.32058566870718086	0.6794143312928193	NONCODEv6_ATH.fa
NONATHT000261	lncRNA	0.08913082497552624	0.9108691750244744	NONCODEv6_ATH.fa
NONATHT000262	lncRNA	0.3531107365026457	0.6468892634973542	NONCODEv6_ATH.fa
NONATHT000263	lncRNA	0.14807144828705668	0.8519285517129437	NONCODEv6_ATH.fa
NONATHT000264	lncRNA	0.07717935894173097	0.9228206410582691	NONCODEv6_ATH.fa
NONATHT000265	lncRNA	0.09305869303017476	0.9069413069698252	NONCODEv6_ATH.fa
NONATHT000266	lncRNA	0.04126749231165555	0.9587325076883445	NONCODEv6_ATH.fa
NONATHT000267	lncRNA	0.07223657427153593	0.9277634257284644	NONCODEv6_ATH.fa
NONATHT000268	lncRNA	0.06874346142018711	0.9312565385798134	NONCODEv6_ATH.fa
NONATHT000269	lncRNA	0.012808623214809222	0.9871913767851909	NONCODEv6_ATH.fa
NONATHT000270	lncRNA	0.16975737707837965	0.8302426229216205	NONCODEv6_ATH.fa
NONATHT000271	lncRNA	0.27414385178292	0.7258561482170802	NONCODEv6_ATH.fa
NONATHT000272	lncRNA	0.16264004942817525	0.8373599505718246	NONCODEv6_ATH.fa
NONATHT000273	lncRNA	0.35054795843729475	0.6494520415627053	NONCODEv6_ATH.fa
NONATHT000274	lncRNA	0.16101205996954135	0.838987940030459	NONCODEv6_ATH.fa
NONATHT000275	lncRNA	0.056845464925195335	0.943154535074805	NONCODEv6_ATH.fa
NONATHT000276	lncRNA	0.1884257272336885	0.8115742727663116	NONCODEv6_ATH.fa
NONATHT000277	lncRNA	0.06047596079886284	0.9395240392011373	NONCODEv6_ATH.fa
NONATHT000278	lncRNA	0.14619080923145386	0.8538091907685458	NONCODEv6_ATH.fa
NONATHT000279	lncRNA	0.07150831290337605	0.9284916870966239	NONCODEv6_ATH.fa
NONATHT000280	lncRNA	0.01296406130628295	0.9870359386937172	NONCODEv6_ATH.fa
NONATHT000281	lncRNA	0.17812349829473723	0.8218765017052624	NONCODEv6_ATH.fa
NONATHT000282	lncRNA	0.022728328888785537	0.9772716711112149	NONCODEv6_ATH.fa
NONATHT000283	lncRNA	0.009228159981243378	0.9907718400187566	NONCODEv6_ATH.fa
NONATHT000284	lncRNA	0.03031665547187269	0.9696833445281274	NONCODEv6_ATH.fa
NONATHT000285	lncRNA	0.029067766343555314	0.9709322336564449	NONCODEv6_ATH.fa
NONATHT000286	lncRNA	0.15727445185914732	0.8427255481408525	NONCODEv6_ATH.fa
NONATHT000287	lncRNA	0.30362626465826154	0.6963737353417386	NONCODEv6_ATH.fa
NONATHT000288	lncRNA	0.07699514055339686	0.9230048594466032	NONCODEv6_ATH.fa
NONATHT000289	lncRNA	0.08789982545127531	0.9121001745487245	NONCODEv6_ATH.fa
NONATHT000290	lncRNA	0.12715723633911455	0.8728427636608855	NONCODEv6_ATH.fa
NONATHT000291	lncRNA	0.018656382611792522	0.9813436173882077	NONCODEv6_ATH.fa
NONATHT000292	lncRNA	0.4954883416073868	0.5045116583926132	NONCODEv6_ATH.fa
NONATHT000293	lncRNA	0.3792410010318895	0.6207589989681107	NONCODEv6_ATH.fa
NONATHT000294	lncRNA	0.06805153530870005	0.9319484646913001	NONCODEv6_ATH.fa
NONATHT000295	lncRNA	0.19609787115481983	0.8039021288451801	NONCODEv6_ATH.fa
NONATHT000296	lncRNA	0.11706282214421687	0.882937177855783	NONCODEv6_ATH.fa
NONATHT000297	lncRNA	0.028875688535551267	0.9711243114644492	NONCODEv6_ATH.fa
NONATHT000298	lncRNA	0.011132156824479138	0.9888678431755209	NONCODEv6_ATH.fa
NONATHT000299	lncRNA	0.0932808156923504	0.9067191843076498	NONCODEv6_ATH.fa
NONATHT000300	lncRNA	0.4040031447885616	0.5959968552114381	NONCODEv6_ATH.fa
NONATHT000301	lncRNA	0.28126237143255106	0.7187376285674493	NONCODEv6_ATH.fa
NONATHT000302	lncRNA	0.36852953090338336	0.6314704690966166	NONCODEv6_ATH.fa
NONATHT000303	lncRNA	0.19719797431035804	0.8028020256896422	NONCODEv6_ATH.fa
NONATHT000304	lncRNA	0.07872711453289466	0.9212728854671055	NONCODEv6_ATH.fa
NONATHT000305	lncRNA	0.12246370907419642	0.8775362909258035	NONCODEv6_ATH.fa
NONATHT000306	lncRNA	0.1154184384505023	0.884581561549498	NONCODEv6_ATH.fa
NONATHT000307	lncRNA	0.1127878743722043	0.8872121256277957	NONCODEv6_ATH.fa
NONATHT000308	lncRNA	0.15513745807895027	0.8448625419210499	NONCODEv6_ATH.fa
NONATHT000309	lncRNA	0.23281313842456913	0.7671868615754314	NONCODEv6_ATH.fa
NONATHT000310	lncRNA	0.3798887090600984	0.6201112909399012	NONCODEv6_ATH.fa
NONATHT000311	lncRNA	0.17962273318638777	0.8203772668136124	NONCODEv6_ATH.fa
NONATHT000312	lncRNA	0.0854732078788475	0.9145267921211524	NONCODEv6_ATH.fa
NONATHT000313	lncRNA	0.3124942635256731	0.6875057364743268	NONCODEv6_ATH.fa
NONATHT000314	lncRNA	0.2135075102360778	0.7864924897639226	NONCODEv6_ATH.fa
NONATHT000315	lncRNA	0.1063129590717306	0.8936870409282703	NONCODEv6_ATH.fa
NONATHT000316	lncRNA	0.11054480218293418	0.8894551978170661	NONCODEv6_ATH.fa
NONATHT000317	lncRNA	0.25299430037937914	0.747005699620621	NONCODEv6_ATH.fa
NONATHT000318	lncRNA	0.12074112306631792	0.8792588769336823	NONCODEv6_ATH.fa
NONATHT000319	lncRNA	0.1437258063690184	0.856274193630982	NONCODEv6_ATH.fa
NONATHT000320	Protein_Coding	0.5165078062175179	0.48349219378248204	NONCODEv6_ATH.fa
NONATHT000321	lncRNA	0.25522032575027337	0.7447796742497266	NONCODEv6_ATH.fa
NONATHT000322	lncRNA	0.21544463083004511	0.7845553691699548	NONCODEv6_ATH.fa
NONATHT000323	lncRNA	0.14187011669760563	0.8581298833023948	NONCODEv6_ATH.fa
NONATHT000324	lncRNA	0.21195244919066522	0.7880475508093345	NONCODEv6_ATH.fa
NONATHT000325	lncRNA	0.04739369384004745	0.9526063061599528	NONCODEv6_ATH.fa
NONATHT000326	lncRNA	0.048166327589551826	0.9518336724104483	NONCODEv6_ATH.fa
NONATHT000327	lncRNA	0.09056323220752144	0.9094367677924783	NONCODEv6_ATH.fa
NONATHT000328	lncRNA	0.22511299176838065	0.77488700823162	NONCODEv6_ATH.fa
NONATHT000329	lncRNA	0.12805629586901152	0.8719437041309888	NONCODEv6_ATH.fa
NONATHT000330	lncRNA	0.41104025812802636	0.5889597418719736	NONCODEv6_ATH.fa
NONATHT000331	Protein_Coding	0.5277218276588943	0.47227817234110564	NONCODEv6_ATH.fa
NONATHT000332	lncRNA	0.052748638473058225	0.9472513615269418	NONCODEv6_ATH.fa
NONATHT000333	lncRNA	0.21486123563935913	0.7851387643606408	NONCODEv6_ATH.fa
NONATHT000334	lncRNA	0.3310602644568601	0.66893973554314	NONCODEv6_ATH.fa
NONATHT000335	lncRNA	0.15506718201197367	0.8449328179880266	NONCODEv6_ATH.fa
NONATHT000336	lncRNA	0.09186522067526946	0.908134779324731	NONCODEv6_ATH.fa
NONATHT000337	lncRNA	0.17079234190870404	0.8292076580912962	NONCODEv6_ATH.fa
NONATHT000338	lncRNA	0.14289985886699913	0.8571001411330004	NONCODEv6_ATH.fa
NONATHT000339	lncRNA	0.05761761870398156	0.9423823812960186	NONCODEv6_ATH.fa
NONATHT000340	lncRNA	0.08256284395886569	0.9174371560411345	NONCODEv6_ATH.fa
NONATHT000341	lncRNA	0.2977315182678203	0.70226848173218	NONCODEv6_ATH.fa
NONATHT000342	lncRNA	0.07373257587384699	0.9262674241261533	NONCODEv6_ATH.fa
NONATHT000343	lncRNA	0.36121123992922166	0.6387887600707788	NONCODEv6_ATH.fa
NONATHT000344	lncRNA	0.07617910779735074	0.9238208922026495	NONCODEv6_ATH.fa
NONATHT000345	lncRNA	0.05776595601755583	0.9422340439824445	NONCODEv6_ATH.fa
NONATHT000346	lncRNA	0.15478422867330052	0.8452157713266993	NONCODEv6_ATH.fa
NONATHT000347	lncRNA	0.060856162847443114	0.9391438371525569	NONCODEv6_ATH.fa
NONATHT000348	lncRNA	0.15766724660727507	0.842332753392725	NONCODEv6_ATH.fa
NONATHT000349	lncRNA	0.39646864464668985	0.6035313553533102	NONCODEv6_ATH.fa
NONATHT000350	lncRNA	0.061828780294469976	0.9381712197055305	NONCODEv6_ATH.fa
NONATHT000351	lncRNA	0.2013905777977493	0.7986094222022513	NONCODEv6_ATH.fa
NONATHT000352	lncRNA	0.09968203671337013	0.9003179632866304	NONCODEv6_ATH.fa
NONATHT000353	lncRNA	0.0915676409512759	0.9084323590487238	NONCODEv6_ATH.fa
NONATHT000354	lncRNA	0.04609739418336413	0.953902605816636	NONCODEv6_ATH.fa
NONATHT000355	lncRNA	0.04542205244112489	0.954577947558875	NONCODEv6_ATH.fa
NONATHT000356	lncRNA	0.4348173034887461	0.5651826965112537	NONCODEv6_ATH.fa
NONATHT000357	lncRNA	0.4731154224032634	0.5268845775967366	NONCODEv6_ATH.fa
NONATHT000358	lncRNA	0.4610985803624772	0.5389014196375226	NONCODEv6_ATH.fa
NONATHT000359	lncRNA	0.4477822652380243	0.5522177347619757	NONCODEv6_ATH.fa
NONATHT000362	lncRNA	0.45878362830506075	0.541216371694939	NONCODEv6_ATH.fa
NONATHT000363	lncRNA	0.45878362830506075	0.541216371694939	NONCODEv6_ATH.fa
NONATHT000360	lncRNA	0.45878362830506075	0.541216371694939	NONCODEv6_ATH.fa
NONATHT000361	lncRNA	0.45878362830506075	0.541216371694939	NONCODEv6_ATH.fa
NONATHT000364	lncRNA	0.21124126727036222	0.7887587327296378	NONCODEv6_ATH.fa
NONATHT000365	lncRNA	0.08742692774054377	0.9125730722594563	NONCODEv6_ATH.fa
NONATHT000366	lncRNA	0.1501439571828356	0.849856042817165	NONCODEv6_ATH.fa
NONATHT000367	lncRNA	0.19230943479734405	0.8076905652026561	NONCODEv6_ATH.fa
NONATHT000368	lncRNA	0.11947151477548602	0.8805284852245144	NONCODEv6_ATH.fa
NONATHT000370	lncRNA	0.33170388441031584	0.6682961155896842	NONCODEv6_ATH.fa
NONATHT000369	lncRNA	0.3496353171910673	0.6503646828089323	NONCODEv6_ATH.fa
NONATHT000371	Protein_Coding	0.5443877288798868	0.4556122711201131	NONCODEv6_ATH.fa
NONATHT000372	lncRNA	0.08895851101873706	0.9110414889812636	NONCODEv6_ATH.fa
NONATHT000373	lncRNA	0.10363355887186106	0.8963664411281398	NONCODEv6_ATH.fa
NONATHT000374	lncRNA	0.46074678731175184	0.5392532126882482	NONCODEv6_ATH.fa
NONATHT000375	lncRNA	0.2523731217310013	0.7476268782689987	NONCODEv6_ATH.fa
NONATHT000376	lncRNA	0.05809313609606836	0.941906863903932	NONCODEv6_ATH.fa
NONATHT000377	lncRNA	0.01180626520664506	0.988193734793355	NONCODEv6_ATH.fa
NONATHT000378	lncRNA	0.052092012534611584	0.9479079874653887	NONCODEv6_ATH.fa
NONATHT000379	lncRNA	0.03097449140068048	0.9690255085993197	NONCODEv6_ATH.fa
NONATHT000380	lncRNA	0.12075859635813496	0.8792414036418651	NONCODEv6_ATH.fa
NONATHT000381	lncRNA	0.2848490453302811	0.7151509546697192	NONCODEv6_ATH.fa
NONATHT000382	lncRNA	0.2848490453302811	0.7151509546697192	NONCODEv6_ATH.fa
NONATHT000383	lncRNA	0.2848490453302811	0.7151509546697192	NONCODEv6_ATH.fa
NONATHT000384	lncRNA	0.1755655798168898	0.8244344201831104	NONCODEv6_ATH.fa
NONATHT000385	lncRNA	0.14436996308840852	0.8556300369115919	NONCODEv6_ATH.fa
NONATHT000386	lncRNA	0.1551364614978636	0.8448635385021371	NONCODEv6_ATH.fa
NONATHT000387	lncRNA	0.08545265078293518	0.9145473492170655	NONCODEv6_ATH.fa
NONATHT000388	lncRNA	0.11458387370585651	0.8854161262941439	NONCODEv6_ATH.fa
NONATHT000389	lncRNA	0.06206530409039201	0.9379346959096079	NONCODEv6_ATH.fa
NONATHT000390	lncRNA	0.04402601855650481	0.9559739814434949	NONCODEv6_ATH.fa
NONATHT000391	lncRNA	0.1035159756778958	0.8964840243221044	NONCODEv6_ATH.fa
NONATHT000393	lncRNA	0.08034843300785095	0.9196515669921497	NONCODEv6_ATH.fa
NONATHT000392	lncRNA	0.08034843300785095	0.9196515669921497	NONCODEv6_ATH.fa
NONATHT000394	lncRNA	0.04264216200716565	0.9573578379928346	NONCODEv6_ATH.fa
NONATHT000395	lncRNA	0.08076218272240869	0.919237817277591	NONCODEv6_ATH.fa
NONATHT000396	lncRNA	0.09725747149874436	0.9027425285012556	NONCODEv6_ATH.fa
NONATHT000397	lncRNA	0.09183561246232633	0.9081643875376738	NONCODEv6_ATH.fa
NONATHT000398	lncRNA	0.29256496666790055	0.7074350333320999	NONCODEv6_ATH.fa
NONATHT000399	lncRNA	0.062282697026153896	0.9377173029738457	NONCODEv6_ATH.fa
NONATHT000400	Protein_Coding	0.6058830944680079	0.3941169055319918	NONCODEv6_ATH.fa
NONATHT000401	lncRNA	0.11179425675269064	0.8882057432473096	NONCODEv6_ATH.fa
NONATHT000402	lncRNA	0.1944179256574097	0.8055820743425907	NONCODEv6_ATH.fa
NONATHT000403	lncRNA	0.225690628529489	0.7743093714705113	NONCODEv6_ATH.fa
NONATHT000404	lncRNA	0.2102073739386841	0.7897926260613162	NONCODEv6_ATH.fa
NONATHT000405	lncRNA	0.2331384206717796	0.7668615793282203	NONCODEv6_ATH.fa
NONATHT000406	lncRNA	0.14342189963858343	0.8565781003614169	NONCODEv6_ATH.fa
NONATHT000407	lncRNA	0.19291843168178663	0.8070815683182136	NONCODEv6_ATH.fa
NONATHT000408	lncRNA	0.19291843168178663	0.8070815683182136	NONCODEv6_ATH.fa
NONATHT000409	lncRNA	0.2330042251902566	0.7669957748097431	NONCODEv6_ATH.fa
NONATHT000410	lncRNA	0.05059875373532213	0.9494012462646785	NONCODEv6_ATH.fa
NONATHT000411	lncRNA	0.1829352018698888	0.8170647981301115	NONCODEv6_ATH.fa
NONATHT000412	lncRNA	0.0506419768334452	0.9493580231665544	NONCODEv6_ATH.fa
NONATHT000413	lncRNA	0.15792987722080334	0.8420701227791966	NONCODEv6_ATH.fa
NONATHT000414	lncRNA	0.1191467200723245	0.8808532799276759	NONCODEv6_ATH.fa
NONATHT000415	lncRNA	0.04831742534337949	0.9516825746566203	NONCODEv6_ATH.fa
NONATHT000416	lncRNA	0.1404016368078941	0.859598363192106	NONCODEv6_ATH.fa
NONATHT000417	lncRNA	0.10749022879148777	0.8925097712085123	NONCODEv6_ATH.fa
NONATHT000418	lncRNA	0.25733045107325797	0.7426695489267419	NONCODEv6_ATH.fa
NONATHT000419	lncRNA	0.20557747993779474	0.7944225200622056	NONCODEv6_ATH.fa
NONATHT000420	lncRNA	0.05688707248293212	0.9431129275170682	NONCODEv6_ATH.fa
NONATHT000421	lncRNA	0.24633221674169642	0.7536677832583034	NONCODEv6_ATH.fa
NONATHT000422	lncRNA	0.051745155121143104	0.9482548448788575	NONCODEv6_ATH.fa
NONATHT000423	lncRNA	0.11371772946336856	0.8862822705366318	NONCODEv6_ATH.fa
NONATHT000424	lncRNA	0.10102369697154241	0.8989763030284584	NONCODEv6_ATH.fa
NONATHT000425	lncRNA	0.0506013864530605	0.9493986135469396	NONCODEv6_ATH.fa
NONATHT000426	lncRNA	0.25322019294324116	0.746779807056759	NONCODEv6_ATH.fa
NONATHT000427	lncRNA	0.20321537030638864	0.7967846296936115	NONCODEv6_ATH.fa
NONATHT000428	lncRNA	0.13969426386239742	0.8603057361376029	NONCODEv6_ATH.fa
NONATHT000429	lncRNA	0.19787431878254935	0.8021256812174508	NONCODEv6_ATH.fa
NONATHT000430	lncRNA	0.0806124856607185	0.9193875143392821	NONCODEv6_ATH.fa
NONATHT000431	Protein_Coding	0.5056906821546369	0.49430931784536314	NONCODEv6_ATH.fa
NONATHT000432	lncRNA	0.2981940831415906	0.7018059168584094	NONCODEv6_ATH.fa
NONATHT000433	lncRNA	0.28588429270092597	0.7141157072990739	NONCODEv6_ATH.fa
NONATHT000434	lncRNA	0.23778682141207944	0.7622131785879207	NONCODEv6_ATH.fa
NONATHT000435	lncRNA	0.284055061417285	0.7159449385827149	NONCODEv6_ATH.fa
NONATHT000436	lncRNA	0.12247950107540358	0.8775204989245966	NONCODEv6_ATH.fa
NONATHT000437	lncRNA	0.11375605928105345	0.8862439407189474	NONCODEv6_ATH.fa
NONATHT000438	lncRNA	0.1120661102442129	0.8879338897557869	NONCODEv6_ATH.fa
NONATHT000439	lncRNA	0.0874045164511567	0.912595483548844	NONCODEv6_ATH.fa
NONATHT000440	lncRNA	0.06928351027386047	0.9307164897261399	NONCODEv6_ATH.fa
NONATHT000441	lncRNA	0.04970040361638206	0.9502995963836179	NONCODEv6_ATH.fa
NONATHT000442	lncRNA	0.027234089748975128	0.9727659102510252	NONCODEv6_ATH.fa
NONATHT000443	lncRNA	0.3487863590653899	0.6512136409346103	NONCODEv6_ATH.fa
NONATHT000444	lncRNA	0.12023051813065856	0.8797694818693409	NONCODEv6_ATH.fa
NONATHT000445	lncRNA	0.26189856015796364	0.7381014398420368	NONCODEv6_ATH.fa
NONATHT000446	lncRNA	0.08618255744251097	0.9138174425574889	NONCODEv6_ATH.fa
NONATHT000447	lncRNA	0.1046862365327277	0.8953137634672724	NONCODEv6_ATH.fa
NONATHT000448	lncRNA	0.0391606111683957	0.9608393888316042	NONCODEv6_ATH.fa
NONATHT000449	lncRNA	0.3629388979208814	0.6370611020791183	NONCODEv6_ATH.fa
NONATHT000451	lncRNA	0.17769018690722332	0.8223098130927768	NONCODEv6_ATH.fa
NONATHT000450	lncRNA	0.14712712937178346	0.852872870628217	NONCODEv6_ATH.fa
NONATHT000452	lncRNA	0.2432637017638828	0.7567362982361172	NONCODEv6_ATH.fa
NONATHT000453	lncRNA	0.31969520727237055	0.6803047927276298	NONCODEv6_ATH.fa
NONATHT000454	lncRNA	0.042376251773917024	0.9576237482260828	NONCODEv6_ATH.fa
NONATHT000455	lncRNA	0.07468837906275835	0.9253116209372418	NONCODEv6_ATH.fa
NONATHT000456	lncRNA	0.3623655613589959	0.637634438641004	NONCODEv6_ATH.fa
NONATHT000457	lncRNA	0.30923585210835486	0.6907641478916455	NONCODEv6_ATH.fa
NONATHT000458	lncRNA	0.08454101223121414	0.9154589877687861	NONCODEv6_ATH.fa
NONATHT000459	lncRNA	0.06806102734514824	0.9319389726548518	NONCODEv6_ATH.fa
NONATHT000460	lncRNA	0.09572392021405497	0.9042760797859454	NONCODEv6_ATH.fa
NONATHT000461	lncRNA	0.10218505338158942	0.8978149466184107	NONCODEv6_ATH.fa
NONATHT000462	lncRNA	0.04967640965335177	0.9503235903466483	NONCODEv6_ATH.fa
NONATHT000463	lncRNA	0.22834438869876061	0.7716556113012398	NONCODEv6_ATH.fa
NONATHT000464	lncRNA	0.10219791311479326	0.8978020868852067	NONCODEv6_ATH.fa
NONATHT000465	lncRNA	0.15664405081625096	0.8433559491837491	NONCODEv6_ATH.fa
NONATHT000466	lncRNA	0.14711986328083212	0.8528801367191676	NONCODEv6_ATH.fa
NONATHT000467	lncRNA	0.08666594709680603	0.9133340529031932	NONCODEv6_ATH.fa
NONATHT000468	lncRNA	0.30883155615104857	0.6911684438489509	NONCODEv6_ATH.fa
NONATHT000469	lncRNA	0.15625356769890686	0.843746432301093	NONCODEv6_ATH.fa
NONATHT000470	lncRNA	0.05126980276561874	0.9487301972343815	NONCODEv6_ATH.fa
NONATHT000471	lncRNA	0.17811764919735731	0.8218823508026427	NONCODEv6_ATH.fa
NONATHT000472	lncRNA	0.3109756765709094	0.6890243234290911	NONCODEv6_ATH.fa
NONATHT000473	lncRNA	0.15264574270366424	0.8473542572963364	NONCODEv6_ATH.fa
NONATHT000474	lncRNA	0.057424131058343146	0.942575868941657	NONCODEv6_ATH.fa
NONATHT000475	lncRNA	0.27514903586705053	0.7248509641329492	NONCODEv6_ATH.fa
NONATHT000476	lncRNA	0.15113335074789366	0.8488666492521066	NONCODEv6_ATH.fa
NONATHT000477	lncRNA	0.01227772828371471	0.9877222717162855	NONCODEv6_ATH.fa
NONATHT000478	lncRNA	0.07435880430283692	0.9256411956971634	NONCODEv6_ATH.fa
NONATHT000479	lncRNA	0.01227772828371471	0.9877222717162855	NONCODEv6_ATH.fa
NONATHT000480	lncRNA	0.24193397992099372	0.7580660200790064	NONCODEv6_ATH.fa
NONATHT000481	lncRNA	0.24193397992099372	0.7580660200790064	NONCODEv6_ATH.fa
NONATHT000482	lncRNA	0.09247482466145676	0.9075251753385434	NONCODEv6_ATH.fa
NONATHT000483	lncRNA	0.035998863102885414	0.9640011368971152	NONCODEv6_ATH.fa
NONATHT000484	Protein_Coding	0.5001935461038575	0.4998064538961424	NONCODEv6_ATH.fa
NONATHT000485	Protein_Coding	0.5077789889731045	0.49222101102689547	NONCODEv6_ATH.fa
NONATHT000486	lncRNA	0.48049061040577756	0.5195093895942225	NONCODEv6_ATH.fa
NONATHT000487	lncRNA	0.299412970302324	0.7005870296976764	NONCODEv6_ATH.fa
NONATHT000488	lncRNA	0.38693523285542497	0.6130647671445749	NONCODEv6_ATH.fa
NONATHT000489	lncRNA	0.30893475729963166	0.6910652427003686	NONCODEv6_ATH.fa
NONATHT000490	lncRNA	0.46534676644207257	0.5346532335579274	NONCODEv6_ATH.fa
NONATHT000491	lncRNA	0.1266006372426966	0.8733993627573041	NONCODEv6_ATH.fa
NONATHT000492	Protein_Coding	0.7252182543955751	0.27478174560442503	NONCODEv6_ATH.fa
NONATHT000493	lncRNA	0.10120278736355963	0.8987972126364397	NONCODEv6_ATH.fa
NONATHT000494	lncRNA	0.26126774541936465	0.7387322545806353	NONCODEv6_ATH.fa
NONATHT000495	lncRNA	0.11107892037053761	0.8889210796294629	NONCODEv6_ATH.fa
NONATHT000496	lncRNA	0.4330715217207521	0.566928478279248	NONCODEv6_ATH.fa
NONATHT000497	lncRNA	0.17366526877135013	0.8263347312286506	NONCODEv6_ATH.fa
NONATHT000498	lncRNA	0.47813567864299045	0.5218643213570098	NONCODEv6_ATH.fa
NONATHT000499	lncRNA	0.11093953516285536	0.889060464837145	NONCODEv6_ATH.fa
NONATHT000500	lncRNA	0.4738634546240031	0.526136545375997	NONCODEv6_ATH.fa
NONATHT000501	lncRNA	0.27848032548082685	0.7215196745191734	NONCODEv6_ATH.fa
NONATHT000502	lncRNA	0.20229334901504717	0.7977066509849527	NONCODEv6_ATH.fa
NONATHT000503	lncRNA	0.33004383562877754	0.6699561643712226	NONCODEv6_ATH.fa
NONATHT000504	lncRNA	0.3165857204225691	0.6834142795774312	NONCODEv6_ATH.fa
NONATHT000505	lncRNA	0.2459146574572818	0.7540853425427183	NONCODEv6_ATH.fa
NONATHT000506	lncRNA	0.06761774568452415	0.9323822543154755	NONCODEv6_ATH.fa
NONATHT000507	lncRNA	0.21947512343152123	0.7805248765684787	NONCODEv6_ATH.fa
NONATHT000508	lncRNA	0.2114426997813408	0.78855730021866	NONCODEv6_ATH.fa
NONATHT000509	lncRNA	0.16917812577200053	0.8308218742279996	NONCODEv6_ATH.fa
NONATHT000510	lncRNA	0.11396482455747145	0.8860351754425289	NONCODEv6_ATH.fa
NONATHT000511	lncRNA	0.11695048828469795	0.8830495117153021	NONCODEv6_ATH.fa
NONATHT000512	lncRNA	0.15848768832902418	0.841512311670976	NONCODEv6_ATH.fa
NONATHT000513	lncRNA	0.16458795750969826	0.8354120424903015	NONCODEv6_ATH.fa
NONATHT000514	lncRNA	0.02132317230118758	0.9786768276988127	NONCODEv6_ATH.fa
NONATHT000515	lncRNA	0.2241707050553657	0.7758292949446336	NONCODEv6_ATH.fa
NONATHT000516	lncRNA	0.028855598030897343	0.9711444019691027	NONCODEv6_ATH.fa
NONATHT000517	lncRNA	0.2053148277455832	0.794685172254417	NONCODEv6_ATH.fa
NONATHT000518	lncRNA	0.12299380697040009	0.8770061930295996	NONCODEv6_ATH.fa
NONATHT000519	lncRNA	0.054506427037726374	0.9454935729622741	NONCODEv6_ATH.fa
NONATHT000520	Protein_Coding	0.5781003755275516	0.4218996244724483	NONCODEv6_ATH.fa
NONATHT000521	lncRNA	0.0653550531745194	0.9346449468254804	NONCODEv6_ATH.fa
NONATHT000522	lncRNA	0.1077376263285782	0.8922623736714226	NONCODEv6_ATH.fa
NONATHT000523	lncRNA	0.03348164881688415	0.9665183511831166	NONCODEv6_ATH.fa
NONATHT000524	lncRNA	0.04962384256581896	0.9503761574341812	NONCODEv6_ATH.fa
NONATHT000525	lncRNA	0.15598986567969533	0.8440101343203051	NONCODEv6_ATH.fa
NONATHT000526	lncRNA	0.2052454842025332	0.7947545157974669	NONCODEv6_ATH.fa
NONATHT000527	lncRNA	0.1721480552169013	0.8278519447830982	NONCODEv6_ATH.fa
NONATHT000528	lncRNA	0.22101575282288807	0.7789842471771116	NONCODEv6_ATH.fa
NONATHT000529	lncRNA	0.3280629310859095	0.6719370689140906	NONCODEv6_ATH.fa
NONATHT000530	lncRNA	0.4152876563716002	0.5847123436283999	NONCODEv6_ATH.fa
NONATHT000531	lncRNA	0.2952755381980489	0.7047244618019514	NONCODEv6_ATH.fa
NONATHT000532	lncRNA	0.22858651044381612	0.7714134895561838	NONCODEv6_ATH.fa
NONATHT000533	lncRNA	0.04784833452966261	0.9521516654703376	NONCODEv6_ATH.fa
NONATHT000534	lncRNA	0.174088301574134	0.8259116984258659	NONCODEv6_ATH.fa
NONATHT000535	lncRNA	0.0719007743800225	0.9280992256199772	NONCODEv6_ATH.fa
NONATHT000536	lncRNA	0.06815212625384602	0.9318478737461539	NONCODEv6_ATH.fa
NONATHT000537	Protein_Coding	0.5277764143675258	0.472223585632474	NONCODEv6_ATH.fa
NONATHT000538	lncRNA	0.0461754968988415	0.9538245031011584	NONCODEv6_ATH.fa
NONATHT000539	lncRNA	0.19429783264795844	0.8057021673520419	NONCODEv6_ATH.fa
NONATHT000540	lncRNA	0.3488832727952116	0.6511167272047887	NONCODEv6_ATH.fa
NONATHT000541	lncRNA	0.4192891618644468	0.5807108381355532	NONCODEv6_ATH.fa
NONATHT000542	lncRNA	0.26466657324125475	0.7353334267587457	NONCODEv6_ATH.fa
NONATHT000543	lncRNA	0.0654846577328877	0.9345153422671121	NONCODEv6_ATH.fa
NONATHT000544	Protein_Coding	0.5546275931809646	0.4453724068190354	NONCODEv6_ATH.fa
NONATHT000545	lncRNA	0.257847468555054	0.7421525314449455	NONCODEv6_ATH.fa
NONATHT000546	lncRNA	0.03825883118871315	0.961741168811287	NONCODEv6_ATH.fa
NONATHT000547	lncRNA	0.04140375117233001	0.9585962488276701	NONCODEv6_ATH.fa
NONATHT000548	lncRNA	0.033475678525514266	0.9665243214744857	NONCODEv6_ATH.fa
NONATHT000549	lncRNA	0.23739867264449524	0.7626013273555042	NONCODEv6_ATH.fa
NONATHT000550	lncRNA	0.28163923259607215	0.7183607674039281	NONCODEv6_ATH.fa
NONATHT000551	lncRNA	0.14139666541626603	0.858603334583734	NONCODEv6_ATH.fa
NONATHT000552	lncRNA	0.21086192736512577	0.7891380726348745	NONCODEv6_ATH.fa
NONATHT000553	lncRNA	0.34066944331975546	0.6593305566802447	NONCODEv6_ATH.fa
NONATHT000554	lncRNA	0.31604444515658225	0.6839555548434175	NONCODEv6_ATH.fa
NONATHT000555	lncRNA	0.03870294805838646	0.9612970519416136	NONCODEv6_ATH.fa
NONATHT000556	lncRNA	0.26064768946534633	0.7393523105346539	NONCODEv6_ATH.fa
NONATHT000557	lncRNA	0.16124038883765457	0.8387596111623458	NONCODEv6_ATH.fa
NONATHT000558	lncRNA	0.1252018560841219	0.8747981439158781	NONCODEv6_ATH.fa
NONATHT000559	lncRNA	0.28553493742355684	0.714465062576444	NONCODEv6_ATH.fa
NONATHT000560	lncRNA	0.23365743988161944	0.7663425601183808	NONCODEv6_ATH.fa
NONATHT000561	lncRNA	0.0965468735726511	0.9034531264273489	NONCODEv6_ATH.fa
NONATHT000562	lncRNA	0.17255867068871716	0.8274413293112828	NONCODEv6_ATH.fa
NONATHT000563	lncRNA	0.05542751238942219	0.944572487610578	NONCODEv6_ATH.fa
NONATHT000564	lncRNA	0.19515256776813877	0.8048474322318611	NONCODEv6_ATH.fa
NONATHT000565	lncRNA	0.1303393007532959	0.8696606992467042	NONCODEv6_ATH.fa
NONATHT000566	lncRNA	0.24653875563626257	0.7534612443637375	NONCODEv6_ATH.fa
NONATHT000567	lncRNA	0.13553650648860932	0.864463493511391	NONCODEv6_ATH.fa
NONATHT000568	lncRNA	0.13336761013333415	0.8666323898666659	NONCODEv6_ATH.fa
NONATHT000569	lncRNA	0.17738116207053586	0.8226188379294638	NONCODEv6_ATH.fa
NONATHT000570	lncRNA	0.18139336635480835	0.818606633645192	NONCODEv6_ATH.fa
NONATHT000571	lncRNA	0.15598666186463053	0.8440133381353704	NONCODEv6_ATH.fa
NONATHT000572	lncRNA	0.11413667743195817	0.8858633225680423	NONCODEv6_ATH.fa
NONATHT000574	lncRNA	0.11851945860322288	0.8814805413967778	NONCODEv6_ATH.fa
NONATHT000573	lncRNA	0.11851945860322288	0.8814805413967778	NONCODEv6_ATH.fa
NONATHT000575	lncRNA	0.08886587303688388	0.9111341269631166	NONCODEv6_ATH.fa
NONATHT000576	lncRNA	0.09331873679518427	0.9066812632048162	NONCODEv6_ATH.fa
NONATHT000577	lncRNA	0.0473276277158864	0.9526723722841139	NONCODEv6_ATH.fa
NONATHT000578	lncRNA	0.12919961728934704	0.870800382710653	NONCODEv6_ATH.fa
NONATHT000579	lncRNA	0.15226785690252898	0.8477321430974708	NONCODEv6_ATH.fa
NONATHT000580	lncRNA	0.12280293516069375	0.8771970648393063	NONCODEv6_ATH.fa
NONATHT000581	Protein_Coding	0.5584759207240857	0.4415240792759142	NONCODEv6_ATH.fa
NONATHT000582	lncRNA	0.043749354354119856	0.9562506456458798	NONCODEv6_ATH.fa
NONATHT000583	lncRNA	0.21595164052255153	0.784048359477448	NONCODEv6_ATH.fa
NONATHT000584	lncRNA	0.1383215562839774	0.8616784437160224	NONCODEv6_ATH.fa
NONATHT000585	lncRNA	0.37118771738231277	0.6288122826176874	NONCODEv6_ATH.fa
NONATHT000586	lncRNA	0.1670469467547205	0.8329530532452791	NONCODEv6_ATH.fa
NONATHT000587	lncRNA	0.12459617128119227	0.8754038287188084	NONCODEv6_ATH.fa
NONATHT000588	lncRNA	0.048648858934065856	0.9513511410659341	NONCODEv6_ATH.fa
NONATHT000589	lncRNA	0.06110455354131809	0.938895446458682	NONCODEv6_ATH.fa
NONATHT000590	lncRNA	0.01758345150565655	0.9824165484943436	NONCODEv6_ATH.fa
NONATHT000591	lncRNA	0.06343659226441245	0.9365634077355878	NONCODEv6_ATH.fa
NONATHT000592	lncRNA	0.030031697187732197	0.9699683028122682	NONCODEv6_ATH.fa
NONATHT000593	lncRNA	0.05500671564055706	0.9449932843594435	NONCODEv6_ATH.fa
NONATHT000594	lncRNA	0.1312926126395313	0.8687073873604685	NONCODEv6_ATH.fa
NONATHT000595	lncRNA	0.10106361836407479	0.8989363816359255	NONCODEv6_ATH.fa
NONATHT000596	lncRNA	0.13205773823125885	0.8679422617687411	NONCODEv6_ATH.fa
NONATHT000597	lncRNA	0.33340912373533077	0.6665908762646695	NONCODEv6_ATH.fa
NONATHT000598	lncRNA	0.20677104876313276	0.7932289512368674	NONCODEv6_ATH.fa
NONATHT000599	lncRNA	0.018029239488892772	0.9819707605111072	NONCODEv6_ATH.fa
NONATHT000600	lncRNA	0.226999465590815	0.7730005344091851	NONCODEv6_ATH.fa
NONATHT000601	lncRNA	0.25351669621469725	0.7464833037853026	NONCODEv6_ATH.fa
NONATHT000602	lncRNA	0.252904251716372	0.7470957482836279	NONCODEv6_ATH.fa
NONATHT000603	lncRNA	0.02444466222388327	0.9755553377761168	NONCODEv6_ATH.fa
NONATHT000604	lncRNA	0.20883667495806985	0.7911633250419304	NONCODEv6_ATH.fa
NONATHT000605	lncRNA	0.1398166819234503	0.8601833180765496	NONCODEv6_ATH.fa
NONATHT000606	lncRNA	0.01577703750082758	0.9842229624991723	NONCODEv6_ATH.fa
NONATHT000607	lncRNA	0.0705656842291118	0.9294343157708883	NONCODEv6_ATH.fa
NONATHT000608	lncRNA	0.1687244603364536	0.8312755396635462	NONCODEv6_ATH.fa
NONATHT000609	lncRNA	0.3555658442454551	0.6444341557545451	NONCODEv6_ATH.fa
NONATHT000610	lncRNA	0.3496719780631977	0.6503280219368023	NONCODEv6_ATH.fa
NONATHT000611	lncRNA	0.25540685536965085	0.7445931446303495	NONCODEv6_ATH.fa
NONATHT000612	lncRNA	0.1227353069772205	0.8772646930227797	NONCODEv6_ATH.fa
NONATHT000613	lncRNA	0.03378104876580816	0.9662189512341925	NONCODEv6_ATH.fa
NONATHT000614	lncRNA	0.07627626219072449	0.923723737809276	NONCODEv6_ATH.fa
NONATHT000615	lncRNA	0.16473001863218803	0.8352699813678116	NONCODEv6_ATH.fa
NONATHT000616	lncRNA	0.24083648210160497	0.7591635178983956	NONCODEv6_ATH.fa
NONATHT000617	lncRNA	0.248944077237954	0.7510559227620466	NONCODEv6_ATH.fa
NONATHT000618	lncRNA	0.19108764640252	0.8089123535974801	NONCODEv6_ATH.fa
NONATHT000619	lncRNA	0.14718739003538492	0.8528126099646158	NONCODEv6_ATH.fa
NONATHT000620	lncRNA	0.200469973178065	0.7995300268219352	NONCODEv6_ATH.fa
NONATHT000621	lncRNA	0.25156048298766537	0.7484395170123346	NONCODEv6_ATH.fa
NONATHT000622	lncRNA	0.03664625156106599	0.9633537484389343	NONCODEv6_ATH.fa
NONATHT000623	lncRNA	0.2112530832062478	0.7887469167937526	NONCODEv6_ATH.fa
NONATHT000624	lncRNA	0.2112530832062478	0.7887469167937526	NONCODEv6_ATH.fa
NONATHT000625	lncRNA	0.09845191996636492	0.9015480800336351	NONCODEv6_ATH.fa
NONATHT000626	lncRNA	0.2279699900524806	0.7720300099475189	NONCODEv6_ATH.fa
NONATHT000627	lncRNA	0.14565047433744074	0.8543495256625595	NONCODEv6_ATH.fa
NONATHT000628	lncRNA	0.15951617303561866	0.8404838269643814	NONCODEv6_ATH.fa
NONATHT000629	lncRNA	0.20357312585774487	0.7964268741422552	NONCODEv6_ATH.fa
NONATHT000630	lncRNA	0.10342489127618813	0.8965751087238116	NONCODEv6_ATH.fa
NONATHT000631	lncRNA	0.027279991668744123	0.9727200083312558	NONCODEv6_ATH.fa
NONATHT000632	lncRNA	0.16396478525908104	0.836035214740919	NONCODEv6_ATH.fa
NONATHT000633	lncRNA	0.16088279445564893	0.8391172055443513	NONCODEv6_ATH.fa
NONATHT000634	lncRNA	0.09173544549471262	0.9082645545052872	NONCODEv6_ATH.fa
NONATHT000635	lncRNA	0.09876263600061828	0.9012373639993816	NONCODEv6_ATH.fa
NONATHT000636	lncRNA	0.25504844069066	0.7449515593093399	NONCODEv6_ATH.fa
NONATHT000637	lncRNA	0.06953104846730739	0.9304689515326926	NONCODEv6_ATH.fa
NONATHT000638	lncRNA	0.14267051273394943	0.8573294872660505	NONCODEv6_ATH.fa
NONATHT000639	lncRNA	0.19368492934662834	0.8063150706533712	NONCODEv6_ATH.fa
NONATHT000640	lncRNA	0.49438298923198337	0.5056170107680168	NONCODEv6_ATH.fa
NONATHT000641	lncRNA	0.06282559031964413	0.9371744096803558	NONCODEv6_ATH.fa
NONATHT000642	lncRNA	0.019777143192662276	0.9802228568073377	NONCODEv6_ATH.fa
NONATHT000643	lncRNA	0.11610226518530072	0.8838977348146995	NONCODEv6_ATH.fa
NONATHT000644	lncRNA	0.05305440109326976	0.9469455989067307	NONCODEv6_ATH.fa
NONATHT000645	lncRNA	0.2843984854673567	0.715601514532643	NONCODEv6_ATH.fa
NONATHT000646	lncRNA	0.13224015798025818	0.8677598420197423	NONCODEv6_ATH.fa
NONATHT000647	lncRNA	0.07881980079099585	0.9211801992090042	NONCODEv6_ATH.fa
NONATHT000648	lncRNA	0.30125368033605837	0.6987463196639425	NONCODEv6_ATH.fa
NONATHT000649	lncRNA	0.08588141242123529	0.9141185875787649	NONCODEv6_ATH.fa
NONATHT000650	lncRNA	0.031035527492418686	0.9689644725075818	NONCODEv6_ATH.fa
NONATHT000651	lncRNA	0.05094152955584551	0.9490584704441545	NONCODEv6_ATH.fa
NONATHT000652	lncRNA	0.439077544521007	0.5609224554789929	NONCODEv6_ATH.fa
NONATHT000653	lncRNA	0.439077544521007	0.5609224554789929	NONCODEv6_ATH.fa
NONATHT000654	lncRNA	0.3061644666988801	0.6938355333011207	NONCODEv6_ATH.fa
NONATHT000656	lncRNA	0.05388086811901212	0.9461191318809877	NONCODEv6_ATH.fa
NONATHT000655	lncRNA	0.05388086811901212	0.9461191318809877	NONCODEv6_ATH.fa
NONATHT000657	lncRNA	0.20855799723411286	0.7914420027658875	NONCODEv6_ATH.fa
NONATHT000658	lncRNA	0.13798928575079053	0.8620107142492098	NONCODEv6_ATH.fa
NONATHT000659	lncRNA	0.18039056393085318	0.8196094360691474	NONCODEv6_ATH.fa
NONATHT000660	lncRNA	0.15541541103822623	0.8445845889617742	NONCODEv6_ATH.fa
NONATHT000661	lncRNA	0.046049804196923484	0.9539501958030766	NONCODEv6_ATH.fa
NONATHT000662	lncRNA	0.17027200055878047	0.8297279994412196	NONCODEv6_ATH.fa
NONATHT000663	lncRNA	0.26549485742497514	0.7345051425750255	NONCODEv6_ATH.fa
NONATHT000664	lncRNA	0.33001228797922794	0.6699877120207727	NONCODEv6_ATH.fa
NONATHT000665	lncRNA	0.14456792934506005	0.8554320706549396	NONCODEv6_ATH.fa
NONATHT000666	lncRNA	0.43317259840671474	0.5668274015932852	NONCODEv6_ATH.fa
NONATHT000667	lncRNA	0.17938412499459283	0.8206158750054073	NONCODEv6_ATH.fa
NONATHT000668	lncRNA	0.4293309453289702	0.5706690546710301	NONCODEv6_ATH.fa
NONATHT000669	lncRNA	0.459321495222605	0.5406785047773949	NONCODEv6_ATH.fa
NONATHT000670	lncRNA	0.4482804642941829	0.5517195357058172	NONCODEv6_ATH.fa
NONATHT000671	lncRNA	0.36767117052451853	0.6323288294754814	NONCODEv6_ATH.fa
NONATHT000672	lncRNA	0.04716128591866028	0.9528387140813394	NONCODEv6_ATH.fa
NONATHT000673	lncRNA	0.08059240375267007	0.9194075962473304	NONCODEv6_ATH.fa
NONATHT000674	lncRNA	0.32371992696617957	0.6762800730338205	NONCODEv6_ATH.fa
NONATHT000675	lncRNA	0.05536883993418718	0.9446311600658132	NONCODEv6_ATH.fa
NONATHT000676	lncRNA	0.0924697871626205	0.9075302128373793	NONCODEv6_ATH.fa
NONATHT000677	lncRNA	0.09014499674018021	0.9098550032598196	NONCODEv6_ATH.fa
NONATHT000678	lncRNA	0.15931149000403014	0.8406885099959699	NONCODEv6_ATH.fa
NONATHT000679	lncRNA	0.30403749184407847	0.6959625081559214	NONCODEv6_ATH.fa
NONATHT000680	lncRNA	0.26105305096132175	0.7389469490386783	NONCODEv6_ATH.fa
NONATHT000681	lncRNA	0.06685842532005135	0.9331415746799491	NONCODEv6_ATH.fa
NONATHT000682	lncRNA	0.015234119587782013	0.9847658804122184	NONCODEv6_ATH.fa
NONATHT000683	lncRNA	0.06175454678451661	0.9382454532154835	NONCODEv6_ATH.fa
NONATHT000684	lncRNA	0.16934250513731042	0.8306574948626898	NONCODEv6_ATH.fa
NONATHT000685	lncRNA	0.08234307699020328	0.917656923009797	NONCODEv6_ATH.fa
NONATHT000686	lncRNA	0.05978751757282424	0.9402124824271761	NONCODEv6_ATH.fa
NONATHT000687	Protein_Coding	0.5358528295418044	0.46414717045819576	NONCODEv6_ATH.fa
NONATHT000688	lncRNA	0.2420259726897084	0.7579740273102921	NONCODEv6_ATH.fa
NONATHT000689	lncRNA	0.041334809896972614	0.9586651901030276	NONCODEv6_ATH.fa
NONATHT000690	lncRNA	0.10437939183062972	0.895620608169371	NONCODEv6_ATH.fa
NONATHT000691	lncRNA	0.23997078256660917	0.7600292174333909	NONCODEv6_ATH.fa
NONATHT000692	lncRNA	0.3052322650977392	0.6947677349022612	NONCODEv6_ATH.fa
NONATHT000693	lncRNA	0.16577425830583878	0.8342257416941614	NONCODEv6_ATH.fa
NONATHT000694	lncRNA	0.13310773412646232	0.8668922658735376	NONCODEv6_ATH.fa
NONATHT000696	lncRNA	0.24350886743931754	0.7564911325606827	NONCODEv6_ATH.fa
NONATHT000695	lncRNA	0.2503646911054744	0.7496353088945257	NONCODEv6_ATH.fa
NONATHT000697	lncRNA	0.05192266177145038	0.9480773382285499	NONCODEv6_ATH.fa
NONATHT000698	lncRNA	0.08509006557031505	0.9149099344296847	NONCODEv6_ATH.fa
NONATHT000699	lncRNA	0.17827166436339817	0.8217283356366026	NONCODEv6_ATH.fa
NONATHT000700	lncRNA	0.334206738569849	0.6657932614301508	NONCODEv6_ATH.fa
NONATHT000701	lncRNA	0.2086111582030917	0.7913888417969083	NONCODEv6_ATH.fa
NONATHT000702	lncRNA	0.14143043438496994	0.85856956561503	NONCODEv6_ATH.fa
NONATHT000703	lncRNA	0.20512381085055253	0.7948761891494471	NONCODEv6_ATH.fa
NONATHT000704	Protein_Coding	0.6565133631428142	0.3434866368571859	NONCODEv6_ATH.fa
NONATHT000705	lncRNA	0.19251468850233322	0.8074853114976669	NONCODEv6_ATH.fa
NONATHT000706	lncRNA	0.18810651915490717	0.8118934808450936	NONCODEv6_ATH.fa
NONATHT000707	lncRNA	0.2853694440842642	0.7146305559157357	NONCODEv6_ATH.fa
NONATHT000708	lncRNA	0.11179342596277421	0.8882065740372258	NONCODEv6_ATH.fa
NONATHT000710	lncRNA	0.1303155395357294	0.8696844604642705	NONCODEv6_ATH.fa
NONATHT000709	lncRNA	0.13027622199737696	0.8697237780026229	NONCODEv6_ATH.fa
NONATHT000711	lncRNA	0.28958876205296036	0.7104112379470398	NONCODEv6_ATH.fa
NONATHT000712	lncRNA	0.11589528457956308	0.884104715420437	NONCODEv6_ATH.fa
NONATHT000713	lncRNA	0.05794943586565743	0.9420505641343432	NONCODEv6_ATH.fa
NONATHT000716	lncRNA	0.08446825420200303	0.9155317457979973	NONCODEv6_ATH.fa
NONATHT000715	lncRNA	0.08446825420200303	0.9155317457979973	NONCODEv6_ATH.fa
NONATHT000714	lncRNA	0.08446825420200303	0.9155317457979973	NONCODEv6_ATH.fa
NONATHT000717	lncRNA	0.09716714084874883	0.9028328591512516	NONCODEv6_ATH.fa
NONATHT000718	lncRNA	0.23939315471275935	0.7606068452872407	NONCODEv6_ATH.fa
NONATHT000719	lncRNA	0.06727846215955947	0.9327215378404409	NONCODEv6_ATH.fa
NONATHT000720	lncRNA	0.41971825028769544	0.5802817497123046	NONCODEv6_ATH.fa
NONATHT000721	lncRNA	0.177804076271285	0.8221959237287154	NONCODEv6_ATH.fa
NONATHT000722	lncRNA	0.12378563426600381	0.876214365733996	NONCODEv6_ATH.fa
NONATHT000723	lncRNA	0.1360538963333295	0.863946103666671	NONCODEv6_ATH.fa
NONATHT000724	lncRNA	0.13753534839774942	0.8624646516022508	NONCODEv6_ATH.fa
NONATHT000725	lncRNA	0.4878991942962657	0.5121008057037342	NONCODEv6_ATH.fa
NONATHT000726	lncRNA	0.3086544084431104	0.6913455915568895	NONCODEv6_ATH.fa
NONATHT000727	lncRNA	0.023305178060498494	0.9766948219395016	NONCODEv6_ATH.fa
NONATHT000728	lncRNA	0.28854275188339734	0.7114572481166029	NONCODEv6_ATH.fa
NONATHT000729	lncRNA	0.0866494289927628	0.9133505710072372	NONCODEv6_ATH.fa
NONATHT000730	lncRNA	0.4415318246685914	0.5584681753314085	NONCODEv6_ATH.fa
NONATHT000731	lncRNA	0.07704302794340333	0.922956972056597	NONCODEv6_ATH.fa
NONATHT000732	lncRNA	0.08065492306626325	0.9193450769337372	NONCODEv6_ATH.fa
NONATHT000733	lncRNA	0.20376922841262982	0.7962307715873703	NONCODEv6_ATH.fa
NONATHT000734	lncRNA	0.46114786199312185	0.538852138006878	NONCODEv6_ATH.fa
NONATHT000735	Protein_Coding	0.6569774936433317	0.34302250635666837	NONCODEv6_ATH.fa
NONATHT000736	lncRNA	0.2117469222004302	0.7882530777995699	NONCODEv6_ATH.fa
NONATHT000737	lncRNA	0.029805502363911517	0.9701944976360889	NONCODEv6_ATH.fa
NONATHT000738	lncRNA	0.33487531030089857	0.6651246896991009	NONCODEv6_ATH.fa
NONATHT000739	lncRNA	0.04074193565596185	0.9592580643440383	NONCODEv6_ATH.fa
NONATHT000740	lncRNA	0.12496547563636597	0.8750345243636344	NONCODEv6_ATH.fa
NONATHT000741	lncRNA	0.17295412574463973	0.8270458742553611	NONCODEv6_ATH.fa
NONATHT000742	lncRNA	0.4641230302816291	0.5358769697183711	NONCODEv6_ATH.fa
NONATHT000743	lncRNA	0.04925410371714195	0.9507458962828587	NONCODEv6_ATH.fa
NONATHT000744	lncRNA	0.22629713324591447	0.7737028667540856	NONCODEv6_ATH.fa
NONATHT000745	lncRNA	0.1312796709771237	0.8687203290228754	NONCODEv6_ATH.fa
NONATHT000746	lncRNA	0.08495687233266863	0.915043127667332	NONCODEv6_ATH.fa
NONATHT000747	lncRNA	0.08987392517884375	0.9101260748211562	NONCODEv6_ATH.fa
NONATHT000748	lncRNA	0.007170800126214697	0.9928291998737854	NONCODEv6_ATH.fa
NONATHT000749	lncRNA	0.09779049232363406	0.9022095076763661	NONCODEv6_ATH.fa
NONATHT000750	lncRNA	0.1355401941725448	0.8644598058274552	NONCODEv6_ATH.fa
NONATHT000751	lncRNA	0.06543039387310062	0.9345696061268995	NONCODEv6_ATH.fa
NONATHT000752	lncRNA	0.1319905034368033	0.8680094965631973	NONCODEv6_ATH.fa
NONATHT000754	lncRNA	0.14718681778510756	0.8528131822148927	NONCODEv6_ATH.fa
NONATHT000753	lncRNA	0.14718681778510756	0.8528131822148927	NONCODEv6_ATH.fa
NONATHT000755	lncRNA	0.1261346943954247	0.8738653056045754	NONCODEv6_ATH.fa
NONATHT000756	lncRNA	0.04720118422674705	0.9527988157732534	NONCODEv6_ATH.fa
NONATHT000757	lncRNA	0.2867209198876902	0.7132790801123103	NONCODEv6_ATH.fa
NONATHT000758	lncRNA	0.12780662726144293	0.8721933727385572	NONCODEv6_ATH.fa
NONATHT000759	Protein_Coding	0.5458909290232234	0.4541090709767763	NONCODEv6_ATH.fa
NONATHT000760	lncRNA	0.09058056332732975	0.9094194366726706	NONCODEv6_ATH.fa
NONATHT000761	lncRNA	0.16555084611472148	0.834449153885279	NONCODEv6_ATH.fa
NONATHT000762	lncRNA	0.06525309633246634	0.9347469036675338	NONCODEv6_ATH.fa
NONATHT000763	lncRNA	0.25449152247783063	0.74550847752217	NONCODEv6_ATH.fa
NONATHT000764	lncRNA	0.23099975097143702	0.7690002490285636	NONCODEv6_ATH.fa
NONATHT000765	lncRNA	0.48864027502466856	0.5113597249753314	NONCODEv6_ATH.fa
NONATHT000766	lncRNA	0.0286731207968282	0.9713268792031724	NONCODEv6_ATH.fa
NONATHT000767	lncRNA	0.04623018127443186	0.9537698187255687	NONCODEv6_ATH.fa
NONATHT000768	lncRNA	0.45024803592335383	0.5497519640766461	NONCODEv6_ATH.fa
NONATHT000769	lncRNA	0.24730711689451262	0.7526928831054875	NONCODEv6_ATH.fa
NONATHT000770	lncRNA	0.23317094709712655	0.7668290529028735	NONCODEv6_ATH.fa
NONATHT000771	lncRNA	0.013810067178610125	0.9861899328213902	NONCODEv6_ATH.fa
NONATHT000772	lncRNA	0.16042919737019995	0.8395708026298001	NONCODEv6_ATH.fa
NONATHT000773	lncRNA	0.1205311249805767	0.8794688750194236	NONCODEv6_ATH.fa
NONATHT000774	lncRNA	0.06614082314560311	0.933859176854397	NONCODEv6_ATH.fa
NONATHT000775	lncRNA	0.28604240717665036	0.7139575928233498	NONCODEv6_ATH.fa
NONATHT000776	lncRNA	0.16870361024477856	0.8312963897552214	NONCODEv6_ATH.fa
NONATHT000777	lncRNA	0.08162440593537054	0.9183755940646294	NONCODEv6_ATH.fa
NONATHT000778	lncRNA	0.19775202581067297	0.8022479741893273	NONCODEv6_ATH.fa
NONATHT000779	lncRNA	0.14819667835750805	0.8518033216424918	NONCODEv6_ATH.fa
NONATHT000780	lncRNA	0.12024935126010793	0.8797506487398921	NONCODEv6_ATH.fa
NONATHT000781	lncRNA	0.09620293741128305	0.9037970625887174	NONCODEv6_ATH.fa
NONATHT000782	lncRNA	0.1936590726939458	0.8063409273060543	NONCODEv6_ATH.fa
NONATHT000783	lncRNA	0.07686625394660129	0.9231337460533993	NONCODEv6_ATH.fa
NONATHT000784	lncRNA	0.2414589644519967	0.7585410355480035	NONCODEv6_ATH.fa
NONATHT000785	lncRNA	0.02439253566945937	0.9756074643305407	NONCODEv6_ATH.fa
NONATHT000786	lncRNA	0.02439253566945937	0.9756074643305407	NONCODEv6_ATH.fa
NONATHT000787	lncRNA	0.011775684474022738	0.9882243155259774	NONCODEv6_ATH.fa
NONATHT000788	lncRNA	0.19313975354466645	0.8068602464553336	NONCODEv6_ATH.fa
NONATHT000789	lncRNA	0.06945921702880518	0.9305407829711949	NONCODEv6_ATH.fa
NONATHT000790	lncRNA	0.008446763078962454	0.9915532369210378	NONCODEv6_ATH.fa
NONATHT000791	lncRNA	0.018805550881591422	0.9811944491184088	NONCODEv6_ATH.fa
NONATHT000792	lncRNA	0.06116736191653633	0.9388326380834635	NONCODEv6_ATH.fa
NONATHT000793	lncRNA	0.03840757207411376	0.9615924279258864	NONCODEv6_ATH.fa
NONATHT000794	lncRNA	0.12714466578057002	0.87285533421943	NONCODEv6_ATH.fa
NONATHT000795	lncRNA	0.06021783422895564	0.9397821657710442	NONCODEv6_ATH.fa
NONATHT000796	lncRNA	0.38334313932775854	0.6166568606722415	NONCODEv6_ATH.fa
NONATHT000797	Protein_Coding	0.5764358473015246	0.42356415269847547	NONCODEv6_ATH.fa
NONATHT000798	lncRNA	0.17665203603521723	0.8233479639647829	NONCODEv6_ATH.fa
NONATHT000799	lncRNA	0.26049834582778997	0.7395016541722107	NONCODEv6_ATH.fa
NONATHT000800	lncRNA	0.06341135342558814	0.9365886465744117	NONCODEv6_ATH.fa
NONATHT000801	lncRNA	0.11025206020193848	0.8897479397980619	NONCODEv6_ATH.fa
NONATHT000802	lncRNA	0.24243239471912525	0.7575676052808752	NONCODEv6_ATH.fa
NONATHT000803	lncRNA	0.13419452405828938	0.865805475941711	NONCODEv6_ATH.fa
NONATHT000804	lncRNA	0.11023999187249761	0.8897600081275019	NONCODEv6_ATH.fa
NONATHT000805	lncRNA	0.1135792618310715	0.8864207381689287	NONCODEv6_ATH.fa
NONATHT000806	lncRNA	0.26823475920692214	0.7317652407930779	NONCODEv6_ATH.fa
NONATHT000807	lncRNA	0.4259842908604082	0.5740157091395919	NONCODEv6_ATH.fa
NONATHT000808	lncRNA	0.03980104271840405	0.960198957281596	NONCODEv6_ATH.fa
NONATHT000809	lncRNA	0.03319778281550013	0.9668022171845002	NONCODEv6_ATH.fa
NONATHT000810	lncRNA	0.4104182624937166	0.5895817375062835	NONCODEv6_ATH.fa
NONATHT000811	lncRNA	0.20978695209708734	0.7902130479029128	NONCODEv6_ATH.fa
NONATHT000812	lncRNA	0.09272897567753524	0.9072710243224652	NONCODEv6_ATH.fa
NONATHT000813	lncRNA	0.16084726598660942	0.8391527340133909	NONCODEv6_ATH.fa
NONATHT000814	lncRNA	0.08096434582286555	0.919035654177135	NONCODEv6_ATH.fa
NONATHT000815	lncRNA	0.1378897574319683	0.8621102425680317	NONCODEv6_ATH.fa
NONATHT000816	lncRNA	0.3359969689302	0.6640030310697996	NONCODEv6_ATH.fa
NONATHT000817	lncRNA	0.040262260709967565	0.9597377392900327	NONCODEv6_ATH.fa
NONATHT000818	lncRNA	0.09789983422655643	0.9021001657734435	NONCODEv6_ATH.fa
NONATHT000819	lncRNA	0.19653493147195808	0.8034650685280424	NONCODEv6_ATH.fa
NONATHT000820	lncRNA	0.06223828856604312	0.9377617114339574	NONCODEv6_ATH.fa
NONATHT000821	lncRNA	0.33320985893069704	0.6667901410693038	NONCODEv6_ATH.fa
NONATHT000822	lncRNA	0.06905230257358906	0.9309476974264115	NONCODEv6_ATH.fa
NONATHT000823	lncRNA	0.08863586804034307	0.9113641319596576	NONCODEv6_ATH.fa
NONATHT000824	lncRNA	0.11482965487130774	0.8851703451286923	NONCODEv6_ATH.fa
NONATHT000825	lncRNA	0.1337337381860964	0.8662662618139041	NONCODEv6_ATH.fa
NONATHT000826	lncRNA	0.25859603133721615	0.7414039686627839	NONCODEv6_ATH.fa
NONATHT000827	lncRNA	0.11176640871002337	0.8882335912899767	NONCODEv6_ATH.fa
NONATHT000828	lncRNA	0.18766058540467664	0.812339414595323	NONCODEv6_ATH.fa
NONATHT000829	lncRNA	0.28218221851894215	0.7178177814810579	NONCODEv6_ATH.fa
NONATHT000830	lncRNA	0.24207192234507438	0.7579280776549256	NONCODEv6_ATH.fa
NONATHT000831	lncRNA	0.02745997622594721	0.9725400237740525	NONCODEv6_ATH.fa
NONATHT000832	lncRNA	0.11189563689762799	0.8881043631023724	NONCODEv6_ATH.fa
NONATHT000833	lncRNA	0.08985098702483593	0.9101490129751643	NONCODEv6_ATH.fa
NONATHT000834	lncRNA	0.1197925463304633	0.8802074536695372	NONCODEv6_ATH.fa
NONATHT000835	lncRNA	0.21154268979455543	0.7884573102054449	NONCODEv6_ATH.fa
NONATHT000836	lncRNA	0.09092435871784744	0.909075641282153	NONCODEv6_ATH.fa
NONATHT000837	lncRNA	0.33388039949912635	0.6661196005008736	NONCODEv6_ATH.fa
NONATHT000838	lncRNA	0.35106266776973405	0.6489373322302661	NONCODEv6_ATH.fa
NONATHT000839	lncRNA	0.0588803459548055	0.941119654045195	NONCODEv6_ATH.fa
NONATHT000840	lncRNA	0.18648696505146015	0.8135130349485398	NONCODEv6_ATH.fa
NONATHT000841	lncRNA	0.13305308592860318	0.8669469140713967	NONCODEv6_ATH.fa
NONATHT000844	lncRNA	0.13649451574694693	0.8635054842530527	NONCODEv6_ATH.fa
NONATHT000843	lncRNA	0.13649451574694693	0.8635054842530527	NONCODEv6_ATH.fa
NONATHT000842	lncRNA	0.13649451574694693	0.8635054842530527	NONCODEv6_ATH.fa
NONATHT000845	lncRNA	0.041071206179770885	0.9589287938202297	NONCODEv6_ATH.fa
NONATHT000846	lncRNA	0.08675865179469008	0.9132413482053101	NONCODEv6_ATH.fa
NONATHT000847	lncRNA	0.08727428578879577	0.9127257142112047	NONCODEv6_ATH.fa
NONATHT000848	lncRNA	0.054398591751351776	0.9456014082486481	NONCODEv6_ATH.fa
NONATHT000849	lncRNA	0.11445135931495141	0.8855486406850487	NONCODEv6_ATH.fa
NONATHT000850	lncRNA	0.17547233996986325	0.8245276600301373	NONCODEv6_ATH.fa
NONATHT000851	lncRNA	0.13068641177179116	0.8693135882282085	NONCODEv6_ATH.fa
NONATHT000852	lncRNA	0.15875591047849677	0.8412440895215036	NONCODEv6_ATH.fa
NONATHT000853	lncRNA	0.14135933225810368	0.8586406677418967	NONCODEv6_ATH.fa
NONATHT000854	lncRNA	0.16384811258868834	0.836151887411312	NONCODEv6_ATH.fa
NONATHT000855	lncRNA	0.05059686578680242	0.949403134213198	NONCODEv6_ATH.fa
NONATHT000856	lncRNA	0.09386805427825368	0.9061319457217464	NONCODEv6_ATH.fa
NONATHT000857	lncRNA	0.1327929372480766	0.8672070627519236	NONCODEv6_ATH.fa
NONATHT000858	lncRNA	0.15811216317307653	0.8418878368269231	NONCODEv6_ATH.fa
NONATHT000859	lncRNA	0.30184977504105376	0.6981502249589463	NONCODEv6_ATH.fa
NONATHT000860	lncRNA	0.12870390801398268	0.8712960919860177	NONCODEv6_ATH.fa
NONATHT000861	lncRNA	0.0823479054270347	0.9176520945729657	NONCODEv6_ATH.fa
NONATHT000862	lncRNA	0.17743143941484665	0.8225685605851533	NONCODEv6_ATH.fa
NONATHT000863	lncRNA	0.33991558639534536	0.660084413604655	NONCODEv6_ATH.fa
NONATHT000864	lncRNA	0.11958842558880926	0.8804115744111908	NONCODEv6_ATH.fa
NONATHT000865	lncRNA	0.03116749887595053	0.9688325011240497	NONCODEv6_ATH.fa
NONATHT000866	lncRNA	0.043580594205371505	0.9564194057946285	NONCODEv6_ATH.fa
NONATHT000867	lncRNA	0.2169542312429211	0.7830457687570793	NONCODEv6_ATH.fa
NONATHT000868	lncRNA	0.17869378084886958	0.8213062191511306	NONCODEv6_ATH.fa
NONATHT000869	lncRNA	0.04586100730846548	0.9541389926915351	NONCODEv6_ATH.fa
NONATHT000870	lncRNA	0.12085317965313024	0.8791468203468704	NONCODEv6_ATH.fa
NONATHT000871	lncRNA	0.09024923879332054	0.9097507612066797	NONCODEv6_ATH.fa
NONATHT000872	lncRNA	0.2542050775408576	0.7457949224591428	NONCODEv6_ATH.fa
NONATHT000873	lncRNA	0.155631069062013	0.8443689309379873	NONCODEv6_ATH.fa
NONATHT000874	lncRNA	0.16393585248201786	0.8360641475179826	NONCODEv6_ATH.fa
NONATHT000875	lncRNA	0.2407844717964163	0.7592155282035842	NONCODEv6_ATH.fa
NONATHT000876	lncRNA	0.12578332130517084	0.8742166786948292	NONCODEv6_ATH.fa
NONATHT000877	lncRNA	0.05659196046030721	0.9434080395396929	NONCODEv6_ATH.fa
NONATHT000878	lncRNA	0.09160057470737619	0.908399425292624	NONCODEv6_ATH.fa
NONATHT000879	lncRNA	0.20698665501490326	0.7930133449850973	NONCODEv6_ATH.fa
NONATHT000880	lncRNA	0.04843697728453793	0.9515630227154622	NONCODEv6_ATH.fa
NONATHT000881	lncRNA	0.031001926983235232	0.9689980730167649	NONCODEv6_ATH.fa
NONATHT000882	lncRNA	0.04284340759269206	0.9571565924073078	NONCODEv6_ATH.fa
NONATHT000883	lncRNA	0.097387926502561	0.9026120734974389	NONCODEv6_ATH.fa
NONATHT000884	lncRNA	0.06832857254020296	0.9316714274597973	NONCODEv6_ATH.fa
NONATHT000885	lncRNA	0.05741967850724419	0.9425803214927561	NONCODEv6_ATH.fa
NONATHT000886	lncRNA	0.16342876822824898	0.8365712317717513	NONCODEv6_ATH.fa
NONATHT000887	lncRNA	0.20912995034193013	0.7908700496580697	NONCODEv6_ATH.fa
NONATHT000888	lncRNA	0.1304239255767581	0.8695760744232416	NONCODEv6_ATH.fa
NONATHT000889	lncRNA	0.25274066495794606	0.7472593350420539	NONCODEv6_ATH.fa
NONATHT000890	lncRNA	0.15612332835627427	0.8438766716437253	NONCODEv6_ATH.fa
NONATHT000891	lncRNA	0.33724570094121387	0.6627542990587867	NONCODEv6_ATH.fa
NONATHT000892	lncRNA	0.04868233768138319	0.9513176623186169	NONCODEv6_ATH.fa
NONATHT000893	lncRNA	0.22695476033493436	0.7730452396650654	NONCODEv6_ATH.fa
NONATHT000894	lncRNA	0.0672128668611211	0.9327871331388791	NONCODEv6_ATH.fa
NONATHT000895	lncRNA	0.0868203018954719	0.9131796981045281	NONCODEv6_ATH.fa
NONATHT000896	lncRNA	0.07236883265465861	0.9276311673453418	NONCODEv6_ATH.fa
NONATHT000898	lncRNA	0.06995168551929325	0.9300483144807067	NONCODEv6_ATH.fa
NONATHT000897	lncRNA	0.06995168551929325	0.9300483144807067	NONCODEv6_ATH.fa
NONATHT000899	lncRNA	0.22295895821867848	0.7770410417813217	NONCODEv6_ATH.fa
NONATHT000900	lncRNA	0.049397983129884276	0.9506020168701164	NONCODEv6_ATH.fa
NONATHT000901	lncRNA	0.05756210195099888	0.9424378980490012	NONCODEv6_ATH.fa
NONATHT000902	lncRNA	0.16259237294371004	0.8374076270562898	NONCODEv6_ATH.fa
NONATHT000903	lncRNA	0.039820000428062705	0.9601799995719381	NONCODEv6_ATH.fa
NONATHT000904	lncRNA	0.032757672299894305	0.9672423277001055	NONCODEv6_ATH.fa
NONATHT000905	lncRNA	0.07079431910460592	0.9292056808953945	NONCODEv6_ATH.fa
NONATHT000906	lncRNA	0.10406401697751386	0.8959359830224863	NONCODEv6_ATH.fa
NONATHT000907	lncRNA	0.25077934894419096	0.7492206510558098	NONCODEv6_ATH.fa
NONATHT000908	lncRNA	0.12298277315852836	0.8770172268414722	NONCODEv6_ATH.fa
NONATHT000909	lncRNA	0.014972090147012776	0.9850279098529875	NONCODEv6_ATH.fa
NONATHT000910	lncRNA	0.19994922301902254	0.8000507769809768	NONCODEv6_ATH.fa
NONATHT000911	lncRNA	0.17419902370907628	0.8258009762909244	NONCODEv6_ATH.fa
NONATHT000912	lncRNA	0.22196901476770026	0.7780309852323003	NONCODEv6_ATH.fa
NONATHT000913	lncRNA	0.08848321623022742	0.9115167837697726	NONCODEv6_ATH.fa
NONATHT000914	lncRNA	0.1484836611550095	0.8515163388449907	NONCODEv6_ATH.fa
NONATHT000915	lncRNA	0.11687579903566765	0.8831242009643328	NONCODEv6_ATH.fa
NONATHT000916	lncRNA	0.04308616187622747	0.9569138381237731	NONCODEv6_ATH.fa
NONATHT000917	lncRNA	0.08104594684157601	0.9189540531584243	NONCODEv6_ATH.fa
NONATHT000918	lncRNA	0.07688018796317882	0.9231198120368215	NONCODEv6_ATH.fa
NONATHT000919	lncRNA	0.07950701561821844	0.9204929843817816	NONCODEv6_ATH.fa
NONATHT000920	lncRNA	0.09036480955517079	0.9096351904448295	NONCODEv6_ATH.fa
NONATHT000921	lncRNA	0.4132567488805207	0.5867432511194793	NONCODEv6_ATH.fa
NONATHT000922	lncRNA	0.06489894724662545	0.9351010527533751	NONCODEv6_ATH.fa
NONATHT000923	lncRNA	0.06580452891858239	0.9341954710814181	NONCODEv6_ATH.fa
NONATHT000924	lncRNA	0.028340365596599353	0.9716596344034006	NONCODEv6_ATH.fa
NONATHT000925	lncRNA	0.26046820997477343	0.7395317900252262	NONCODEv6_ATH.fa
NONATHT000926	lncRNA	0.08966247247157748	0.9103375275284226	NONCODEv6_ATH.fa
NONATHT000927	lncRNA	0.05542531386196059	0.9445746861380396	NONCODEv6_ATH.fa
NONATHT000928	lncRNA	0.17449276184792195	0.8255072381520786	NONCODEv6_ATH.fa
NONATHT000929	lncRNA	0.1969028916463786	0.803097108353621	NONCODEv6_ATH.fa
NONATHT000930	lncRNA	0.12147617447398969	0.8785238255260106	NONCODEv6_ATH.fa
NONATHT000932	Protein_Coding	0.6633643432523328	0.3366356567476671	NONCODEv6_ATH.fa
NONATHT000931	Protein_Coding	0.6633643432523328	0.3366356567476671	NONCODEv6_ATH.fa
NONATHT000933	lncRNA	0.07941721975873835	0.9205827802412619	NONCODEv6_ATH.fa
NONATHT000934	lncRNA	0.11026692087152706	0.8897330791284729	NONCODEv6_ATH.fa
NONATHT000935	lncRNA	0.3122557077609624	0.6877442922390381	NONCODEv6_ATH.fa
NONATHT000936	lncRNA	0.07103456968447917	0.928965430315521	NONCODEv6_ATH.fa
NONATHT000937	lncRNA	0.15350198945790808	0.8464980105420923	NONCODEv6_ATH.fa
NONATHT000938	lncRNA	0.05271211558881472	0.9472878844111852	NONCODEv6_ATH.fa
NONATHT000939	Protein_Coding	0.5364696409053774	0.46353035909462265	NONCODEv6_ATH.fa
NONATHT000940	lncRNA	0.21584177142944444	0.7841582285705552	NONCODEv6_ATH.fa
NONATHT000941	lncRNA	0.36014560966475995	0.63985439033524	NONCODEv6_ATH.fa
NONATHT000942	lncRNA	0.08604889840819084	0.9139511015918095	NONCODEv6_ATH.fa
NONATHT000943	lncRNA	0.08028342756228252	0.9197165724377181	NONCODEv6_ATH.fa
NONATHT000944	Protein_Coding	0.6173734000340254	0.3826265999659751	NONCODEv6_ATH.fa
NONATHT000945	lncRNA	0.28607839974735866	0.7139216002526417	NONCODEv6_ATH.fa
NONATHT000946	lncRNA	0.1063525613656059	0.8936474386343941	NONCODEv6_ATH.fa
NONATHT000947	lncRNA	0.1849158023936221	0.8150841976063782	NONCODEv6_ATH.fa
NONATHT000948	lncRNA	0.08545045778850516	0.9145495422114952	NONCODEv6_ATH.fa
NONATHT000949	lncRNA	0.13605322547152904	0.8639467745284711	NONCODEv6_ATH.fa
NONATHT000950	lncRNA	0.31871895120314125	0.681281048796859	NONCODEv6_ATH.fa
NONATHT000951	Protein_Coding	0.5568467246079617	0.4431532753920382	NONCODEv6_ATH.fa
NONATHT000952	Protein_Coding	0.5768607923112956	0.4231392076887045	NONCODEv6_ATH.fa
NONATHT000955	lncRNA	0.1422539788886365	0.857746021111363	NONCODEv6_ATH.fa
NONATHT000954	lncRNA	0.1422539788886365	0.857746021111363	NONCODEv6_ATH.fa
NONATHT000953	lncRNA	0.1422539788886365	0.857746021111363	NONCODEv6_ATH.fa
NONATHT000956	lncRNA	0.14679617214536694	0.853203827854633	NONCODEv6_ATH.fa
NONATHT000957	Protein_Coding	0.6142906837333557	0.385709316266644	NONCODEv6_ATH.fa
NONATHT000958	lncRNA	0.09162798679216452	0.908372013207836	NONCODEv6_ATH.fa
NONATHT000959	lncRNA	0.10519409510528718	0.8948059048947131	NONCODEv6_ATH.fa
NONATHT000960	lncRNA	0.2757438295494888	0.724256170450511	NONCODEv6_ATH.fa
NONATHT000961	lncRNA	0.15537579755296368	0.8446242024470362	NONCODEv6_ATH.fa
NONATHT000964	lncRNA	0.1454613117771909	0.8545386882228092	NONCODEv6_ATH.fa
NONATHT000962	lncRNA	0.1454613117771909	0.8545386882228092	NONCODEv6_ATH.fa
NONATHT000963	lncRNA	0.1454613117771909	0.8545386882228092	NONCODEv6_ATH.fa
NONATHT000965	lncRNA	0.18103677357065212	0.8189632264293483	NONCODEv6_ATH.fa
NONATHT000966	lncRNA	0.18103677357065212	0.8189632264293483	NONCODEv6_ATH.fa
NONATHT000967	lncRNA	0.21782498498938968	0.7821750150106108	NONCODEv6_ATH.fa
NONATHT000968	lncRNA	0.1002448778104441	0.8997551221895563	NONCODEv6_ATH.fa
NONATHT000969	lncRNA	0.05452728875773228	0.9454727112422675	NONCODEv6_ATH.fa
NONATHT000970	lncRNA	0.03828395737359492	0.9617160426264054	NONCODEv6_ATH.fa
NONATHT000971	lncRNA	0.04223088074403702	0.9577691192559633	NONCODEv6_ATH.fa
NONATHT000972	lncRNA	0.43924062955444	0.5607593704455601	NONCODEv6_ATH.fa
NONATHT000973	lncRNA	0.32450440871753355	0.6754955912824665	NONCODEv6_ATH.fa
NONATHT000974	lncRNA	0.31617290638882045	0.6838270936111793	NONCODEv6_ATH.fa
NONATHT000975	lncRNA	0.23986778292849284	0.7601322170715072	NONCODEv6_ATH.fa
NONATHT000976	lncRNA	0.06080693376072829	0.9391930662392719	NONCODEv6_ATH.fa
NONATHT000977	lncRNA	0.15588701616030828	0.8441129838396921	NONCODEv6_ATH.fa
NONATHT000978	lncRNA	0.18929515158165988	0.8107048484183402	NONCODEv6_ATH.fa
NONATHT000979	lncRNA	0.12470710911422045	0.8752928908857797	NONCODEv6_ATH.fa
NONATHT000980	lncRNA	0.1275054076859716	0.8724945923140285	NONCODEv6_ATH.fa
NONATHT000981	lncRNA	0.05082537682102738	0.9491746231789729	NONCODEv6_ATH.fa
NONATHT000982	lncRNA	0.10486559617898887	0.8951344038210116	NONCODEv6_ATH.fa
NONATHT000983	lncRNA	0.10486559617898887	0.8951344038210116	NONCODEv6_ATH.fa
NONATHT000984	lncRNA	0.1349880015579264	0.8650119984420738	NONCODEv6_ATH.fa
NONATHT000985	lncRNA	0.024003726570305077	0.9759962734296953	NONCODEv6_ATH.fa
NONATHT000986	lncRNA	0.08577135128030217	0.9142286487196983	NONCODEv6_ATH.fa
NONATHT000987	lncRNA	0.20120685314166684	0.7987931468583332	NONCODEv6_ATH.fa
NONATHT000988	lncRNA	0.031603701689881615	0.9683962983101185	NONCODEv6_ATH.fa
NONATHT000989	lncRNA	0.3716473762521748	0.628352623747825	NONCODEv6_ATH.fa
NONATHT000990	lncRNA	0.06411366469539029	0.9358863353046101	NONCODEv6_ATH.fa
NONATHT000991	lncRNA	0.0786758968164385	0.9213241031835613	NONCODEv6_ATH.fa
NONATHT000992	lncRNA	0.0960442049310622	0.903955795068938	NONCODEv6_ATH.fa
NONATHT000993	lncRNA	0.19357188614771498	0.8064281138522854	NONCODEv6_ATH.fa
NONATHT000994	lncRNA	0.04245645936705054	0.9575435406329491	NONCODEv6_ATH.fa
NONATHT000995	lncRNA	0.1742810596275248	0.8257189403724758	NONCODEv6_ATH.fa
NONATHT000996	lncRNA	0.26818561629414145	0.7318143837058588	NONCODEv6_ATH.fa
NONATHT000997	lncRNA	0.10398186802022452	0.8960181319797763	NONCODEv6_ATH.fa
NONATHT000998	lncRNA	0.1810293666177669	0.8189706333822332	NONCODEv6_ATH.fa
NONATHT000999	lncRNA	0.016337883064495056	0.9836621169355045	NONCODEv6_ATH.fa
NONATHT001000	lncRNA	0.12381193241427667	0.8761880675857241	NONCODEv6_ATH.fa
NONATHT001001	lncRNA	0.17417907091781834	0.8258209290821814	NONCODEv6_ATH.fa
NONATHT001002	Protein_Coding	0.5879643978817943	0.4120356021182057	NONCODEv6_ATH.fa
NONATHT001003	lncRNA	0.0566945882445735	0.9433054117554266	NONCODEv6_ATH.fa
NONATHT001004	lncRNA	0.41207046043573325	0.587929539564267	NONCODEv6_ATH.fa
NONATHT001005	lncRNA	0.1504373870110497	0.8495626129889502	NONCODEv6_ATH.fa
NONATHT001006	lncRNA	0.09899205351742753	0.9010079464825725	NONCODEv6_ATH.fa
NONATHT001007	lncRNA	0.030892951391068804	0.9691070486089316	NONCODEv6_ATH.fa
NONATHT001008	lncRNA	0.11884370920477763	0.881156290795223	NONCODEv6_ATH.fa
NONATHT001009	lncRNA	0.1404659977809036	0.8595340022190969	NONCODEv6_ATH.fa
NONATHT001010	lncRNA	0.03210428023357816	0.9678957197664221	NONCODEv6_ATH.fa
NONATHT001011	lncRNA	0.10054204672299646	0.8994579532770035	NONCODEv6_ATH.fa
NONATHT001012	lncRNA	0.03548400399901005	0.9645159960009903	NONCODEv6_ATH.fa
NONATHT001013	Protein_Coding	0.5904034254913981	0.4095965745086019	NONCODEv6_ATH.fa
NONATHT001014	Protein_Coding	0.5118996271031702	0.48810037289682984	NONCODEv6_ATH.fa
NONATHT001015	lncRNA	0.3581002242733083	0.6418997757266917	NONCODEv6_ATH.fa
NONATHT001016	lncRNA	0.02586123265853301	0.9741387673414671	NONCODEv6_ATH.fa
NONATHT001017	lncRNA	0.2993987948040812	0.700601205195919	NONCODEv6_ATH.fa
NONATHT001018	lncRNA	0.1434146187625069	0.8565853812374931	NONCODEv6_ATH.fa
NONATHT001019	lncRNA	0.03449656169066056	0.9655034383093397	NONCODEv6_ATH.fa
NONATHT001020	lncRNA	0.07805448174222927	0.9219455182577709	NONCODEv6_ATH.fa
NONATHT001021	lncRNA	0.08171513846445157	0.9182848615355486	NONCODEv6_ATH.fa
NONATHT001022	lncRNA	0.15851284517274208	0.8414871548272588	NONCODEv6_ATH.fa
NONATHT001023	lncRNA	0.17375794120919397	0.8262420587908058	NONCODEv6_ATH.fa
NONATHT001024	lncRNA	0.45459391432556107	0.5454060856744388	NONCODEv6_ATH.fa
NONATHT001025	lncRNA	0.045710103752372076	0.9542898962476282	NONCODEv6_ATH.fa
NONATHT001026	lncRNA	0.054930003695563306	0.9450699963044374	NONCODEv6_ATH.fa
NONATHT001027	lncRNA	0.26965530128853804	0.7303446987114622	NONCODEv6_ATH.fa
NONATHT001028	lncRNA	0.1996813674313394	0.800318632568661	NONCODEv6_ATH.fa
NONATHT001029	lncRNA	0.025506025764686947	0.9744939742353131	NONCODEv6_ATH.fa
NONATHT001030	Protein_Coding	0.5388818122538995	0.46111818774610064	NONCODEv6_ATH.fa
NONATHT001031	lncRNA	0.10803762868428672	0.8919623713157139	NONCODEv6_ATH.fa
NONATHT001032	lncRNA	0.05264527582923371	0.9473547241707667	NONCODEv6_ATH.fa
NONATHT001033	lncRNA	0.02603433033374159	0.9739656696662587	NONCODEv6_ATH.fa
NONATHT001034	lncRNA	0.04129986848827495	0.9587001315117253	NONCODEv6_ATH.fa
NONATHT001035	lncRNA	0.12682392031375964	0.87317607968624	NONCODEv6_ATH.fa
NONATHT001036	lncRNA	0.03057351270462287	0.9694264872953768	NONCODEv6_ATH.fa
NONATHT001037	lncRNA	0.116447856831295	0.8835521431687048	NONCODEv6_ATH.fa
NONATHT001038	lncRNA	0.12682206024777948	0.8731779397522205	NONCODEv6_ATH.fa
NONATHT001039	lncRNA	0.0736252872577486	0.9263747127422518	NONCODEv6_ATH.fa
NONATHT001040	lncRNA	0.3640559922645355	0.6359440077354647	NONCODEv6_ATH.fa
NONATHT001041	lncRNA	0.33658646750723514	0.6634135324927651	NONCODEv6_ATH.fa
NONATHT001042	lncRNA	0.24625026916459491	0.7537497308354054	NONCODEv6_ATH.fa
NONATHT001043	lncRNA	0.08338042309266774	0.9166195769073328	NONCODEv6_ATH.fa
NONATHT001044	lncRNA	0.34036175947092223	0.6596382405290778	NONCODEv6_ATH.fa
NONATHT001045	lncRNA	0.09781326665098816	0.9021867333490119	NONCODEv6_ATH.fa
NONATHT001046	lncRNA	0.1519780370694133	0.8480219629305871	NONCODEv6_ATH.fa
NONATHT001047	lncRNA	0.24442437770857472	0.7555756222914256	NONCODEv6_ATH.fa
NONATHT001048	lncRNA	0.20468061533435894	0.7953193846656404	NONCODEv6_ATH.fa
NONATHT001049	lncRNA	0.21500637823491528	0.7849936217650846	NONCODEv6_ATH.fa
NONATHT001050	lncRNA	0.13283181587836962	0.867168184121631	NONCODEv6_ATH.fa
NONATHT001051	lncRNA	0.32283233917989923	0.6771676608201015	NONCODEv6_ATH.fa
NONATHT001052	lncRNA	0.05799159908622171	0.9420084009137785	NONCODEv6_ATH.fa
NONATHT001053	lncRNA	0.20285193378267816	0.7971480662173223	NONCODEv6_ATH.fa
NONATHT001054	lncRNA	0.011679807999269029	0.9883201920007311	NONCODEv6_ATH.fa
NONATHT001055	lncRNA	0.09807026769356224	0.9019297323064379	NONCODEv6_ATH.fa
NONATHT001056	lncRNA	0.0967930010164441	0.903206998983556	NONCODEv6_ATH.fa
NONATHT001057	lncRNA	0.11123966848251716	0.8887603315174836	NONCODEv6_ATH.fa
NONATHT001059	lncRNA	0.25581881447106075	0.7441811855289394	NONCODEv6_ATH.fa
NONATHT001058	lncRNA	0.25581881447106075	0.7441811855289394	NONCODEv6_ATH.fa
NONATHT001060	lncRNA	0.1300887085508755	0.8699112914491247	NONCODEv6_ATH.fa
NONATHT001061	lncRNA	0.06988614522390121	0.9301138547760991	NONCODEv6_ATH.fa
NONATHT001062	lncRNA	0.10648684430304771	0.8935131556969526	NONCODEv6_ATH.fa
NONATHT001063	lncRNA	0.33685852518537635	0.6631414748146237	NONCODEv6_ATH.fa
NONATHT001064	lncRNA	0.19748856135945622	0.8025114386405435	NONCODEv6_ATH.fa
NONATHT001065	lncRNA	0.22975797147836383	0.7702420285216364	NONCODEv6_ATH.fa
NONATHT001066	lncRNA	0.10857500161547373	0.8914249983845268	NONCODEv6_ATH.fa
NONATHT001067	lncRNA	0.39918983915710793	0.6008101608428923	NONCODEv6_ATH.fa
NONATHT001068	lncRNA	0.16600040539408603	0.8339995946059137	NONCODEv6_ATH.fa
NONATHT001069	lncRNA	0.0983494718536331	0.9016505281463671	NONCODEv6_ATH.fa
NONATHT001070	lncRNA	0.12131532970228065	0.8786846702977197	NONCODEv6_ATH.fa
NONATHT001071	lncRNA	0.19913074129920635	0.8008692587007937	NONCODEv6_ATH.fa
NONATHT001072	lncRNA	0.2436777466300007	0.756322253369999	NONCODEv6_ATH.fa
NONATHT001073	lncRNA	0.4240628710368297	0.5759371289631698	NONCODEv6_ATH.fa
NONATHT001074	lncRNA	0.10590632016577871	0.8940936798342216	NONCODEv6_ATH.fa
NONATHT001075	lncRNA	0.1719740302517173	0.828025969748283	NONCODEv6_ATH.fa
NONATHT001076	lncRNA	0.17179390989058949	0.828206090109411	NONCODEv6_ATH.fa
NONATHT001077	lncRNA	0.11184698826842603	0.888153011731574	NONCODEv6_ATH.fa
NONATHT001078	lncRNA	0.3230520449297366	0.6769479550702637	NONCODEv6_ATH.fa
NONATHT001079	Protein_Coding	0.6344415646229432	0.36555843537705696	NONCODEv6_ATH.fa
NONATHT001080	lncRNA	0.322130083543618	0.6778699164563817	NONCODEv6_ATH.fa
NONATHT001081	lncRNA	0.4244963929891204	0.5755036070108794	NONCODEv6_ATH.fa
NONATHT001082	lncRNA	0.24771746519874177	0.7522825348012585	NONCODEv6_ATH.fa
NONATHT001083	lncRNA	0.34899823625503357	0.6510017637449665	NONCODEv6_ATH.fa
NONATHT001084	lncRNA	0.13449341129445294	0.8655065887055474	NONCODEv6_ATH.fa
NONATHT001085	lncRNA	0.40703816772380064	0.5929618322761993	NONCODEv6_ATH.fa
NONATHT001086	lncRNA	0.09865474180447534	0.9013452581955249	NONCODEv6_ATH.fa
NONATHT001087	lncRNA	0.2430204213488454	0.7569795786511547	NONCODEv6_ATH.fa
NONATHT001088	lncRNA	0.08670543936582054	0.9132945606341794	NONCODEv6_ATH.fa
NONATHT001089	lncRNA	0.2158881959398463	0.7841118040601538	NONCODEv6_ATH.fa
NONATHT001090	lncRNA	0.16426740284350866	0.8357325971564914	NONCODEv6_ATH.fa
NONATHT001091	lncRNA	0.2913030415545272	0.7086969584454731	NONCODEv6_ATH.fa
NONATHT001092	lncRNA	0.17709295977507275	0.8229070402249274	NONCODEv6_ATH.fa
NONATHT001093	lncRNA	0.08103534901971796	0.9189646509802823	NONCODEv6_ATH.fa
NONATHT001094	lncRNA	0.22082375121161255	0.7791762487883871	NONCODEv6_ATH.fa
NONATHT001095	lncRNA	0.04559748399602408	0.9544025160039764	NONCODEv6_ATH.fa
NONATHT001096	lncRNA	0.10897820754157522	0.8910217924584245	NONCODEv6_ATH.fa
NONATHT001097	lncRNA	0.026396341464163284	0.9736036585358365	NONCODEv6_ATH.fa
NONATHT001098	lncRNA	0.11690575328425536	0.8830942467157444	NONCODEv6_ATH.fa
NONATHT001099	lncRNA	0.16374581170118283	0.8362541882988171	NONCODEv6_ATH.fa
NONATHT001100	lncRNA	0.026601866064898477	0.9733981339351017	NONCODEv6_ATH.fa
NONATHT001101	lncRNA	0.26741708221326216	0.7325829177867378	NONCODEv6_ATH.fa
NONATHT001102	lncRNA	0.09868144234940143	0.9013185576505979	NONCODEv6_ATH.fa
NONATHT001103	lncRNA	0.16825753178355515	0.8317424682164448	NONCODEv6_ATH.fa
NONATHT001104	lncRNA	0.07319753311001227	0.9268024668899881	NONCODEv6_ATH.fa
NONATHT001105	lncRNA	0.10536396591984151	0.8946360340801589	NONCODEv6_ATH.fa
NONATHT001106	lncRNA	0.03609471729690427	0.9639052827030962	NONCODEv6_ATH.fa
NONATHT001107	lncRNA	0.13612126529389934	0.8638787347061005	NONCODEv6_ATH.fa
NONATHT001108	lncRNA	0.20837003074501648	0.7916299692549836	NONCODEv6_ATH.fa
NONATHT001109	lncRNA	0.16547893353450463	0.8345210664654955	NONCODEv6_ATH.fa
NONATHT001110	lncRNA	0.1944892009634031	0.805510799036597	NONCODEv6_ATH.fa
NONATHT001111	lncRNA	0.16022989906875185	0.8397701009312484	NONCODEv6_ATH.fa
NONATHT001112	lncRNA	0.09094894929830676	0.9090510507016933	NONCODEv6_ATH.fa
NONATHT001113	lncRNA	0.06456159099078751	0.9354384090092129	NONCODEv6_ATH.fa
NONATHT001114	lncRNA	0.25646565832367646	0.7435343416763235	NONCODEv6_ATH.fa
NONATHT001115	lncRNA	0.24640307478912934	0.7535969252108708	NONCODEv6_ATH.fa
NONATHT001116	lncRNA	0.18510720894012003	0.8148927910598797	NONCODEv6_ATH.fa
NONATHT001117	lncRNA	0.36076036275735224	0.6392396372426478	NONCODEv6_ATH.fa
NONATHT001118	lncRNA	0.18203942035239373	0.8179605796476064	NONCODEv6_ATH.fa
NONATHT001119	lncRNA	0.1736328610449469	0.8263671389550526	NONCODEv6_ATH.fa
NONATHT001120	lncRNA	0.12284355941296334	0.8771564405870378	NONCODEv6_ATH.fa
NONATHT001121	lncRNA	0.20889355933668857	0.7911064406633117	NONCODEv6_ATH.fa
NONATHT001122	lncRNA	0.39178374777757025	0.6082162522224296	NONCODEv6_ATH.fa
NONATHT001123	lncRNA	0.1319788523608307	0.8680211476391689	NONCODEv6_ATH.fa
NONATHT001124	lncRNA	0.2630526052565857	0.7369473947434144	NONCODEv6_ATH.fa
NONATHT001125	lncRNA	0.38822094353348374	0.6117790564665165	NONCODEv6_ATH.fa
NONATHT001126	lncRNA	0.04202876778998859	0.9579712322100115	NONCODEv6_ATH.fa
NONATHT001127	lncRNA	0.1186018641910695	0.8813981358089309	NONCODEv6_ATH.fa
NONATHT001128	lncRNA	0.43183624034817686	0.568163759651823	NONCODEv6_ATH.fa
NONATHT001129	lncRNA	0.1546256789668675	0.8453743210331329	NONCODEv6_ATH.fa
NONATHT001130	lncRNA	0.14813766400537617	0.8518623359946244	NONCODEv6_ATH.fa
NONATHT001131	lncRNA	0.10092168269084353	0.8990783173091564	NONCODEv6_ATH.fa
NONATHT001132	lncRNA	0.039262487681792815	0.9607375123182076	NONCODEv6_ATH.fa
NONATHT001133	lncRNA	0.005886250046262864	0.9941137499537371	NONCODEv6_ATH.fa
NONATHT001134	lncRNA	0.32966898037394005	0.6703310196260599	NONCODEv6_ATH.fa
NONATHT001135	lncRNA	0.12209053394464123	0.8779094660553586	NONCODEv6_ATH.fa
NONATHT001136	lncRNA	0.1805776303173136	0.8194223696826866	NONCODEv6_ATH.fa
NONATHT001137	lncRNA	0.1805776303173136	0.8194223696826866	NONCODEv6_ATH.fa
NONATHT001138	lncRNA	0.1805776303173136	0.8194223696826866	NONCODEv6_ATH.fa
NONATHT001139	lncRNA	0.36202340454423576	0.6379765954557645	NONCODEv6_ATH.fa
NONATHT001140	lncRNA	0.06722950025301765	0.9327704997469825	NONCODEv6_ATH.fa
NONATHT001141	lncRNA	0.30768024063709826	0.6923197593629019	NONCODEv6_ATH.fa
NONATHT001142	lncRNA	0.15163233217015576	0.8483676678298441	NONCODEv6_ATH.fa
NONATHT001143	lncRNA	0.18308643486822063	0.8169135651317797	NONCODEv6_ATH.fa
NONATHT001144	lncRNA	0.35572992854868707	0.6442700714513127	NONCODEv6_ATH.fa
NONATHT001145	lncRNA	0.21548205383780145	0.7845179461621984	NONCODEv6_ATH.fa
NONATHT001146	lncRNA	0.0863183924150722	0.9136816075849279	NONCODEv6_ATH.fa
NONATHT001147	lncRNA	0.014582749479621326	0.9854172505203788	NONCODEv6_ATH.fa
NONATHT001148	lncRNA	0.15521455908525977	0.8447854409147407	NONCODEv6_ATH.fa
NONATHT001149	lncRNA	0.21305774989777368	0.786942250102227	NONCODEv6_ATH.fa
NONATHT001150	lncRNA	0.2486870857942559	0.7513129142057446	NONCODEv6_ATH.fa
NONATHT001151	lncRNA	0.4102329794634735	0.5897670205365265	NONCODEv6_ATH.fa
NONATHT001152	lncRNA	0.20429668115180502	0.7957033188481956	NONCODEv6_ATH.fa
NONATHT001153	lncRNA	0.16158873160794135	0.8384112683920588	NONCODEv6_ATH.fa
NONATHT001154	lncRNA	0.16158873160794135	0.8384112683920588	NONCODEv6_ATH.fa
NONATHT001155	lncRNA	0.16158873160794135	0.8384112683920588	NONCODEv6_ATH.fa
NONATHT001156	lncRNA	0.456568744818572	0.5434312551814281	NONCODEv6_ATH.fa
NONATHT001157	lncRNA	0.3862794410460116	0.6137205589539886	NONCODEv6_ATH.fa
NONATHT001158	lncRNA	0.3543331144269725	0.6456668855730272	NONCODEv6_ATH.fa
NONATHT001159	lncRNA	0.05563713316943991	0.9443628668305603	NONCODEv6_ATH.fa
NONATHT001160	lncRNA	0.05212190382836146	0.9478780961716391	NONCODEv6_ATH.fa
NONATHT001161	lncRNA	0.15579668063423147	0.8442033193657694	NONCODEv6_ATH.fa
NONATHT001162	lncRNA	0.20615062505372989	0.7938493749462703	NONCODEv6_ATH.fa
NONATHT001163	lncRNA	0.052894810137861785	0.9471051898621387	NONCODEv6_ATH.fa
NONATHT001164	lncRNA	0.25614406646869214	0.7438559335313083	NONCODEv6_ATH.fa
NONATHT001165	lncRNA	0.19109318579831416	0.8089068142016853	NONCODEv6_ATH.fa
NONATHT001166	lncRNA	0.09114777679836915	0.9088522232016311	NONCODEv6_ATH.fa
NONATHT001167	lncRNA	0.213050993921596	0.7869490060784041	NONCODEv6_ATH.fa
NONATHT001168	lncRNA	0.17601139461491289	0.8239886053850878	NONCODEv6_ATH.fa
NONATHT001169	lncRNA	0.04472954763556307	0.9552704523644372	NONCODEv6_ATH.fa
NONATHT001170	lncRNA	0.0567361978844322	0.9432638021155676	NONCODEv6_ATH.fa
NONATHT001171	lncRNA	0.41957656137752075	0.5804234386224791	NONCODEv6_ATH.fa
NONATHT001172	lncRNA	0.11240406039563342	0.8875959396043669	NONCODEv6_ATH.fa
NONATHT001173	Protein_Coding	0.50518118400602	0.49481881599398	NONCODEv6_ATH.fa
NONATHT001174	lncRNA	0.14216166583340165	0.8578383341665986	NONCODEv6_ATH.fa
NONATHT001175	lncRNA	0.26618791090393074	0.7338120890960695	NONCODEv6_ATH.fa
NONATHT001176	lncRNA	0.1683112524386815	0.8316887475613184	NONCODEv6_ATH.fa
NONATHT001177	lncRNA	0.1707131767194728	0.8292868232805273	NONCODEv6_ATH.fa
NONATHT001178	lncRNA	0.17828459650603778	0.8217154034939625	NONCODEv6_ATH.fa
NONATHT001179	lncRNA	0.07516407456568176	0.9248359254343183	NONCODEv6_ATH.fa
NONATHT001180	lncRNA	0.05339623673519331	0.9466037632648069	NONCODEv6_ATH.fa
NONATHT001181	lncRNA	0.16533030552322978	0.8346696944767706	NONCODEv6_ATH.fa
NONATHT001182	lncRNA	0.07511979983664901	0.9248802001633515	NONCODEv6_ATH.fa
NONATHT001183	lncRNA	0.14292373452047888	0.8570762654795214	NONCODEv6_ATH.fa
NONATHT001184	lncRNA	0.1369871768303664	0.863012823169634	NONCODEv6_ATH.fa
NONATHT001185	lncRNA	0.24188613006569748	0.7581138699343025	NONCODEv6_ATH.fa
NONATHT001186	lncRNA	0.06173001857302285	0.9382699814269777	NONCODEv6_ATH.fa
NONATHT001187	lncRNA	0.29160449753683565	0.7083955024631646	NONCODEv6_ATH.fa
NONATHT001188	lncRNA	0.47696527655785415	0.5230347234421455	NONCODEv6_ATH.fa
NONATHT001189	lncRNA	0.06629390425866406	0.933706095741337	NONCODEv6_ATH.fa
NONATHT001190	lncRNA	0.08014474697604312	0.9198552530239572	NONCODEv6_ATH.fa
NONATHT001191	lncRNA	0.13674689467899592	0.863253105321004	NONCODEv6_ATH.fa
NONATHT001192	lncRNA	0.33608601001156374	0.6639139899884371	NONCODEv6_ATH.fa
NONATHT001193	lncRNA	0.09156379937227174	0.908436200627729	NONCODEv6_ATH.fa
NONATHT001194	lncRNA	0.1473071940874447	0.8526928059125556	NONCODEv6_ATH.fa
NONATHT001195	lncRNA	0.041580921741840964	0.9584190782581594	NONCODEv6_ATH.fa
NONATHT001196	lncRNA	0.28426074138920476	0.7157392586107958	NONCODEv6_ATH.fa
NONATHT001197	lncRNA	0.06886319415875458	0.9311368058412458	NONCODEv6_ATH.fa
NONATHT001198	lncRNA	0.36036381324667116	0.639636186753329	NONCODEv6_ATH.fa
NONATHT001199	lncRNA	0.2987899451588488	0.7012100548411511	NONCODEv6_ATH.fa
NONATHT001200	lncRNA	0.13460326104585735	0.8653967389541435	NONCODEv6_ATH.fa
NONATHT001201	lncRNA	0.12153284146350242	0.8784671585364981	NONCODEv6_ATH.fa
NONATHT001202	lncRNA	0.19176952912305464	0.8082304708769452	NONCODEv6_ATH.fa
NONATHT001203	lncRNA	0.39314848454911283	0.6068515154508874	NONCODEv6_ATH.fa
NONATHT001204	lncRNA	0.2023571721512686	0.7976428278487314	NONCODEv6_ATH.fa
NONATHT001205	lncRNA	0.30966354115029526	0.6903364588497051	NONCODEv6_ATH.fa
NONATHT001206	lncRNA	0.3386354193402377	0.6613645806597623	NONCODEv6_ATH.fa
NONATHT001207	lncRNA	0.21806951096926225	0.7819304890307377	NONCODEv6_ATH.fa
NONATHT001208	lncRNA	0.08916598672248263	0.9108340132775178	NONCODEv6_ATH.fa
NONATHT001209	lncRNA	0.11039833803262024	0.88960166196738	NONCODEv6_ATH.fa
NONATHT001210	lncRNA	0.28484747711498615	0.7151525228850144	NONCODEv6_ATH.fa
NONATHT001211	lncRNA	0.0983415033134715	0.9016584966865288	NONCODEv6_ATH.fa
NONATHT001212	lncRNA	0.475768075467701	0.5242319245322989	NONCODEv6_ATH.fa
NONATHT001213	lncRNA	0.026878929448073942	0.9731210705519262	NONCODEv6_ATH.fa
NONATHT001214	lncRNA	0.05220157615497963	0.94779842384502	NONCODEv6_ATH.fa
NONATHT001215	lncRNA	0.2054551228515984	0.7945448771484019	NONCODEv6_ATH.fa
NONATHT001216	lncRNA	0.14922155824372382	0.8507784417562757	NONCODEv6_ATH.fa
NONATHT001217	lncRNA	0.020937658277686396	0.9790623417223132	NONCODEv6_ATH.fa
NONATHT001218	lncRNA	0.23267868310575535	0.7673213168942447	NONCODEv6_ATH.fa
NONATHT001219	lncRNA	0.09301339191076535	0.9069866080892347	NONCODEv6_ATH.fa
NONATHT001220	lncRNA	0.08466843226213021	0.9153315677378704	NONCODEv6_ATH.fa
NONATHT001221	lncRNA	0.08771938169533999	0.9122806183046602	NONCODEv6_ATH.fa
NONATHT001222	lncRNA	0.26092417974830284	0.7390758202516967	NONCODEv6_ATH.fa
NONATHT001223	lncRNA	0.12137176219244412	0.8786282378075564	NONCODEv6_ATH.fa
NONATHT001224	lncRNA	0.35265874771680483	0.6473412522831953	NONCODEv6_ATH.fa
NONATHT001225	lncRNA	0.06875481198763053	0.9312451880123697	NONCODEv6_ATH.fa
NONATHT001226	lncRNA	0.27005654267819595	0.7299434573218045	NONCODEv6_ATH.fa
NONATHT001227	lncRNA	0.08646711379668034	0.91353288620332	NONCODEv6_ATH.fa
NONATHT001228	lncRNA	0.10009645422192846	0.8999035457780716	NONCODEv6_ATH.fa
NONATHT001229	lncRNA	0.18435520643936998	0.8156447935606301	NONCODEv6_ATH.fa
NONATHT001230	lncRNA	0.2993512110120355	0.7006487889879649	NONCODEv6_ATH.fa
NONATHT001231	lncRNA	0.41651200697149326	0.583487993028507	NONCODEv6_ATH.fa
NONATHT001232	lncRNA	0.2043278629247608	0.7956721370752391	NONCODEv6_ATH.fa
NONATHT001233	lncRNA	0.31576427401273865	0.6842357259872617	NONCODEv6_ATH.fa
NONATHT001234	lncRNA	0.050771622822377606	0.9492283771776219	NONCODEv6_ATH.fa
NONATHT001235	lncRNA	0.3635345502357276	0.6364654497642723	NONCODEv6_ATH.fa
NONATHT001236	lncRNA	0.2316644850800233	0.7683355149199769	NONCODEv6_ATH.fa
NONATHT001237	lncRNA	0.22065081694442248	0.7793491830555778	NONCODEv6_ATH.fa
NONATHT001238	lncRNA	0.3882300027087773	0.6117699972912228	NONCODEv6_ATH.fa
NONATHT001239	lncRNA	0.3731886152667704	0.6268113847332294	NONCODEv6_ATH.fa
NONATHT001240	lncRNA	0.2891123615148637	0.7108876384851368	NONCODEv6_ATH.fa
NONATHT001241	lncRNA	0.09144326121391048	0.9085567387860894	NONCODEv6_ATH.fa
NONATHT001242	lncRNA	0.09928045195331273	0.9007195480466876	NONCODEv6_ATH.fa
NONATHT001243	lncRNA	0.339970839772209	0.6600291602277911	NONCODEv6_ATH.fa
NONATHT001244	lncRNA	0.37044750623594724	0.6295524937640529	NONCODEv6_ATH.fa
NONATHT001245	lncRNA	0.37044750623594724	0.6295524937640529	NONCODEv6_ATH.fa
NONATHT001246	lncRNA	0.477758590416686	0.5222414095833141	NONCODEv6_ATH.fa
NONATHT001247	lncRNA	0.06776514500807011	0.9322348549919303	NONCODEv6_ATH.fa
NONATHT001248	lncRNA	0.16208640897499318	0.8379135910250071	NONCODEv6_ATH.fa
NONATHT001249	lncRNA	0.196816580121307	0.8031834198786932	NONCODEv6_ATH.fa
NONATHT001250	lncRNA	0.09013150828527405	0.9098684917147267	NONCODEv6_ATH.fa
NONATHT001251	lncRNA	0.18000664195907787	0.8199933580409222	NONCODEv6_ATH.fa
NONATHT001252	lncRNA	0.20454067859378908	0.7954593214062107	NONCODEv6_ATH.fa
NONATHT001253	lncRNA	0.2203215826175209	0.7796784173824792	NONCODEv6_ATH.fa
NONATHT001254	lncRNA	0.313874827446721	0.6861251725532792	NONCODEv6_ATH.fa
NONATHT001255	lncRNA	0.10116084097315785	0.8988391590268419	NONCODEv6_ATH.fa
NONATHT001256	lncRNA	0.3812556536941507	0.6187443463058491	NONCODEv6_ATH.fa
NONATHT001257	lncRNA	0.28922506572885537	0.7107749342711448	NONCODEv6_ATH.fa
NONATHT001258	lncRNA	0.25163387358068007	0.7483661264193194	NONCODEv6_ATH.fa
NONATHT001259	lncRNA	0.14142874730585292	0.8585712526941475	NONCODEv6_ATH.fa
NONATHT001260	lncRNA	0.10519789458868166	0.8948021054113182	NONCODEv6_ATH.fa
NONATHT001261	lncRNA	0.21264991149111312	0.7873500885088873	NONCODEv6_ATH.fa
NONATHT001262	lncRNA	0.4137989965616004	0.5862010034383998	NONCODEv6_ATH.fa
NONATHT001263	lncRNA	0.05660485441316716	0.9433951455868329	NONCODEv6_ATH.fa
NONATHT001264	Protein_Coding	0.6090775705555674	0.3909224294444326	NONCODEv6_ATH.fa
NONATHT001265	lncRNA	0.177425414890094	0.8225745851099062	NONCODEv6_ATH.fa
NONATHT001266	lncRNA	0.23220616817266837	0.7677938318273316	NONCODEv6_ATH.fa
NONATHT001267	lncRNA	0.1941387833288211	0.8058612166711788	NONCODEv6_ATH.fa
NONATHT001268	lncRNA	0.02753422293097832	0.9724657770690219	NONCODEv6_ATH.fa
NONATHT001269	lncRNA	0.09268526061013509	0.9073147393898648	NONCODEv6_ATH.fa
NONATHT001270	lncRNA	0.08476446659855048	0.9152355334014498	NONCODEv6_ATH.fa
NONATHT001271	lncRNA	0.04405693497766416	0.9559430650223361	NONCODEv6_ATH.fa
NONATHT001272	lncRNA	0.18158096382164776	0.8184190361783524	NONCODEv6_ATH.fa
NONATHT001273	lncRNA	0.1711900438991562	0.8288099561008438	NONCODEv6_ATH.fa
NONATHT001274	lncRNA	0.09551654781046125	0.9044834521895391	NONCODEv6_ATH.fa
NONATHT001275	lncRNA	0.26754642216820984	0.7324535778317905	NONCODEv6_ATH.fa
NONATHT001276	lncRNA	0.07089781172009811	0.9291021882799023	NONCODEv6_ATH.fa
NONATHT001277	lncRNA	0.1143566723831935	0.8856433276168071	NONCODEv6_ATH.fa
NONATHT001278	lncRNA	0.19193521995114562	0.8080647800488544	NONCODEv6_ATH.fa
NONATHT001279	lncRNA	0.176895295081195	0.8231047049188049	NONCODEv6_ATH.fa
NONATHT001280	lncRNA	0.21444992989226663	0.7855500701077334	NONCODEv6_ATH.fa
NONATHT001281	lncRNA	0.12927517451014012	0.8707248254898603	NONCODEv6_ATH.fa
NONATHT001282	lncRNA	0.11456803730962711	0.8854319626903729	NONCODEv6_ATH.fa
NONATHT001283	lncRNA	0.35966368199296084	0.640336318007039	NONCODEv6_ATH.fa
NONATHT001284	lncRNA	0.034471694857539134	0.9655283051424609	NONCODEv6_ATH.fa
NONATHT001285	lncRNA	0.4770083476587065	0.5229916523412935	NONCODEv6_ATH.fa
NONATHT001286	lncRNA	0.2183025814848433	0.7816974185151572	NONCODEv6_ATH.fa
NONATHT001288	lncRNA	0.3133005707162992	0.6866994292837014	NONCODEv6_ATH.fa
NONATHT001287	lncRNA	0.3133005707162992	0.6866994292837014	NONCODEv6_ATH.fa
NONATHT001289	lncRNA	0.0724400281917544	0.9275599718082458	NONCODEv6_ATH.fa
NONATHT001290	lncRNA	0.44349355413729885	0.5565064458627014	NONCODEv6_ATH.fa
NONATHT001291	lncRNA	0.043233798202302186	0.956766201797698	NONCODEv6_ATH.fa
NONATHT001292	lncRNA	0.04678897115421076	0.9532110288457895	NONCODEv6_ATH.fa
NONATHT001293	lncRNA	0.14976679754496774	0.8502332024550325	NONCODEv6_ATH.fa
NONATHT001294	lncRNA	0.18614347170953047	0.8138565282904697	NONCODEv6_ATH.fa
NONATHT001295	lncRNA	0.15014416635037858	0.8498558336496216	NONCODEv6_ATH.fa
NONATHT001296	lncRNA	0.2565610624981768	0.7434389375018232	NONCODEv6_ATH.fa
NONATHT001297	lncRNA	0.2371786060569776	0.7628213939430224	NONCODEv6_ATH.fa
NONATHT001298	lncRNA	0.09822327845822414	0.9017767215417759	NONCODEv6_ATH.fa
NONATHT001299	lncRNA	0.07936860535850068	0.9206313946414996	NONCODEv6_ATH.fa
NONATHT001300	lncRNA	0.045858876581609656	0.9541411234183909	NONCODEv6_ATH.fa
NONATHT001301	lncRNA	0.14239519986876284	0.8576048001312373	NONCODEv6_ATH.fa
NONATHT001302	Protein_Coding	0.6364728641507534	0.36352713584924634	NONCODEv6_ATH.fa
NONATHT001303	Protein_Coding	0.6378091432913393	0.3621908567086604	NONCODEv6_ATH.fa
NONATHT001304	lncRNA	0.12075597085201795	0.8792440291479827	NONCODEv6_ATH.fa
NONATHT001305	lncRNA	0.3689992253786171	0.6310007746213828	NONCODEv6_ATH.fa
NONATHT001306	lncRNA	0.06690582046632859	0.9330941795336715	NONCODEv6_ATH.fa
NONATHT001307	lncRNA	0.22459359120498576	0.7754064087950141	NONCODEv6_ATH.fa
NONATHT001308	lncRNA	0.12461142116240359	0.8753885788375961	NONCODEv6_ATH.fa
NONATHT001309	lncRNA	0.1227539238982173	0.877246076101783	NONCODEv6_ATH.fa
NONATHT001310	Protein_Coding	0.6823486214212268	0.3176513785787733	NONCODEv6_ATH.fa
NONATHT001311	lncRNA	0.07333122721687216	0.9266687727831288	NONCODEv6_ATH.fa
NONATHT001312	lncRNA	0.1330791925734768	0.8669208074265236	NONCODEv6_ATH.fa
NONATHT001313	lncRNA	0.07719325950567671	0.9228067404943238	NONCODEv6_ATH.fa
NONATHT001314	lncRNA	0.12900978425406928	0.8709902157459308	NONCODEv6_ATH.fa
NONATHT001315	lncRNA	0.08300994195940983	0.9169900580405904	NONCODEv6_ATH.fa
NONATHT001316	lncRNA	0.22863823658385163	0.7713617634161485	NONCODEv6_ATH.fa
NONATHT001317	lncRNA	0.0713978577810223	0.9286021422189776	NONCODEv6_ATH.fa
NONATHT001318	lncRNA	0.055277888245809044	0.9447221117541912	NONCODEv6_ATH.fa
NONATHT001319	lncRNA	0.14351460603746777	0.8564853939625315	NONCODEv6_ATH.fa
NONATHT001320	lncRNA	0.2404684782644577	0.7595315217355425	NONCODEv6_ATH.fa
NONATHT001321	lncRNA	0.13062927380909126	0.8693707261909088	NONCODEv6_ATH.fa
NONATHT001323	lncRNA	0.14458969757851112	0.8554103024214894	NONCODEv6_ATH.fa
NONATHT001322	lncRNA	0.14458969757851112	0.8554103024214894	NONCODEv6_ATH.fa
NONATHT001324	lncRNA	0.02129644196509894	0.9787035580349009	NONCODEv6_ATH.fa
NONATHT001325	lncRNA	0.09062830410212583	0.9093716958978745	NONCODEv6_ATH.fa
NONATHT001326	lncRNA	0.29284432883813866	0.7071556711618614	NONCODEv6_ATH.fa
NONATHT001327	lncRNA	0.18407794408733671	0.8159220559126635	NONCODEv6_ATH.fa
NONATHT001328	lncRNA	0.37437671134866707	0.6256232886513329	NONCODEv6_ATH.fa
NONATHT001329	lncRNA	0.07517308522492096	0.9248269147750793	NONCODEv6_ATH.fa
NONATHT001330	lncRNA	0.15800089508707185	0.8419991049129283	NONCODEv6_ATH.fa
NONATHT001331	lncRNA	0.20617319325430855	0.7938268067456914	NONCODEv6_ATH.fa
NONATHT001332	lncRNA	0.12234414308983496	0.8776558569101656	NONCODEv6_ATH.fa
NONATHT001333	lncRNA	0.1539887386973889	0.8460112613026107	NONCODEv6_ATH.fa
NONATHT001334	lncRNA	0.15965323598818748	0.8403467640118129	NONCODEv6_ATH.fa
NONATHT001335	Protein_Coding	0.6088640323926426	0.3911359676073575	NONCODEv6_ATH.fa
NONATHT001336	lncRNA	0.02293081717459078	0.9770691828254094	NONCODEv6_ATH.fa
NONATHT001337	lncRNA	0.25935637155038965	0.7406436284496106	NONCODEv6_ATH.fa
NONATHT001338	lncRNA	0.08822247501349335	0.9117775249865069	NONCODEv6_ATH.fa
NONATHT001339	lncRNA	0.2089277827991703	0.7910722172008295	NONCODEv6_ATH.fa
NONATHT001340	lncRNA	0.2898958899178185	0.7101041100821814	NONCODEv6_ATH.fa
NONATHT001341	lncRNA	0.02147821091704662	0.9785217890829537	NONCODEv6_ATH.fa
NONATHT001342	lncRNA	0.12808992214997408	0.8719100778500258	NONCODEv6_ATH.fa
NONATHT001343	lncRNA	0.03873858596721904	0.9612614140327813	NONCODEv6_ATH.fa
NONATHT001344	lncRNA	0.3080903612502253	0.6919096387497748	NONCODEv6_ATH.fa
NONATHT001345	Protein_Coding	0.5625672339825816	0.4374327660174183	NONCODEv6_ATH.fa
NONATHT001346	lncRNA	0.31737681083237557	0.6826231891676242	NONCODEv6_ATH.fa
NONATHT001347	lncRNA	0.17569618188917896	0.8243038181108212	NONCODEv6_ATH.fa
NONATHT001348	lncRNA	0.1308304776229969	0.8691695223770031	NONCODEv6_ATH.fa
NONATHT001349	lncRNA	0.4146285254202072	0.5853714745797931	NONCODEv6_ATH.fa
NONATHT001350	lncRNA	0.34739737251215175	0.6526026274878481	NONCODEv6_ATH.fa
NONATHT001351	lncRNA	0.34739737251215175	0.6526026274878481	NONCODEv6_ATH.fa
NONATHT001352	lncRNA	0.08915819853884231	0.9108418014611577	NONCODEv6_ATH.fa
NONATHT001353	lncRNA	0.04332341149070133	0.9566765885092992	NONCODEv6_ATH.fa
NONATHT001354	lncRNA	0.2727436257241678	0.7272563742758321	NONCODEv6_ATH.fa
NONATHT001355	lncRNA	0.10669271372542961	0.8933072862745709	NONCODEv6_ATH.fa
NONATHT001356	lncRNA	0.045870728684115056	0.954129271315885	NONCODEv6_ATH.fa
NONATHT001357	lncRNA	0.05280988750540748	0.9471901124945921	NONCODEv6_ATH.fa
NONATHT001358	lncRNA	0.47298025196524823	0.5270197480347519	NONCODEv6_ATH.fa
NONATHT001359	lncRNA	0.21408002679647162	0.7859199732035284	NONCODEv6_ATH.fa
NONATHT001360	lncRNA	0.07933300922327376	0.9206669907767266	NONCODEv6_ATH.fa
NONATHT001361	lncRNA	0.057865374207999004	0.9421346257920015	NONCODEv6_ATH.fa
NONATHT001362	lncRNA	0.17556066914582608	0.8244393308541741	NONCODEv6_ATH.fa
NONATHT001363	lncRNA	0.13267001107162854	0.8673299889283717	NONCODEv6_ATH.fa
NONATHT001364	lncRNA	0.31296930101937204	0.6870306989806287	NONCODEv6_ATH.fa
NONATHT001365	lncRNA	0.18519991401309369	0.8148000859869069	NONCODEv6_ATH.fa
NONATHT001366	lncRNA	0.059295443650100275	0.9407045563499002	NONCODEv6_ATH.fa
NONATHT001367	lncRNA	0.4216487042090695	0.5783512957909303	NONCODEv6_ATH.fa
NONATHT001368	lncRNA	0.0935374319549912	0.9064625680450094	NONCODEv6_ATH.fa
NONATHT001369	lncRNA	0.4256263251495502	0.5743736748504498	NONCODEv6_ATH.fa
NONATHT001370	lncRNA	0.42686474003449765	0.5731352599655022	NONCODEv6_ATH.fa
NONATHT001371	lncRNA	0.41417615897892046	0.5858238410210794	NONCODEv6_ATH.fa
NONATHT001372	lncRNA	0.05863034861525906	0.9413696513847413	NONCODEv6_ATH.fa
NONATHT001373	lncRNA	0.13403882068393214	0.865961179316068	NONCODEv6_ATH.fa
NONATHT001374	lncRNA	0.113213467121194	0.8867865328788063	NONCODEv6_ATH.fa
NONATHT001375	lncRNA	0.32162228996541103	0.6783777100345889	NONCODEv6_ATH.fa
NONATHT001376	lncRNA	0.13228154289585414	0.8677184571041463	NONCODEv6_ATH.fa
NONATHT001377	lncRNA	0.2514862303495506	0.7485137696504496	NONCODEv6_ATH.fa
NONATHT001378	lncRNA	0.36026406447765763	0.6397359355223424	NONCODEv6_ATH.fa
NONATHT001379	lncRNA	0.06102552065338944	0.9389744793466107	NONCODEv6_ATH.fa
NONATHT001380	lncRNA	0.07228338303615922	0.9277166169638412	NONCODEv6_ATH.fa
NONATHT001381	lncRNA	0.038595419009051	0.9614045809909492	NONCODEv6_ATH.fa
NONATHT001382	lncRNA	0.13361114010367314	0.8663888598963267	NONCODEv6_ATH.fa
NONATHT001383	lncRNA	0.10330704121126612	0.8966929587887339	NONCODEv6_ATH.fa
NONATHT001384	lncRNA	0.10354887973890428	0.8964511202610962	NONCODEv6_ATH.fa
NONATHT001385	lncRNA	0.07766323786877512	0.9223367621312246	NONCODEv6_ATH.fa
NONATHT001386	lncRNA	0.04582219564230685	0.954177804357693	NONCODEv6_ATH.fa
NONATHT001387	lncRNA	0.03892411988839506	0.9610758801116048	NONCODEv6_ATH.fa
NONATHT001388	lncRNA	0.09549688279090902	0.9045031172090913	NONCODEv6_ATH.fa
NONATHT001389	lncRNA	0.19077903876346491	0.8092209612365348	NONCODEv6_ATH.fa
NONATHT001390	lncRNA	0.023714585614180165	0.9762854143858203	NONCODEv6_ATH.fa
NONATHT001391	lncRNA	0.4346260980530217	0.5653739019469783	NONCODEv6_ATH.fa
NONATHT001392	lncRNA	0.24634412894336472	0.7536558710566353	NONCODEv6_ATH.fa
NONATHT001393	lncRNA	0.4952064384863332	0.5047935615136668	NONCODEv6_ATH.fa
NONATHT001394	lncRNA	0.4952064384863332	0.5047935615136668	NONCODEv6_ATH.fa
NONATHT001395	lncRNA	0.054405711817378674	0.9455942881826214	NONCODEv6_ATH.fa
NONATHT001396	lncRNA	0.08729214091568005	0.9127078590843197	NONCODEv6_ATH.fa
NONATHT001397	lncRNA	0.03561628004026832	0.9643837199597316	NONCODEv6_ATH.fa
NONATHT001398	lncRNA	0.014807002611348713	0.9851929973886515	NONCODEv6_ATH.fa
NONATHT001399	lncRNA	0.4976968562086222	0.5023031437913777	NONCODEv6_ATH.fa
NONATHT001400	lncRNA	0.16696085016224507	0.8330391498377552	NONCODEv6_ATH.fa
NONATHT001401	lncRNA	0.19567093016845347	0.8043290698315468	NONCODEv6_ATH.fa
NONATHT001402	lncRNA	0.2774610010148679	0.7225389989851326	NONCODEv6_ATH.fa
NONATHT001403	lncRNA	0.08157810469329507	0.9184218953067056	NONCODEv6_ATH.fa
NONATHT001404	lncRNA	0.15236622810433473	0.8476337718956657	NONCODEv6_ATH.fa
NONATHT001405	lncRNA	0.15236622810433473	0.8476337718956657	NONCODEv6_ATH.fa
NONATHT001406	lncRNA	0.20042463100954278	0.7995753689904572	NONCODEv6_ATH.fa
NONATHT001407	lncRNA	0.20415670555429127	0.7958432944457087	NONCODEv6_ATH.fa
NONATHT001408	lncRNA	0.10509453879543364	0.8949054612045667	NONCODEv6_ATH.fa
NONATHT001409	lncRNA	0.14163825249861473	0.8583617475013856	NONCODEv6_ATH.fa
NONATHT001410	lncRNA	0.3303606855878198	0.6696393144121806	NONCODEv6_ATH.fa
NONATHT001411	lncRNA	0.31714782877214837	0.6828521712278524	NONCODEv6_ATH.fa
NONATHT001412	lncRNA	0.1968125642338448	0.8031874357661554	NONCODEv6_ATH.fa
NONATHT001413	lncRNA	0.17955226917515824	0.8204477308248422	NONCODEv6_ATH.fa
NONATHT001414	lncRNA	0.1770860242187009	0.8229139757812991	NONCODEv6_ATH.fa
NONATHT001415	lncRNA	0.1571184200719611	0.8428815799280389	NONCODEv6_ATH.fa
NONATHT001416	lncRNA	0.11606915906417527	0.8839308409358251	NONCODEv6_ATH.fa
NONATHT001417	lncRNA	0.05726725992847138	0.9427327400715285	NONCODEv6_ATH.fa
NONATHT001422	lncRNA	0.05756455839230091	0.9424354416076993	NONCODEv6_ATH.fa
NONATHT001421	lncRNA	0.05756455839230091	0.9424354416076993	NONCODEv6_ATH.fa
NONATHT001418	lncRNA	0.05756455839230091	0.9424354416076993	NONCODEv6_ATH.fa
NONATHT001419	lncRNA	0.060272363137397644	0.9397276368626026	NONCODEv6_ATH.fa
NONATHT001420	lncRNA	0.057273141280863096	0.9427268587191369	NONCODEv6_ATH.fa
NONATHT001423	lncRNA	0.050989259907162986	0.9490107400928371	NONCODEv6_ATH.fa
NONATHT001424	lncRNA	0.050989259907162986	0.9490107400928371	NONCODEv6_ATH.fa
NONATHT001425	lncRNA	0.07773414233078671	0.9222658576692137	NONCODEv6_ATH.fa
NONATHT001426	lncRNA	0.09074764378628626	0.9092523562137137	NONCODEv6_ATH.fa
NONATHT001427	lncRNA	0.12993407033777402	0.8700659296622264	NONCODEv6_ATH.fa
NONATHT001428	lncRNA	0.16522991895244307	0.8347700810475577	NONCODEv6_ATH.fa
NONATHT001430	lncRNA	0.06918846247561973	0.9308115375243802	NONCODEv6_ATH.fa
NONATHT001429	lncRNA	0.06918846247561973	0.9308115375243802	NONCODEv6_ATH.fa
NONATHT001431	lncRNA	0.13280975505421708	0.8671902449457825	NONCODEv6_ATH.fa
NONATHT001432	lncRNA	0.010474459829554228	0.9895255401704459	NONCODEv6_ATH.fa
NONATHT001433	lncRNA	0.28644621950077137	0.7135537804992292	NONCODEv6_ATH.fa
NONATHT001434	lncRNA	0.04943214549584642	0.9505678545041542	NONCODEv6_ATH.fa
NONATHT001435	lncRNA	0.45172824102506587	0.5482717589749343	NONCODEv6_ATH.fa
NONATHT001436	lncRNA	0.40107129093805555	0.5989287090619443	NONCODEv6_ATH.fa
NONATHT001437	lncRNA	0.07410619114578408	0.9258938088542165	NONCODEv6_ATH.fa
NONATHT001438	Protein_Coding	0.5715675268737463	0.4284324731262534	NONCODEv6_ATH.fa
NONATHT001439	lncRNA	0.06558810792235265	0.9344118920776481	NONCODEv6_ATH.fa
NONATHT001440	lncRNA	0.1601553444266829	0.8398446555733176	NONCODEv6_ATH.fa
NONATHT001441	lncRNA	0.02797051433395263	0.9720294856660474	NONCODEv6_ATH.fa
NONATHT001442	lncRNA	0.20884788795843834	0.7911521120415622	NONCODEv6_ATH.fa
NONATHT001443	lncRNA	0.08421318425973463	0.915786815740266	NONCODEv6_ATH.fa
NONATHT001444	lncRNA	0.4068367702508328	0.5931632297491674	NONCODEv6_ATH.fa
NONATHT001445	lncRNA	0.11665573851225235	0.8833442614877477	NONCODEv6_ATH.fa
NONATHT001446	lncRNA	0.21585045093008423	0.7841495490699162	NONCODEv6_ATH.fa
NONATHT001447	lncRNA	0.10593822791304185	0.8940617720869583	NONCODEv6_ATH.fa
NONATHT001448	lncRNA	0.22641408100565777	0.7735859189943426	NONCODEv6_ATH.fa
NONATHT001449	lncRNA	0.1602284554617774	0.8397715445382224	NONCODEv6_ATH.fa
NONATHT001450	lncRNA	0.13268216364633	0.8673178363536704	NONCODEv6_ATH.fa
NONATHT001451	lncRNA	0.10985309147702178	0.8901469085229786	NONCODEv6_ATH.fa
NONATHT001452	lncRNA	0.18093448040222057	0.8190655195977796	NONCODEv6_ATH.fa
NONATHT001453	lncRNA	0.27643255465860506	0.7235674453413953	NONCODEv6_ATH.fa
NONATHT001455	lncRNA	0.08129243211875725	0.9187075678812423	NONCODEv6_ATH.fa
NONATHT001454	lncRNA	0.0839634049881988	0.9160365950118009	NONCODEv6_ATH.fa
NONATHT001456	lncRNA	0.32002139043667277	0.6799786095633277	NONCODEv6_ATH.fa
NONATHT001457	lncRNA	0.06102414411988846	0.9389758558801117	NONCODEv6_ATH.fa
NONATHT001458	lncRNA	0.018689765581554062	0.9813102344184464	NONCODEv6_ATH.fa
NONATHT001459	lncRNA	0.07541857861413079	0.9245814213858695	NONCODEv6_ATH.fa
NONATHT001460	lncRNA	0.059734526991610463	0.9402654730083895	NONCODEv6_ATH.fa
NONATHT001461	lncRNA	0.12800996598486566	0.8719900340151341	NONCODEv6_ATH.fa
NONATHT001462	lncRNA	0.09779572385900094	0.9022042761409992	NONCODEv6_ATH.fa
NONATHT001463	lncRNA	0.11812358144796663	0.8818764185520332	NONCODEv6_ATH.fa
NONATHT001464	lncRNA	0.3535030375824263	0.6464969624175737	NONCODEv6_ATH.fa
NONATHT001465	lncRNA	0.26170916206577116	0.7382908379342291	NONCODEv6_ATH.fa
NONATHT001466	lncRNA	0.18837234471271982	0.8116276552872803	NONCODEv6_ATH.fa
NONATHT001467	lncRNA	0.10122975267551935	0.8987702473244804	NONCODEv6_ATH.fa
NONATHT001468	lncRNA	0.021528439838192023	0.9784715601618077	NONCODEv6_ATH.fa
NONATHT001469	lncRNA	0.09889718688095452	0.9011028131190459	NONCODEv6_ATH.fa
NONATHT001470	lncRNA	0.05235556417458688	0.9476444358254132	NONCODEv6_ATH.fa
NONATHT001471	lncRNA	0.3154428575181081	0.6845571424818923	NONCODEv6_ATH.fa
NONATHT001472	lncRNA	0.3040553497259529	0.6959446502740472	NONCODEv6_ATH.fa
NONATHT001473	lncRNA	0.16741481295046545	0.8325851870495345	NONCODEv6_ATH.fa
NONATHT001474	lncRNA	0.1187507827988157	0.8812492172011849	NONCODEv6_ATH.fa
NONATHT001475	lncRNA	0.21215937624517933	0.787840623754821	NONCODEv6_ATH.fa
NONATHT001476	lncRNA	0.22121758586901882	0.7787824141309815	NONCODEv6_ATH.fa
NONATHT001477	lncRNA	0.08472737919709558	0.9152726208029046	NONCODEv6_ATH.fa
NONATHT001478	lncRNA	0.04029268744907348	0.9597073125509268	NONCODEv6_ATH.fa
NONATHT001479	lncRNA	0.060263881285312154	0.9397361187146884	NONCODEv6_ATH.fa
NONATHT001480	lncRNA	0.3149788659084145	0.6850211340915854	NONCODEv6_ATH.fa
NONATHT001481	lncRNA	0.45336180683373395	0.5466381931662663	NONCODEv6_ATH.fa
NONATHT001482	lncRNA	0.08728967632269737	0.9127103236773026	NONCODEv6_ATH.fa
NONATHT001483	lncRNA	0.08728967632269737	0.9127103236773026	NONCODEv6_ATH.fa
NONATHT001484	lncRNA	0.04516000076399586	0.9548399992360043	NONCODEv6_ATH.fa
NONATHT001485	lncRNA	0.12806937313324768	0.8719306268667526	NONCODEv6_ATH.fa
NONATHT001486	lncRNA	0.01517056890170825	0.9848294310982915	NONCODEv6_ATH.fa
NONATHT001487	lncRNA	0.4604475978898934	0.5395524021101066	NONCODEv6_ATH.fa
NONATHT001488	lncRNA	0.24399682299136294	0.7560031770086372	NONCODEv6_ATH.fa
NONATHT001489	Protein_Coding	0.5049309319575795	0.4950690680424204	NONCODEv6_ATH.fa
NONATHT001490	lncRNA	0.15689726260440112	0.8431027373955992	NONCODEv6_ATH.fa
NONATHT001491	lncRNA	0.029003859428464673	0.9709961405715358	NONCODEv6_ATH.fa
NONATHT001492	lncRNA	0.05159123887756322	0.9484087611224369	NONCODEv6_ATH.fa
NONATHT001493	lncRNA	0.05119531029610967	0.9488046897038902	NONCODEv6_ATH.fa
NONATHT001494	lncRNA	0.022438206129265153	0.9775617938707352	NONCODEv6_ATH.fa
NONATHT001495	lncRNA	0.25847208240934755	0.7415279175906526	NONCODEv6_ATH.fa
NONATHT001496	lncRNA	0.06693271391338336	0.9330672860866169	NONCODEv6_ATH.fa
NONATHT001497	lncRNA	0.2075684551198055	0.7924315448801948	NONCODEv6_ATH.fa
NONATHT001498	lncRNA	0.15028279419951174	0.8497172058004878	NONCODEv6_ATH.fa
NONATHT001499	lncRNA	0.168746010012594	0.831253989987406	NONCODEv6_ATH.fa
NONATHT001500	lncRNA	0.4037123250617812	0.5962876749382191	NONCODEv6_ATH.fa
NONATHT001501	lncRNA	0.09255776779434582	0.9074422322056542	NONCODEv6_ATH.fa
NONATHT001502	lncRNA	0.24608350009334126	0.7539164999066588	NONCODEv6_ATH.fa
NONATHT001503	lncRNA	0.05435351237381247	0.9456464876261876	NONCODEv6_ATH.fa
NONATHT001504	lncRNA	0.4740452227476978	0.5259547772523023	NONCODEv6_ATH.fa
NONATHT001505	lncRNA	0.3565201667534034	0.6434798332465967	NONCODEv6_ATH.fa
NONATHT001506	lncRNA	0.15733308630763446	0.8426669136923659	NONCODEv6_ATH.fa
NONATHT001507	lncRNA	0.058184984279025936	0.9418150157209747	NONCODEv6_ATH.fa
NONATHT001508	lncRNA	0.20681047991472512	0.7931895200852752	NONCODEv6_ATH.fa
NONATHT001509	lncRNA	0.28110427404032023	0.7188957259596797	NONCODEv6_ATH.fa
NONATHT001510	lncRNA	0.17059963484164295	0.8294003651583571	NONCODEv6_ATH.fa
NONATHT001511	lncRNA	0.09981394219788461	0.9001860578021156	NONCODEv6_ATH.fa
NONATHT001512	lncRNA	0.09753061198425132	0.902469388015749	NONCODEv6_ATH.fa
NONATHT001513	lncRNA	0.4594747174289878	0.5405252825710124	NONCODEv6_ATH.fa
NONATHT001514	Protein_Coding	0.5181684360124443	0.48183156398755583	NONCODEv6_ATH.fa
NONATHT001515	lncRNA	0.2028709384060438	0.7971290615939566	NONCODEv6_ATH.fa
NONATHT001516	lncRNA	0.2194085324818724	0.7805914675181277	NONCODEv6_ATH.fa
NONATHT001517	lncRNA	0.14158668385265138	0.858413316147349	NONCODEv6_ATH.fa
NONATHT001518	lncRNA	0.21548612245126128	0.7845138775487386	NONCODEv6_ATH.fa
NONATHT001519	lncRNA	0.12686936547015054	0.8731306345298497	NONCODEv6_ATH.fa
NONATHT001520	lncRNA	0.13247070510078815	0.8675292948992116	NONCODEv6_ATH.fa
NONATHT001521	lncRNA	0.12654301290816716	0.8734569870918336	NONCODEv6_ATH.fa
NONATHT001523	lncRNA	0.07686502543847469	0.9231349745615254	NONCODEv6_ATH.fa
NONATHT001522	lncRNA	0.07686502543847469	0.9231349745615254	NONCODEv6_ATH.fa
NONATHT001524	lncRNA	0.07929952966935397	0.9207004703306461	NONCODEv6_ATH.fa
NONATHT001525	lncRNA	0.10202112802808387	0.8979788719719164	NONCODEv6_ATH.fa
NONATHT001526	lncRNA	0.18152341229966126	0.8184765877003388	NONCODEv6_ATH.fa
NONATHT001527	lncRNA	0.1524192359739602	0.8475807640260398	NONCODEv6_ATH.fa
NONATHT001528	lncRNA	0.08102490532721449	0.9189750946727853	NONCODEv6_ATH.fa
NONATHT001529	lncRNA	0.2380552675689717	0.7619447324310289	NONCODEv6_ATH.fa
NONATHT001530	lncRNA	0.17939723877835148	0.8206027612216489	NONCODEv6_ATH.fa
NONATHT001531	lncRNA	0.09373086858036736	0.9062691314196334	NONCODEv6_ATH.fa
NONATHT001532	lncRNA	0.058583706621401874	0.9414162933785983	NONCODEv6_ATH.fa
NONATHT001533	lncRNA	0.06359029333384994	0.9364097066661504	NONCODEv6_ATH.fa
NONATHT001534	lncRNA	0.08707408564165933	0.9129259143583411	NONCODEv6_ATH.fa
NONATHT001536	lncRNA	0.07050883379431865	0.9294911662056814	NONCODEv6_ATH.fa
NONATHT001535	lncRNA	0.0877618479863642	0.9122381520136364	NONCODEv6_ATH.fa
NONATHT001537	lncRNA	0.10271528598104117	0.8972847140189593	NONCODEv6_ATH.fa
NONATHT001538	lncRNA	0.057409851075775835	0.9425901489242241	NONCODEv6_ATH.fa
NONATHT001539	lncRNA	0.09907341861242214	0.9009265813875779	NONCODEv6_ATH.fa
NONATHT001540	lncRNA	0.18128548391105268	0.8187145160889474	NONCODEv6_ATH.fa
NONATHT001541	lncRNA	0.04073564620206378	0.9592643537979363	NONCODEv6_ATH.fa
NONATHT001542	lncRNA	0.3256537537656355	0.6743462462343645	NONCODEv6_ATH.fa
NONATHT001543	lncRNA	0.24956177159390197	0.7504382284060981	NONCODEv6_ATH.fa
NONATHT001544	lncRNA	0.11211445243396206	0.8878855475660383	NONCODEv6_ATH.fa
NONATHT001545	lncRNA	0.4661049620493585	0.5338950379506417	NONCODEv6_ATH.fa
NONATHT001546	lncRNA	0.013434195576816802	0.9865658044231833	NONCODEv6_ATH.fa
NONATHT001547	lncRNA	0.13789915463114724	0.8621008453688532	NONCODEv6_ATH.fa
NONATHT001548	lncRNA	0.18627773281546678	0.8137222671845337	NONCODEv6_ATH.fa
NONATHT001549	lncRNA	0.039208389794283226	0.9607916102057168	NONCODEv6_ATH.fa
NONATHT001550	lncRNA	0.23801843051613486	0.7619815694838656	NONCODEv6_ATH.fa
NONATHT001551	lncRNA	0.14492857933166586	0.8550714206683341	NONCODEv6_ATH.fa
NONATHT001552	lncRNA	0.3265766563651241	0.6734233436348758	NONCODEv6_ATH.fa
NONATHT001553	lncRNA	0.11054513182378552	0.8894548681762151	NONCODEv6_ATH.fa
NONATHT001554	lncRNA	0.11306630106076955	0.8869336989392306	NONCODEv6_ATH.fa
NONATHT001555	lncRNA	0.08488961943182953	0.9151103805681705	NONCODEv6_ATH.fa
NONATHT001556	lncRNA	0.3961064351838734	0.6038935648161264	NONCODEv6_ATH.fa
NONATHT001557	lncRNA	0.17045728087476028	0.8295427191252399	NONCODEv6_ATH.fa
NONATHT001558	lncRNA	0.044526242841360676	0.9554737571586395	NONCODEv6_ATH.fa
NONATHT001559	lncRNA	0.24600393973496407	0.7539960602650361	NONCODEv6_ATH.fa
NONATHT001560	lncRNA	0.14549939850762164	0.8545006014923783	NONCODEv6_ATH.fa
NONATHT001561	lncRNA	0.09123394639343943	0.9087660536065603	NONCODEv6_ATH.fa
NONATHT001562	lncRNA	0.20038508880313302	0.7996149111968676	NONCODEv6_ATH.fa
NONATHT001563	lncRNA	0.16148649097526363	0.8385135090247363	NONCODEv6_ATH.fa
NONATHT001564	lncRNA	0.1642568102180036	0.8357431897819962	NONCODEv6_ATH.fa
NONATHT001565	lncRNA	0.020706313725082214	0.9792936862749179	NONCODEv6_ATH.fa
NONATHT001566	lncRNA	0.07929652496552048	0.9207034750344797	NONCODEv6_ATH.fa
NONATHT001567	lncRNA	0.07762170549777284	0.9223782945022274	NONCODEv6_ATH.fa
NONATHT001568	lncRNA	0.10879511662247045	0.8912048833775303	NONCODEv6_ATH.fa
NONATHT001569	lncRNA	0.3229053887393628	0.6770946112606374	NONCODEv6_ATH.fa
NONATHT001570	lncRNA	0.22292733323222805	0.7770726667677723	NONCODEv6_ATH.fa
NONATHT001571	Protein_Coding	0.5460414921928846	0.45395850780711544	NONCODEv6_ATH.fa
NONATHT001572	lncRNA	0.029492457267134644	0.9705075427328657	NONCODEv6_ATH.fa
NONATHT001573	lncRNA	0.1098431174041398	0.89015688259586	NONCODEv6_ATH.fa
NONATHT001574	Protein_Coding	0.5328157172955076	0.46718428270449236	NONCODEv6_ATH.fa
NONATHT001575	lncRNA	0.4017286824307059	0.5982713175692941	NONCODEv6_ATH.fa
NONATHT001576	lncRNA	0.3052601678170971	0.6947398321829031	NONCODEv6_ATH.fa
NONATHT001577	lncRNA	0.40691995130319425	0.5930800486968059	NONCODEv6_ATH.fa
NONATHT001578	lncRNA	0.46709951063275706	0.532900489367243	NONCODEv6_ATH.fa
NONATHT001579	lncRNA	0.08994102128719066	0.9100589787128099	NONCODEv6_ATH.fa
NONATHT001580	lncRNA	0.09081352628453286	0.9091864737154673	NONCODEv6_ATH.fa
NONATHT001581	lncRNA	0.048550279469632085	0.9514497205303679	NONCODEv6_ATH.fa
NONATHT001582	lncRNA	0.1617196351527183	0.8382803648472822	NONCODEv6_ATH.fa
NONATHT001583	lncRNA	0.3567993518815981	0.6432006481184022	NONCODEv6_ATH.fa
NONATHT001584	lncRNA	0.1466254672843544	0.8533745327156456	NONCODEv6_ATH.fa
NONATHT001585	lncRNA	0.4743639057276971	0.5256360942723027	NONCODEv6_ATH.fa
NONATHT001586	lncRNA	0.06632207036484614	0.9336779296351545	NONCODEv6_ATH.fa
NONATHT001587	lncRNA	0.028150682777417474	0.9718493172225832	NONCODEv6_ATH.fa
NONATHT001588	lncRNA	0.06509953026358105	0.9349004697364192	NONCODEv6_ATH.fa
NONATHT001589	lncRNA	0.2639447861361844	0.7360552138638156	NONCODEv6_ATH.fa
NONATHT001590	lncRNA	0.34388006385255787	0.6561199361474422	NONCODEv6_ATH.fa
NONATHT001591	lncRNA	0.1541234878694344	0.8458765121305655	NONCODEv6_ATH.fa
NONATHT001592	lncRNA	0.17122535184081478	0.8287746481591854	NONCODEv6_ATH.fa
NONATHT001593	lncRNA	0.13690422600720464	0.8630957739927958	NONCODEv6_ATH.fa
NONATHT001594	lncRNA	0.043685089867047146	0.9563149101329531	NONCODEv6_ATH.fa
NONATHT001595	lncRNA	0.0937312406156106	0.9062687593843897	NONCODEv6_ATH.fa
NONATHT001596	lncRNA	0.11845561163348274	0.8815443883665172	NONCODEv6_ATH.fa
NONATHT001597	lncRNA	0.43335784557799956	0.5666421544220005	NONCODEv6_ATH.fa
NONATHT001598	lncRNA	0.05314716758087604	0.9468528324191241	NONCODEv6_ATH.fa
NONATHT001599	lncRNA	0.09512254565258924	0.9048774543474113	NONCODEv6_ATH.fa
NONATHT001600	lncRNA	0.1059660956086135	0.8940339043913863	NONCODEv6_ATH.fa
NONATHT001601	lncRNA	0.017105810692435056	0.9828941893075651	NONCODEv6_ATH.fa
NONATHT001602	lncRNA	0.20791123960529792	0.7920887603947018	NONCODEv6_ATH.fa
NONATHT001603	lncRNA	0.07002204686348491	0.929977953136515	NONCODEv6_ATH.fa
NONATHT001604	lncRNA	0.12407325766073905	0.8759267423392612	NONCODEv6_ATH.fa
NONATHT001605	lncRNA	0.09178172932603683	0.9082182706739632	NONCODEv6_ATH.fa
NONATHT001606	Protein_Coding	0.5134559857559395	0.4865440142440603	NONCODEv6_ATH.fa
NONATHT001607	Protein_Coding	0.5134559857559395	0.4865440142440603	NONCODEv6_ATH.fa
NONATHT001608	lncRNA	0.31724212394821144	0.6827578760517883	NONCODEv6_ATH.fa
NONATHT001609	lncRNA	0.1817864569786934	0.8182135430213074	NONCODEv6_ATH.fa
NONATHT001610	lncRNA	0.1689711757505037	0.8310288242494965	NONCODEv6_ATH.fa
NONATHT001611	lncRNA	0.21392012369518193	0.7860798763048187	NONCODEv6_ATH.fa
NONATHT001612	lncRNA	0.10158657054223073	0.8984134294577694	NONCODEv6_ATH.fa
NONATHT001613	lncRNA	0.019226857467673688	0.9807731425323266	NONCODEv6_ATH.fa
NONATHT001614	lncRNA	0.051653841625791175	0.9483461583742087	NONCODEv6_ATH.fa
NONATHT001615	lncRNA	0.2261496210310838	0.7738503789689163	NONCODEv6_ATH.fa
NONATHT001616	lncRNA	0.11446800671721313	0.8855319932827871	NONCODEv6_ATH.fa
NONATHT001617	lncRNA	0.12997092542344602	0.8700290745765539	NONCODEv6_ATH.fa
NONATHT001618	lncRNA	0.1129438576580113	0.8870561423419892	NONCODEv6_ATH.fa
NONATHT001619	lncRNA	0.02724135635910494	0.9727586436408953	NONCODEv6_ATH.fa
NONATHT001620	lncRNA	0.1198464541119263	0.880153545888074	NONCODEv6_ATH.fa
NONATHT001621	lncRNA	0.15524787153605626	0.8447521284639439	NONCODEv6_ATH.fa
NONATHT001622	lncRNA	0.2388211062912247	0.7611788937087756	NONCODEv6_ATH.fa
NONATHT001623	lncRNA	0.05183608899887724	0.9481639110011231	NONCODEv6_ATH.fa
NONATHT001624	lncRNA	0.03744902556177475	0.9625509744382253	NONCODEv6_ATH.fa
NONATHT001625	lncRNA	0.2462804157525734	0.7537195842474265	NONCODEv6_ATH.fa
NONATHT001626	lncRNA	0.07169858324430992	0.9283014167556909	NONCODEv6_ATH.fa
NONATHT001627	lncRNA	0.0797005330578106	0.9202994669421899	NONCODEv6_ATH.fa
NONATHT001628	lncRNA	0.08053485248099236	0.919465147519008	NONCODEv6_ATH.fa
NONATHT001629	lncRNA	0.24059997173418043	0.75940002826582	NONCODEv6_ATH.fa
NONATHT001630	lncRNA	0.17630599751614032	0.8236940024838598	NONCODEv6_ATH.fa
NONATHT001631	lncRNA	0.11777220618289	0.8822277938171098	NONCODEv6_ATH.fa
NONATHT001632	lncRNA	0.05021084253807432	0.9497891574619259	NONCODEv6_ATH.fa
NONATHT001633	lncRNA	0.06676117972699241	0.9332388202730078	NONCODEv6_ATH.fa
NONATHT001634	lncRNA	0.02094328957971915	0.979056710420281	NONCODEv6_ATH.fa
NONATHT001635	lncRNA	0.07742736993628045	0.9225726300637194	NONCODEv6_ATH.fa
NONATHT001637	lncRNA	0.17710583728575227	0.8228941627142479	NONCODEv6_ATH.fa
NONATHT001636	lncRNA	0.17710583728575227	0.8228941627142479	NONCODEv6_ATH.fa
NONATHT001639	lncRNA	0.16604828052424295	0.8339517194757575	NONCODEv6_ATH.fa
NONATHT001638	lncRNA	0.16604828052424295	0.8339517194757575	NONCODEv6_ATH.fa
NONATHT001640	lncRNA	0.12417097111153605	0.8758290288884644	NONCODEv6_ATH.fa
NONATHT001641	lncRNA	0.11088958015184526	0.8891104198481546	NONCODEv6_ATH.fa
NONATHT001642	lncRNA	0.1442818976487246	0.8557181023512758	NONCODEv6_ATH.fa
NONATHT001643	lncRNA	0.10229350613755973	0.8977064938624406	NONCODEv6_ATH.fa
NONATHT001644	lncRNA	0.1047356155904039	0.8952643844095963	NONCODEv6_ATH.fa
NONATHT001645	lncRNA	0.06554256629632212	0.9344574337036777	NONCODEv6_ATH.fa
NONATHT001646	lncRNA	0.06511420322162034	0.9348857967783798	NONCODEv6_ATH.fa
NONATHT001648	lncRNA	0.2207575977201885	0.779242402279812	NONCODEv6_ATH.fa
NONATHT001647	lncRNA	0.2207575977201885	0.779242402279812	NONCODEv6_ATH.fa
NONATHT001649	lncRNA	0.1862706414853866	0.8137293585146137	NONCODEv6_ATH.fa
NONATHT001650	lncRNA	0.02280855060458776	0.9771914493954121	NONCODEv6_ATH.fa
NONATHT001651	lncRNA	0.07195390055917887	0.9280460994408215	NONCODEv6_ATH.fa
NONATHT001652	lncRNA	0.06363675980564555	0.9363632401943545	NONCODEv6_ATH.fa
NONATHT001653	lncRNA	0.08071991475644315	0.9192800852435573	NONCODEv6_ATH.fa
NONATHT001654	lncRNA	0.1337011297720823	0.8662988702279177	NONCODEv6_ATH.fa
NONATHT001655	lncRNA	0.011264104885223522	0.9887358951147766	NONCODEv6_ATH.fa
NONATHT001656	lncRNA	0.18581750744378941	0.8141824925562104	NONCODEv6_ATH.fa
NONATHT001657	lncRNA	0.044646388229314035	0.9553536117706859	NONCODEv6_ATH.fa
NONATHT001658	lncRNA	0.10598514356774831	0.8940148564322524	NONCODEv6_ATH.fa
NONATHT001659	lncRNA	0.11809122881847316	0.881908771181527	NONCODEv6_ATH.fa
NONATHT001660	lncRNA	0.22097251332134665	0.7790274866786533	NONCODEv6_ATH.fa
NONATHT001661	lncRNA	0.1326659818693207	0.8673340181306799	NONCODEv6_ATH.fa
NONATHT001662	lncRNA	0.1882628937352552	0.8117371062647454	NONCODEv6_ATH.fa
NONATHT001663	lncRNA	0.05458368754689637	0.9454163124531048	NONCODEv6_ATH.fa
NONATHT001664	lncRNA	0.13575406861162148	0.8642459313883788	NONCODEv6_ATH.fa
NONATHT001665	lncRNA	0.043870298918874485	0.9561297010811252	NONCODEv6_ATH.fa
NONATHT001666	lncRNA	0.17355378582381142	0.8264462141761886	NONCODEv6_ATH.fa
NONATHT001667	lncRNA	0.031269688521989726	0.9687303114780107	NONCODEv6_ATH.fa
NONATHT001668	lncRNA	0.06793450660794417	0.9320654933920568	NONCODEv6_ATH.fa
NONATHT001669	lncRNA	0.06843511536396325	0.9315648846360374	NONCODEv6_ATH.fa
NONATHT001670	lncRNA	0.06768687959387455	0.9323131204061258	NONCODEv6_ATH.fa
NONATHT001671	lncRNA	0.17027551561172205	0.8297244843882778	NONCODEv6_ATH.fa
NONATHT001672	lncRNA	0.028460341785795547	0.9715396582142045	NONCODEv6_ATH.fa
NONATHT001673	Protein_Coding	0.5641484979381629	0.43585150206183665	NONCODEv6_ATH.fa
NONATHT001674	lncRNA	0.04836539279989876	0.9516346072001014	NONCODEv6_ATH.fa
NONATHT001676	lncRNA	0.16846088840400125	0.8315391115959992	NONCODEv6_ATH.fa
NONATHT001675	lncRNA	0.16846088840400125	0.8315391115959992	NONCODEv6_ATH.fa
NONATHT001677	lncRNA	0.09975393931199131	0.9002460606880087	NONCODEv6_ATH.fa
NONATHT001678	Protein_Coding	0.502599870260161	0.49740012973983927	NONCODEv6_ATH.fa
NONATHT001679	lncRNA	0.3245994498282589	0.6754005501717413	NONCODEv6_ATH.fa
NONATHT001680	lncRNA	0.026334531228842804	0.9736654687711574	NONCODEv6_ATH.fa
NONATHT001682	lncRNA	0.3953811317695062	0.604618868230494	NONCODEv6_ATH.fa
NONATHT001681	lncRNA	0.3953811317695062	0.604618868230494	NONCODEv6_ATH.fa
NONATHT001683	lncRNA	0.06548046683121185	0.9345195331687883	NONCODEv6_ATH.fa
NONATHT001684	lncRNA	0.006755217824808506	0.9932447821751917	NONCODEv6_ATH.fa
NONATHT001685	lncRNA	0.02283321316340458	0.9771667868365955	NONCODEv6_ATH.fa
NONATHT001686	lncRNA	0.0783119078315395	0.9216880921684606	NONCODEv6_ATH.fa
NONATHT001687	lncRNA	0.20009901860530654	0.7999009813946933	NONCODEv6_ATH.fa
NONATHT001688	lncRNA	0.1227448384319985	0.8772551615680022	NONCODEv6_ATH.fa
NONATHT001689	lncRNA	0.029955332890947827	0.970044667109052	NONCODEv6_ATH.fa
NONATHT001690	lncRNA	0.18664281924908616	0.8133571807509135	NONCODEv6_ATH.fa
NONATHT001691	lncRNA	0.05423376988448561	0.9457662301155143	NONCODEv6_ATH.fa
NONATHT001692	lncRNA	0.20179271895893888	0.7982072810410618	NONCODEv6_ATH.fa
NONATHT001693	lncRNA	0.053440606129273656	0.9465593938707265	NONCODEv6_ATH.fa
NONATHT001694	lncRNA	0.09133414843254574	0.9086658515674542	NONCODEv6_ATH.fa
NONATHT001695	lncRNA	0.2207804830362972	0.7792195169637026	NONCODEv6_ATH.fa
NONATHT001696	lncRNA	0.0751160886684048	0.9248839113315952	NONCODEv6_ATH.fa
NONATHT001697	lncRNA	0.45929886986745766	0.5407011301325426	NONCODEv6_ATH.fa
NONATHT001698	lncRNA	0.0910178991503385	0.9089821008496611	NONCODEv6_ATH.fa
NONATHT001699	lncRNA	0.05220751632394041	0.9477924836760596	NONCODEv6_ATH.fa
NONATHT001700	lncRNA	0.07630583472517852	0.9236941652748214	NONCODEv6_ATH.fa
NONATHT001701	lncRNA	0.16977497955305984	0.8302250204469398	NONCODEv6_ATH.fa
NONATHT001702	lncRNA	0.11844386098995825	0.8815561390100417	NONCODEv6_ATH.fa
NONATHT001703	lncRNA	0.06489364679222724	0.9351063532077734	NONCODEv6_ATH.fa
NONATHT001704	lncRNA	0.06129987685425674	0.9387001231457439	NONCODEv6_ATH.fa
NONATHT001705	lncRNA	0.2200826448554164	0.7799173551445839	NONCODEv6_ATH.fa
NONATHT001706	lncRNA	0.07859194430343129	0.9214080556965687	NONCODEv6_ATH.fa
NONATHT001707	lncRNA	0.08821667337962973	0.9117833266203705	NONCODEv6_ATH.fa
NONATHT001708	lncRNA	0.1251401711827633	0.8748598288172367	NONCODEv6_ATH.fa
NONATHT001709	lncRNA	0.11924983066825089	0.8807501693317487	NONCODEv6_ATH.fa
NONATHT001710	lncRNA	0.14463556966117913	0.8553644303388209	NONCODEv6_ATH.fa
NONATHT001711	lncRNA	0.18925800036539936	0.8107419996346005	NONCODEv6_ATH.fa
NONATHT001712	lncRNA	0.1178256275865437	0.8821743724134563	NONCODEv6_ATH.fa
NONATHT001713	lncRNA	0.037299355235353986	0.9627006447646461	NONCODEv6_ATH.fa
NONATHT001714	lncRNA	0.05768604848090807	0.9423139515190921	NONCODEv6_ATH.fa
NONATHT001715	lncRNA	0.19952886884164797	0.8004711311583519	NONCODEv6_ATH.fa
NONATHT001716	lncRNA	0.1650497689361595	0.8349502310638407	NONCODEv6_ATH.fa
NONATHT001717	lncRNA	0.08033646418553275	0.9196635358144676	NONCODEv6_ATH.fa
NONATHT001721	lncRNA	0.08780259687969004	0.9121974031203098	NONCODEv6_ATH.fa
NONATHT001720	lncRNA	0.08780259687969004	0.9121974031203098	NONCODEv6_ATH.fa
NONATHT001718	lncRNA	0.08780259687969004	0.9121974031203098	NONCODEv6_ATH.fa
NONATHT001719	lncRNA	0.08780259687969004	0.9121974031203098	NONCODEv6_ATH.fa
NONATHT001723	lncRNA	0.06575277976311615	0.9342472202368841	NONCODEv6_ATH.fa
NONATHT001722	lncRNA	0.06575277976311615	0.9342472202368841	NONCODEv6_ATH.fa
NONATHT001724	lncRNA	0.18533427940662572	0.8146657205933739	NONCODEv6_ATH.fa
NONATHT001725	lncRNA	0.06791828120943541	0.932081718790565	NONCODEv6_ATH.fa
NONATHT001726	lncRNA	0.11204227788000895	0.8879577221199912	NONCODEv6_ATH.fa
NONATHT001727	Protein_Coding	0.556911393584137	0.4430886064158628	NONCODEv6_ATH.fa
NONATHT001728	lncRNA	0.2613798805384127	0.7386201194615876	NONCODEv6_ATH.fa
NONATHT001729	lncRNA	0.31714582384962026	0.6828541761503797	NONCODEv6_ATH.fa
NONATHT001730	lncRNA	0.1693427698168101	0.8306572301831902	NONCODEv6_ATH.fa
NONATHT001731	lncRNA	0.4630416718387638	0.5369583281612361	NONCODEv6_ATH.fa
NONATHT001732	lncRNA	0.23504805079061167	0.7649519492093886	NONCODEv6_ATH.fa
NONATHT001733	lncRNA	0.10999191409069477	0.8900080859093054	NONCODEv6_ATH.fa
NONATHT001734	lncRNA	0.29264883444605944	0.7073511655539407	NONCODEv6_ATH.fa
NONATHT001735	lncRNA	0.0866951597974512	0.9133048402025493	NONCODEv6_ATH.fa
NONATHT001736	lncRNA	0.1742768661676423	0.8257231338323578	NONCODEv6_ATH.fa
NONATHT001737	Protein_Coding	0.5079851401521485	0.49201485984785137	NONCODEv6_ATH.fa
NONATHT001738	lncRNA	0.023643833411988766	0.9763561665880115	NONCODEv6_ATH.fa
NONATHT001739	lncRNA	0.25547892097263863	0.7445210790273614	NONCODEv6_ATH.fa
NONATHT001740	lncRNA	0.049814007463506886	0.9501859925364932	NONCODEv6_ATH.fa
NONATHT001741	lncRNA	0.10571895717626102	0.8942810428237393	NONCODEv6_ATH.fa
NONATHT001742	Protein_Coding	0.5041642632889316	0.49583573671106845	NONCODEv6_ATH.fa
NONATHT001743	lncRNA	0.1302358662556162	0.8697641337443843	NONCODEv6_ATH.fa
NONATHT001744	lncRNA	0.04152053633004306	0.958479463669957	NONCODEv6_ATH.fa
NONATHT001745	lncRNA	0.2551522983862919	0.7448477016137078	NONCODEv6_ATH.fa
NONATHT001746	lncRNA	0.33143534969431143	0.668564650305689	NONCODEv6_ATH.fa
NONATHT001747	lncRNA	0.10864404607231902	0.8913559539276807	NONCODEv6_ATH.fa
NONATHT001748	lncRNA	0.051073537973472936	0.9489264620265273	NONCODEv6_ATH.fa
NONATHT001749	lncRNA	0.12737069346360147	0.8726293065363987	NONCODEv6_ATH.fa
NONATHT001750	lncRNA	0.02800917330363614	0.9719908266963639	NONCODEv6_ATH.fa
NONATHT001751	lncRNA	0.15357339136087653	0.8464266086391237	NONCODEv6_ATH.fa
NONATHT001752	lncRNA	0.19402822814924037	0.8059717718507601	NONCODEv6_ATH.fa
NONATHT001753	lncRNA	0.06831557956573828	0.9316844204342619	NONCODEv6_ATH.fa
NONATHT001754	lncRNA	0.3104247422593939	0.6895752577406061	NONCODEv6_ATH.fa
NONATHT001755	lncRNA	0.15046766655972824	0.8495323334402719	NONCODEv6_ATH.fa
NONATHT001756	lncRNA	0.15071408612032258	0.8492859138796774	NONCODEv6_ATH.fa
NONATHT001757	lncRNA	0.3007167118813017	0.699283288118698	NONCODEv6_ATH.fa
NONATHT001758	lncRNA	0.13189336246220773	0.8681066375377926	NONCODEv6_ATH.fa
NONATHT001759	lncRNA	0.04712883327389625	0.9528711667261038	NONCODEv6_ATH.fa
NONATHT001760	lncRNA	0.14241774226401968	0.8575822577359806	NONCODEv6_ATH.fa
NONATHT001761	lncRNA	0.3953787033923135	0.6046212966076865	NONCODEv6_ATH.fa
NONATHT001762	lncRNA	0.43037564207722406	0.5696243579227759	NONCODEv6_ATH.fa
NONATHT001763	lncRNA	0.2669773122340843	0.7330226877659154	NONCODEv6_ATH.fa
NONATHT001764	lncRNA	0.21862070251153765	0.7813792974884627	NONCODEv6_ATH.fa
NONATHT001765	lncRNA	0.2867949324109633	0.7132050675890363	NONCODEv6_ATH.fa
NONATHT001766	lncRNA	0.1408658567372752	0.8591341432627246	NONCODEv6_ATH.fa
NONATHT001767	Protein_Coding	0.600493037514098	0.39950696248590184	NONCODEv6_ATH.fa
NONATHT001768	lncRNA	0.1065658056643305	0.8934341943356696	NONCODEv6_ATH.fa
NONATHT001769	lncRNA	0.11202772148027676	0.8879722785197237	NONCODEv6_ATH.fa
NONATHT001770	lncRNA	0.34896735176112426	0.6510326482388757	NONCODEv6_ATH.fa
NONATHT001771	lncRNA	0.20271292368606492	0.7972870763139351	NONCODEv6_ATH.fa
NONATHT001772	lncRNA	0.21190242412189977	0.7880975758781001	NONCODEv6_ATH.fa
NONATHT001773	lncRNA	0.1408096652677151	0.8591903347322852	NONCODEv6_ATH.fa
NONATHT001774	lncRNA	0.1408096652677151	0.8591903347322852	NONCODEv6_ATH.fa
NONATHT001775	lncRNA	0.0642661606465176	0.9357338393534826	NONCODEv6_ATH.fa
NONATHT001776	lncRNA	0.3192244140904041	0.6807755859095959	NONCODEv6_ATH.fa
NONATHT001777	lncRNA	0.1429750295241384	0.857024970475861	NONCODEv6_ATH.fa
NONATHT001778	lncRNA	0.21620682617800654	0.7837931738219932	NONCODEv6_ATH.fa
NONATHT001779	Protein_Coding	0.5833799083071651	0.41662009169283504	NONCODEv6_ATH.fa
NONATHT001780	Protein_Coding	0.6078114779882546	0.3921885220117455	NONCODEv6_ATH.fa
NONATHT001781	lncRNA	0.3186299335973342	0.6813700664026656	NONCODEv6_ATH.fa
NONATHT001782	lncRNA	0.20285656038731192	0.7971434396126881	NONCODEv6_ATH.fa
NONATHT001783	lncRNA	0.12051935296097685	0.8794806470390226	NONCODEv6_ATH.fa
NONATHT001784	lncRNA	0.10175908497447281	0.8982409150255272	NONCODEv6_ATH.fa
NONATHT001785	lncRNA	0.0253382184278011	0.9746617815721986	NONCODEv6_ATH.fa
NONATHT001786	lncRNA	0.15578396708448522	0.8442160329155147	NONCODEv6_ATH.fa
NONATHT001787	lncRNA	0.14115313324093776	0.8588468667590627	NONCODEv6_ATH.fa
NONATHT001788	lncRNA	0.14115313324093776	0.8588468667590627	NONCODEv6_ATH.fa
NONATHT001789	lncRNA	0.03209454126975152	0.9679054587302491	NONCODEv6_ATH.fa
NONATHT001790	lncRNA	0.2673600809880185	0.7326399190119817	NONCODEv6_ATH.fa
NONATHT001791	lncRNA	0.09266094381788523	0.907339056182115	NONCODEv6_ATH.fa
NONATHT001792	lncRNA	0.3772784387696026	0.6227215612303979	NONCODEv6_ATH.fa
NONATHT001793	lncRNA	0.13584547720084292	0.8641545227991576	NONCODEv6_ATH.fa
NONATHT001794	lncRNA	0.1007655617789881	0.8992344382210126	NONCODEv6_ATH.fa
NONATHT001795	lncRNA	0.08371074143297111	0.9162892585670293	NONCODEv6_ATH.fa
NONATHT001796	lncRNA	0.22301175577775645	0.7769882442222437	NONCODEv6_ATH.fa
NONATHT001797	lncRNA	0.059537116620235406	0.9404628833797651	NONCODEv6_ATH.fa
NONATHT001798	lncRNA	0.4179395051189279	0.5820604948810719	NONCODEv6_ATH.fa
NONATHT001799	lncRNA	0.16753164789810124	0.8324683521018985	NONCODEv6_ATH.fa
NONATHT001800	lncRNA	0.1247787761886492	0.8752212238113513	NONCODEv6_ATH.fa
NONATHT001801	lncRNA	0.25621338429308627	0.743786615706914	NONCODEv6_ATH.fa
NONATHT001802	lncRNA	0.043769470184712944	0.9562305298152873	NONCODEv6_ATH.fa
NONATHT001803	lncRNA	0.0635766968000037	0.9364233031999956	NONCODEv6_ATH.fa
NONATHT001804	lncRNA	0.4854038265836107	0.5145961734163894	NONCODEv6_ATH.fa
NONATHT001805	lncRNA	0.015615687476861933	0.9843843125231383	NONCODEv6_ATH.fa
NONATHT001806	lncRNA	0.02717520019728098	0.9728247998027191	NONCODEv6_ATH.fa
NONATHT001807	lncRNA	0.1816277618284393	0.8183722381715605	NONCODEv6_ATH.fa
NONATHT001808	lncRNA	0.058182949436544354	0.9418170505634559	NONCODEv6_ATH.fa
NONATHT001809	Protein_Coding	0.6139121435313625	0.38608785646863736	NONCODEv6_ATH.fa
NONATHT001810	lncRNA	0.029629086282051968	0.9703709137179479	NONCODEv6_ATH.fa
NONATHT001811	lncRNA	0.1020776307189337	0.8979223692810663	NONCODEv6_ATH.fa
NONATHT001812	lncRNA	0.1410054676229663	0.8589945323770338	NONCODEv6_ATH.fa
NONATHT001813	lncRNA	0.04052333631289167	0.9594766636871083	NONCODEv6_ATH.fa
NONATHT001814	lncRNA	0.32507644021605364	0.6749235597839464	NONCODEv6_ATH.fa
NONATHT001815	lncRNA	0.21386537732461974	0.78613462267538	NONCODEv6_ATH.fa
NONATHT001816	lncRNA	0.2716708090503311	0.7283291909496694	NONCODEv6_ATH.fa
NONATHT001817	lncRNA	0.031733168442579326	0.9682668315574205	NONCODEv6_ATH.fa
NONATHT001818	lncRNA	0.1464447142013593	0.8535552857986409	NONCODEv6_ATH.fa
NONATHT001819	lncRNA	0.051215241297034954	0.9487847587029655	NONCODEv6_ATH.fa
NONATHT001820	lncRNA	0.04772943912504228	0.9522705608749582	NONCODEv6_ATH.fa
NONATHT001821	lncRNA	0.052486596766962705	0.9475134032330379	NONCODEv6_ATH.fa
NONATHT001822	lncRNA	0.31354433390144204	0.6864556660985582	NONCODEv6_ATH.fa
NONATHT001823	lncRNA	0.02585326690271362	0.9741467330972866	NONCODEv6_ATH.fa
NONATHT001824	lncRNA	0.06772430351748636	0.9322756964825141	NONCODEv6_ATH.fa
NONATHT001825	lncRNA	0.1441979237874758	0.8558020762125242	NONCODEv6_ATH.fa
NONATHT001826	lncRNA	0.15278536087452385	0.847214639125476	NONCODEv6_ATH.fa
NONATHT001827	lncRNA	0.058248700928272	0.9417512990717282	NONCODEv6_ATH.fa
NONATHT001828	lncRNA	0.1344839168932493	0.8655160831067508	NONCODEv6_ATH.fa
NONATHT001829	lncRNA	0.19957440781577393	0.8004255921842264	NONCODEv6_ATH.fa
NONATHT001830	lncRNA	0.06770652393180625	0.9322934760681937	NONCODEv6_ATH.fa
NONATHT001831	lncRNA	0.0758729893980054	0.9241270106019944	NONCODEv6_ATH.fa
NONATHT001832	lncRNA	0.028610076414254112	0.971389923585746	NONCODEv6_ATH.fa
NONATHT001833	Protein_Coding	0.518497661212668	0.4815023387873319	NONCODEv6_ATH.fa
NONATHT001834	lncRNA	0.39971241652561684	0.600287583474383	NONCODEv6_ATH.fa
NONATHT001835	Protein_Coding	0.6391795549956616	0.3608204450043382	NONCODEv6_ATH.fa
NONATHT001836	lncRNA	0.168938809781258	0.8310611902187419	NONCODEv6_ATH.fa
NONATHT001837	lncRNA	0.19033497470387803	0.8096650252961219	NONCODEv6_ATH.fa
NONATHT001838	lncRNA	0.0532580708435798	0.9467419291564203	NONCODEv6_ATH.fa
NONATHT001839	lncRNA	0.019090301368576767	0.9809096986314239	NONCODEv6_ATH.fa
NONATHT001840	lncRNA	0.08791087902968854	0.9120891209703117	NONCODEv6_ATH.fa
NONATHT001841	lncRNA	0.18501687734513436	0.8149831226548658	NONCODEv6_ATH.fa
NONATHT001842	lncRNA	0.13029747355120502	0.8697025264487954	NONCODEv6_ATH.fa
NONATHT001843	Protein_Coding	0.6280040608070611	0.37199593919293905	NONCODEv6_ATH.fa
NONATHT001844	Protein_Coding	0.789378341895234	0.2106216581047664	NONCODEv6_ATH.fa
NONATHT001845	lncRNA	0.13503350618264506	0.8649664938173551	NONCODEv6_ATH.fa
NONATHT001846	lncRNA	0.0974079655172003	0.9025920344827999	NONCODEv6_ATH.fa
NONATHT001847	lncRNA	0.1943150784434833	0.8056849215565172	NONCODEv6_ATH.fa
NONATHT001848	lncRNA	0.12287903836985989	0.8771209616301404	NONCODEv6_ATH.fa
NONATHT001849	lncRNA	0.1267062779512034	0.8732937220487971	NONCODEv6_ATH.fa
NONATHT001850	lncRNA	0.03340541285825929	0.9665945871417411	NONCODEv6_ATH.fa
NONATHT001851	lncRNA	0.17805460312606042	0.8219453968739396	NONCODEv6_ATH.fa
NONATHT001852	lncRNA	0.28253702789258717	0.7174629721074132	NONCODEv6_ATH.fa
NONATHT001853	lncRNA	0.10693857226828318	0.8930614277317168	NONCODEv6_ATH.fa
NONATHT001854	lncRNA	0.1031151029638388	0.8968848970361614	NONCODEv6_ATH.fa
NONATHT001855	lncRNA	0.18922091763663104	0.8107790823633692	NONCODEv6_ATH.fa
NONATHT001856	lncRNA	0.020671936407965823	0.979328063592034	NONCODEv6_ATH.fa
NONATHT001857	lncRNA	0.10828284257151598	0.8917171574284847	NONCODEv6_ATH.fa
NONATHT001858	lncRNA	0.03619411878574934	0.9638058812142511	NONCODEv6_ATH.fa
NONATHT001859	lncRNA	0.05788541745304028	0.9421145825469598	NONCODEv6_ATH.fa
NONATHT001860	lncRNA	0.040473073813573714	0.9595269261864268	NONCODEv6_ATH.fa
NONATHT001861	lncRNA	0.03438575184607132	0.9656142481539288	NONCODEv6_ATH.fa
NONATHT001862	lncRNA	0.10089192507743848	0.8991080749225618	NONCODEv6_ATH.fa
NONATHT001863	lncRNA	0.18121920025321778	0.818780799746782	NONCODEv6_ATH.fa
NONATHT001864	lncRNA	0.12963257009465212	0.870367429905348	NONCODEv6_ATH.fa
NONATHT001865	lncRNA	0.37313593785500027	0.6268640621449991	NONCODEv6_ATH.fa
NONATHT001866	lncRNA	0.08087772597501817	0.9191222740249821	NONCODEv6_ATH.fa
NONATHT001867	lncRNA	0.35306994965373145	0.6469300503462683	NONCODEv6_ATH.fa
NONATHT001868	lncRNA	0.045795163757264355	0.9542048362427357	NONCODEv6_ATH.fa
NONATHT001869	lncRNA	0.3382685131747996	0.6617314868252004	NONCODEv6_ATH.fa
NONATHT001870	lncRNA	0.17141090563042996	0.8285890943695697	NONCODEv6_ATH.fa
NONATHT001871	lncRNA	0.03715615820549076	0.9628438417945097	NONCODEv6_ATH.fa
NONATHT001872	lncRNA	0.038417328620568514	0.9615826713794318	NONCODEv6_ATH.fa
NONATHT001873	lncRNA	0.18860345997183378	0.8113965400281657	NONCODEv6_ATH.fa
NONATHT001874	lncRNA	0.11693815524617453	0.8830618447538257	NONCODEv6_ATH.fa
NONATHT001875	lncRNA	0.3321041249281012	0.667895875071899	NONCODEv6_ATH.fa
NONATHT001876	lncRNA	0.1351931704510254	0.8648068295489749	NONCODEv6_ATH.fa
NONATHT001877	Protein_Coding	0.5705014344170999	0.4294985655829001	NONCODEv6_ATH.fa
NONATHT001879	lncRNA	0.08094153634965351	0.9190584636503469	NONCODEv6_ATH.fa
NONATHT001878	lncRNA	0.08094153634965351	0.9190584636503469	NONCODEv6_ATH.fa
NONATHT001880	lncRNA	0.0772328424245693	0.9227671575754312	NONCODEv6_ATH.fa
NONATHT001881	lncRNA	0.02296701244548974	0.9770329875545106	NONCODEv6_ATH.fa
NONATHT001882	lncRNA	0.31680902848830184	0.6831909715116982	NONCODEv6_ATH.fa
NONATHT001883	lncRNA	0.09374708704108328	0.9062529129589165	NONCODEv6_ATH.fa
NONATHT001884	lncRNA	0.017455550001286874	0.9825444499987132	NONCODEv6_ATH.fa
NONATHT001885	lncRNA	0.017473029064641484	0.9825269709353589	NONCODEv6_ATH.fa
NONATHT001886	lncRNA	0.14437251805263251	0.8556274819473683	NONCODEv6_ATH.fa
NONATHT001887	lncRNA	0.3260159103184167	0.6739840896815834	NONCODEv6_ATH.fa
NONATHT001888	lncRNA	0.08159549405134583	0.9184045059486544	NONCODEv6_ATH.fa
NONATHT001889	lncRNA	0.1714256428672007	0.8285743571327997	NONCODEv6_ATH.fa
NONATHT001890	lncRNA	0.47264761278566114	0.5273523872143387	NONCODEv6_ATH.fa
NONATHT001891	lncRNA	0.2913649775253182	0.708635022474682	NONCODEv6_ATH.fa
NONATHT001892	lncRNA	0.2399252975625221	0.7600747024374783	NONCODEv6_ATH.fa
NONATHT001893	lncRNA	0.019408054779926978	0.9805919452200734	NONCODEv6_ATH.fa
NONATHT001894	lncRNA	0.15971096130799664	0.8402890386920032	NONCODEv6_ATH.fa
NONATHT001895	lncRNA	0.0898324902002705	0.9101675097997302	NONCODEv6_ATH.fa
NONATHT001896	lncRNA	0.030134586359215672	0.9698654136407844	NONCODEv6_ATH.fa
NONATHT001897	lncRNA	0.08886359413230743	0.9111364058676931	NONCODEv6_ATH.fa
NONATHT001898	lncRNA	0.07080934321325519	0.9291906567867448	NONCODEv6_ATH.fa
NONATHT001899	lncRNA	0.0739133178503206	0.9260866821496796	NONCODEv6_ATH.fa
NONATHT001900	lncRNA	0.04629163123337354	0.9537083687666265	NONCODEv6_ATH.fa
NONATHT001901	lncRNA	0.21623473453832712	0.7837652654616731	NONCODEv6_ATH.fa
NONATHT001902	lncRNA	0.21661693255954	0.7833830674404606	NONCODEv6_ATH.fa
NONATHT001903	lncRNA	0.3123055941239638	0.6876944058760361	NONCODEv6_ATH.fa
NONATHT001904	lncRNA	0.2487306762438956	0.7512693237561043	NONCODEv6_ATH.fa
NONATHT001905	lncRNA	0.2939436145840722	0.7060563854159283	NONCODEv6_ATH.fa
NONATHT001906	lncRNA	0.23888666310202689	0.7611133368979734	NONCODEv6_ATH.fa
NONATHT001907	lncRNA	0.1374928201531142	0.8625071798468859	NONCODEv6_ATH.fa
NONATHT001908	lncRNA	0.09602646044254942	0.9039735395574511	NONCODEv6_ATH.fa
NONATHT001909	lncRNA	0.05359840636886664	0.9464015936311335	NONCODEv6_ATH.fa
NONATHT001910	lncRNA	0.04699575558974212	0.9530042444102576	NONCODEv6_ATH.fa
NONATHT001911	lncRNA	0.1019454185323751	0.8980545814676253	NONCODEv6_ATH.fa
NONATHT001912	lncRNA	0.038888540586144556	0.9611114594138556	NONCODEv6_ATH.fa
NONATHT001914	lncRNA	0.18209801470149675	0.8179019852985029	NONCODEv6_ATH.fa
NONATHT001913	lncRNA	0.18209801470149675	0.8179019852985029	NONCODEv6_ATH.fa
NONATHT001915	lncRNA	0.09210850273331211	0.9078914972666877	NONCODEv6_ATH.fa
NONATHT001916	lncRNA	0.1763945503017991	0.8236054496982008	NONCODEv6_ATH.fa
NONATHT001917	lncRNA	0.08433231445248295	0.9156676855475177	NONCODEv6_ATH.fa
NONATHT001918	lncRNA	0.08433231445248295	0.9156676855475177	NONCODEv6_ATH.fa
NONATHT001919	lncRNA	0.23851797302115718	0.7614820269788436	NONCODEv6_ATH.fa
NONATHT001920	lncRNA	0.15615711985852065	0.8438428801414795	NONCODEv6_ATH.fa
NONATHT001921	lncRNA	0.24245113610508856	0.7575488638949118	NONCODEv6_ATH.fa
NONATHT001922	lncRNA	0.2989931280889376	0.7010068719110623	NONCODEv6_ATH.fa
NONATHT001923	lncRNA	0.0700547865078264	0.9299452134921735	NONCODEv6_ATH.fa
NONATHT001924	lncRNA	0.2098743833368855	0.7901256166631145	NONCODEv6_ATH.fa
NONATHT001925	lncRNA	0.0876313230677103	0.9123686769322893	NONCODEv6_ATH.fa
NONATHT001926	lncRNA	0.1597512404362857	0.8402487595637144	NONCODEv6_ATH.fa
NONATHT001927	lncRNA	0.13553836378640569	0.8644616362135933	NONCODEv6_ATH.fa
NONATHT001928	lncRNA	0.1113532426605248	0.888646757339475	NONCODEv6_ATH.fa
NONATHT001929	lncRNA	0.13374088138277404	0.8662591186172264	NONCODEv6_ATH.fa
NONATHT001930	lncRNA	0.06215177879113016	0.9378482212088701	NONCODEv6_ATH.fa
NONATHT001931	lncRNA	0.1230248943401712	0.8769751056598292	NONCODEv6_ATH.fa
NONATHT001932	lncRNA	0.16966236052689163	0.8303376394731081	NONCODEv6_ATH.fa
NONATHT001933	lncRNA	0.062437871278196146	0.9375621287218044	NONCODEv6_ATH.fa
NONATHT001934	lncRNA	0.03567031886827496	0.9643296811317251	NONCODEv6_ATH.fa
NONATHT001935	lncRNA	0.1284623980879199	0.8715376019120801	NONCODEv6_ATH.fa
NONATHT001936	lncRNA	0.21783545991024847	0.7821645400897516	NONCODEv6_ATH.fa
NONATHT001937	lncRNA	0.34821313238199925	0.6517868676180006	NONCODEv6_ATH.fa
NONATHT001938	lncRNA	0.041674443516342606	0.9583255564836571	NONCODEv6_ATH.fa
NONATHT001939	lncRNA	0.09203480911577286	0.9079651908842277	NONCODEv6_ATH.fa
NONATHT001940	lncRNA	0.08948652509657938	0.9105134749034209	NONCODEv6_ATH.fa
NONATHT001941	lncRNA	0.09430650044888683	0.9056934995511129	NONCODEv6_ATH.fa
NONATHT001942	lncRNA	0.2656877835206932	0.7343122164793067	NONCODEv6_ATH.fa
NONATHT001943	lncRNA	0.18871078272240244	0.8112892172775971	NONCODEv6_ATH.fa
NONATHT001944	lncRNA	0.02766831250354671	0.9723316874964536	NONCODEv6_ATH.fa
NONATHT001945	lncRNA	0.10441882365309593	0.8955811763469042	NONCODEv6_ATH.fa
NONATHT001946	lncRNA	0.10056979709506168	0.8994302029049388	NONCODEv6_ATH.fa
NONATHT001947	lncRNA	0.03971025731997094	0.9602897426800294	NONCODEv6_ATH.fa
NONATHT001948	lncRNA	0.12962636056289686	0.8703736394371033	NONCODEv6_ATH.fa
NONATHT001949	lncRNA	0.3205240943649013	0.6794759056350987	NONCODEv6_ATH.fa
NONATHT001950	lncRNA	0.017066716751624026	0.9829332832483765	NONCODEv6_ATH.fa
NONATHT001951	lncRNA	0.019205875582834903	0.9807941244171652	NONCODEv6_ATH.fa
NONATHT001952	lncRNA	0.07454508142927123	0.9254549185707289	NONCODEv6_ATH.fa
NONATHT001953	lncRNA	0.08485085677295076	0.915149143227049	NONCODEv6_ATH.fa
NONATHT001954	lncRNA	0.0231307042448865	0.9768692957551138	NONCODEv6_ATH.fa
NONATHT001955	lncRNA	0.23895236406677745	0.7610476359332226	NONCODEv6_ATH.fa
NONATHT001956	lncRNA	0.01734519968414481	0.9826548003158551	NONCODEv6_ATH.fa
NONATHT001957	lncRNA	0.06624578969665013	0.9337542103033502	NONCODEv6_ATH.fa
NONATHT001958	lncRNA	0.06901903614102488	0.9309809638589754	NONCODEv6_ATH.fa
NONATHT001959	lncRNA	0.2005221629906936	0.7994778370093065	NONCODEv6_ATH.fa
NONATHT001960	lncRNA	0.42152372122432374	0.5784762787756761	NONCODEv6_ATH.fa
NONATHT001961	lncRNA	0.21312151179673305	0.7868784882032671	NONCODEv6_ATH.fa
NONATHT001962	lncRNA	0.07038036117766922	0.9296196388223313	NONCODEv6_ATH.fa
NONATHT001963	lncRNA	0.0987608664804381	0.9012391335195623	NONCODEv6_ATH.fa
NONATHT001964	lncRNA	0.34738062223297117	0.652619377767029	NONCODEv6_ATH.fa
NONATHT001965	lncRNA	0.15956208587796497	0.8404379141220354	NONCODEv6_ATH.fa
NONATHT001966	lncRNA	0.21721681421608843	0.7827831857839121	NONCODEv6_ATH.fa
NONATHT001967	lncRNA	0.21721681421608843	0.7827831857839121	NONCODEv6_ATH.fa
NONATHT001968	lncRNA	0.21132198098891722	0.7886780190110825	NONCODEv6_ATH.fa
NONATHT001969	lncRNA	0.052320188970544135	0.9476798110294558	NONCODEv6_ATH.fa
NONATHT001970	lncRNA	0.04716614241450627	0.9528338575854943	NONCODEv6_ATH.fa
NONATHT001971	lncRNA	0.0827208265432715	0.9172791734567286	NONCODEv6_ATH.fa
NONATHT001972	lncRNA	0.06180369659784111	0.9381963034021594	NONCODEv6_ATH.fa
NONATHT001973	lncRNA	0.06834616195192979	0.9316538380480706	NONCODEv6_ATH.fa
NONATHT001974	lncRNA	0.3788271850851633	0.6211728149148367	NONCODEv6_ATH.fa
NONATHT001975	lncRNA	0.0908883066975388	0.9091116933024612	NONCODEv6_ATH.fa
NONATHT001976	lncRNA	0.13777351737463722	0.8622264826253628	NONCODEv6_ATH.fa
NONATHT001977	lncRNA	0.2658816150289372	0.7341183849710631	NONCODEv6_ATH.fa
NONATHT001978	lncRNA	0.013101920906864444	0.9868980790931358	NONCODEv6_ATH.fa
NONATHT001979	lncRNA	0.38117736180428907	0.6188226381957107	NONCODEv6_ATH.fa
NONATHT001980	lncRNA	0.1998090596562792	0.8001909403437212	NONCODEv6_ATH.fa
NONATHT001981	lncRNA	0.13930177044795305	0.8606982295520467	NONCODEv6_ATH.fa
NONATHT001982	lncRNA	0.2669357680174473	0.7330642319825534	NONCODEv6_ATH.fa
NONATHT001983	lncRNA	0.14667637412231846	0.8533236258776816	NONCODEv6_ATH.fa
NONATHT001984	lncRNA	0.4458183237779831	0.554181676222017	NONCODEv6_ATH.fa
NONATHT001985	lncRNA	0.03742925197648035	0.9625707480235198	NONCODEv6_ATH.fa
NONATHT001986	lncRNA	0.4302537336895446	0.5697462663104554	NONCODEv6_ATH.fa
NONATHT001987	Protein_Coding	0.5720577307567267	0.4279422692432731	NONCODEv6_ATH.fa
NONATHT001988	Protein_Coding	0.510506541530446	0.48949345846955405	NONCODEv6_ATH.fa
NONATHT001989	lncRNA	0.11553574796482123	0.884464252035179	NONCODEv6_ATH.fa
NONATHT001990	lncRNA	0.05664616230806992	0.9433538376919305	NONCODEv6_ATH.fa
NONATHT001991	lncRNA	0.03858260904774514	0.9614173909522549	NONCODEv6_ATH.fa
NONATHT001992	lncRNA	0.15458293662018763	0.8454170633798125	NONCODEv6_ATH.fa
NONATHT001993	lncRNA	0.060567721984161424	0.9394322780158386	NONCODEv6_ATH.fa
NONATHT001994	lncRNA	0.020110476507864957	0.9798895234921351	NONCODEv6_ATH.fa
NONATHT001995	lncRNA	0.22559041053054046	0.7744095894694596	NONCODEv6_ATH.fa
NONATHT001996	lncRNA	0.14899143882721033	0.8510085611727897	NONCODEv6_ATH.fa
NONATHT001997	lncRNA	0.13512029527277009	0.86487970472723	NONCODEv6_ATH.fa
NONATHT001998	lncRNA	0.035577609339824956	0.9644223906601754	NONCODEv6_ATH.fa
NONATHT001999	lncRNA	0.04781823995891321	0.9521817600410872	NONCODEv6_ATH.fa
NONATHT002001	lncRNA	0.06891640635296553	0.9310835936470346	NONCODEv6_ATH.fa
NONATHT002000	lncRNA	0.06891640635296553	0.9310835936470346	NONCODEv6_ATH.fa
NONATHT002002	lncRNA	0.3996344632271591	0.6003655367728407	NONCODEv6_ATH.fa
NONATHT002003	lncRNA	0.0638054381252041	0.9361945618747964	NONCODEv6_ATH.fa
NONATHT002004	lncRNA	0.04546810801590783	0.9545318919840927	NONCODEv6_ATH.fa
NONATHT002005	lncRNA	0.2237017039274463	0.7762982960725535	NONCODEv6_ATH.fa
NONATHT002006	lncRNA	0.031932372666233964	0.9680676273337664	NONCODEv6_ATH.fa
NONATHT002007	lncRNA	0.16520305202885585	0.8347969479711439	NONCODEv6_ATH.fa
NONATHT002008	lncRNA	0.30894786943426544	0.6910521305657346	NONCODEv6_ATH.fa
NONATHT002009	lncRNA	0.1349805362203833	0.8650194637796168	NONCODEv6_ATH.fa
NONATHT002010	lncRNA	0.09726939901558096	0.9027306009844189	NONCODEv6_ATH.fa
NONATHT002011	lncRNA	0.24684443332014067	0.7531555666798596	NONCODEv6_ATH.fa
NONATHT002012	lncRNA	0.0753376157242393	0.9246623842757606	NONCODEv6_ATH.fa
NONATHT002013	lncRNA	0.037065181332713644	0.9629348186672865	NONCODEv6_ATH.fa
NONATHT002014	lncRNA	0.36473601787008947	0.6352639821299105	NONCODEv6_ATH.fa
NONATHT002015	lncRNA	0.08426193121172978	0.915738068788271	NONCODEv6_ATH.fa
NONATHT002016	lncRNA	0.1687528957739935	0.8312471042260062	NONCODEv6_ATH.fa
NONATHT002017	lncRNA	0.18985419802298556	0.8101458019770147	NONCODEv6_ATH.fa
NONATHT002018	lncRNA	0.030838094644709997	0.96916190535529	NONCODEv6_ATH.fa
NONATHT002019	lncRNA	0.04596380685419845	0.9540361931458019	NONCODEv6_ATH.fa
NONATHT002020	lncRNA	0.05283442808594691	0.9471655719140533	NONCODEv6_ATH.fa
NONATHT002021	lncRNA	0.05717154673776117	0.9428284532622387	NONCODEv6_ATH.fa
NONATHT002022	lncRNA	0.1802020513102089	0.8197979486897912	NONCODEv6_ATH.fa
NONATHT002023	lncRNA	0.016688144242519864	0.9833118557574799	NONCODEv6_ATH.fa
NONATHT002024	lncRNA	0.07226788995859547	0.9277321100414048	NONCODEv6_ATH.fa
NONATHT002025	lncRNA	0.0590168319503272	0.9409831680496726	NONCODEv6_ATH.fa
NONATHT002026	lncRNA	0.09782990888238849	0.9021700911176117	NONCODEv6_ATH.fa
NONATHT002027	lncRNA	0.06087150873739575	0.9391284912626047	NONCODEv6_ATH.fa
NONATHT002028	lncRNA	0.0641827292146285	0.9358172707853718	NONCODEv6_ATH.fa
NONATHT002029	lncRNA	0.29449269238034137	0.7055073076196581	NONCODEv6_ATH.fa
NONATHT002030	lncRNA	0.17635592347723678	0.8236440765227632	NONCODEv6_ATH.fa
NONATHT002034	lncRNA	0.13255020394374634	0.8674497960562533	NONCODEv6_ATH.fa
NONATHT002031	lncRNA	0.13255020394374634	0.8674497960562533	NONCODEv6_ATH.fa
NONATHT002032	lncRNA	0.13255020394374634	0.8674497960562533	NONCODEv6_ATH.fa
NONATHT002033	lncRNA	0.13255020394374634	0.8674497960562533	NONCODEv6_ATH.fa
NONATHT002035	lncRNA	0.2550351405065099	0.7449648594934901	NONCODEv6_ATH.fa
NONATHT002036	Protein_Coding	0.5745161188529011	0.42548388114709895	NONCODEv6_ATH.fa
NONATHT002037	lncRNA	0.0371101351699324	0.9628898648300678	NONCODEv6_ATH.fa
NONATHT002038	lncRNA	0.29003269777770735	0.7099673022222929	NONCODEv6_ATH.fa
NONATHT002039	lncRNA	0.054438978017737734	0.9455610219822627	NONCODEv6_ATH.fa
NONATHT002040	lncRNA	0.2825189374038565	0.717481062596143	NONCODEv6_ATH.fa
NONATHT002041	lncRNA	0.11740844977596733	0.8825915502240331	NONCODEv6_ATH.fa
NONATHT002042	lncRNA	0.10703482898622937	0.8929651710137705	NONCODEv6_ATH.fa
NONATHT002043	lncRNA	0.274828797496734	0.7251712025032662	NONCODEv6_ATH.fa
NONATHT002044	lncRNA	0.13604658182110177	0.8639534181788985	NONCODEv6_ATH.fa
NONATHT002045	lncRNA	0.23257114721160324	0.7674288527883963	NONCODEv6_ATH.fa
NONATHT002047	lncRNA	0.20381718013182418	0.7961828198681757	NONCODEv6_ATH.fa
NONATHT002046	lncRNA	0.20381718013182418	0.7961828198681757	NONCODEv6_ATH.fa
NONATHT002048	lncRNA	0.07461978798298177	0.9253802120170181	NONCODEv6_ATH.fa
NONATHT002049	lncRNA	0.18100901964905836	0.8189909803509418	NONCODEv6_ATH.fa
NONATHT002050	Protein_Coding	0.5002919733482056	0.4997080266517943	NONCODEv6_ATH.fa
NONATHT002051	lncRNA	0.018225696577502608	0.9817743034224973	NONCODEv6_ATH.fa
NONATHT002052	lncRNA	0.2828923237463933	0.7171076762536069	NONCODEv6_ATH.fa
NONATHT002053	lncRNA	0.09308598996546331	0.9069140100345371	NONCODEv6_ATH.fa
NONATHT002054	lncRNA	0.1228232570503864	0.8771767429496137	NONCODEv6_ATH.fa
NONATHT002055	lncRNA	0.14381311340068192	0.8561868865993182	NONCODEv6_ATH.fa
NONATHT002056	lncRNA	0.12464220919462188	0.8753577908053785	NONCODEv6_ATH.fa
NONATHT002057	lncRNA	0.16080048545148506	0.8391995145485148	NONCODEv6_ATH.fa
NONATHT002058	lncRNA	0.08984809512403685	0.910151904875964	NONCODEv6_ATH.fa
NONATHT002059	lncRNA	0.29167967811969886	0.7083203218803018	NONCODEv6_ATH.fa
NONATHT002060	lncRNA	0.12396154937799048	0.8760384506220097	NONCODEv6_ATH.fa
NONATHT002061	lncRNA	0.013783697211485842	0.9862163027885146	NONCODEv6_ATH.fa
NONATHT002062	Protein_Coding	0.5000079827145484	0.4999920172854517	NONCODEv6_ATH.fa
NONATHT002063	lncRNA	0.3470934464898812	0.6529065535101188	NONCODEv6_ATH.fa
NONATHT002064	lncRNA	0.1751226645317241	0.824877335468276	NONCODEv6_ATH.fa
NONATHT002065	lncRNA	0.14724719666082797	0.8527528033391721	NONCODEv6_ATH.fa
NONATHT002066	lncRNA	0.15832545485581107	0.8416745451441894	NONCODEv6_ATH.fa
NONATHT002067	lncRNA	0.39556931842583065	0.6044306815741693	NONCODEv6_ATH.fa
NONATHT002068	Protein_Coding	0.629727809967276	0.37027219003272405	NONCODEv6_ATH.fa
NONATHT002069	lncRNA	0.14131171903334086	0.8586882809666592	NONCODEv6_ATH.fa
NONATHT002070	lncRNA	0.1352638300277344	0.8647361699722657	NONCODEv6_ATH.fa
NONATHT002071	lncRNA	0.05526011593035485	0.9447398840696453	NONCODEv6_ATH.fa
NONATHT002072	lncRNA	0.04215174695496361	0.9578482530450367	NONCODEv6_ATH.fa
NONATHT002073	lncRNA	0.07838419629101238	0.9216158037089878	NONCODEv6_ATH.fa
NONATHT002074	lncRNA	0.30001613019088547	0.6999838698091144	NONCODEv6_ATH.fa
NONATHT002075	lncRNA	0.11590530952310173	0.8840946904768977	NONCODEv6_ATH.fa
NONATHT002076	lncRNA	0.22207573159811017	0.7779242684018889	NONCODEv6_ATH.fa
NONATHT002077	lncRNA	0.1424695592522562	0.8575304407477438	NONCODEv6_ATH.fa
NONATHT002078	lncRNA	0.11938580797982347	0.8806141920201764	NONCODEv6_ATH.fa
NONATHT002079	lncRNA	0.023470252601172557	0.9765297473988273	NONCODEv6_ATH.fa
NONATHT002080	lncRNA	0.040457762602529736	0.9595422373974705	NONCODEv6_ATH.fa
NONATHT002081	lncRNA	0.08493906814707229	0.9150609318529279	NONCODEv6_ATH.fa
NONATHT002082	lncRNA	0.04408418371280236	0.9559158162871981	NONCODEv6_ATH.fa
NONATHT002083	lncRNA	0.10678183728723264	0.8932181627127673	NONCODEv6_ATH.fa
NONATHT002084	lncRNA	0.17286618236315174	0.8271338176368486	NONCODEv6_ATH.fa
NONATHT002085	lncRNA	0.37256493750204867	0.6274350624979511	NONCODEv6_ATH.fa
NONATHT002086	lncRNA	0.2874366203466836	0.712563379653317	NONCODEv6_ATH.fa
NONATHT002087	lncRNA	0.0914414876430599	0.9085585123569402	NONCODEv6_ATH.fa
NONATHT002088	lncRNA	0.324931967518664	0.6750680324813363	NONCODEv6_ATH.fa
NONATHT002089	lncRNA	0.2744400524621738	0.7255599475378265	NONCODEv6_ATH.fa
NONATHT002090	Protein_Coding	0.5692245637537472	0.4307754362462528	NONCODEv6_ATH.fa
NONATHT002091	lncRNA	0.25888985319728886	0.7411101468027113	NONCODEv6_ATH.fa
NONATHT002092	lncRNA	0.13577316933256128	0.8642268306674392	NONCODEv6_ATH.fa
NONATHT002093	lncRNA	0.32026329885877963	0.6797367011412205	NONCODEv6_ATH.fa
NONATHT002094	lncRNA	0.13691907787971627	0.8630809221202841	NONCODEv6_ATH.fa
NONATHT002095	lncRNA	0.22908985729423556	0.7709101427057643	NONCODEv6_ATH.fa
NONATHT002096	lncRNA	0.10435786763117023	0.8956421323688298	NONCODEv6_ATH.fa
NONATHT002097	lncRNA	0.1834699877351845	0.8165300122648157	NONCODEv6_ATH.fa
NONATHT002098	lncRNA	0.06406513360122647	0.935934866398774	NONCODEv6_ATH.fa
NONATHT002099	lncRNA	0.2111325191390534	0.7888674808609466	NONCODEv6_ATH.fa
NONATHT002100	lncRNA	0.10921795900731525	0.8907820409926852	NONCODEv6_ATH.fa
NONATHT002101	lncRNA	0.10921795900731525	0.8907820409926852	NONCODEv6_ATH.fa
NONATHT002102	lncRNA	0.10921795900731525	0.8907820409926852	NONCODEv6_ATH.fa
NONATHT002103	lncRNA	0.07115366692113224	0.9288463330788685	NONCODEv6_ATH.fa
NONATHT002104	lncRNA	0.2113564540500237	0.7886435459499763	NONCODEv6_ATH.fa
NONATHT002105	lncRNA	0.18229829349299348	0.8177017065070067	NONCODEv6_ATH.fa
NONATHT002106	lncRNA	0.1775801616618604	0.8224198383381399	NONCODEv6_ATH.fa
NONATHT002107	lncRNA	0.17128168990266182	0.8287183100973383	NONCODEv6_ATH.fa
NONATHT002108	Protein_Coding	0.6240763331623729	0.3759236668376273	NONCODEv6_ATH.fa
NONATHT002109	lncRNA	0.3070307373008829	0.6929692626991172	NONCODEv6_ATH.fa
NONATHT002110	lncRNA	0.24191359541150154	0.7580864045884986	NONCODEv6_ATH.fa
NONATHT002111	lncRNA	0.14576922069816972	0.8542307793018298	NONCODEv6_ATH.fa
NONATHT002112	lncRNA	0.3236202147656753	0.6763797852343246	NONCODEv6_ATH.fa
NONATHT002113	lncRNA	0.38228419580067313	0.6177158041993266	NONCODEv6_ATH.fa
NONATHT002114	Protein_Coding	0.5067257169684847	0.49327428303151527	NONCODEv6_ATH.fa
NONATHT002115	lncRNA	0.4505828324673432	0.5494171675326569	NONCODEv6_ATH.fa
NONATHT002116	lncRNA	0.2686507693423894	0.7313492306576113	NONCODEv6_ATH.fa
NONATHT002117	lncRNA	0.11721250200967022	0.8827874979903301	NONCODEv6_ATH.fa
NONATHT002118	lncRNA	0.43025501555447304	0.5697449844455269	NONCODEv6_ATH.fa
NONATHT002119	lncRNA	0.13895343213424977	0.8610465678657497	NONCODEv6_ATH.fa
NONATHT002120	lncRNA	0.12202820044076233	0.8779717995592377	NONCODEv6_ATH.fa
NONATHT002122	lncRNA	0.3524062200410306	0.6475937799589696	NONCODEv6_ATH.fa
NONATHT002123	lncRNA	0.3524062200410306	0.6475937799589696	NONCODEv6_ATH.fa
NONATHT002121	lncRNA	0.3524062200410306	0.6475937799589696	NONCODEv6_ATH.fa
NONATHT002124	lncRNA	0.3524062200410306	0.6475937799589696	NONCODEv6_ATH.fa
NONATHT002125	lncRNA	0.0886661714339008	0.9113338285660995	NONCODEv6_ATH.fa
NONATHT002126	lncRNA	0.14608715205289174	0.8539128479471083	NONCODEv6_ATH.fa
NONATHT002127	lncRNA	0.07484347121354303	0.9251565287864575	NONCODEv6_ATH.fa
NONATHT002128	lncRNA	0.38313723977718134	0.6168627602228188	NONCODEv6_ATH.fa
NONATHT002129	lncRNA	0.351454249009742	0.648545750990258	NONCODEv6_ATH.fa
NONATHT002130	lncRNA	0.2535562128281081	0.7464437871718924	NONCODEv6_ATH.fa
NONATHT002131	Protein_Coding	0.5654002908639548	0.43459970913604506	NONCODEv6_ATH.fa
NONATHT002132	lncRNA	0.07725345991450192	0.9227465400854982	NONCODEv6_ATH.fa
NONATHT002133	lncRNA	0.2600429910870829	0.739957008912917	NONCODEv6_ATH.fa
NONATHT002134	lncRNA	0.058751558476553514	0.9412484415234466	NONCODEv6_ATH.fa
NONATHT002135	lncRNA	0.10487398039968701	0.8951260196003132	NONCODEv6_ATH.fa
NONATHT002136	lncRNA	0.16100763061564125	0.8389923693843587	NONCODEv6_ATH.fa
NONATHT002137	lncRNA	0.4031467499102545	0.5968532500897457	NONCODEv6_ATH.fa
NONATHT002138	lncRNA	0.06399670975992762	0.936003290240073	NONCODEv6_ATH.fa
NONATHT002139	lncRNA	0.11423550123386418	0.8857644987661365	NONCODEv6_ATH.fa
NONATHT002140	lncRNA	0.31227212165805196	0.6877278783419483	NONCODEv6_ATH.fa
NONATHT002141	lncRNA	0.22555832863188208	0.7744416713681183	NONCODEv6_ATH.fa
NONATHT002142	lncRNA	0.10406205147382629	0.895937948526174	NONCODEv6_ATH.fa
NONATHT002143	lncRNA	0.09457393525068229	0.9054260647493176	NONCODEv6_ATH.fa
NONATHT002144	lncRNA	0.028549910307662366	0.9714500896923381	NONCODEv6_ATH.fa
NONATHT002145	lncRNA	0.1830870148812809	0.8169129851187193	NONCODEv6_ATH.fa
NONATHT002146	lncRNA	0.13004366399521852	0.8699563360047816	NONCODEv6_ATH.fa
NONATHT002147	Protein_Coding	0.6083768303519319	0.391623169648068	NONCODEv6_ATH.fa
NONATHT002148	lncRNA	0.14159599640502932	0.8584040035949708	NONCODEv6_ATH.fa
NONATHT002149	lncRNA	0.24513583976229172	0.7548641602377081	NONCODEv6_ATH.fa
NONATHT002150	lncRNA	0.10644446771258287	0.8935555322874168	NONCODEv6_ATH.fa
NONATHT002151	lncRNA	0.3565808135403603	0.6434191864596391	NONCODEv6_ATH.fa
NONATHT002152	lncRNA	0.18946532667135266	0.8105346733286473	NONCODEv6_ATH.fa
NONATHT002153	lncRNA	0.17480528940316065	0.8251947105968397	NONCODEv6_ATH.fa
NONATHT002154	lncRNA	0.14986252459605373	0.8501374754039464	NONCODEv6_ATH.fa
NONATHT002155	lncRNA	0.08032966055038891	0.9196703394496114	NONCODEv6_ATH.fa
NONATHT002156	lncRNA	0.021585247183228816	0.9784147528167717	NONCODEv6_ATH.fa
NONATHT002157	lncRNA	0.14380747330846264	0.8561925266915372	NONCODEv6_ATH.fa
NONATHT002158	lncRNA	0.03275202326322306	0.9672479767367769	NONCODEv6_ATH.fa
NONATHT002159	lncRNA	0.14272128895455374	0.8572787110454458	NONCODEv6_ATH.fa
NONATHT002161	lncRNA	0.32794903036963485	0.6720509696303655	NONCODEv6_ATH.fa
NONATHT002160	lncRNA	0.32794903036963485	0.6720509696303655	NONCODEv6_ATH.fa
NONATHT002162	lncRNA	0.3340417065035721	0.6659582934964281	NONCODEv6_ATH.fa
NONATHT002163	lncRNA	0.07026961935687684	0.9297303806431235	NONCODEv6_ATH.fa
NONATHT002164	lncRNA	0.1484219150248522	0.8515780849751482	NONCODEv6_ATH.fa
NONATHT002165	lncRNA	0.10336741572282328	0.8966325842771771	NONCODEv6_ATH.fa
NONATHT002166	lncRNA	0.0893815340417274	0.9106184659582729	NONCODEv6_ATH.fa
NONATHT002167	lncRNA	0.140184805089261	0.8598151949107393	NONCODEv6_ATH.fa
NONATHT002168	lncRNA	0.06095933252587735	0.9390406674741228	NONCODEv6_ATH.fa
NONATHT002169	lncRNA	0.19395857003896788	0.806041429961032	NONCODEv6_ATH.fa
NONATHT002170	lncRNA	0.10237593965508203	0.8976240603449179	NONCODEv6_ATH.fa
NONATHT002171	lncRNA	0.3030282158920426	0.6969717841079571	NONCODEv6_ATH.fa
NONATHT002172	lncRNA	0.2635006324094855	0.7364993675905145	NONCODEv6_ATH.fa
NONATHT002173	lncRNA	0.11549384951184775	0.8845061504881517	NONCODEv6_ATH.fa
NONATHT002174	lncRNA	0.1710459460109782	0.8289540539890217	NONCODEv6_ATH.fa
NONATHT002175	lncRNA	0.12893187599415434	0.8710681240058459	NONCODEv6_ATH.fa
NONATHT002176	Protein_Coding	0.5276576224937108	0.47234237750628927	NONCODEv6_ATH.fa
NONATHT002177	lncRNA	0.13780928569292142	0.8621907143070787	NONCODEv6_ATH.fa
NONATHT002178	lncRNA	0.04164603540698738	0.9583539645930127	NONCODEv6_ATH.fa
NONATHT002179	lncRNA	0.05390427465901653	0.9460957253409841	NONCODEv6_ATH.fa
NONATHT002180	lncRNA	0.04183335789969843	0.9581666421003016	NONCODEv6_ATH.fa
NONATHT002181	lncRNA	0.4135332018155202	0.5864667981844799	NONCODEv6_ATH.fa
NONATHT002182	lncRNA	0.12642209484348696	0.8735779051565133	NONCODEv6_ATH.fa
NONATHT002183	lncRNA	0.11573214635288875	0.8842678536471109	NONCODEv6_ATH.fa
NONATHT002184	lncRNA	0.11582989398844963	0.8841701060115507	NONCODEv6_ATH.fa
NONATHT002185	lncRNA	0.2972262674606002	0.7027737325393996	NONCODEv6_ATH.fa
NONATHT002186	lncRNA	0.12620089466266626	0.8737991053373341	NONCODEv6_ATH.fa
NONATHT002187	lncRNA	0.12083477007583326	0.8791652299241672	NONCODEv6_ATH.fa
NONATHT002188	lncRNA	0.3189313743476697	0.6810686256523301	NONCODEv6_ATH.fa
NONATHT002189	lncRNA	0.023380387482187907	0.9766196125178123	NONCODEv6_ATH.fa
NONATHT002190	lncRNA	0.10420902537452478	0.8957909746254753	NONCODEv6_ATH.fa
NONATHT002191	lncRNA	0.1082742590366763	0.891725740963324	NONCODEv6_ATH.fa
NONATHT002192	lncRNA	0.35565129364351444	0.6443487063564853	NONCODEv6_ATH.fa
NONATHT002193	lncRNA	0.197539332469774	0.802460667530226	NONCODEv6_ATH.fa
NONATHT002194	lncRNA	0.17088497682872503	0.829115023171275	NONCODEv6_ATH.fa
NONATHT002195	lncRNA	0.2741086168525064	0.725891383147494	NONCODEv6_ATH.fa
NONATHT002196	lncRNA	0.07008389897233087	0.929916101027669	NONCODEv6_ATH.fa
NONATHT002197	lncRNA	0.12823546715504267	0.8717645328449575	NONCODEv6_ATH.fa
NONATHT002198	lncRNA	0.23492889296115788	0.7650711070388422	NONCODEv6_ATH.fa
NONATHT002199	lncRNA	0.39170661099542325	0.608293389004577	NONCODEv6_ATH.fa
NONATHT002200	lncRNA	0.3597277456973037	0.6402722543026965	NONCODEv6_ATH.fa
NONATHT002201	lncRNA	0.23321614072642882	0.7667838592735711	NONCODEv6_ATH.fa
NONATHT002202	lncRNA	0.20466865046270327	0.7953313495372969	NONCODEv6_ATH.fa
NONATHT002203	lncRNA	0.2874052350800483	0.7125947649199522	NONCODEv6_ATH.fa
NONATHT002204	lncRNA	0.2623569400626464	0.7376430599373538	NONCODEv6_ATH.fa
NONATHT002205	lncRNA	0.42783864341479955	0.5721613565852007	NONCODEv6_ATH.fa
NONATHT002206	lncRNA	0.2912985936308603	0.7087014063691399	NONCODEv6_ATH.fa
NONATHT002207	lncRNA	0.31610890046368195	0.6838910995363185	NONCODEv6_ATH.fa
NONATHT002208	lncRNA	0.32019306258377833	0.6798069374162223	NONCODEv6_ATH.fa
NONATHT002209	lncRNA	0.13830322698246506	0.8616967730175346	NONCODEv6_ATH.fa
NONATHT002210	lncRNA	0.15545208968732835	0.8445479103126718	NONCODEv6_ATH.fa
NONATHT002211	lncRNA	0.08840341433635282	0.9115965856636471	NONCODEv6_ATH.fa
NONATHT002212	lncRNA	0.15545208968732835	0.8445479103126718	NONCODEv6_ATH.fa
NONATHT002213	lncRNA	0.06298865440166898	0.9370113455983317	NONCODEv6_ATH.fa
NONATHT002214	lncRNA	0.4032599016900921	0.5967400983099077	NONCODEv6_ATH.fa
NONATHT002215	lncRNA	0.28915997648673486	0.7108400235132654	NONCODEv6_ATH.fa
NONATHT002216	lncRNA	0.24287354051253401	0.7571264594874656	NONCODEv6_ATH.fa
NONATHT002217	lncRNA	0.12404284038991177	0.875957159610089	NONCODEv6_ATH.fa
NONATHT002218	lncRNA	0.07428802820906537	0.9257119717909343	NONCODEv6_ATH.fa
NONATHT002219	lncRNA	0.06375474196253274	0.9362452580374674	NONCODEv6_ATH.fa
NONATHT002220	lncRNA	0.07525654669641305	0.9247434533035872	NONCODEv6_ATH.fa
NONATHT002221	lncRNA	0.1453503131620767	0.8546496868379234	NONCODEv6_ATH.fa
NONATHT002222	lncRNA	0.14357892670788444	0.8564210732921159	NONCODEv6_ATH.fa
NONATHT002223	lncRNA	0.09380024108783944	0.9061997589121612	NONCODEv6_ATH.fa
NONATHT002224	lncRNA	0.08944943017645518	0.9105505698235452	NONCODEv6_ATH.fa
NONATHT002225	lncRNA	0.22999140575929708	0.7700085942407027	NONCODEv6_ATH.fa
NONATHT002226	lncRNA	0.18041089488723616	0.8195891051127636	NONCODEv6_ATH.fa
NONATHT002227	lncRNA	0.20352750042720777	0.7964724995727923	NONCODEv6_ATH.fa
NONATHT002228	lncRNA	0.16257314857527633	0.8374268514247241	NONCODEv6_ATH.fa
NONATHT002229	lncRNA	0.34560188358930644	0.654398116410694	NONCODEv6_ATH.fa
NONATHT002230	lncRNA	0.03135114927972912	0.9686488507202712	NONCODEv6_ATH.fa
NONATHT002231	lncRNA	0.3259914841538743	0.6740085158461255	NONCODEv6_ATH.fa
NONATHT002232	lncRNA	0.061619751830582985	0.9383802481694172	NONCODEv6_ATH.fa
NONATHT002233	lncRNA	0.12866119064723666	0.8713388093527638	NONCODEv6_ATH.fa
NONATHT002234	lncRNA	0.10233947246785399	0.8976605275321464	NONCODEv6_ATH.fa
NONATHT002235	lncRNA	0.13357178208237172	0.8664282179176279	NONCODEv6_ATH.fa
NONATHT002236	lncRNA	0.35626510582951154	0.6437348941704885	NONCODEv6_ATH.fa
NONATHT002237	lncRNA	0.21178520690481983	0.7882147930951805	NONCODEv6_ATH.fa
NONATHT002238	lncRNA	0.13199151101751125	0.8680084889824886	NONCODEv6_ATH.fa
NONATHT002239	Protein_Coding	0.5395327015652424	0.46046729843475764	NONCODEv6_ATH.fa
NONATHT002240	lncRNA	0.28042660043521045	0.7195733995647896	NONCODEv6_ATH.fa
NONATHT002241	lncRNA	0.18955314831815362	0.8104468516818466	NONCODEv6_ATH.fa
NONATHT002242	lncRNA	0.09679134484971841	0.9032086551502816	NONCODEv6_ATH.fa
NONATHT002243	lncRNA	0.4592339925023462	0.5407660074976538	NONCODEv6_ATH.fa
NONATHT002244	lncRNA	0.04434957977298076	0.9556504202270192	NONCODEv6_ATH.fa
NONATHT002245	lncRNA	0.10547390489941526	0.8945260951005848	NONCODEv6_ATH.fa
NONATHT002246	lncRNA	0.0270514496673333	0.9729485503326669	NONCODEv6_ATH.fa
NONATHT002247	lncRNA	0.09979782473790255	0.9002021752620979	NONCODEv6_ATH.fa
NONATHT002248	lncRNA	0.2033465250912258	0.7966534749087744	NONCODEv6_ATH.fa
NONATHT002249	lncRNA	0.11455341815633738	0.8854465818436621	NONCODEv6_ATH.fa
NONATHT002250	lncRNA	0.328201938528022	0.6717980614719781	NONCODEv6_ATH.fa
NONATHT002251	lncRNA	0.1743263158144103	0.8256736841855897	NONCODEv6_ATH.fa
NONATHT002252	lncRNA	0.30948572588565143	0.6905142741143484	NONCODEv6_ATH.fa
NONATHT002253	lncRNA	0.42970712607239986	0.5702928739276001	NONCODEv6_ATH.fa
NONATHT002254	Protein_Coding	0.5450457980798324	0.45495420192016744	NONCODEv6_ATH.fa
NONATHT002255	lncRNA	0.3847095390496857	0.6152904609503141	NONCODEv6_ATH.fa
NONATHT002256	lncRNA	0.009840791844936712	0.9901592081550632	NONCODEv6_ATH.fa
NONATHT002257	lncRNA	0.3550442733029707	0.6449557266970295	NONCODEv6_ATH.fa
NONATHT002258	lncRNA	0.32844924111182516	0.6715507588881753	NONCODEv6_ATH.fa
NONATHT002259	lncRNA	0.10604269985563186	0.8939573001443685	NONCODEv6_ATH.fa
NONATHT002260	Protein_Coding	0.5744136166240196	0.4255863833759806	NONCODEv6_ATH.fa
NONATHT002261	lncRNA	0.11240716529380904	0.8875928347061911	NONCODEv6_ATH.fa
NONATHT002262	lncRNA	0.14152691842980655	0.858473081570193	NONCODEv6_ATH.fa
NONATHT002263	lncRNA	0.09407522932109824	0.9059247706789023	NONCODEv6_ATH.fa
NONATHT002264	Protein_Coding	0.6349208196709297	0.36507918032907	NONCODEv6_ATH.fa
NONATHT002265	lncRNA	0.2595061868814167	0.7404938131185832	NONCODEv6_ATH.fa
NONATHT002266	lncRNA	0.2469870852286893	0.7530129147713108	NONCODEv6_ATH.fa
NONATHT002267	lncRNA	0.021361922202546953	0.9786380777974539	NONCODEv6_ATH.fa
NONATHT002268	lncRNA	0.1676310246464613	0.832368975353539	NONCODEv6_ATH.fa
NONATHT002269	lncRNA	0.18699417725983605	0.813005822740164	NONCODEv6_ATH.fa
NONATHT002270	lncRNA	0.18453323817643352	0.8154667618235664	NONCODEv6_ATH.fa
NONATHT002271	lncRNA	0.261695663584533	0.738304336415468	NONCODEv6_ATH.fa
NONATHT002272	lncRNA	0.40335499641706135	0.5966450035829386	NONCODEv6_ATH.fa
NONATHT002273	lncRNA	0.14038722750928812	0.8596127724907118	NONCODEv6_ATH.fa
NONATHT002274	lncRNA	0.4049181526634763	0.5950818473365237	NONCODEv6_ATH.fa
NONATHT002275	lncRNA	0.018026546744879794	0.9819734532551202	NONCODEv6_ATH.fa
NONATHT002276	lncRNA	0.1473059891036248	0.8526940108963753	NONCODEv6_ATH.fa
NONATHT002277	lncRNA	0.43420814490918497	0.5657918550908151	NONCODEv6_ATH.fa
NONATHT002278	lncRNA	0.3475924140097705	0.6524075859902296	NONCODEv6_ATH.fa
NONATHT002279	lncRNA	0.1271992282956778	0.8728007717043222	NONCODEv6_ATH.fa
NONATHT002280	lncRNA	0.21559001914674367	0.7844099808532561	NONCODEv6_ATH.fa
NONATHT002281	lncRNA	0.12909503373974568	0.8709049662602546	NONCODEv6_ATH.fa
NONATHT002282	Protein_Coding	0.5663270715433881	0.4336729284566118	NONCODEv6_ATH.fa
NONATHT002283	lncRNA	0.15895877291410695	0.8410412270858931	NONCODEv6_ATH.fa
NONATHT002284	lncRNA	0.2782539206492874	0.7217460793507127	NONCODEv6_ATH.fa
NONATHT002285	lncRNA	0.1978595615895011	0.8021404384104994	NONCODEv6_ATH.fa
NONATHT002286	lncRNA	0.28637174183834513	0.7136282581616549	NONCODEv6_ATH.fa
NONATHT002287	lncRNA	0.17111068531401577	0.8288893146859838	NONCODEv6_ATH.fa
NONATHT002288	lncRNA	0.2569359870907974	0.7430640129092029	NONCODEv6_ATH.fa
NONATHT002289	lncRNA	0.13713390155458663	0.8628660984454128	NONCODEv6_ATH.fa
NONATHT002290	lncRNA	0.10365241558723333	0.8963475844127671	NONCODEv6_ATH.fa
NONATHT002291	lncRNA	0.06870761843179936	0.9312923815682009	NONCODEv6_ATH.fa
NONATHT002292	lncRNA	0.12168025687076876	0.8783197431292313	NONCODEv6_ATH.fa
NONATHT002293	lncRNA	0.3087550160310889	0.6912449839689109	NONCODEv6_ATH.fa
NONATHT002294	lncRNA	0.4528335120339423	0.5471664879660577	NONCODEv6_ATH.fa
NONATHT002295	lncRNA	0.06603059075594235	0.933969409244058	NONCODEv6_ATH.fa
NONATHT002296	lncRNA	0.28646618120780454	0.7135338187921954	NONCODEv6_ATH.fa
NONATHT002297	lncRNA	0.16859134278231855	0.8314086572176808	NONCODEv6_ATH.fa
NONATHT002298	lncRNA	0.17994147063834567	0.8200585293616541	NONCODEv6_ATH.fa
NONATHT002299	lncRNA	0.0879356286929962	0.9120643713070036	NONCODEv6_ATH.fa
NONATHT002300	lncRNA	0.12459927031835871	0.8754007296816422	NONCODEv6_ATH.fa
NONATHT002301	lncRNA	0.18778154188421878	0.8122184581157812	NONCODEv6_ATH.fa
NONATHT002302	lncRNA	0.16251147443911593	0.8374885255608846	NONCODEv6_ATH.fa
NONATHT002303	lncRNA	0.4014557858965241	0.5985442141034759	NONCODEv6_ATH.fa
NONATHT002304	lncRNA	0.08247997210471043	0.9175200278952899	NONCODEv6_ATH.fa
NONATHT002305	lncRNA	0.19450851652480527	0.8054914834751951	NONCODEv6_ATH.fa
NONATHT002306	lncRNA	0.14257792712091377	0.8574220728790864	NONCODEv6_ATH.fa
NONATHT002307	lncRNA	0.3965477229398374	0.6034522770601627	NONCODEv6_ATH.fa
NONATHT002308	lncRNA	0.28680541617279065	0.7131945838272099	NONCODEv6_ATH.fa
NONATHT002309	lncRNA	0.06893056347235328	0.9310694365276471	NONCODEv6_ATH.fa
NONATHT002310	lncRNA	0.41152674061956646	0.5884732593804336	NONCODEv6_ATH.fa
NONATHT002311	lncRNA	0.47866107075815284	0.521338929241847	NONCODEv6_ATH.fa
NONATHT002312	Protein_Coding	0.598996057572801	0.40100394242719883	NONCODEv6_ATH.fa
NONATHT002313	lncRNA	0.24278990212936855	0.7572100978706312	NONCODEv6_ATH.fa
NONATHT002314	lncRNA	0.05787780006173042	0.9421221999382695	NONCODEv6_ATH.fa
NONATHT002315	lncRNA	0.2984314567713227	0.7015685432286771	NONCODEv6_ATH.fa
NONATHT002316	lncRNA	0.0638666206740932	0.9361333793259075	NONCODEv6_ATH.fa
NONATHT002317	lncRNA	0.05738404396047621	0.9426159560395242	NONCODEv6_ATH.fa
NONATHT002318	lncRNA	0.1721932539058485	0.8278067460941521	NONCODEv6_ATH.fa
NONATHT002319	lncRNA	0.39614405939024483	0.603855940609755	NONCODEv6_ATH.fa
NONATHT002320	lncRNA	0.12631133982900017	0.8736886601709999	NONCODEv6_ATH.fa
NONATHT002321	lncRNA	0.1423377270669032	0.857662272933097	NONCODEv6_ATH.fa
NONATHT002322	lncRNA	0.03502967631349361	0.9649703236865065	NONCODEv6_ATH.fa
NONATHT002323	lncRNA	0.10175980133991551	0.8982401986600836	NONCODEv6_ATH.fa
NONATHT002324	lncRNA	0.25483451728899476	0.7451654827110056	NONCODEv6_ATH.fa
NONATHT002325	lncRNA	0.20513054079435433	0.7948694592056456	NONCODEv6_ATH.fa
NONATHT002326	Protein_Coding	0.5081213627047585	0.4918786372952415	NONCODEv6_ATH.fa
NONATHT002327	lncRNA	0.21139981597261598	0.7886001840273836	NONCODEv6_ATH.fa
NONATHT002328	lncRNA	0.08764373127926924	0.9123562687207315	NONCODEv6_ATH.fa
NONATHT002329	lncRNA	0.06116337659209927	0.9388366234079015	NONCODEv6_ATH.fa
NONATHT002330	lncRNA	0.2694534943328492	0.730546505667151	NONCODEv6_ATH.fa
NONATHT002331	lncRNA	0.482645159612933	0.517354840387067	NONCODEv6_ATH.fa
NONATHT002332	Protein_Coding	0.505913690897037	0.4940863091029629	NONCODEv6_ATH.fa
NONATHT002333	lncRNA	0.11721938415589878	0.8827806158441013	NONCODEv6_ATH.fa
NONATHT002334	lncRNA	0.16104395721029324	0.8389560427897067	NONCODEv6_ATH.fa
NONATHT002335	lncRNA	0.046304323939190616	0.9536956760608098	NONCODEv6_ATH.fa
NONATHT002336	lncRNA	0.06398264388027175	0.9360173561197285	NONCODEv6_ATH.fa
NONATHT002337	lncRNA	0.2527568269527314	0.7472431730472685	NONCODEv6_ATH.fa
NONATHT002338	lncRNA	0.22561290195026237	0.7743870980497385	NONCODEv6_ATH.fa
NONATHT002339	lncRNA	0.21324268467293161	0.7867573153270684	NONCODEv6_ATH.fa
NONATHT002340	Protein_Coding	0.5267408567954925	0.47325914320450746	NONCODEv6_ATH.fa
NONATHT002341	lncRNA	0.3709631063667851	0.6290368936332147	NONCODEv6_ATH.fa
NONATHT002342	lncRNA	0.2583180963927333	0.7416819036072669	NONCODEv6_ATH.fa
NONATHT002343	lncRNA	0.2562890224321655	0.7437109775678334	NONCODEv6_ATH.fa
NONATHT002344	lncRNA	0.14716722607505325	0.8528327739249469	NONCODEv6_ATH.fa
NONATHT002345	lncRNA	0.2358239554830216	0.7641760445169781	NONCODEv6_ATH.fa
NONATHT002346	lncRNA	0.05673859558833612	0.9432614044116644	NONCODEv6_ATH.fa
NONATHT002347	lncRNA	0.11213151255191631	0.8878684874480837	NONCODEv6_ATH.fa
NONATHT002348	lncRNA	0.03991771506539798	0.9600822849346025	NONCODEv6_ATH.fa
NONATHT002349	lncRNA	0.1588655765245359	0.8411344234754642	NONCODEv6_ATH.fa
NONATHT002350	lncRNA	0.1484777029444143	0.8515222970555856	NONCODEv6_ATH.fa
NONATHT002351	lncRNA	0.2344572020101713	0.7655427979898285	NONCODEv6_ATH.fa
NONATHT002352	lncRNA	0.08546852082171703	0.9145314791782835	NONCODEv6_ATH.fa
NONATHT002353	lncRNA	0.12912907780068908	0.8708709221993111	NONCODEv6_ATH.fa
NONATHT002354	lncRNA	0.06704885397641412	0.9329511460235862	NONCODEv6_ATH.fa
NONATHT002355	lncRNA	0.020718927919351558	0.9792810720806484	NONCODEv6_ATH.fa
NONATHT002356	lncRNA	0.140865222500729	0.8591347774992715	NONCODEv6_ATH.fa
NONATHT002357	lncRNA	0.07717044620488807	0.9228295537951123	NONCODEv6_ATH.fa
NONATHT002358	lncRNA	0.15165828777008	0.8483417122299203	NONCODEv6_ATH.fa
NONATHT002359	lncRNA	0.05155474904278615	0.9484452509572145	NONCODEv6_ATH.fa
NONATHT002360	lncRNA	0.16860294076079513	0.8313970592392048	NONCODEv6_ATH.fa
NONATHT002361	lncRNA	0.0767585985515122	0.9232414014484884	NONCODEv6_ATH.fa
NONATHT002362	lncRNA	0.26858508150640736	0.7314149184935923	NONCODEv6_ATH.fa
NONATHT002363	lncRNA	0.13433710925268127	0.8656628907473184	NONCODEv6_ATH.fa
NONATHT002364	lncRNA	0.06025092273734168	0.9397490772626589	NONCODEv6_ATH.fa
NONATHT002365	lncRNA	0.11466468618354934	0.885335313816451	NONCODEv6_ATH.fa
NONATHT002366	lncRNA	0.10900668450464888	0.8909933154953513	NONCODEv6_ATH.fa
NONATHT002367	lncRNA	0.16713876716585394	0.8328612328341464	NONCODEv6_ATH.fa
NONATHT002368	lncRNA	0.02040119632085557	0.9795988036791445	NONCODEv6_ATH.fa
NONATHT002369	Protein_Coding	0.5360979617283169	0.46390203827168297	NONCODEv6_ATH.fa
NONATHT002370	lncRNA	0.2567759451822826	0.7432240548177173	NONCODEv6_ATH.fa
NONATHT002371	lncRNA	0.131853636388054	0.8681463636119459	NONCODEv6_ATH.fa
NONATHT002372	lncRNA	0.0655893783142227	0.9344106216857773	NONCODEv6_ATH.fa
NONATHT002373	lncRNA	0.1993554642467377	0.8006445357532624	NONCODEv6_ATH.fa
NONATHT002374	lncRNA	0.057210741899537766	0.9427892581004627	NONCODEv6_ATH.fa
NONATHT002375	lncRNA	0.04643083371068052	0.9535691662893193	NONCODEv6_ATH.fa
NONATHT002376	lncRNA	0.21033838363894125	0.789661616361059	NONCODEv6_ATH.fa
NONATHT002377	lncRNA	0.09255214801966236	0.9074478519803378	NONCODEv6_ATH.fa
NONATHT002378	lncRNA	0.1289261863694121	0.8710738136305877	NONCODEv6_ATH.fa
NONATHT002379	lncRNA	0.0569547965673791	0.943045203432621	NONCODEv6_ATH.fa
NONATHT002380	lncRNA	0.2719887930611047	0.7280112069388952	NONCODEv6_ATH.fa
NONATHT002381	lncRNA	0.05090492280883854	0.9490950771911614	NONCODEv6_ATH.fa
NONATHT002382	Protein_Coding	0.6031524322540869	0.39684756774591307	NONCODEv6_ATH.fa
NONATHT002383	lncRNA	0.23926866781053466	0.7607313321894653	NONCODEv6_ATH.fa
NONATHT002384	lncRNA	0.11640842330022368	0.8835915766997765	NONCODEv6_ATH.fa
NONATHT002385	lncRNA	0.0355894644786878	0.9644105355213123	NONCODEv6_ATH.fa
NONATHT002386	lncRNA	0.21584027775615175	0.7841597222438481	NONCODEv6_ATH.fa
NONATHT002387	lncRNA	0.053804203614515454	0.9461957963854848	NONCODEv6_ATH.fa
NONATHT002388	lncRNA	0.06852417753045686	0.9314758224695435	NONCODEv6_ATH.fa
NONATHT002389	lncRNA	0.03687338920735255	0.9631266107926476	NONCODEv6_ATH.fa
NONATHT002390	lncRNA	0.04616045050006137	0.9538395494999384	NONCODEv6_ATH.fa
NONATHT002391	lncRNA	0.04216635287399912	0.9578336471260008	NONCODEv6_ATH.fa
NONATHT002392	lncRNA	0.4934551148152611	0.5065448851847388	NONCODEv6_ATH.fa
NONATHT002393	lncRNA	0.2046788026624185	0.7953211973375821	NONCODEv6_ATH.fa
NONATHT002394	lncRNA	0.3307877690730658	0.6692122309269342	NONCODEv6_ATH.fa
NONATHT002395	lncRNA	0.14847886221932052	0.8515211377806793	NONCODEv6_ATH.fa
NONATHT002396	lncRNA	0.02107978874846681	0.9789202112515334	NONCODEv6_ATH.fa
NONATHT002397	lncRNA	0.04905971876505895	0.9509402812349416	NONCODEv6_ATH.fa
NONATHT002398	lncRNA	0.3416704825328259	0.6583295174671743	NONCODEv6_ATH.fa
NONATHT002399	lncRNA	0.2098101739726287	0.7901898260273716	NONCODEv6_ATH.fa
NONATHT002400	lncRNA	0.19282693404303322	0.8071730659569665	NONCODEv6_ATH.fa
NONATHT002401	lncRNA	0.15123605583705996	0.8487639441629401	NONCODEv6_ATH.fa
NONATHT002402	lncRNA	0.17853673972074163	0.8214632602792582	NONCODEv6_ATH.fa
NONATHT002403	lncRNA	0.23076714047116906	0.7692328595288311	NONCODEv6_ATH.fa
NONATHT002404	lncRNA	0.28345041449792774	0.7165495855020724	NONCODEv6_ATH.fa
NONATHT002405	lncRNA	0.32550675723717953	0.6744932427628203	NONCODEv6_ATH.fa
NONATHT002406	lncRNA	0.030898586902775905	0.9691014130972243	NONCODEv6_ATH.fa
NONATHT002407	lncRNA	0.23761726192706908	0.7623827380729309	NONCODEv6_ATH.fa
NONATHT002408	lncRNA	0.10071600497748942	0.8992839950225104	NONCODEv6_ATH.fa
NONATHT002409	lncRNA	0.1227204031346344	0.8772795968653662	NONCODEv6_ATH.fa
NONATHT002410	lncRNA	0.18982900577214004	0.8101709942278601	NONCODEv6_ATH.fa
NONATHT002411	lncRNA	0.10464478648281443	0.8953552135171855	NONCODEv6_ATH.fa
NONATHT002412	lncRNA	0.10881175001419281	0.8911882499858073	NONCODEv6_ATH.fa
NONATHT002413	lncRNA	0.026740165802241363	0.9732598341977589	NONCODEv6_ATH.fa
NONATHT002414	lncRNA	0.05048087883775434	0.9495191211622461	NONCODEv6_ATH.fa
NONATHT002415	lncRNA	0.276239064770098	0.7237609352299023	NONCODEv6_ATH.fa
NONATHT002416	lncRNA	0.18654557514680858	0.8134544248531912	NONCODEv6_ATH.fa
NONATHT002417	lncRNA	0.16191290291618898	0.8380870970838113	NONCODEv6_ATH.fa
NONATHT002418	lncRNA	0.20828690359712096	0.7917130964028795	NONCODEv6_ATH.fa
NONATHT002419	lncRNA	0.1279772976333942	0.8720227023666058	NONCODEv6_ATH.fa
NONATHT002420	lncRNA	0.07684723212755289	0.9231527678724473	NONCODEv6_ATH.fa
NONATHT002421	lncRNA	0.09971151840318387	0.9002884815968164	NONCODEv6_ATH.fa
NONATHT002422	lncRNA	0.1939448385732692	0.8060551614267307	NONCODEv6_ATH.fa
NONATHT002423	lncRNA	0.09320453452101189	0.9067954654789877	NONCODEv6_ATH.fa
NONATHT002424	lncRNA	0.22288922066972444	0.7771107793302756	NONCODEv6_ATH.fa
NONATHT002425	lncRNA	0.30288197584789994	0.6971180241521002	NONCODEv6_ATH.fa
NONATHT002426	lncRNA	0.07432875503471127	0.9256712449652887	NONCODEv6_ATH.fa
NONATHT002427	Protein_Coding	0.5824757145619628	0.41752428543803716	NONCODEv6_ATH.fa
NONATHT002428	lncRNA	0.02577298600151295	0.9742270139984873	NONCODEv6_ATH.fa
NONATHT002429	lncRNA	0.3501683999853536	0.6498316000146462	NONCODEv6_ATH.fa
NONATHT002430	lncRNA	0.025627674211980568	0.9743723257880196	NONCODEv6_ATH.fa
NONATHT002431	lncRNA	0.18712183252658637	0.8128781674734135	NONCODEv6_ATH.fa
NONATHT002432	lncRNA	0.09389358972673643	0.9061064102732639	NONCODEv6_ATH.fa
NONATHT002433	lncRNA	0.0905246902172673	0.9094753097827327	NONCODEv6_ATH.fa
NONATHT002434	lncRNA	0.04448415344224344	0.9555158465577575	NONCODEv6_ATH.fa
NONATHT002435	lncRNA	0.09953941405460888	0.9004605859453912	NONCODEv6_ATH.fa
NONATHT002436	lncRNA	0.1578624932398137	0.8421375067601862	NONCODEv6_ATH.fa
NONATHT002437	lncRNA	0.02656670201412172	0.9734332979858783	NONCODEv6_ATH.fa
NONATHT002438	lncRNA	0.14725203081369906	0.8527479691863005	NONCODEv6_ATH.fa
NONATHT002439	lncRNA	0.2697755187797394	0.7302244812202607	NONCODEv6_ATH.fa
NONATHT002440	lncRNA	0.0895303558863075	0.9104696441136931	NONCODEv6_ATH.fa
NONATHT002441	lncRNA	0.07054872835620131	0.9294512716437989	NONCODEv6_ATH.fa
NONATHT002442	lncRNA	0.3737577588318032	0.6262422411681967	NONCODEv6_ATH.fa
NONATHT002443	lncRNA	0.06236605284308703	0.9376339471569133	NONCODEv6_ATH.fa
NONATHT002445	lncRNA	0.2604179681201553	0.7395820318798448	NONCODEv6_ATH.fa
NONATHT002444	lncRNA	0.2604179681201553	0.7395820318798448	NONCODEv6_ATH.fa
NONATHT002446	lncRNA	0.23877796034110774	0.7612220396588927	NONCODEv6_ATH.fa
NONATHT002447	lncRNA	0.30380607237699514	0.6961939276230047	NONCODEv6_ATH.fa
NONATHT002448	lncRNA	0.16928672583901488	0.8307132741609852	NONCODEv6_ATH.fa
NONATHT002449	lncRNA	0.13224410577934215	0.8677558942206579	NONCODEv6_ATH.fa
NONATHT002450	lncRNA	0.18792746334866092	0.8120725366513396	NONCODEv6_ATH.fa
NONATHT002451	lncRNA	0.11033309123408278	0.8896669087659176	NONCODEv6_ATH.fa
NONATHT002452	lncRNA	0.03940021083223828	0.9605997891677615	NONCODEv6_ATH.fa
NONATHT002453	lncRNA	0.43521146290640805	0.5647885370935919	NONCODEv6_ATH.fa
NONATHT002454	lncRNA	0.0824746380001021	0.9175253619998982	NONCODEv6_ATH.fa
NONATHT002455	lncRNA	0.3481941384432915	0.651805861556709	NONCODEv6_ATH.fa
NONATHT002456	lncRNA	0.07356310677895721	0.9264368932210434	NONCODEv6_ATH.fa
NONATHT002457	lncRNA	0.12969851747404695	0.8703014825259531	NONCODEv6_ATH.fa
NONATHT002458	lncRNA	0.16153216877591503	0.8384678312240846	NONCODEv6_ATH.fa
NONATHT002459	lncRNA	0.12401242871063443	0.8759875712893663	NONCODEv6_ATH.fa
NONATHT002460	lncRNA	0.2745352430411561	0.7254647569588439	NONCODEv6_ATH.fa
NONATHT002461	lncRNA	0.1692217449448151	0.8307782550551849	NONCODEv6_ATH.fa
NONATHT002462	lncRNA	0.0687949124720865	0.9312050875279134	NONCODEv6_ATH.fa
NONATHT002463	lncRNA	0.02357279439202381	0.9764272056079762	NONCODEv6_ATH.fa
NONATHT002464	lncRNA	0.021762875092396276	0.978237124907604	NONCODEv6_ATH.fa
NONATHT002465	lncRNA	0.13945674447874606	0.860543255521254	NONCODEv6_ATH.fa
NONATHT002466	lncRNA	0.0911970651805136	0.9088029348194869	NONCODEv6_ATH.fa
NONATHT002467	lncRNA	0.18632563961744814	0.8136743603825525	NONCODEv6_ATH.fa
NONATHT002468	lncRNA	0.12892149853535662	0.8710785014646434	NONCODEv6_ATH.fa
NONATHT002469	lncRNA	0.27735737513173936	0.7226426248682609	NONCODEv6_ATH.fa
NONATHT002470	lncRNA	0.10227873972329467	0.8977212602767048	NONCODEv6_ATH.fa
NONATHT002471	lncRNA	0.06228893466387486	0.9377110653361256	NONCODEv6_ATH.fa
NONATHT002472	lncRNA	0.15992202766636987	0.8400779723336296	NONCODEv6_ATH.fa
NONATHT002473	lncRNA	0.1380028378996064	0.8619971621003941	NONCODEv6_ATH.fa
NONATHT002474	lncRNA	0.15459685343735968	0.8454031465626403	NONCODEv6_ATH.fa
NONATHT002475	lncRNA	0.048508765526245806	0.9514912344737546	NONCODEv6_ATH.fa
NONATHT002476	lncRNA	0.02698234603771456	0.9730176539622857	NONCODEv6_ATH.fa
NONATHT002477	lncRNA	0.0814775951700908	0.9185224048299091	NONCODEv6_ATH.fa
NONATHT002478	lncRNA	0.04583291220320769	0.9541670877967924	NONCODEv6_ATH.fa
NONATHT002479	lncRNA	0.08984513781243152	0.9101548621875688	NONCODEv6_ATH.fa
NONATHT002480	lncRNA	0.01568235724123193	0.9843176427587684	NONCODEv6_ATH.fa
NONATHT002481	lncRNA	0.184588751657184	0.8154112483428166	NONCODEv6_ATH.fa
NONATHT002482	lncRNA	0.08279038540757823	0.9172096145924218	NONCODEv6_ATH.fa
NONATHT002483	lncRNA	0.057882480355023025	0.9421175196449776	NONCODEv6_ATH.fa
NONATHT002484	lncRNA	0.08835529979065178	0.9116447002093486	NONCODEv6_ATH.fa
NONATHT002485	lncRNA	0.13402649948227793	0.8659735005177222	NONCODEv6_ATH.fa
NONATHT002487	lncRNA	0.13402649948227793	0.8659735005177222	NONCODEv6_ATH.fa
NONATHT002486	lncRNA	0.13402649948227793	0.8659735005177222	NONCODEv6_ATH.fa
NONATHT002488	lncRNA	0.11283307730040712	0.8871669226995933	NONCODEv6_ATH.fa
NONATHT002489	lncRNA	0.03924158158122367	0.9607584184187762	NONCODEv6_ATH.fa
NONATHT002490	lncRNA	0.08096080909273648	0.9190391909072634	NONCODEv6_ATH.fa
NONATHT002491	lncRNA	0.03577021645834257	0.9642297835416579	NONCODEv6_ATH.fa
NONATHT002492	lncRNA	0.13346832688150054	0.8665316731184993	NONCODEv6_ATH.fa
NONATHT002493	lncRNA	0.44198666837248063	0.5580133316275194	NONCODEv6_ATH.fa
NONATHT002494	lncRNA	0.0335402560093597	0.9664597439906404	NONCODEv6_ATH.fa
NONATHT002495	lncRNA	0.054599887813009416	0.9454001121869904	NONCODEv6_ATH.fa
NONATHT002496	lncRNA	0.052649348705155426	0.9473506512948446	NONCODEv6_ATH.fa
NONATHT002497	lncRNA	0.0799284845485135	0.9200715154514867	NONCODEv6_ATH.fa
NONATHT002498	lncRNA	0.11301378152329168	0.8869862184767089	NONCODEv6_ATH.fa
NONATHT002499	lncRNA	0.02448414413396628	0.9755158558660338	NONCODEv6_ATH.fa
NONATHT002500	lncRNA	0.4674616733354104	0.5325383266645896	NONCODEv6_ATH.fa
NONATHT002501	lncRNA	0.16752589071344084	0.8324741092865595	NONCODEv6_ATH.fa
NONATHT002502	lncRNA	0.10556618749677314	0.8944338125032272	NONCODEv6_ATH.fa
NONATHT002503	lncRNA	0.18451708052461843	0.8154829194753817	NONCODEv6_ATH.fa
NONATHT002504	lncRNA	0.18530743298538024	0.8146925670146198	NONCODEv6_ATH.fa
NONATHT002505	lncRNA	0.07349374795910034	0.9265062520408993	NONCODEv6_ATH.fa
NONATHT002506	lncRNA	0.08591248002601985	0.9140875199739802	NONCODEv6_ATH.fa
NONATHT002507	lncRNA	0.1270861441069176	0.8729138558930825	NONCODEv6_ATH.fa
NONATHT002508	lncRNA	0.13694559956910285	0.8630544004308967	NONCODEv6_ATH.fa
NONATHT002509	lncRNA	0.08952744356047757	0.9104725564395231	NONCODEv6_ATH.fa
NONATHT002510	lncRNA	0.12514968863983972	0.8748503113601603	NONCODEv6_ATH.fa
NONATHT002511	lncRNA	0.07700295231101459	0.922997047688986	NONCODEv6_ATH.fa
NONATHT002512	lncRNA	0.12288772736980466	0.8771122726301952	NONCODEv6_ATH.fa
NONATHT002513	lncRNA	0.1875967383846599	0.8124032616153394	NONCODEv6_ATH.fa
NONATHT002514	lncRNA	0.43604221428379125	0.5639577857162086	NONCODEv6_ATH.fa
NONATHT002515	lncRNA	0.17953509731655728	0.8204649026834425	NONCODEv6_ATH.fa
NONATHT002516	Protein_Coding	0.5937692326781947	0.4062307673218049	NONCODEv6_ATH.fa
NONATHT002517	lncRNA	0.31207485121966366	0.6879251487803366	NONCODEv6_ATH.fa
NONATHT002518	lncRNA	0.3297144423442107	0.6702855576557895	NONCODEv6_ATH.fa
NONATHT002519	lncRNA	0.03231474949380891	0.9676852505061911	NONCODEv6_ATH.fa
NONATHT002520	lncRNA	0.19842146480919431	0.8015785351908061	NONCODEv6_ATH.fa
NONATHT002521	lncRNA	0.04948468079339807	0.9505153192066024	NONCODEv6_ATH.fa
NONATHT002522	lncRNA	0.12016794748524115	0.8798320525147592	NONCODEv6_ATH.fa
NONATHT002523	lncRNA	0.10082023091816032	0.8991797690818403	NONCODEv6_ATH.fa
NONATHT002525	lncRNA	0.10082023091816032	0.8991797690818403	NONCODEv6_ATH.fa
NONATHT002524	lncRNA	0.09899101940795525	0.9010089805920455	NONCODEv6_ATH.fa
NONATHT002526	lncRNA	0.028687656926586914	0.9713123430734133	NONCODEv6_ATH.fa
NONATHT002527	lncRNA	0.04439521854718084	0.9556047814528196	NONCODEv6_ATH.fa
NONATHT002528	lncRNA	0.024099340422580263	0.9759006595774198	NONCODEv6_ATH.fa
NONATHT002529	lncRNA	0.03768551616543781	0.9623144838345624	NONCODEv6_ATH.fa
NONATHT002530	lncRNA	0.2560051009211376	0.7439948990788625	NONCODEv6_ATH.fa
NONATHT002531	lncRNA	0.21293324808733405	0.7870667519126667	NONCODEv6_ATH.fa
NONATHT002532	lncRNA	0.19167427903009798	0.8083257209699025	NONCODEv6_ATH.fa
NONATHT002533	lncRNA	0.2645463044800348	0.7354536955199658	NONCODEv6_ATH.fa
NONATHT002534	lncRNA	0.44318230846798845	0.5568176915320115	NONCODEv6_ATH.fa
NONATHT002535	lncRNA	0.1799712729711396	0.8200287270288601	NONCODEv6_ATH.fa
NONATHT002536	lncRNA	0.10223918286439734	0.8977608171356027	NONCODEv6_ATH.fa
NONATHT002537	lncRNA	0.39081792976656204	0.609182070233438	NONCODEv6_ATH.fa
NONATHT002539	lncRNA	0.1719956424840403	0.8280043575159597	NONCODEv6_ATH.fa
NONATHT002538	lncRNA	0.1719956424840403	0.8280043575159597	NONCODEv6_ATH.fa
NONATHT002540	lncRNA	0.23414513134584344	0.7658548686541572	NONCODEv6_ATH.fa
NONATHT002541	lncRNA	0.055877068193411324	0.9441229318065888	NONCODEv6_ATH.fa
NONATHT002543	lncRNA	0.07483250231574122	0.925167497684259	NONCODEv6_ATH.fa
NONATHT002542	lncRNA	0.07948820710460544	0.9205117928953944	NONCODEv6_ATH.fa
NONATHT002544	lncRNA	0.14221333896277652	0.8577866610372239	NONCODEv6_ATH.fa
NONATHT002545	lncRNA	0.45063291734722144	0.5493670826527786	NONCODEv6_ATH.fa
NONATHT002546	lncRNA	0.0767040305550398	0.9232959694449605	NONCODEv6_ATH.fa
NONATHT002547	lncRNA	0.12799512166516652	0.8720048783348339	NONCODEv6_ATH.fa
NONATHT002548	lncRNA	0.05862653261111341	0.9413734673888873	NONCODEv6_ATH.fa
NONATHT002549	lncRNA	0.45297162269864427	0.5470283773013557	NONCODEv6_ATH.fa
NONATHT002550	lncRNA	0.1115207979478923	0.8884792020521077	NONCODEv6_ATH.fa
NONATHT002551	lncRNA	0.08340127686735507	0.9165987231326449	NONCODEv6_ATH.fa
NONATHT002552	lncRNA	0.16188009376051524	0.8381199062394845	NONCODEv6_ATH.fa
NONATHT002553	lncRNA	0.07500467636880861	0.9249953236311914	NONCODEv6_ATH.fa
NONATHT002554	lncRNA	0.01880497435850997	0.9811950256414903	NONCODEv6_ATH.fa
NONATHT002555	lncRNA	0.1180294259858544	0.8819705740141455	NONCODEv6_ATH.fa
NONATHT002556	lncRNA	0.08070271372363148	0.9192972862763689	NONCODEv6_ATH.fa
NONATHT002557	lncRNA	0.23832943563910614	0.7616705643608936	NONCODEv6_ATH.fa
NONATHT002558	lncRNA	0.06799128192892008	0.9320087180710807	NONCODEv6_ATH.fa
NONATHT002559	lncRNA	0.18382809638252479	0.8161719036174752	NONCODEv6_ATH.fa
NONATHT002560	lncRNA	0.13308210508616936	0.8669178949138309	NONCODEv6_ATH.fa
NONATHT002561	lncRNA	0.057751131711767836	0.942248868288232	NONCODEv6_ATH.fa
NONATHT002562	lncRNA	0.48384166837324305	0.516158331626757	NONCODEv6_ATH.fa
NONATHT002563	lncRNA	0.08149676592740511	0.9185032340725953	NONCODEv6_ATH.fa
NONATHT002564	lncRNA	0.029110663476338033	0.9708893365236623	NONCODEv6_ATH.fa
NONATHT002565	lncRNA	0.08154118218787562	0.9184588178121242	NONCODEv6_ATH.fa
NONATHT002566	lncRNA	0.2371076698237135	0.7628923301762863	NONCODEv6_ATH.fa
NONATHT002567	lncRNA	0.04090664510357247	0.9590933548964277	NONCODEv6_ATH.fa
NONATHT002568	lncRNA	0.2755812502380289	0.724418749761971	NONCODEv6_ATH.fa
NONATHT002569	lncRNA	0.14821431616690697	0.8517856838330929	NONCODEv6_ATH.fa
NONATHT002570	lncRNA	0.182272524215297	0.8177274757847033	NONCODEv6_ATH.fa
NONATHT002571	lncRNA	0.009690656871179076	0.990309343128821	NONCODEv6_ATH.fa
NONATHT002572	lncRNA	0.029973624813989852	0.9700263751860102	NONCODEv6_ATH.fa
NONATHT002573	lncRNA	0.12028801479306561	0.8797119852069348	NONCODEv6_ATH.fa
NONATHT002574	lncRNA	0.06353380946605995	0.9364661905339402	NONCODEv6_ATH.fa
NONATHT002575	lncRNA	0.1445651598188653	0.8554348401811347	NONCODEv6_ATH.fa
NONATHT002576	lncRNA	0.15338485951021297	0.8466151404897869	NONCODEv6_ATH.fa
NONATHT002577	lncRNA	0.03394500077772636	0.9660549992222736	NONCODEv6_ATH.fa
NONATHT002578	lncRNA	0.22468354860298437	0.7753164513970159	NONCODEv6_ATH.fa
NONATHT002579	lncRNA	0.06833277539157852	0.9316672246084218	NONCODEv6_ATH.fa
NONATHT002580	Protein_Coding	0.5555138114664513	0.4444861885335487	NONCODEv6_ATH.fa
NONATHT002581	lncRNA	0.07596867268753862	0.9240313273124613	NONCODEv6_ATH.fa
NONATHT002582	lncRNA	0.13095934117413	0.8690406588258701	NONCODEv6_ATH.fa
NONATHT002583	lncRNA	0.4600183031267846	0.5399816968732155	NONCODEv6_ATH.fa
NONATHT002584	lncRNA	0.17006779420283888	0.8299322057971612	NONCODEv6_ATH.fa
NONATHT002585	lncRNA	0.08766637785149763	0.912333622148502	NONCODEv6_ATH.fa
NONATHT002586	lncRNA	0.395335792068136	0.6046642079318642	NONCODEv6_ATH.fa
NONATHT002587	lncRNA	0.10371989804123614	0.8962801019587643	NONCODEv6_ATH.fa
NONATHT002588	lncRNA	0.017554653964559106	0.9824453460354414	NONCODEv6_ATH.fa
NONATHT002589	lncRNA	0.05506873108798185	0.9449312689120185	NONCODEv6_ATH.fa
NONATHT002590	lncRNA	0.06438385897021293	0.9356161410297875	NONCODEv6_ATH.fa
NONATHT002591	lncRNA	0.04551279201777086	0.9544872079822294	NONCODEv6_ATH.fa
NONATHT002595	lncRNA	0.08368855824512283	0.9163114417548777	NONCODEv6_ATH.fa
NONATHT002592	lncRNA	0.08459152855698593	0.9154084714430146	NONCODEv6_ATH.fa
NONATHT002593	lncRNA	0.049687417835600885	0.9503125821644002	NONCODEv6_ATH.fa
NONATHT002594	lncRNA	0.0907770182330321	0.9092229817669684	NONCODEv6_ATH.fa
NONATHT002596	lncRNA	0.20106956589474423	0.7989304341052557	NONCODEv6_ATH.fa
NONATHT002597	lncRNA	0.2927906609579268	0.7072093390420733	NONCODEv6_ATH.fa
NONATHT002599	lncRNA	0.2927906609579268	0.7072093390420733	NONCODEv6_ATH.fa
NONATHT002598	lncRNA	0.2927906609579268	0.7072093390420733	NONCODEv6_ATH.fa
NONATHT002600	lncRNA	0.18008576636943432	0.8199142336305657	NONCODEv6_ATH.fa
NONATHT002601	lncRNA	0.04516003557464999	0.9548399644253505	NONCODEv6_ATH.fa
NONATHT002602	lncRNA	0.19672426097739232	0.8032757390226082	NONCODEv6_ATH.fa
NONATHT002603	Protein_Coding	0.553916400541694	0.4460835994583061	NONCODEv6_ATH.fa
NONATHT002604	lncRNA	0.05880168319659076	0.9411983168034097	NONCODEv6_ATH.fa
NONATHT002605	lncRNA	0.14863332856919761	0.8513666714308028	NONCODEv6_ATH.fa
NONATHT002606	lncRNA	0.06211433277397609	0.9378856672260245	NONCODEv6_ATH.fa
NONATHT002607	lncRNA	0.21944654066325184	0.7805534593367488	NONCODEv6_ATH.fa
NONATHT002608	lncRNA	0.3308756254574769	0.6691243745425232	NONCODEv6_ATH.fa
NONATHT002609	lncRNA	0.09421281005201496	0.9057871899479853	NONCODEv6_ATH.fa
NONATHT002610	lncRNA	0.37002182035586945	0.6299781796441312	NONCODEv6_ATH.fa
NONATHT002611	lncRNA	0.12140511431493699	0.8785948856850634	NONCODEv6_ATH.fa
NONATHT002612	lncRNA	0.2163309505712386	0.7836690494287611	NONCODEv6_ATH.fa
NONATHT002613	lncRNA	0.025718829555952703	0.9742811704440472	NONCODEv6_ATH.fa
NONATHT002614	lncRNA	0.10341153239053978	0.8965884676094604	NONCODEv6_ATH.fa
NONATHT002615	lncRNA	0.26294185662529485	0.7370581433747051	NONCODEv6_ATH.fa
NONATHT002616	lncRNA	0.22628967588208665	0.7737103241179135	NONCODEv6_ATH.fa
NONATHT002617	lncRNA	0.042524871307345134	0.9574751286926553	NONCODEv6_ATH.fa
NONATHT002618	lncRNA	0.15398995494610165	0.8460100450538983	NONCODEv6_ATH.fa
NONATHT002619	lncRNA	0.26028127924014877	0.7397187207598513	NONCODEv6_ATH.fa
NONATHT002620	lncRNA	0.11458788112455814	0.8854121188754424	NONCODEv6_ATH.fa
NONATHT002621	lncRNA	0.09845244370979256	0.9015475562902077	NONCODEv6_ATH.fa
NONATHT002622	lncRNA	0.0829530103593669	0.9170469896406327	NONCODEv6_ATH.fa
NONATHT002623	lncRNA	0.07708618367111715	0.9229138163288835	NONCODEv6_ATH.fa
NONATHT002624	lncRNA	0.08472790537106403	0.9152720946289362	NONCODEv6_ATH.fa
NONATHT002625	lncRNA	0.21165606617984412	0.7883439338201559	NONCODEv6_ATH.fa
NONATHT002626	lncRNA	0.18673260692671467	0.8132673930732854	NONCODEv6_ATH.fa
NONATHT002627	lncRNA	0.13261012877026898	0.8673898712297307	NONCODEv6_ATH.fa
NONATHT002628	lncRNA	0.11718034346800545	0.8828196565319949	NONCODEv6_ATH.fa
NONATHT002629	lncRNA	0.20007435980926225	0.7999256401907378	NONCODEv6_ATH.fa
NONATHT002630	lncRNA	0.16917486942646004	0.8308251305735405	NONCODEv6_ATH.fa
NONATHT002631	lncRNA	0.401912251456559	0.5980877485434409	NONCODEv6_ATH.fa
NONATHT002632	lncRNA	0.22854048434383376	0.7714595156561674	NONCODEv6_ATH.fa
NONATHT002633	lncRNA	0.15805523315888517	0.8419447668411151	NONCODEv6_ATH.fa
NONATHT002634	lncRNA	0.12423328485445509	0.8757667151455452	NONCODEv6_ATH.fa
NONATHT002635	lncRNA	0.11892244781023908	0.8810775521897609	NONCODEv6_ATH.fa
NONATHT002636	lncRNA	0.1243089923575423	0.8756910076424579	NONCODEv6_ATH.fa
NONATHT002637	lncRNA	0.15211796639843267	0.8478820336015677	NONCODEv6_ATH.fa
NONATHT002638	lncRNA	0.08317671843271775	0.9168232815672829	NONCODEv6_ATH.fa
NONATHT002639	lncRNA	0.2514981266290804	0.7485018733709202	NONCODEv6_ATH.fa
NONATHT002640	lncRNA	0.3970633043791087	0.6029366956208911	NONCODEv6_ATH.fa
NONATHT002641	lncRNA	0.10878358245293167	0.8912164175470688	NONCODEv6_ATH.fa
NONATHT002642	lncRNA	0.3287461817710502	0.6712538182289505	NONCODEv6_ATH.fa
NONATHT002643	lncRNA	0.12408332795523398	0.8759166720447661	NONCODEv6_ATH.fa
NONATHT002644	lncRNA	0.06078500495731688	0.9392149950426835	NONCODEv6_ATH.fa
NONATHT002645	lncRNA	0.06410049122849384	0.9358995087715066	NONCODEv6_ATH.fa
NONATHT002646	lncRNA	0.38923905781178375	0.6107609421882163	NONCODEv6_ATH.fa
NONATHT002647	Protein_Coding	0.5430502521667776	0.4569497478332224	NONCODEv6_ATH.fa
NONATHT002648	lncRNA	0.38853332078938374	0.6114666792106164	NONCODEv6_ATH.fa
NONATHT002649	lncRNA	0.17044575048501207	0.8295542495149882	NONCODEv6_ATH.fa
NONATHT002650	lncRNA	0.053676467202628184	0.9463235327973721	NONCODEv6_ATH.fa
NONATHT002651	lncRNA	0.14191121137983245	0.858088788620168	NONCODEv6_ATH.fa
NONATHT002652	lncRNA	0.26694693342401693	0.7330530665759829	NONCODEv6_ATH.fa
NONATHT002653	lncRNA	0.23656767912482696	0.7634323208751729	NONCODEv6_ATH.fa
NONATHT002654	lncRNA	0.04339393347952065	0.9566060665204794	NONCODEv6_ATH.fa
NONATHT002655	lncRNA	0.11268383053837719	0.8873161694616231	NONCODEv6_ATH.fa
NONATHT002656	lncRNA	0.0711378999038274	0.9288621000961731	NONCODEv6_ATH.fa
NONATHT002657	lncRNA	0.04013059591245682	0.9598694040875432	NONCODEv6_ATH.fa
NONATHT002658	lncRNA	0.21343106177498586	0.7865689382250143	NONCODEv6_ATH.fa
NONATHT002659	lncRNA	0.18308112932418535	0.816918870675815	NONCODEv6_ATH.fa
NONATHT002660	lncRNA	0.1889772703185464	0.8110227296814543	NONCODEv6_ATH.fa
NONATHT002661	lncRNA	0.03736664694349308	0.9626333530565069	NONCODEv6_ATH.fa
NONATHT002662	lncRNA	0.09924264788106354	0.900757352118937	NONCODEv6_ATH.fa
NONATHT002663	lncRNA	0.3806429908278681	0.6193570091721322	NONCODEv6_ATH.fa
NONATHT002664	lncRNA	0.1870854851386731	0.812914514861327	NONCODEv6_ATH.fa
NONATHT002665	lncRNA	0.28460870241089964	0.7153912975891009	NONCODEv6_ATH.fa
NONATHT002666	lncRNA	0.06319151101698747	0.9368084889830128	NONCODEv6_ATH.fa
NONATHT002667	lncRNA	0.0664221575602917	0.9335778424397084	NONCODEv6_ATH.fa
NONATHT002668	lncRNA	0.15221882394183953	0.847781176058161	NONCODEv6_ATH.fa
NONATHT002669	lncRNA	0.031467922802574676	0.9685320771974254	NONCODEv6_ATH.fa
NONATHT002670	lncRNA	0.07274662066839467	0.9272533793316053	NONCODEv6_ATH.fa
NONATHT002671	lncRNA	0.06820088071721953	0.9317991192827807	NONCODEv6_ATH.fa
NONATHT002672	lncRNA	0.04664847291090909	0.953351527089091	NONCODEv6_ATH.fa
NONATHT002673	lncRNA	0.025120755908501265	0.9748792440914992	NONCODEv6_ATH.fa
NONATHT002674	lncRNA	0.045501012481846646	0.9544989875181537	NONCODEv6_ATH.fa
NONATHT002675	lncRNA	0.03334602863096223	0.9666539713690381	NONCODEv6_ATH.fa
NONATHT002676	lncRNA	0.44030670858378973	0.5596932914162103	NONCODEv6_ATH.fa
NONATHT002677	lncRNA	0.165455076358667	0.8345449236413327	NONCODEv6_ATH.fa
NONATHT002678	lncRNA	0.19811661603618394	0.8018833839638166	NONCODEv6_ATH.fa
NONATHT002679	lncRNA	0.12823028976472695	0.8717697102352732	NONCODEv6_ATH.fa
NONATHT002680	lncRNA	0.15278642299275283	0.8472135770072474	NONCODEv6_ATH.fa
NONATHT002681	lncRNA	0.17203369703722224	0.8279663029627782	NONCODEv6_ATH.fa
NONATHT002682	Protein_Coding	0.672437073662306	0.3275629263376942	NONCODEv6_ATH.fa
NONATHT002683	lncRNA	0.4921748272211722	0.5078251727788278	NONCODEv6_ATH.fa
NONATHT002684	Protein_Coding	0.5447675725038901	0.45523242749610987	NONCODEv6_ATH.fa
NONATHT002685	lncRNA	0.2443790381850073	0.7556209618149926	NONCODEv6_ATH.fa
NONATHT002686	lncRNA	0.2014770184958601	0.7985229815041403	NONCODEv6_ATH.fa
NONATHT002687	lncRNA	0.29733922946976843	0.7026607705302323	NONCODEv6_ATH.fa
NONATHT002688	lncRNA	0.05869918981845974	0.9413008101815405	NONCODEv6_ATH.fa
NONATHT002689	lncRNA	0.3212523374557424	0.6787476625442576	NONCODEv6_ATH.fa
NONATHT002690	lncRNA	0.2745581061791851	0.7254418938208154	NONCODEv6_ATH.fa
NONATHT002691	lncRNA	0.12020750686935469	0.8797924931306453	NONCODEv6_ATH.fa
NONATHT002692	lncRNA	0.29354214302113996	0.7064578569788602	NONCODEv6_ATH.fa
NONATHT002693	lncRNA	0.22055914445798946	0.7794408555420105	NONCODEv6_ATH.fa
NONATHT002694	lncRNA	0.1703099186348184	0.829690081365182	NONCODEv6_ATH.fa
NONATHT002695	lncRNA	0.33716000172427557	0.6628399982757239	NONCODEv6_ATH.fa
NONATHT002696	lncRNA	0.276296730636899	0.7237032693631011	NONCODEv6_ATH.fa
NONATHT002697	lncRNA	0.13111839960816116	0.8688816003918387	NONCODEv6_ATH.fa
NONATHT002698	lncRNA	0.3037765296371392	0.696223470362861	NONCODEv6_ATH.fa
NONATHT002699	lncRNA	0.3349429997721801	0.6650570002278196	NONCODEv6_ATH.fa
NONATHT002700	lncRNA	0.1872413344087195	0.8127586655912808	NONCODEv6_ATH.fa
NONATHT002701	lncRNA	0.15411620628741401	0.8458837937125862	NONCODEv6_ATH.fa
NONATHT002702	Protein_Coding	0.500878295700106	0.49912170429989394	NONCODEv6_ATH.fa
NONATHT002703	lncRNA	0.13569917844253854	0.8643008215574617	NONCODEv6_ATH.fa
NONATHT002704	lncRNA	0.08276150269520326	0.9172384973047972	NONCODEv6_ATH.fa
NONATHT002705	lncRNA	0.020487034370844568	0.9795129656291552	NONCODEv6_ATH.fa
NONATHT002706	lncRNA	0.2711462015024547	0.7288537984975454	NONCODEv6_ATH.fa
NONATHT002707	lncRNA	0.3137249848255159	0.6862750151744845	NONCODEv6_ATH.fa
NONATHT002708	lncRNA	0.2330283770867491	0.7669716229132512	NONCODEv6_ATH.fa
NONATHT002709	lncRNA	0.4434178627326237	0.5565821372673765	NONCODEv6_ATH.fa
NONATHT002710	lncRNA	0.3538463005090722	0.6461536994909277	NONCODEv6_ATH.fa
NONATHT002711	lncRNA	0.04170106384835904	0.9582989361516414	NONCODEv6_ATH.fa
NONATHT002712	lncRNA	0.18765366566911054	0.8123463343308891	NONCODEv6_ATH.fa
NONATHT002713	lncRNA	0.0472055621008919	0.9527944378991082	NONCODEv6_ATH.fa
NONATHT002714	lncRNA	0.4213299750532056	0.5786700249467945	NONCODEv6_ATH.fa
NONATHT002715	lncRNA	0.10287837883293457	0.8971216211670654	NONCODEv6_ATH.fa
NONATHT002716	lncRNA	0.1786662345326369	0.8213337654673633	NONCODEv6_ATH.fa
NONATHT002717	lncRNA	0.10976912221390718	0.8902308777860928	NONCODEv6_ATH.fa
NONATHT002718	lncRNA	0.3328871471823793	0.6671128528176213	NONCODEv6_ATH.fa
NONATHT002719	Protein_Coding	0.5094488001482375	0.4905511998517625	NONCODEv6_ATH.fa
NONATHT002720	lncRNA	0.34394828061248484	0.6560517193875152	NONCODEv6_ATH.fa
NONATHT002721	lncRNA	0.07237979004049047	0.9276202099595098	NONCODEv6_ATH.fa
NONATHT002722	lncRNA	0.48618615582525176	0.5138138441747482	NONCODEv6_ATH.fa
NONATHT002723	lncRNA	0.12936234414713615	0.8706376558528646	NONCODEv6_ATH.fa
NONATHT002724	lncRNA	0.27958394430768524	0.720416055692315	NONCODEv6_ATH.fa
NONATHT002725	lncRNA	0.1673578925169868	0.8326421074830137	NONCODEv6_ATH.fa
NONATHT002726	lncRNA	0.1376793222284998	0.8623206777715001	NONCODEv6_ATH.fa
NONATHT002727	lncRNA	0.07427786337253336	0.9257221366274674	NONCODEv6_ATH.fa
NONATHT002728	lncRNA	0.06227986597670398	0.9377201340232955	NONCODEv6_ATH.fa
NONATHT002729	lncRNA	0.18854242688866954	0.8114575731113303	NONCODEv6_ATH.fa
NONATHT002730	lncRNA	0.21246418538414785	0.787535814615852	NONCODEv6_ATH.fa
NONATHT002731	lncRNA	0.17451749094571964	0.8254825090542809	NONCODEv6_ATH.fa
NONATHT002732	lncRNA	0.2433713827126645	0.7566286172873357	NONCODEv6_ATH.fa
NONATHT002739	lncRNA	0.1492242222193803	0.8507757777806201	NONCODEv6_ATH.fa
NONATHT002733	lncRNA	0.14791089526042625	0.8520891047395743	NONCODEv6_ATH.fa
NONATHT002734	lncRNA	0.13447386848722287	0.8655261315127778	NONCODEv6_ATH.fa
NONATHT002737	lncRNA	0.13447386848722287	0.8655261315127778	NONCODEv6_ATH.fa
NONATHT002735	lncRNA	0.13447386848722287	0.8655261315127778	NONCODEv6_ATH.fa
NONATHT002738	lncRNA	0.13447386848722287	0.8655261315127778	NONCODEv6_ATH.fa
NONATHT002736	lncRNA	0.13461593399544078	0.8653840660045595	NONCODEv6_ATH.fa
NONATHT002740	lncRNA	0.1472813486105803	0.8527186513894198	NONCODEv6_ATH.fa
NONATHT002741	lncRNA	0.09935000016191162	0.9006499998380889	NONCODEv6_ATH.fa
NONATHT002742	lncRNA	0.2698370648781357	0.7301629351218645	NONCODEv6_ATH.fa
NONATHT002743	lncRNA	0.11257462480061342	0.8874253751993869	NONCODEv6_ATH.fa
NONATHT002745	lncRNA	0.1288311938410145	0.8711688061589862	NONCODEv6_ATH.fa
NONATHT002744	lncRNA	0.12666986328946442	0.8733301367105357	NONCODEv6_ATH.fa
NONATHT002746	lncRNA	0.06030647638815239	0.9396935236118478	NONCODEv6_ATH.fa
NONATHT002747	lncRNA	0.20676337647749543	0.7932366235225048	NONCODEv6_ATH.fa
NONATHT002748	lncRNA	0.17451749094571964	0.8254825090542809	NONCODEv6_ATH.fa
NONATHT002749	lncRNA	0.19686848006529664	0.8031315199347038	NONCODEv6_ATH.fa
NONATHT002750	lncRNA	0.19777345243295763	0.8022265475670425	NONCODEv6_ATH.fa
NONATHT002751	lncRNA	0.21130242277587666	0.7886975772241233	NONCODEv6_ATH.fa
NONATHT002752	lncRNA	0.1848754200556976	0.8151245799443029	NONCODEv6_ATH.fa
NONATHT002753	lncRNA	0.10695822322961343	0.8930417767703864	NONCODEv6_ATH.fa
NONATHT002754	lncRNA	0.24523187922134568	0.7547681207786544	NONCODEv6_ATH.fa
NONATHT002755	lncRNA	0.2995822294348318	0.7004177705651684	NONCODEv6_ATH.fa
NONATHT002756	lncRNA	0.2303878869640227	0.7696121130359779	NONCODEv6_ATH.fa
NONATHT002757	Protein_Coding	0.6697331782774176	0.33026682172258204	NONCODEv6_ATH.fa
NONATHT002758	lncRNA	0.10241914934586155	0.8975808506541391	NONCODEv6_ATH.fa
NONATHT002759	lncRNA	0.09056851398219667	0.909431486017804	NONCODEv6_ATH.fa
NONATHT002760	lncRNA	0.08092470326183182	0.9190752967381686	NONCODEv6_ATH.fa
NONATHT002761	lncRNA	0.04542254756013886	0.9545774524398609	NONCODEv6_ATH.fa
NONATHT002762	lncRNA	0.23800485850174785	0.7619951414982522	NONCODEv6_ATH.fa
NONATHT002763	lncRNA	0.0812903387067608	0.9187096612932393	NONCODEv6_ATH.fa
NONATHT002764	lncRNA	0.3854844165695219	0.6145155834304785	NONCODEv6_ATH.fa
NONATHT002765	lncRNA	0.06635138055149292	0.9336486194485076	NONCODEv6_ATH.fa
NONATHT002766	lncRNA	0.07876501420905677	0.9212349857909437	NONCODEv6_ATH.fa
NONATHT002767	lncRNA	0.056853446090553435	0.9431465539094467	NONCODEv6_ATH.fa
NONATHT002768	lncRNA	0.0811233122557669	0.9188766877442335	NONCODEv6_ATH.fa
NONATHT002769	lncRNA	0.41881393113488197	0.5811860688651181	NONCODEv6_ATH.fa
NONATHT002770	lncRNA	0.05404981928555712	0.9459501807144437	NONCODEv6_ATH.fa
NONATHT002771	lncRNA	0.3393447149390404	0.6606552850609593	NONCODEv6_ATH.fa
NONATHT002772	lncRNA	0.08633973310547097	0.9136602668945288	NONCODEv6_ATH.fa
NONATHT002773	lncRNA	0.40766540415076974	0.5923345958492303	NONCODEv6_ATH.fa
NONATHT002774	Protein_Coding	0.5000224042430571	0.49997759575694284	NONCODEv6_ATH.fa
NONATHT002775	lncRNA	0.10530258061653472	0.8946974193834659	NONCODEv6_ATH.fa
NONATHT002776	lncRNA	0.1127917577316221	0.8872082422683782	NONCODEv6_ATH.fa
NONATHT002777	lncRNA	0.22149716905612044	0.7785028309438794	NONCODEv6_ATH.fa
NONATHT002778	lncRNA	0.485385161254651	0.514614838745349	NONCODEv6_ATH.fa
NONATHT002779	lncRNA	0.27595537920457136	0.7240446207954291	NONCODEv6_ATH.fa
NONATHT002780	lncRNA	0.0834847116778689	0.9165152883221312	NONCODEv6_ATH.fa
NONATHT002781	lncRNA	0.16023039918102264	0.8397696008189776	NONCODEv6_ATH.fa
NONATHT002782	lncRNA	0.061321343713818255	0.938678656286182	NONCODEv6_ATH.fa
NONATHT002783	lncRNA	0.11864774714585649	0.881352252854144	NONCODEv6_ATH.fa
NONATHT002784	lncRNA	0.09484460102403612	0.905155398975964	NONCODEv6_ATH.fa
NONATHT002785	lncRNA	0.34892075638761666	0.6510792436123835	NONCODEv6_ATH.fa
NONATHT002786	lncRNA	0.34507946125285915	0.6549205387471412	NONCODEv6_ATH.fa
NONATHT002787	lncRNA	0.13182900585949597	0.8681709941405044	NONCODEv6_ATH.fa
NONATHT002788	lncRNA	0.16612262803850283	0.8338773719614977	NONCODEv6_ATH.fa
NONATHT002790	lncRNA	0.20723359749363873	0.7927664025063618	NONCODEv6_ATH.fa
NONATHT002789	lncRNA	0.20723359749363873	0.7927664025063618	NONCODEv6_ATH.fa
NONATHT002791	lncRNA	0.03342850174592547	0.966571498254075	NONCODEv6_ATH.fa
NONATHT002792	lncRNA	0.15115652966597037	0.8488434703340298	NONCODEv6_ATH.fa
NONATHT002793	lncRNA	0.19762974697997893	0.802370253020021	NONCODEv6_ATH.fa
NONATHT002794	lncRNA	0.19762974697997893	0.802370253020021	NONCODEv6_ATH.fa
NONATHT002795	lncRNA	0.22672022549428278	0.7732797745057175	NONCODEv6_ATH.fa
NONATHT002796	lncRNA	0.44338238590873014	0.5566176140912701	NONCODEv6_ATH.fa
NONATHT002797	lncRNA	0.1706986678213218	0.8293013321786785	NONCODEv6_ATH.fa
NONATHT002798	lncRNA	0.1877332424193558	0.8122667575806445	NONCODEv6_ATH.fa
NONATHT002799	lncRNA	0.051085643631424926	0.9489143563685752	NONCODEv6_ATH.fa
NONATHT002800	lncRNA	0.12962492602763423	0.8703750739723661	NONCODEv6_ATH.fa
NONATHT002801	lncRNA	0.10369490887064313	0.8963050911293571	NONCODEv6_ATH.fa
NONATHT002802	lncRNA	0.09552470106216565	0.9044752989378347	NONCODEv6_ATH.fa
NONATHT002803	lncRNA	0.08457287064404125	0.9154271293559588	NONCODEv6_ATH.fa
NONATHT002804	lncRNA	0.0817362514326415	0.9182637485673584	NONCODEv6_ATH.fa
NONATHT002805	lncRNA	0.3072857874841537	0.6927142125158463	NONCODEv6_ATH.fa
NONATHT002806	lncRNA	0.062364591726401505	0.9376354082735991	NONCODEv6_ATH.fa
NONATHT002807	lncRNA	0.23318690584408075	0.7668130941559194	NONCODEv6_ATH.fa
NONATHT002808	lncRNA	0.38155214091129624	0.6184478590887039	NONCODEv6_ATH.fa
NONATHT002809	lncRNA	0.0830918373860857	0.9169081626139141	NONCODEv6_ATH.fa
NONATHT002810	lncRNA	0.13762010118087878	0.8623798988191217	NONCODEv6_ATH.fa
NONATHT002812	lncRNA	0.04908103121898827	0.9509189687810116	NONCODEv6_ATH.fa
NONATHT002811	lncRNA	0.04908103121898827	0.9509189687810116	NONCODEv6_ATH.fa
NONATHT002813	lncRNA	0.04945522465277602	0.9505447753472238	NONCODEv6_ATH.fa
NONATHT002814	lncRNA	0.11309874984851108	0.8869012501514889	NONCODEv6_ATH.fa
NONATHT002815	lncRNA	0.1250742442976936	0.8749257557023065	NONCODEv6_ATH.fa
NONATHT002816	lncRNA	0.1543445271537778	0.8456554728462221	NONCODEv6_ATH.fa
NONATHT002817	lncRNA	0.27069434261026487	0.7293056573897359	NONCODEv6_ATH.fa
NONATHT002818	lncRNA	0.1672012886579233	0.8327987113420766	NONCODEv6_ATH.fa
NONATHT002819	lncRNA	0.47641455328056054	0.5235854467194396	NONCODEv6_ATH.fa
NONATHT002820	lncRNA	0.07024459239856841	0.9297554076014322	NONCODEv6_ATH.fa
NONATHT002821	lncRNA	0.04471052318810613	0.9552894768118941	NONCODEv6_ATH.fa
NONATHT002822	lncRNA	0.3730960128577693	0.6269039871422308	NONCODEv6_ATH.fa
NONATHT002823	lncRNA	0.05270358881539136	0.947296411184609	NONCODEv6_ATH.fa
NONATHT002824	lncRNA	0.4649153485343403	0.5350846514656598	NONCODEv6_ATH.fa
NONATHT002825	lncRNA	0.05784261262488519	0.9421573873751153	NONCODEv6_ATH.fa
NONATHT002826	lncRNA	0.040613301298408885	0.9593866987015913	NONCODEv6_ATH.fa
NONATHT002827	lncRNA	0.2264654252347804	0.7735345747652201	NONCODEv6_ATH.fa
NONATHT002828	lncRNA	0.032546685506311915	0.9674533144936878	NONCODEv6_ATH.fa
NONATHT002829	lncRNA	0.13714569550420616	0.8628543044957943	NONCODEv6_ATH.fa
NONATHT002830	lncRNA	0.049742101606220904	0.9502578983937792	NONCODEv6_ATH.fa
NONATHT002831	lncRNA	0.1940374476835973	0.8059625523164026	NONCODEv6_ATH.fa
NONATHT002832	lncRNA	0.2920745612275849	0.7079254387724152	NONCODEv6_ATH.fa
NONATHT002833	lncRNA	0.06592001539548974	0.9340799846045109	NONCODEv6_ATH.fa
NONATHT002834	lncRNA	0.31942848917009864	0.6805715108299011	NONCODEv6_ATH.fa
NONATHT002835	lncRNA	0.22839051760195778	0.7716094823980432	NONCODEv6_ATH.fa
NONATHT002836	lncRNA	0.3644479180810428	0.6355520819189568	NONCODEv6_ATH.fa
NONATHT002837	lncRNA	0.1292857980624831	0.8707142019375171	NONCODEv6_ATH.fa
NONATHT002838	lncRNA	0.42746121197255177	0.5725387880274485	NONCODEv6_ATH.fa
NONATHT002839	lncRNA	0.42746121197255177	0.5725387880274485	NONCODEv6_ATH.fa
NONATHT002840	lncRNA	0.42746121197255177	0.5725387880274485	NONCODEv6_ATH.fa
NONATHT002841	lncRNA	0.2578856182799206	0.7421143817200795	NONCODEv6_ATH.fa
NONATHT002842	lncRNA	0.15226912679414734	0.8477308732058527	NONCODEv6_ATH.fa
NONATHT002843	lncRNA	0.22519002879756236	0.7748099712024386	NONCODEv6_ATH.fa
NONATHT002844	lncRNA	0.24927594063125585	0.7507240593687442	NONCODEv6_ATH.fa
NONATHT002845	lncRNA	0.37379265039372067	0.6262073496062794	NONCODEv6_ATH.fa
NONATHT002846	lncRNA	0.16448861736139103	0.8355113826386095	NONCODEv6_ATH.fa
NONATHT002847	lncRNA	0.1460751916032269	0.8539248083967734	NONCODEv6_ATH.fa
NONATHT002848	lncRNA	0.3656927498845666	0.6343072501154331	NONCODEv6_ATH.fa
NONATHT002851	lncRNA	0.22748414267360695	0.7725158573263936	NONCODEv6_ATH.fa
NONATHT002849	lncRNA	0.16367824847852852	0.836321751521472	NONCODEv6_ATH.fa
NONATHT002852	lncRNA	0.2124311432116654	0.7875688567883344	NONCODEv6_ATH.fa
NONATHT002850	lncRNA	0.2124311432116654	0.7875688567883344	NONCODEv6_ATH.fa
NONATHT002853	lncRNA	0.016932839083955518	0.9830671609160443	NONCODEv6_ATH.fa
NONATHT002854	Protein_Coding	0.562349208563623	0.4376507914363771	NONCODEv6_ATH.fa
NONATHT002855	Protein_Coding	0.5560293121978018	0.4439706878021983	NONCODEv6_ATH.fa
NONATHT002856	lncRNA	0.24947122564169316	0.7505287743583077	NONCODEv6_ATH.fa
NONATHT002857	lncRNA	0.2825286012704373	0.717471398729563	NONCODEv6_ATH.fa
NONATHT002858	lncRNA	0.11278299955960669	0.8872170004403938	NONCODEv6_ATH.fa
NONATHT002859	lncRNA	0.17167399711883968	0.8283260028811602	NONCODEv6_ATH.fa
NONATHT002860	lncRNA	0.03390297172028746	0.9660970282797126	NONCODEv6_ATH.fa
NONATHT002861	lncRNA	0.06648490933706881	0.9335150906629314	NONCODEv6_ATH.fa
NONATHT002862	lncRNA	0.10108699273007164	0.8989130072699285	NONCODEv6_ATH.fa
NONATHT002863	lncRNA	0.06071504270482233	0.9392849572951779	NONCODEv6_ATH.fa
NONATHT002864	lncRNA	0.02650564129336431	0.973494358706636	NONCODEv6_ATH.fa
NONATHT002865	lncRNA	0.3076244315054935	0.6923755684945063	NONCODEv6_ATH.fa
NONATHT002866	lncRNA	0.08835644124950351	0.9116435587504956	NONCODEv6_ATH.fa
NONATHT002867	lncRNA	0.0216291438061717	0.978370856193829	NONCODEv6_ATH.fa
NONATHT002868	lncRNA	0.0938816560175655	0.9061183439824344	NONCODEv6_ATH.fa
NONATHT002869	lncRNA	0.19218751807457407	0.807812481925426	NONCODEv6_ATH.fa
NONATHT002870	lncRNA	0.06902178518207314	0.9309782148179268	NONCODEv6_ATH.fa
NONATHT002871	lncRNA	0.09714235357080213	0.9028576464291982	NONCODEv6_ATH.fa
NONATHT002872	lncRNA	0.22727681644468148	0.7727231835553188	NONCODEv6_ATH.fa
NONATHT002873	lncRNA	0.09768192421601193	0.902318075783988	NONCODEv6_ATH.fa
NONATHT002874	lncRNA	0.12623580803498188	0.8737641919650182	NONCODEv6_ATH.fa
NONATHT002875	lncRNA	0.3003747396656269	0.6996252603343733	NONCODEv6_ATH.fa
NONATHT002878	lncRNA	0.10634962757687985	0.8936503724231204	NONCODEv6_ATH.fa
NONATHT002876	lncRNA	0.10634962757687985	0.8936503724231204	NONCODEv6_ATH.fa
NONATHT002877	lncRNA	0.10634962757687985	0.8936503724231204	NONCODEv6_ATH.fa
NONATHT002879	lncRNA	0.11626116248571007	0.8837388375142902	NONCODEv6_ATH.fa
NONATHT002880	lncRNA	0.11629658355623355	0.8837034164437667	NONCODEv6_ATH.fa
NONATHT002881	lncRNA	0.07723778548492928	0.9227622145150707	NONCODEv6_ATH.fa
NONATHT002882	lncRNA	0.1439418647401265	0.8560581352598731	NONCODEv6_ATH.fa
NONATHT002883	lncRNA	0.1505956364859039	0.8494043635140965	NONCODEv6_ATH.fa
NONATHT002884	lncRNA	0.05990482296227226	0.9400951770377276	NONCODEv6_ATH.fa
NONATHT002885	lncRNA	0.15592569394265085	0.8440743060573493	NONCODEv6_ATH.fa
NONATHT002887	lncRNA	0.12634559459522793	0.8736544054047721	NONCODEv6_ATH.fa
NONATHT002886	lncRNA	0.12634559459522793	0.8736544054047721	NONCODEv6_ATH.fa
NONATHT002888	lncRNA	0.2344234198343018	0.7655765801656986	NONCODEv6_ATH.fa
NONATHT002889	lncRNA	0.05945628076366194	0.9405437192363382	NONCODEv6_ATH.fa
NONATHT002890	lncRNA	0.12085522261854403	0.8791447773814556	NONCODEv6_ATH.fa
NONATHT002891	lncRNA	0.028433387405901456	0.9715666125940983	NONCODEv6_ATH.fa
NONATHT002892	Protein_Coding	0.5916066418739195	0.4083933581260804	NONCODEv6_ATH.fa
NONATHT002893	lncRNA	0.4683558403535916	0.5316441596464087	NONCODEv6_ATH.fa
NONATHT002894	lncRNA	0.10489611006278456	0.8951038899372157	NONCODEv6_ATH.fa
NONATHT002895	lncRNA	0.12224104647206623	0.8777589535279339	NONCODEv6_ATH.fa
NONATHT002896	lncRNA	0.219913067473761	0.7800869325262386	NONCODEv6_ATH.fa
NONATHT002897	lncRNA	0.0833046881138043	0.9166953118861955	NONCODEv6_ATH.fa
NONATHT002898	lncRNA	0.06474582013137038	0.9352541798686302	NONCODEv6_ATH.fa
NONATHT002899	lncRNA	0.0402672102182658	0.959732789781734	NONCODEv6_ATH.fa
NONATHT002900	lncRNA	0.08642585972919047	0.9135741402708101	NONCODEv6_ATH.fa
NONATHT002901	lncRNA	0.08642585972919047	0.9135741402708101	NONCODEv6_ATH.fa
NONATHT002902	lncRNA	0.09452103133345872	0.905478968666542	NONCODEv6_ATH.fa
NONATHT002903	lncRNA	0.10430066558088183	0.8956993344191183	NONCODEv6_ATH.fa
NONATHT002904	lncRNA	0.10126714595050866	0.8987328540494913	NONCODEv6_ATH.fa
NONATHT002905	lncRNA	0.18126498564307805	0.8187350143569224	NONCODEv6_ATH.fa
NONATHT002906	lncRNA	0.05253449203640547	0.9474655079635949	NONCODEv6_ATH.fa
NONATHT002907	lncRNA	0.06160609206518556	0.9383939079348149	NONCODEv6_ATH.fa
NONATHT002908	lncRNA	0.06781229263151899	0.9321877073684814	NONCODEv6_ATH.fa
NONATHT002909	lncRNA	0.047996737617121976	0.9520032623828779	NONCODEv6_ATH.fa
NONATHT002910	lncRNA	0.18804717821158617	0.8119528217884135	NONCODEv6_ATH.fa
NONATHT002911	lncRNA	0.049356925747627234	0.9506430742523725	NONCODEv6_ATH.fa
NONATHT002912	lncRNA	0.16671306408105968	0.83328693591894	NONCODEv6_ATH.fa
NONATHT002913	lncRNA	0.05457785654574017	0.9454221434542605	NONCODEv6_ATH.fa
NONATHT002914	lncRNA	0.049976248461503205	0.9500237515384974	NONCODEv6_ATH.fa
NONATHT002915	lncRNA	0.12812832149782605	0.871871678502174	NONCODEv6_ATH.fa
NONATHT002916	lncRNA	0.033366999072230626	0.9666330009277694	NONCODEv6_ATH.fa
NONATHT002917	lncRNA	0.09070190539043564	0.9092980946095649	NONCODEv6_ATH.fa
NONATHT002918	lncRNA	0.04690031405046275	0.9530996859495375	NONCODEv6_ATH.fa
NONATHT002919	lncRNA	0.2456874578561569	0.7543125421438439	NONCODEv6_ATH.fa
NONATHT002920	lncRNA	0.08394183992820879	0.916058160071791	NONCODEv6_ATH.fa
NONATHT002921	lncRNA	0.25338887295711104	0.7466111270428891	NONCODEv6_ATH.fa
NONATHT002922	lncRNA	0.03823846196939989	0.9617615380306004	NONCODEv6_ATH.fa
NONATHT002923	lncRNA	0.024598129098973374	0.9754018709010271	NONCODEv6_ATH.fa
NONATHT002924	lncRNA	0.06778898043246462	0.9322110195675359	NONCODEv6_ATH.fa
NONATHT002925	lncRNA	0.06607924158164552	0.9339207584183541	NONCODEv6_ATH.fa
NONATHT002926	Protein_Coding	0.6062781638788471	0.3937218361211529	NONCODEv6_ATH.fa
NONATHT002927	lncRNA	0.19360781702297108	0.8063921829770294	NONCODEv6_ATH.fa
NONATHT002928	lncRNA	0.06077370891676143	0.939226291083239	NONCODEv6_ATH.fa
NONATHT002929	lncRNA	0.22749538217971602	0.7725046178202839	NONCODEv6_ATH.fa
NONATHT002930	lncRNA	0.47866701087414953	0.5213329891258504	NONCODEv6_ATH.fa
NONATHT002931	lncRNA	0.20501799806817567	0.794982001931824	NONCODEv6_ATH.fa
NONATHT002932	lncRNA	0.296136451921139	0.7038635480788611	NONCODEv6_ATH.fa
NONATHT002933	lncRNA	0.2522914044352905	0.7477085955647097	NONCODEv6_ATH.fa
NONATHT002934	lncRNA	0.09944715817328484	0.9005528418267147	NONCODEv6_ATH.fa
NONATHT002935	lncRNA	0.0682672773330666	0.9317327226669334	NONCODEv6_ATH.fa
NONATHT002936	lncRNA	0.1037025821905278	0.8962974178094721	NONCODEv6_ATH.fa
NONATHT002937	lncRNA	0.14142526717160162	0.8585747328283984	NONCODEv6_ATH.fa
NONATHT002938	lncRNA	0.08130839440931666	0.9186916055906837	NONCODEv6_ATH.fa
NONATHT002939	lncRNA	0.06380166360738826	0.936198336392612	NONCODEv6_ATH.fa
NONATHT002940	lncRNA	0.05547570192589029	0.9445242980741095	NONCODEv6_ATH.fa
NONATHT002941	lncRNA	0.05226241878719802	0.9477375812128022	NONCODEv6_ATH.fa
NONATHT002942	lncRNA	0.06331400258444168	0.9366859974155589	NONCODEv6_ATH.fa
NONATHT002943	lncRNA	0.17847981804504873	0.8215201819549517	NONCODEv6_ATH.fa
NONATHT002944	lncRNA	0.22329463077263176	0.776705369227368	NONCODEv6_ATH.fa
NONATHT002945	lncRNA	0.2089562441051359	0.7910437558948644	NONCODEv6_ATH.fa
NONATHT002946	lncRNA	0.11833966668635465	0.881660333313646	NONCODEv6_ATH.fa
NONATHT002947	lncRNA	0.3960329983154084	0.603967001684592	NONCODEv6_ATH.fa
NONATHT002948	lncRNA	0.265940336711225	0.7340596632887751	NONCODEv6_ATH.fa
NONATHT002949	lncRNA	0.10287442362950976	0.8971255763704907	NONCODEv6_ATH.fa
NONATHT002950	Protein_Coding	0.5490105637943706	0.4509894362056295	NONCODEv6_ATH.fa
NONATHT002951	lncRNA	0.22327853586383062	0.7767214641361695	NONCODEv6_ATH.fa
NONATHT002952	lncRNA	0.14886276604835808	0.8511372339516421	NONCODEv6_ATH.fa
NONATHT002953	lncRNA	0.1765672680698144	0.8234327319301856	NONCODEv6_ATH.fa
NONATHT002954	lncRNA	0.36012428554974035	0.6398757144502598	NONCODEv6_ATH.fa
NONATHT002955	lncRNA	0.21731350272799071	0.7826864972720096	NONCODEv6_ATH.fa
NONATHT002956	lncRNA	0.09755332781077988	0.90244667218922	NONCODEv6_ATH.fa
NONATHT002957	lncRNA	0.10813245884432886	0.891867541155671	NONCODEv6_ATH.fa
NONATHT002958	lncRNA	0.12306381161434239	0.876936188385658	NONCODEv6_ATH.fa
NONATHT002959	lncRNA	0.04287560515215123	0.9571243948478487	NONCODEv6_ATH.fa
NONATHT002961	lncRNA	0.23429989905750898	0.7657001009424914	NONCODEv6_ATH.fa
NONATHT002960	lncRNA	0.23429989905750898	0.7657001009424914	NONCODEv6_ATH.fa
NONATHT002962	lncRNA	0.07763164594217767	0.9223683540578222	NONCODEv6_ATH.fa
NONATHT002963	lncRNA	0.2203167316654681	0.7796832683345317	NONCODEv6_ATH.fa
NONATHT002964	lncRNA	0.07004177374771965	0.929958226252281	NONCODEv6_ATH.fa
NONATHT002965	lncRNA	0.1996675222636382	0.8003324777363622	NONCODEv6_ATH.fa
NONATHT002966	lncRNA	0.06290561541795327	0.937094384582047	NONCODEv6_ATH.fa
NONATHT002967	lncRNA	0.16652938632249756	0.8334706136775023	NONCODEv6_ATH.fa
NONATHT002968	lncRNA	0.0475327822996052	0.9524672177003952	NONCODEv6_ATH.fa
NONATHT002969	lncRNA	0.16100404807609991	0.8389959519239001	NONCODEv6_ATH.fa
NONATHT002970	lncRNA	0.09891059000192619	0.9010894099980739	NONCODEv6_ATH.fa
NONATHT002971	lncRNA	0.08857852321844953	0.9114214767815505	NONCODEv6_ATH.fa
NONATHT002972	lncRNA	0.3965613721983764	0.6034386278016235	NONCODEv6_ATH.fa
NONATHT002973	lncRNA	0.45501974193573086	0.5449802580642693	NONCODEv6_ATH.fa
NONATHT002974	lncRNA	0.14225431172318775	0.8577456882768125	NONCODEv6_ATH.fa
NONATHT002975	lncRNA	0.10746674999756102	0.8925332500024389	NONCODEv6_ATH.fa
NONATHT002976	lncRNA	0.03638532770729864	0.9636146722927018	NONCODEv6_ATH.fa
NONATHT002977	lncRNA	0.045288841917573076	0.9547111580824273	NONCODEv6_ATH.fa
NONATHT002978	lncRNA	0.23502118371671366	0.7649788162832865	NONCODEv6_ATH.fa
NONATHT002979	lncRNA	0.17001347743476494	0.8299865225652349	NONCODEv6_ATH.fa
NONATHT002980	lncRNA	0.10699974597511544	0.893000254024885	NONCODEv6_ATH.fa
NONATHT002981	lncRNA	0.07279273215475086	0.9272072678452495	NONCODEv6_ATH.fa
NONATHT002982	lncRNA	0.14059690775071443	0.8594030922492852	NONCODEv6_ATH.fa
NONATHT002983	lncRNA	0.15100428879305636	0.8489957112069435	NONCODEv6_ATH.fa
NONATHT002984	lncRNA	0.15242571806457358	0.8475742819354263	NONCODEv6_ATH.fa
NONATHT002985	lncRNA	0.13424765589372897	0.865752344106271	NONCODEv6_ATH.fa
NONATHT002986	lncRNA	0.0861677878159655	0.9138322121840348	NONCODEv6_ATH.fa
NONATHT002987	lncRNA	0.04566683216479935	0.9543331678352011	NONCODEv6_ATH.fa
NONATHT002989	lncRNA	0.1836971862798507	0.8163028137201497	NONCODEv6_ATH.fa
NONATHT002988	lncRNA	0.1495194222873085	0.8504805777126913	NONCODEv6_ATH.fa
NONATHT002990	lncRNA	0.15383809997850323	0.8461619000214972	NONCODEv6_ATH.fa
NONATHT002991	lncRNA	0.463064489273591	0.536935510726409	NONCODEv6_ATH.fa
NONATHT002992	lncRNA	0.12553615347906835	0.8744638465209321	NONCODEv6_ATH.fa
NONATHT002993	lncRNA	0.19994981796622693	0.8000501820337729	NONCODEv6_ATH.fa
NONATHT002994	lncRNA	0.08947081874558858	0.910529181254412	NONCODEv6_ATH.fa
NONATHT002995	lncRNA	0.2275883357055967	0.7724116642944029	NONCODEv6_ATH.fa
NONATHT002996	lncRNA	0.1235129786681643	0.8764870213318361	NONCODEv6_ATH.fa
NONATHT002997	lncRNA	0.04127712735879481	0.9587228726412054	NONCODEv6_ATH.fa
NONATHT002998	lncRNA	0.0908987366686769	0.909101263331324	NONCODEv6_ATH.fa
NONATHT002999	lncRNA	0.081048074770354	0.9189519252296461	NONCODEv6_ATH.fa
NONATHT003000	lncRNA	0.15912215251858142	0.8408778474814188	NONCODEv6_ATH.fa
NONATHT003001	lncRNA	0.10812730051511354	0.8918726994848868	NONCODEv6_ATH.fa
NONATHT003002	lncRNA	0.454347186146653	0.545652813853347	NONCODEv6_ATH.fa
NONATHT003003	lncRNA	0.2985331316803455	0.7014668683196543	NONCODEv6_ATH.fa
NONATHT003004	lncRNA	0.2860495746871783	0.7139504253128216	NONCODEv6_ATH.fa
NONATHT003005	lncRNA	0.2637021738268237	0.7362978261731759	NONCODEv6_ATH.fa
NONATHT003006	lncRNA	0.10738076654887882	0.892619233451121	NONCODEv6_ATH.fa
NONATHT003007	lncRNA	0.12425976838376754	0.8757402316162326	NONCODEv6_ATH.fa
NONATHT003008	lncRNA	0.1528963822147012	0.8471036177852991	NONCODEv6_ATH.fa
NONATHT003009	lncRNA	0.4002589527038104	0.5997410472961893	NONCODEv6_ATH.fa
NONATHT003010	lncRNA	0.3698390550562749	0.6301609449437254	NONCODEv6_ATH.fa
NONATHT003011	lncRNA	0.11368566503766799	0.8863143349623326	NONCODEv6_ATH.fa
NONATHT003012	lncRNA	0.3769894606182804	0.6230105393817196	NONCODEv6_ATH.fa
NONATHT003013	lncRNA	0.07690596991976309	0.9230940300802373	NONCODEv6_ATH.fa
NONATHT003014	lncRNA	0.06281329705046561	0.9371867029495342	NONCODEv6_ATH.fa
NONATHT003015	lncRNA	0.13390381883246985	0.8660961811675297	NONCODEv6_ATH.fa
NONATHT003016	lncRNA	0.09888760957248523	0.9011123904275143	NONCODEv6_ATH.fa
NONATHT003017	lncRNA	0.15752203341461365	0.842477966585387	NONCODEv6_ATH.fa
NONATHT003018	Protein_Coding	0.5212820399311892	0.4787179600688109	NONCODEv6_ATH.fa
NONATHT003019	lncRNA	0.334607400246089	0.6653925997539106	NONCODEv6_ATH.fa
NONATHT003020	lncRNA	0.2861371055075826	0.7138628944924172	NONCODEv6_ATH.fa
NONATHT003021	lncRNA	0.03558205307893668	0.9644179469210633	NONCODEv6_ATH.fa
NONATHT003022	lncRNA	0.2940445498923128	0.7059554501076878	NONCODEv6_ATH.fa
NONATHT003023	lncRNA	0.2821092778301883	0.7178907221698123	NONCODEv6_ATH.fa
NONATHT003024	lncRNA	0.04853995957288983	0.9514600404271107	NONCODEv6_ATH.fa
NONATHT003025	lncRNA	0.04436660754965106	0.9556333924503487	NONCODEv6_ATH.fa
NONATHT003026	lncRNA	0.010837422719964811	0.9891625772800354	NONCODEv6_ATH.fa
NONATHT003027	lncRNA	0.010837422719964811	0.9891625772800354	NONCODEv6_ATH.fa
NONATHT003028	lncRNA	0.010837422719964811	0.9891625772800354	NONCODEv6_ATH.fa
NONATHT003029	lncRNA	0.0897635567780553	0.9102364432219453	NONCODEv6_ATH.fa
NONATHT003030	lncRNA	0.04587292683403009	0.9541270731659695	NONCODEv6_ATH.fa
NONATHT003031	lncRNA	0.2405773725492039	0.7594226274507964	NONCODEv6_ATH.fa
NONATHT003032	lncRNA	0.012906046359845758	0.9870939536401541	NONCODEv6_ATH.fa
NONATHT003033	lncRNA	0.22419320765163606	0.7758067923483641	NONCODEv6_ATH.fa
NONATHT003034	lncRNA	0.14477019230858354	0.8552298076914165	NONCODEv6_ATH.fa
NONATHT003035	lncRNA	0.15268970757765743	0.8473102924223427	NONCODEv6_ATH.fa
NONATHT003036	lncRNA	0.30267626408576426	0.6973237359142361	NONCODEv6_ATH.fa
NONATHT003037	lncRNA	0.13628772627928934	0.8637122737207104	NONCODEv6_ATH.fa
NONATHT003038	lncRNA	0.15701342717884617	0.8429865728211539	NONCODEv6_ATH.fa
NONATHT003039	lncRNA	0.24742450195703247	0.7525754980429679	NONCODEv6_ATH.fa
NONATHT003040	lncRNA	0.47374405085483723	0.5262559491451627	NONCODEv6_ATH.fa
NONATHT003041	lncRNA	0.3536326047183426	0.6463673952816577	NONCODEv6_ATH.fa
NONATHT003042	lncRNA	0.018466905995844433	0.981533094004156	NONCODEv6_ATH.fa
NONATHT003043	lncRNA	0.034169594230777346	0.9658304057692233	NONCODEv6_ATH.fa
NONATHT003044	lncRNA	0.05995603451586758	0.9400439654841323	NONCODEv6_ATH.fa
NONATHT003045	lncRNA	0.13367901558797135	0.8663209844120283	NONCODEv6_ATH.fa
NONATHT003046	lncRNA	0.0672337458375426	0.9327662541624577	NONCODEv6_ATH.fa
NONATHT003047	lncRNA	0.13837966069689528	0.8616203393031048	NONCODEv6_ATH.fa
NONATHT003048	lncRNA	0.13210773558376207	0.8678922644162387	NONCODEv6_ATH.fa
NONATHT003049	lncRNA	0.158777268113594	0.8412227318864063	NONCODEv6_ATH.fa
NONATHT003050	lncRNA	0.1061806929967384	0.8938193070032617	NONCODEv6_ATH.fa
NONATHT003051	lncRNA	0.129070315076757	0.8709296849232427	NONCODEv6_ATH.fa
NONATHT003052	lncRNA	0.11797084930889686	0.8820291506911033	NONCODEv6_ATH.fa
NONATHT003053	lncRNA	0.13778095466645582	0.8622190453335445	NONCODEv6_ATH.fa
NONATHT003054	lncRNA	0.05495196859011551	0.9450480314098847	NONCODEv6_ATH.fa
NONATHT003055	lncRNA	0.2600299263206162	0.7399700736793843	NONCODEv6_ATH.fa
NONATHT003056	lncRNA	0.19970329693815286	0.8002967030618473	NONCODEv6_ATH.fa
NONATHT003057	lncRNA	0.029739689198111506	0.9702603108018885	NONCODEv6_ATH.fa
NONATHT003058	lncRNA	0.07339228430145264	0.9266077156985477	NONCODEv6_ATH.fa
NONATHT003059	lncRNA	0.021584110428837823	0.9784158895711622	NONCODEv6_ATH.fa
NONATHT003060	lncRNA	0.22349441643710155	0.7765055835628987	NONCODEv6_ATH.fa
NONATHT003061	lncRNA	0.17400841874389777	0.8259915812561028	NONCODEv6_ATH.fa
NONATHT003062	lncRNA	0.17400841874389777	0.8259915812561028	NONCODEv6_ATH.fa
NONATHT003063	lncRNA	0.09762966828167957	0.9023703317183202	NONCODEv6_ATH.fa
NONATHT003064	lncRNA	0.052963477102201104	0.9470365228977987	NONCODEv6_ATH.fa
NONATHT003065	lncRNA	0.045076513962408735	0.954923486037591	NONCODEv6_ATH.fa
NONATHT003066	lncRNA	0.050312634202987566	0.9496873657970126	NONCODEv6_ATH.fa
NONATHT003067	lncRNA	0.22163724123596457	0.7783627587640358	NONCODEv6_ATH.fa
NONATHT003068	lncRNA	0.03195053101651354	0.9680494689834864	NONCODEv6_ATH.fa
NONATHT003069	Protein_Coding	0.5183405828174638	0.48165941718253635	NONCODEv6_ATH.fa
NONATHT003071	lncRNA	0.07679010967078123	0.9232098903292185	NONCODEv6_ATH.fa
NONATHT003070	lncRNA	0.10124030303470125	0.8987596969652991	NONCODEv6_ATH.fa
NONATHT003072	lncRNA	0.115265620885268	0.8847343791147317	NONCODEv6_ATH.fa
NONATHT003073	lncRNA	0.022677282505292825	0.9773227174947076	NONCODEv6_ATH.fa
NONATHT003074	lncRNA	0.11146195903305949	0.8885380409669407	NONCODEv6_ATH.fa
NONATHT003075	lncRNA	0.07471564839383477	0.9252843516061653	NONCODEv6_ATH.fa
NONATHT003076	lncRNA	0.28928483942665634	0.7107151605733436	NONCODEv6_ATH.fa
NONATHT003077	lncRNA	0.315547363602587	0.6844526363974127	NONCODEv6_ATH.fa
NONATHT003078	lncRNA	0.03524890474636628	0.9647510952536339	NONCODEv6_ATH.fa
NONATHT003079	lncRNA	0.25057352916824394	0.7494264708317562	NONCODEv6_ATH.fa
NONATHT003080	lncRNA	0.049352850325191835	0.9506471496748088	NONCODEv6_ATH.fa
NONATHT003081	lncRNA	0.07928354474548951	0.9207164552545106	NONCODEv6_ATH.fa
NONATHT003082	lncRNA	0.036219986469881206	0.9637800135301186	NONCODEv6_ATH.fa
NONATHT003083	lncRNA	0.03948598479193007	0.9605140152080702	NONCODEv6_ATH.fa
NONATHT003084	lncRNA	0.2691735283949035	0.7308264716050967	NONCODEv6_ATH.fa
NONATHT003085	lncRNA	0.17726002228082643	0.8227399777191738	NONCODEv6_ATH.fa
NONATHT003086	lncRNA	0.18137016136005069	0.818629838639949	NONCODEv6_ATH.fa
NONATHT003087	lncRNA	0.1376867800580654	0.8623132199419349	NONCODEv6_ATH.fa
NONATHT003088	lncRNA	0.28339392274909386	0.7166060772509067	NONCODEv6_ATH.fa
NONATHT003089	lncRNA	0.09834976573957457	0.9016502342604251	NONCODEv6_ATH.fa
NONATHT003090	lncRNA	0.29125470170913176	0.7087452982908682	NONCODEv6_ATH.fa
NONATHT003091	lncRNA	0.10826695979790071	0.8917330402021002	NONCODEv6_ATH.fa
NONATHT003092	lncRNA	0.2650018200372751	0.7349981799627248	NONCODEv6_ATH.fa
NONATHT003093	lncRNA	0.12454564128014621	0.8754543587198542	NONCODEv6_ATH.fa
NONATHT003094	lncRNA	0.42321248706078746	0.5767875129392126	NONCODEv6_ATH.fa
NONATHT003095	lncRNA	0.11073947125922134	0.889260528740779	NONCODEv6_ATH.fa
NONATHT003096	lncRNA	0.11073947125922134	0.889260528740779	NONCODEv6_ATH.fa
NONATHT003097	lncRNA	0.1679753735405601	0.8320246264594399	NONCODEv6_ATH.fa
NONATHT003098	lncRNA	0.4353635192661755	0.5646364807338246	NONCODEv6_ATH.fa
NONATHT003099	lncRNA	0.4078780310771164	0.5921219689228842	NONCODEv6_ATH.fa
NONATHT003100	lncRNA	0.13420420818303871	0.865795791816961	NONCODEv6_ATH.fa
NONATHT003101	lncRNA	0.02876377133375967	0.9712362286662404	NONCODEv6_ATH.fa
NONATHT003102	lncRNA	0.09689251815271879	0.9031074818472811	NONCODEv6_ATH.fa
NONATHT003103	lncRNA	0.0565784140840401	0.9434215859159603	NONCODEv6_ATH.fa
NONATHT003104	lncRNA	0.14160844260423677	0.8583915573957636	NONCODEv6_ATH.fa
NONATHT003105	lncRNA	0.22296463382113635	0.7770353661788636	NONCODEv6_ATH.fa
NONATHT003106	lncRNA	0.17400648270537197	0.825993517294628	NONCODEv6_ATH.fa
NONATHT003107	lncRNA	0.08034149600571636	0.9196585039942837	NONCODEv6_ATH.fa
NONATHT003108	lncRNA	0.20362429181351496	0.7963757081864854	NONCODEv6_ATH.fa
NONATHT003109	lncRNA	0.10978376852311188	0.8902162314768886	NONCODEv6_ATH.fa
NONATHT003110	lncRNA	0.05372660340900295	0.9462733965909976	NONCODEv6_ATH.fa
NONATHT003111	lncRNA	0.040694874172539613	0.9593051258274606	NONCODEv6_ATH.fa
NONATHT003112	lncRNA	0.27587457956908046	0.7241254204309198	NONCODEv6_ATH.fa
NONATHT003113	lncRNA	0.24953675415487933	0.7504632458451203	NONCODEv6_ATH.fa
NONATHT003114	lncRNA	0.07514644046517462	0.9248535595348253	NONCODEv6_ATH.fa
NONATHT003115	lncRNA	0.22715455935113404	0.7728454406488662	NONCODEv6_ATH.fa
NONATHT003116	lncRNA	0.17263754139103288	0.8273624586089675	NONCODEv6_ATH.fa
NONATHT003117	lncRNA	0.3746969098363627	0.6253030901636369	NONCODEv6_ATH.fa
NONATHT003118	lncRNA	0.10211069026682137	0.897889309733179	NONCODEv6_ATH.fa
NONATHT003119	lncRNA	0.16113778823045924	0.8388622117695407	NONCODEv6_ATH.fa
NONATHT003120	lncRNA	0.2694790547933992	0.7305209452066008	NONCODEv6_ATH.fa
NONATHT003121	lncRNA	0.026167341629722597	0.9738326583702774	NONCODEv6_ATH.fa
NONATHT003122	lncRNA	0.19363303230518106	0.8063669676948192	NONCODEv6_ATH.fa
NONATHT003123	lncRNA	0.15374334504867365	0.8462566549513257	NONCODEv6_ATH.fa
NONATHT003124	lncRNA	0.09264696847607912	0.9073530315239208	NONCODEv6_ATH.fa
NONATHT003125	lncRNA	0.11558334045014176	0.8844166595498585	NONCODEv6_ATH.fa
NONATHT003126	lncRNA	0.08471742823368515	0.9152825717663152	NONCODEv6_ATH.fa
NONATHT003127	lncRNA	0.139326142353014	0.8606738576469866	NONCODEv6_ATH.fa
NONATHT003128	lncRNA	0.14844680974716604	0.8515531902528342	NONCODEv6_ATH.fa
NONATHT003129	lncRNA	0.06288095560832585	0.9371190443916746	NONCODEv6_ATH.fa
NONATHT003130	lncRNA	0.053387733648359005	0.9466122663516412	NONCODEv6_ATH.fa
NONATHT003131	lncRNA	0.09864044401906416	0.9013595559809355	NONCODEv6_ATH.fa
NONATHT003132	lncRNA	0.17108462607661756	0.8289153739233825	NONCODEv6_ATH.fa
NONATHT003133	lncRNA	0.191959731679014	0.8080402683209871	NONCODEv6_ATH.fa
NONATHT003134	lncRNA	0.14961177672362022	0.8503882232763799	NONCODEv6_ATH.fa
NONATHT003135	lncRNA	0.14961177672362022	0.8503882232763799	NONCODEv6_ATH.fa
NONATHT003136	lncRNA	0.21096849335822088	0.7890315066417792	NONCODEv6_ATH.fa
NONATHT003137	lncRNA	0.1328968987738145	0.8671031012261858	NONCODEv6_ATH.fa
NONATHT003138	Protein_Coding	0.5916956847828013	0.40830431521719873	NONCODEv6_ATH.fa
NONATHT003139	lncRNA	0.21137614166626753	0.7886238583337326	NONCODEv6_ATH.fa
NONATHT003140	lncRNA	0.03570657674777528	0.9642934232522247	NONCODEv6_ATH.fa
NONATHT003141	lncRNA	0.15349222571095764	0.8465077742890426	NONCODEv6_ATH.fa
NONATHT003142	lncRNA	0.027857089687077976	0.9721429103129222	NONCODEv6_ATH.fa
NONATHT003143	lncRNA	0.06350559544664615	0.9364944045533542	NONCODEv6_ATH.fa
NONATHT003144	lncRNA	0.27395456650275707	0.7260454334972427	NONCODEv6_ATH.fa
NONATHT003145	lncRNA	0.2717235156500759	0.728276484349924	NONCODEv6_ATH.fa
NONATHT003146	lncRNA	0.4261667229754422	0.5738332770245579	NONCODEv6_ATH.fa
NONATHT003147	lncRNA	0.11911285094114989	0.8808871490588502	NONCODEv6_ATH.fa
NONATHT003148	lncRNA	0.11684632034652082	0.8831536796534796	NONCODEv6_ATH.fa
NONATHT003149	lncRNA	0.11609733957392669	0.8839026604260736	NONCODEv6_ATH.fa
NONATHT003150	lncRNA	0.028453570238369457	0.9715464297616306	NONCODEv6_ATH.fa
NONATHT003151	lncRNA	0.26830598904967123	0.7316940109503284	NONCODEv6_ATH.fa
NONATHT003152	lncRNA	0.03802962619772626	0.9619703738022745	NONCODEv6_ATH.fa
NONATHT003153	lncRNA	0.06702588977117993	0.9329741102288203	NONCODEv6_ATH.fa
NONATHT003154	lncRNA	0.18004979947720665	0.8199502005227933	NONCODEv6_ATH.fa
NONATHT003155	lncRNA	0.38675668751247616	0.613243312487524	NONCODEv6_ATH.fa
NONATHT003156	lncRNA	0.09835726421806254	0.9016427357819379	NONCODEv6_ATH.fa
NONATHT003157	lncRNA	0.15141930958143732	0.8485806904185629	NONCODEv6_ATH.fa
NONATHT003158	lncRNA	0.17924615504259475	0.820753844957405	NONCODEv6_ATH.fa
NONATHT003159	lncRNA	0.467567497325063	0.5324325026749371	NONCODEv6_ATH.fa
NONATHT003160	lncRNA	0.07884381102432825	0.921156188975672	NONCODEv6_ATH.fa
NONATHT003161	lncRNA	0.40138942820772083	0.598610571792279	NONCODEv6_ATH.fa
NONATHT003162	lncRNA	0.3264438227028613	0.6735561772971383	NONCODEv6_ATH.fa
NONATHT003163	lncRNA	0.007377502846284258	0.9926224971537159	NONCODEv6_ATH.fa
NONATHT003165	lncRNA	0.05865107773352197	0.9413489222664787	NONCODEv6_ATH.fa
NONATHT003164	lncRNA	0.05865107773352197	0.9413489222664787	NONCODEv6_ATH.fa
NONATHT003166	lncRNA	0.032232878390637695	0.9677671216093628	NONCODEv6_ATH.fa
NONATHT003167	lncRNA	0.10823661670257714	0.8917633832974227	NONCODEv6_ATH.fa
NONATHT003168	lncRNA	0.09230927462844642	0.9076907253715545	NONCODEv6_ATH.fa
NONATHT003169	lncRNA	0.0751274764664379	0.9248725235335623	NONCODEv6_ATH.fa
NONATHT003170	lncRNA	0.0751274764664379	0.9248725235335623	NONCODEv6_ATH.fa
NONATHT003171	lncRNA	0.21784050813769032	0.7821594918623103	NONCODEv6_ATH.fa
NONATHT003172	lncRNA	0.07160753485754394	0.9283924651424562	NONCODEv6_ATH.fa
NONATHT003173	lncRNA	0.05814157584284848	0.941858424157152	NONCODEv6_ATH.fa
NONATHT003174	lncRNA	0.2563697298656008	0.7436302701343996	NONCODEv6_ATH.fa
NONATHT003175	lncRNA	0.10347509636086484	0.896524903639135	NONCODEv6_ATH.fa
NONATHT003176	lncRNA	0.3299067879164056	0.6700932120835946	NONCODEv6_ATH.fa
NONATHT003177	lncRNA	0.06271108594800578	0.937288914051994	NONCODEv6_ATH.fa
NONATHT003178	lncRNA	0.3370796392069013	0.6629203607930992	NONCODEv6_ATH.fa
NONATHT003179	lncRNA	0.1149628257432184	0.8850371742567815	NONCODEv6_ATH.fa
NONATHT003180	lncRNA	0.1435035162094893	0.8564964837905101	NONCODEv6_ATH.fa
NONATHT003181	lncRNA	0.0906224816198073	0.9093775183801927	NONCODEv6_ATH.fa
NONATHT003182	lncRNA	0.26229474270835057	0.7377052572916503	NONCODEv6_ATH.fa
NONATHT003183	lncRNA	0.08766041807199065	0.9123395819280091	NONCODEv6_ATH.fa
NONATHT003184	lncRNA	0.028631838987589277	0.9713681610124111	NONCODEv6_ATH.fa
NONATHT003185	lncRNA	0.057818866539962	0.9421811334600381	NONCODEv6_ATH.fa
NONATHT003186	lncRNA	0.20261491947468993	0.797385080525311	NONCODEv6_ATH.fa
NONATHT003188	lncRNA	0.4664223274743854	0.5335776725256145	NONCODEv6_ATH.fa
NONATHT003187	Protein_Coding	0.5651289113274551	0.43487108867254487	NONCODEv6_ATH.fa
NONATHT003189	lncRNA	0.16732978645547672	0.8326702135445238	NONCODEv6_ATH.fa
NONATHT003190	lncRNA	0.12494826947031279	0.875051730529687	NONCODEv6_ATH.fa
NONATHT003192	lncRNA	0.07990982419637396	0.9200901758036262	NONCODEv6_ATH.fa
NONATHT003191	lncRNA	0.07990982419637396	0.9200901758036262	NONCODEv6_ATH.fa
NONATHT003193	lncRNA	0.41861899157871985	0.58138100842128	NONCODEv6_ATH.fa
NONATHT003194	Protein_Coding	0.5574794642058615	0.44252053579413864	NONCODEv6_ATH.fa
NONATHT003195	lncRNA	0.2973517755684234	0.7026482244315769	NONCODEv6_ATH.fa
NONATHT003196	lncRNA	0.05266855598700769	0.9473314440129927	NONCODEv6_ATH.fa
NONATHT003197	lncRNA	0.4667295705774935	0.5332704294225064	NONCODEv6_ATH.fa
NONATHT003198	lncRNA	0.10536433852072279	0.894635661479277	NONCODEv6_ATH.fa
NONATHT003199	lncRNA	0.1522680970789594	0.8477319029210408	NONCODEv6_ATH.fa
NONATHT003200	lncRNA	0.031112939190790674	0.9688870608092096	NONCODEv6_ATH.fa
NONATHT003201	lncRNA	0.2776762454701204	0.7223237545298791	NONCODEv6_ATH.fa
NONATHT003202	lncRNA	0.04258787246878394	0.9574121275312162	NONCODEv6_ATH.fa
NONATHT003203	lncRNA	0.027875887630518858	0.9721241123694813	NONCODEv6_ATH.fa
NONATHT003204	lncRNA	0.1437177066592954	0.8562822933407055	NONCODEv6_ATH.fa
NONATHT003205	lncRNA	0.4420704289519842	0.5579295710480159	NONCODEv6_ATH.fa
NONATHT003206	lncRNA	0.027245030084842515	0.9727549699151575	NONCODEv6_ATH.fa
NONATHT003207	lncRNA	0.027245030084842515	0.9727549699151575	NONCODEv6_ATH.fa
NONATHT003208	lncRNA	0.04692072022267693	0.9530792797773232	NONCODEv6_ATH.fa
NONATHT003209	lncRNA	0.40054850672482717	0.5994514932751731	NONCODEv6_ATH.fa
NONATHT003210	lncRNA	0.2613098571601925	0.7386901428398078	NONCODEv6_ATH.fa
NONATHT003211	Protein_Coding	0.5015028181225694	0.49849718187743064	NONCODEv6_ATH.fa
NONATHT003212	lncRNA	0.2458683128500404	0.7541316871499599	NONCODEv6_ATH.fa
NONATHT003213	lncRNA	0.29908207863950054	0.7009179213604998	NONCODEv6_ATH.fa
NONATHT003214	lncRNA	0.0964617255011562	0.903538274498844	NONCODEv6_ATH.fa
NONATHT003215	lncRNA	0.045604393710367314	0.9543956062896328	NONCODEv6_ATH.fa
NONATHT003216	lncRNA	0.08677341173057256	0.9132265882694274	NONCODEv6_ATH.fa
NONATHT003217	lncRNA	0.13097773263439397	0.8690222673656064	NONCODEv6_ATH.fa
NONATHT003218	lncRNA	0.09877146237900314	0.9012285376209966	NONCODEv6_ATH.fa
NONATHT003219	lncRNA	0.1455359557655245	0.8544640442344759	NONCODEv6_ATH.fa
NONATHT003220	lncRNA	0.24937766830726932	0.7506223316927305	NONCODEv6_ATH.fa
NONATHT003221	lncRNA	0.12028791567750684	0.8797120843224933	NONCODEv6_ATH.fa
NONATHT003222	lncRNA	0.11595110090160204	0.8840488990983982	NONCODEv6_ATH.fa
NONATHT003223	lncRNA	0.11331670188635588	0.8866832981136441	NONCODEv6_ATH.fa
NONATHT003224	lncRNA	0.15414201505779596	0.845857984942204	NONCODEv6_ATH.fa
NONATHT003225	lncRNA	0.12024616558234341	0.8797538344176566	NONCODEv6_ATH.fa
NONATHT003226	lncRNA	0.12024616558234341	0.8797538344176566	NONCODEv6_ATH.fa
NONATHT003227	lncRNA	0.29332762632818205	0.706672373671818	NONCODEv6_ATH.fa
NONATHT003228	lncRNA	0.2286905533943327	0.7713094466056668	NONCODEv6_ATH.fa
NONATHT003229	lncRNA	0.2295235161446182	0.7704764838553819	NONCODEv6_ATH.fa
NONATHT003232	lncRNA	0.2295235161446182	0.7704764838553819	NONCODEv6_ATH.fa
NONATHT003230	lncRNA	0.2295235161446182	0.7704764838553819	NONCODEv6_ATH.fa
NONATHT003231	lncRNA	0.22957260311586816	0.7704273968841316	NONCODEv6_ATH.fa
NONATHT003233	lncRNA	0.22957260311586816	0.7704273968841316	NONCODEv6_ATH.fa
NONATHT003234	lncRNA	0.08989191440474421	0.9101080855952557	NONCODEv6_ATH.fa
NONATHT003235	lncRNA	0.2546670585306871	0.7453329414693127	NONCODEv6_ATH.fa
NONATHT003236	lncRNA	0.07044665654164796	0.9295533434583524	NONCODEv6_ATH.fa
NONATHT003237	lncRNA	0.39260998152809523	0.6073900184719047	NONCODEv6_ATH.fa
NONATHT003238	lncRNA	0.0820007512070616	0.9179992487929388	NONCODEv6_ATH.fa
NONATHT003240	lncRNA	0.0820007512070616	0.9179992487929388	NONCODEv6_ATH.fa
NONATHT003239	lncRNA	0.0820007512070616	0.9179992487929388	NONCODEv6_ATH.fa
NONATHT003241	lncRNA	0.07112599911576883	0.9288740008842313	NONCODEv6_ATH.fa
NONATHT003242	lncRNA	0.08567819777240883	0.9143218022275914	NONCODEv6_ATH.fa
NONATHT003243	lncRNA	0.029348280883820972	0.9706517191161792	NONCODEv6_ATH.fa
NONATHT003244	lncRNA	0.1754303710420949	0.8245696289579051	NONCODEv6_ATH.fa
NONATHT003245	lncRNA	0.03746345355485463	0.9625365464451457	NONCODEv6_ATH.fa
NONATHT003246	lncRNA	0.12766508918872765	0.8723349108112728	NONCODEv6_ATH.fa
NONATHT003247	lncRNA	0.14370879367598424	0.8562912063240161	NONCODEv6_ATH.fa
NONATHT003248	lncRNA	0.11249571354732255	0.8875042864526773	NONCODEv6_ATH.fa
NONATHT003249	lncRNA	0.23442186903403164	0.7655781309659686	NONCODEv6_ATH.fa
NONATHT003250	lncRNA	0.11190105947486596	0.8880989405251343	NONCODEv6_ATH.fa
NONATHT003251	lncRNA	0.2368581212010136	0.7631418787989867	NONCODEv6_ATH.fa
NONATHT003252	Protein_Coding	0.5306509608017326	0.4693490391982674	NONCODEv6_ATH.fa
NONATHT003253	lncRNA	0.042076378387944	0.9579236216120567	NONCODEv6_ATH.fa
NONATHT003254	lncRNA	0.16937800154220936	0.8306219984577902	NONCODEv6_ATH.fa
NONATHT003255	lncRNA	0.1014091493074483	0.8985908506925516	NONCODEv6_ATH.fa
NONATHT003256	lncRNA	0.1705306885007853	0.829469311499215	NONCODEv6_ATH.fa
NONATHT003257	lncRNA	0.2803751682555387	0.7196248317444619	NONCODEv6_ATH.fa
NONATHT003258	lncRNA	0.1652230343188395	0.834776965681161	NONCODEv6_ATH.fa
NONATHT003259	lncRNA	0.14175171349865792	0.8582482865013422	NONCODEv6_ATH.fa
NONATHT003260	lncRNA	0.038584883816556836	0.9614151161834436	NONCODEv6_ATH.fa
NONATHT003261	lncRNA	0.10675619721003846	0.8932438027899623	NONCODEv6_ATH.fa
NONATHT003265	lncRNA	0.1344262772049701	0.8655737227950298	NONCODEv6_ATH.fa
NONATHT003262	lncRNA	0.1344262772049701	0.8655737227950298	NONCODEv6_ATH.fa
NONATHT003264	lncRNA	0.13593379384056892	0.8640662061594309	NONCODEv6_ATH.fa
NONATHT003263	lncRNA	0.13593379384056892	0.8640662061594309	NONCODEv6_ATH.fa
NONATHT003266	lncRNA	0.07332839664368122	0.9266716033563194	NONCODEv6_ATH.fa
NONATHT003267	lncRNA	0.12899584221897895	0.8710041577810215	NONCODEv6_ATH.fa
NONATHT003268	lncRNA	0.0451601505144999	0.9548398494855004	NONCODEv6_ATH.fa
NONATHT003269	lncRNA	0.06483498008316411	0.935165019916836	NONCODEv6_ATH.fa
NONATHT003271	lncRNA	0.25078397293660987	0.7492160270633903	NONCODEv6_ATH.fa
NONATHT003270	lncRNA	0.25078397293660987	0.7492160270633903	NONCODEv6_ATH.fa
NONATHT003273	lncRNA	0.25078397293660987	0.7492160270633903	NONCODEv6_ATH.fa
NONATHT003272	lncRNA	0.25078397293660987	0.7492160270633903	NONCODEv6_ATH.fa
NONATHT003274	lncRNA	0.3487887950492541	0.6512112049507461	NONCODEv6_ATH.fa
NONATHT003275	lncRNA	0.138229681263184	0.8617703187368165	NONCODEv6_ATH.fa
NONATHT003276	lncRNA	0.04387923987090896	0.9561207601290908	NONCODEv6_ATH.fa
NONATHT003277	lncRNA	0.2204884129563148	0.7795115870436856	NONCODEv6_ATH.fa
NONATHT003278	lncRNA	0.07826460919966653	0.9217353908003337	NONCODEv6_ATH.fa
NONATHT003279	lncRNA	0.1597210251221633	0.8402789748778365	NONCODEv6_ATH.fa
NONATHT003280	lncRNA	0.07652782456452141	0.9234721754354783	NONCODEv6_ATH.fa
NONATHT003281	lncRNA	0.08311843687375385	0.9168815631262469	NONCODEv6_ATH.fa
NONATHT003282	lncRNA	0.07926033284864382	0.9207396671513569	NONCODEv6_ATH.fa
NONATHT003283	lncRNA	0.09115609496968644	0.9088439050303139	NONCODEv6_ATH.fa
NONATHT003284	lncRNA	0.29288841729438014	0.7071115827056196	NONCODEv6_ATH.fa
NONATHT003285	lncRNA	0.1862987500586085	0.8137012499413914	NONCODEv6_ATH.fa
NONATHT003286	lncRNA	0.3389014738864786	0.6610985261135214	NONCODEv6_ATH.fa
NONATHT003287	lncRNA	0.09646803964394901	0.9035319603560507	NONCODEv6_ATH.fa
NONATHT003288	lncRNA	0.17666649706543766	0.8233335029345625	NONCODEv6_ATH.fa
NONATHT003289	lncRNA	0.16579593336223614	0.8342040666377639	NONCODEv6_ATH.fa
NONATHT003290	lncRNA	0.35581238439438967	0.64418761560561	NONCODEv6_ATH.fa
NONATHT003291	lncRNA	0.35608669066654824	0.6439133093334514	NONCODEv6_ATH.fa
NONATHT003292	lncRNA	0.07542782253608928	0.9245721774639106	NONCODEv6_ATH.fa
NONATHT003293	lncRNA	0.058835028856506204	0.9411649711434942	NONCODEv6_ATH.fa
NONATHT003294	lncRNA	0.04347529419322294	0.9565247058067767	NONCODEv6_ATH.fa
NONATHT003295	lncRNA	0.006131387356907633	0.9938686126430922	NONCODEv6_ATH.fa
NONATHT003296	lncRNA	0.16745305090189921	0.8325469490981011	NONCODEv6_ATH.fa
NONATHT003297	lncRNA	0.029127312651812575	0.9708726873481877	NONCODEv6_ATH.fa
NONATHT003298	lncRNA	0.05553186107430668	0.9444681389256937	NONCODEv6_ATH.fa
NONATHT003299	lncRNA	0.18876713919846827	0.8112328608015319	NONCODEv6_ATH.fa
NONATHT003300	Protein_Coding	0.6916719133310084	0.3083280866689913	NONCODEv6_ATH.fa
NONATHT003301	lncRNA	0.3748721348047547	0.6251278651952454	NONCODEv6_ATH.fa
NONATHT003302	lncRNA	0.16847749251642624	0.8315225074835739	NONCODEv6_ATH.fa
NONATHT003303	lncRNA	0.147771273165976	0.8522287268340245	NONCODEv6_ATH.fa
NONATHT003304	Protein_Coding	0.5735365749933354	0.4264634250066644	NONCODEv6_ATH.fa
NONATHT003305	lncRNA	0.033463147940647295	0.9665368520593528	NONCODEv6_ATH.fa
NONATHT003307	lncRNA	0.033463147940647295	0.9665368520593528	NONCODEv6_ATH.fa
NONATHT003306	lncRNA	0.033463147940647295	0.9665368520593528	NONCODEv6_ATH.fa
NONATHT003309	lncRNA	0.033463147940647295	0.9665368520593528	NONCODEv6_ATH.fa
NONATHT003308	lncRNA	0.033463147940647295	0.9665368520593528	NONCODEv6_ATH.fa
NONATHT003310	lncRNA	0.033463147940647295	0.9665368520593528	NONCODEv6_ATH.fa
NONATHT003311	lncRNA	0.032528198947329626	0.9674718010526705	NONCODEv6_ATH.fa
NONATHT003312	lncRNA	0.025411938579801088	0.9745880614201994	NONCODEv6_ATH.fa
NONATHT003313	lncRNA	0.15461149182314474	0.8453885081768556	NONCODEv6_ATH.fa
NONATHT003314	lncRNA	0.08855745470428275	0.9114425452957174	NONCODEv6_ATH.fa
NONATHT003315	lncRNA	0.21356402253628698	0.7864359774637135	NONCODEv6_ATH.fa
NONATHT003316	lncRNA	0.27306359487300064	0.7269364051269999	NONCODEv6_ATH.fa
NONATHT003317	lncRNA	0.05570217072525974	0.9442978292747402	NONCODEv6_ATH.fa
NONATHT003318	lncRNA	0.004111789053147029	0.995888210946853	NONCODEv6_ATH.fa
NONATHT003319	lncRNA	0.03041618838079197	0.9695838116192085	NONCODEv6_ATH.fa
NONATHT003320	lncRNA	0.05363421228421144	0.9463657877157884	NONCODEv6_ATH.fa
NONATHT003321	lncRNA	0.053480249577752985	0.9465197504222472	NONCODEv6_ATH.fa
NONATHT003322	lncRNA	0.17291035136613542	0.8270896486338648	NONCODEv6_ATH.fa
NONATHT003323	lncRNA	0.14204227210861603	0.8579577278913842	NONCODEv6_ATH.fa
NONATHT003324	lncRNA	0.02425077521186546	0.9757492247881351	NONCODEv6_ATH.fa
NONATHT003325	lncRNA	0.04012929334352334	0.9598707066564768	NONCODEv6_ATH.fa
NONATHT003326	lncRNA	0.23124890738934867	0.7687510926106514	NONCODEv6_ATH.fa
NONATHT003327	lncRNA	0.04106033625224119	0.9589396637477589	NONCODEv6_ATH.fa
NONATHT003328	lncRNA	0.07923647119707854	0.9207635288029217	NONCODEv6_ATH.fa
NONATHT003329	lncRNA	0.035241500817265556	0.9647584991827344	NONCODEv6_ATH.fa
NONATHT003330	lncRNA	0.17533546682756984	0.8246645331724304	NONCODEv6_ATH.fa
NONATHT003331	lncRNA	0.2959209527849305	0.7040790472150698	NONCODEv6_ATH.fa
NONATHT003332	lncRNA	0.11608302797367663	0.8839169720263245	NONCODEv6_ATH.fa
NONATHT003333	lncRNA	0.14784918266802016	0.8521508173319801	NONCODEv6_ATH.fa
NONATHT003334	lncRNA	0.05590951440802428	0.944090485591976	NONCODEv6_ATH.fa
NONATHT003335	lncRNA	0.12376060469542108	0.8762393953045791	NONCODEv6_ATH.fa
NONATHT003336	lncRNA	0.052081522236104696	0.9479184777638953	NONCODEv6_ATH.fa
NONATHT003337	lncRNA	0.03945006654003768	0.9605499334599625	NONCODEv6_ATH.fa
NONATHT003338	lncRNA	0.053747772001022376	0.9462522279989777	NONCODEv6_ATH.fa
NONATHT003339	lncRNA	0.2123811621339058	0.787618837866094	NONCODEv6_ATH.fa
NONATHT003340	lncRNA	0.07071720945664096	0.929282790543359	NONCODEv6_ATH.fa
NONATHT003341	lncRNA	0.1848927156713173	0.8151072843286828	NONCODEv6_ATH.fa
NONATHT003342	lncRNA	0.13233930345216835	0.8676606965478321	NONCODEv6_ATH.fa
NONATHT003343	lncRNA	0.02244009883183663	0.9775599011681638	NONCODEv6_ATH.fa
NONATHT003344	lncRNA	0.09091831776445619	0.9090816822355443	NONCODEv6_ATH.fa
NONATHT003345	lncRNA	0.022860907243769966	0.9771390927562301	NONCODEv6_ATH.fa
NONATHT003346	lncRNA	0.4050820803739464	0.5949179196260534	NONCODEv6_ATH.fa
NONATHT003347	lncRNA	0.4023243058039023	0.5976756941960975	NONCODEv6_ATH.fa
NONATHT003348	lncRNA	0.4023243058039023	0.5976756941960975	NONCODEv6_ATH.fa
NONATHT003349	lncRNA	0.39741957941624806	0.6025804205837519	NONCODEv6_ATH.fa
NONATHT003350	lncRNA	0.41503781382922345	0.5849621861707763	NONCODEv6_ATH.fa
NONATHT003351	lncRNA	0.3631981350666187	0.6368018649333813	NONCODEv6_ATH.fa
NONATHT003352	lncRNA	0.36275940895796915	0.6372405910420308	NONCODEv6_ATH.fa
NONATHT003353	lncRNA	0.35604161143301083	0.6439583885669891	NONCODEv6_ATH.fa
NONATHT003354	lncRNA	0.027701584891485442	0.9722984151085147	NONCODEv6_ATH.fa
NONATHT003355	lncRNA	0.30941894879701526	0.6905810512029854	NONCODEv6_ATH.fa
NONATHT003356	lncRNA	0.09666126481900794	0.9033387351809925	NONCODEv6_ATH.fa
NONATHT003357	lncRNA	0.2782664587509897	0.7217335412490106	NONCODEv6_ATH.fa
NONATHT003358	lncRNA	0.15680877659230502	0.8431912234076947	NONCODEv6_ATH.fa
NONATHT003359	lncRNA	0.11077409906750321	0.8892259009324971	NONCODEv6_ATH.fa
NONATHT003360	lncRNA	0.09132304814025179	0.9086769518597488	NONCODEv6_ATH.fa
NONATHT003361	lncRNA	0.08939312048510605	0.9106068795148944	NONCODEv6_ATH.fa
NONATHT003362	lncRNA	0.08866739305264207	0.9113326069473581	NONCODEv6_ATH.fa
NONATHT003363	lncRNA	0.22752895903919676	0.7724710409608038	NONCODEv6_ATH.fa
NONATHT003364	lncRNA	0.175493381004841	0.8245066189951593	NONCODEv6_ATH.fa
NONATHT003365	lncRNA	0.07772547040141867	0.922274529598582	NONCODEv6_ATH.fa
NONATHT003366	lncRNA	0.21107828450939745	0.7889217154906026	NONCODEv6_ATH.fa
NONATHT003367	lncRNA	0.14662699251058692	0.8533730074894128	NONCODEv6_ATH.fa
NONATHT003368	lncRNA	0.17247894116028106	0.8275210588397189	NONCODEv6_ATH.fa
NONATHT003369	lncRNA	0.1993408758188777	0.8006591241811223	NONCODEv6_ATH.fa
NONATHT003370	lncRNA	0.38785898967331567	0.6121410103266848	NONCODEv6_ATH.fa
NONATHT003371	lncRNA	0.045223984027282796	0.9547760159727177	NONCODEv6_ATH.fa
NONATHT003372	lncRNA	0.04799553556016409	0.9520044644398361	NONCODEv6_ATH.fa
NONATHT003373	lncRNA	0.29625688327448707	0.7037431167255133	NONCODEv6_ATH.fa
NONATHT003374	lncRNA	0.07327472395949484	0.926725276040505	NONCODEv6_ATH.fa
NONATHT003375	lncRNA	0.04619680721080095	0.9538031927891989	NONCODEv6_ATH.fa
NONATHT003376	lncRNA	0.04619680721080095	0.9538031927891989	NONCODEv6_ATH.fa
NONATHT003377	lncRNA	0.03305951443055996	0.96694048556944	NONCODEv6_ATH.fa
NONATHT003378	lncRNA	0.06141490142274635	0.9385850985772543	NONCODEv6_ATH.fa
NONATHT003379	lncRNA	0.07307528607443169	0.926924713925568	NONCODEv6_ATH.fa
NONATHT003380	lncRNA	0.09580120518480485	0.9041987948151957	NONCODEv6_ATH.fa
NONATHT003381	lncRNA	0.05254841663179263	0.9474515833682077	NONCODEv6_ATH.fa
NONATHT003382	lncRNA	0.057253910512154726	0.942746089487846	NONCODEv6_ATH.fa
NONATHT003383	lncRNA	0.2564349824911565	0.7435650175088441	NONCODEv6_ATH.fa
NONATHT003384	Protein_Coding	0.5038577723329397	0.49614222766706023	NONCODEv6_ATH.fa
NONATHT003385	lncRNA	0.1228071443341307	0.8771928556658697	NONCODEv6_ATH.fa
NONATHT003386	lncRNA	0.017076560409421543	0.9829234395905787	NONCODEv6_ATH.fa
NONATHT003387	lncRNA	0.03371583173542767	0.9662841682645729	NONCODEv6_ATH.fa
NONATHT003388	lncRNA	0.1553660206173676	0.844633979382632	NONCODEv6_ATH.fa
NONATHT003389	lncRNA	0.05417641782190948	0.9458235821780908	NONCODEv6_ATH.fa
NONATHT003390	lncRNA	0.09228186559318281	0.9077181344068167	NONCODEv6_ATH.fa
NONATHT003391	lncRNA	0.16496870681267262	0.8350312931873277	NONCODEv6_ATH.fa
NONATHT003392	lncRNA	0.13724963832605566	0.8627503616739446	NONCODEv6_ATH.fa
NONATHT003393	lncRNA	0.16542797555946562	0.8345720244405342	NONCODEv6_ATH.fa
NONATHT003394	lncRNA	0.1386773908901163	0.8613226091098843	NONCODEv6_ATH.fa
NONATHT003395	lncRNA	0.021685228094445157	0.9783147719055552	NONCODEv6_ATH.fa
NONATHT003396	lncRNA	0.08292239179368138	0.917077608206319	NONCODEv6_ATH.fa
NONATHT003397	lncRNA	0.0194006409803609	0.9805993590196392	NONCODEv6_ATH.fa
NONATHT003398	lncRNA	0.07668111438581766	0.9233188856141826	NONCODEv6_ATH.fa
NONATHT003399	lncRNA	0.30541933181844394	0.6945806681815562	NONCODEv6_ATH.fa
NONATHT003400	lncRNA	0.036570778738553016	0.9634292212614473	NONCODEv6_ATH.fa
NONATHT003401	lncRNA	0.19923207153340838	0.8007679284665917	NONCODEv6_ATH.fa
NONATHT003402	lncRNA	0.06738730846909191	0.9326126915309076	NONCODEv6_ATH.fa
NONATHT003403	lncRNA	0.05420741516131207	0.945792584838688	NONCODEv6_ATH.fa
NONATHT003404	lncRNA	0.08815542705827095	0.9118445729417292	NONCODEv6_ATH.fa
NONATHT003405	lncRNA	0.09518595653810352	0.9048140434618966	NONCODEv6_ATH.fa
NONATHT003406	lncRNA	0.18888039359462572	0.8111196064053746	NONCODEv6_ATH.fa
NONATHT003407	lncRNA	0.10895310896731776	0.8910468910326824	NONCODEv6_ATH.fa
NONATHT003408	lncRNA	0.0036946458914504095	0.9963053541085494	NONCODEv6_ATH.fa
NONATHT003409	lncRNA	0.061738704943580816	0.9382612950564198	NONCODEv6_ATH.fa
NONATHT003410	lncRNA	0.21719781613844583	0.7828021838615549	NONCODEv6_ATH.fa
NONATHT003411	lncRNA	0.14984254251764378	0.8501574574823563	NONCODEv6_ATH.fa
NONATHT003412	lncRNA	0.14984254251764378	0.8501574574823563	NONCODEv6_ATH.fa
NONATHT003413	lncRNA	0.16685755296234586	0.8331424470376539	NONCODEv6_ATH.fa
NONATHT003414	lncRNA	0.08058376838046215	0.9194162316195377	NONCODEv6_ATH.fa
NONATHT003415	lncRNA	0.26446317085990395	0.7355368291400959	NONCODEv6_ATH.fa
NONATHT003416	lncRNA	0.05870196632358007	0.9412980336764202	NONCODEv6_ATH.fa
NONATHT003417	lncRNA	0.13687340298277575	0.8631265970172245	NONCODEv6_ATH.fa
NONATHT003418	lncRNA	0.06337833927430483	0.9366216607256955	NONCODEv6_ATH.fa
NONATHT003419	lncRNA	0.1897039758846337	0.8102960241153666	NONCODEv6_ATH.fa
NONATHT003420	lncRNA	0.1897039758846337	0.8102960241153666	NONCODEv6_ATH.fa
NONATHT003421	lncRNA	0.1852715015644583	0.8147284984355417	NONCODEv6_ATH.fa
NONATHT003422	lncRNA	0.21046028734406497	0.7895397126559349	NONCODEv6_ATH.fa
NONATHT003423	lncRNA	0.0722345522974269	0.9277654477025733	NONCODEv6_ATH.fa
NONATHT003424	lncRNA	0.042651508808074626	0.9573484911919254	NONCODEv6_ATH.fa
NONATHT003425	lncRNA	0.10275988947086216	0.8972401105291385	NONCODEv6_ATH.fa
NONATHT003426	lncRNA	0.15735629846733834	0.8426437015326613	NONCODEv6_ATH.fa
NONATHT003427	lncRNA	0.09283657189166196	0.9071634281083382	NONCODEv6_ATH.fa
NONATHT003428	lncRNA	0.028516341671866837	0.9714836583281334	NONCODEv6_ATH.fa
NONATHT003429	lncRNA	0.10789804554486651	0.892101954455134	NONCODEv6_ATH.fa
NONATHT003430	lncRNA	0.2395545957634201	0.7604454042365802	NONCODEv6_ATH.fa
NONATHT003431	lncRNA	0.019307676170532022	0.9806923238294684	NONCODEv6_ATH.fa
NONATHT003432	lncRNA	0.09201131688223019	0.9079886831177701	NONCODEv6_ATH.fa
NONATHT003433	lncRNA	0.1439851982998013	0.8560148017001988	NONCODEv6_ATH.fa
NONATHT003434	lncRNA	0.1164121401369962	0.8835878598630039	NONCODEv6_ATH.fa
NONATHT003435	lncRNA	0.12936213692399212	0.8706378630760074	NONCODEv6_ATH.fa
NONATHT003436	lncRNA	0.07758285339515553	0.9224171466048448	NONCODEv6_ATH.fa
NONATHT003437	lncRNA	0.22684213637889625	0.7731578636211042	NONCODEv6_ATH.fa
NONATHT003438	lncRNA	0.39186848046951445	0.6081315195304857	NONCODEv6_ATH.fa
NONATHT003439	lncRNA	0.3895800353084265	0.6104199646915737	NONCODEv6_ATH.fa
NONATHT003440	lncRNA	0.2731117574692423	0.7268882425307577	NONCODEv6_ATH.fa
NONATHT003441	lncRNA	0.1091369089621681	0.8908630910378322	NONCODEv6_ATH.fa
NONATHT003442	lncRNA	0.11122307505318439	0.888776924946816	NONCODEv6_ATH.fa
NONATHT003443	lncRNA	0.12771468311611223	0.872285316883888	NONCODEv6_ATH.fa
NONATHT003444	lncRNA	0.06057745899811344	0.9394225410018866	NONCODEv6_ATH.fa
NONATHT003445	lncRNA	0.040751479220145666	0.9592485207798551	NONCODEv6_ATH.fa
NONATHT003446	lncRNA	0.1642316534066561	0.835768346593344	NONCODEv6_ATH.fa
NONATHT003447	lncRNA	0.24050483657700059	0.7594951634229997	NONCODEv6_ATH.fa
NONATHT003448	lncRNA	0.22285346545324974	0.7771465345467501	NONCODEv6_ATH.fa
NONATHT003449	lncRNA	0.14831539306982408	0.8516846069301762	NONCODEv6_ATH.fa
NONATHT003450	Protein_Coding	0.5157098256828744	0.4842901743171255	NONCODEv6_ATH.fa
NONATHT003451	lncRNA	0.18626586855946983	0.8137341314405296	NONCODEv6_ATH.fa
NONATHT003452	lncRNA	0.10420883592674612	0.8957911640732544	NONCODEv6_ATH.fa
NONATHT003453	lncRNA	0.12926967386400826	0.8707303261359919	NONCODEv6_ATH.fa
NONATHT003455	lncRNA	0.21346544400661907	0.7865345559933806	NONCODEv6_ATH.fa
NONATHT003454	lncRNA	0.21346544400661907	0.7865345559933806	NONCODEv6_ATH.fa
NONATHT003456	lncRNA	0.41451180692470324	0.5854881930752969	NONCODEv6_ATH.fa
NONATHT003457	lncRNA	0.06687033596322414	0.9331296640367758	NONCODEv6_ATH.fa
NONATHT003458	lncRNA	0.32797214638632105	0.672027853613679	NONCODEv6_ATH.fa
NONATHT003459	lncRNA	0.15686352334602469	0.8431364766539752	NONCODEv6_ATH.fa
NONATHT003460	lncRNA	0.1367339769769055	0.8632660230230946	NONCODEv6_ATH.fa
NONATHT003461	lncRNA	0.2300147784183311	0.769985221581669	NONCODEv6_ATH.fa
NONATHT003462	lncRNA	0.09221728034978902	0.9077827196502111	NONCODEv6_ATH.fa
NONATHT003463	lncRNA	0.050977495277084145	0.9490225047229164	NONCODEv6_ATH.fa
NONATHT003464	lncRNA	0.2119179807585366	0.7880820192414629	NONCODEv6_ATH.fa
NONATHT003465	lncRNA	0.23327595184334457	0.7667240481566562	NONCODEv6_ATH.fa
NONATHT003466	lncRNA	0.032398810014110706	0.9676011899858898	NONCODEv6_ATH.fa
NONATHT003467	lncRNA	0.37380753820571944	0.6261924617942806	NONCODEv6_ATH.fa
NONATHT003468	lncRNA	0.08410256525746485	0.9158974347425355	NONCODEv6_ATH.fa
NONATHT003469	lncRNA	0.09954137304640277	0.9004586269535975	NONCODEv6_ATH.fa
NONATHT003470	lncRNA	0.18053108650389776	0.8194689134961022	NONCODEv6_ATH.fa
NONATHT003471	lncRNA	0.060727828587803415	0.9392721714121965	NONCODEv6_ATH.fa
NONATHT003472	lncRNA	0.3100951574292751	0.6899048425707253	NONCODEv6_ATH.fa
NONATHT003473	lncRNA	0.31148306247231644	0.6885169375276836	NONCODEv6_ATH.fa
NONATHT003474	lncRNA	0.18935621656311086	0.8106437834368897	NONCODEv6_ATH.fa
NONATHT003475	lncRNA	0.25634390429159815	0.7436560957084025	NONCODEv6_ATH.fa
NONATHT003476	lncRNA	0.030288596683335372	0.969711403316665	NONCODEv6_ATH.fa
NONATHT003478	lncRNA	0.03792783635506526	0.9620721636449345	NONCODEv6_ATH.fa
NONATHT003477	lncRNA	0.03792783635506526	0.9620721636449345	NONCODEv6_ATH.fa
NONATHT003479	lncRNA	0.017822628235165408	0.9821773717648349	NONCODEv6_ATH.fa
NONATHT003480	lncRNA	0.04475169832564009	0.9552483016743605	NONCODEv6_ATH.fa
NONATHT003481	lncRNA	0.01751991436720266	0.9824800856327977	NONCODEv6_ATH.fa
NONATHT003482	lncRNA	0.01751991436720266	0.9824800856327977	NONCODEv6_ATH.fa
NONATHT003483	lncRNA	0.2487476362316632	0.7512523637683373	NONCODEv6_ATH.fa
NONATHT003484	lncRNA	0.17136933478225	0.8286306652177502	NONCODEv6_ATH.fa
NONATHT003485	lncRNA	0.21857814362922967	0.7814218563707703	NONCODEv6_ATH.fa
NONATHT003486	Protein_Coding	0.5302344407938825	0.46976555920611757	NONCODEv6_ATH.fa
NONATHT003487	lncRNA	0.21230566977066556	0.7876943302293342	NONCODEv6_ATH.fa
NONATHT003488	lncRNA	0.12438891520671333	0.8756110847932874	NONCODEv6_ATH.fa
NONATHT003489	lncRNA	0.11809471979312117	0.8819052802068793	NONCODEv6_ATH.fa
NONATHT003490	Protein_Coding	0.7444613846788576	0.25553861532114264	NONCODEv6_ATH.fa
NONATHT003491	lncRNA	0.05634543347667286	0.9436545665233274	NONCODEv6_ATH.fa
NONATHT003492	lncRNA	0.10080067530885067	0.8991993246911495	NONCODEv6_ATH.fa
NONATHT003493	lncRNA	0.44970834637807544	0.5502916536219247	NONCODEv6_ATH.fa
NONATHT003494	lncRNA	0.3900796961876462	0.6099203038123543	NONCODEv6_ATH.fa
NONATHT003495	lncRNA	0.15092122061272875	0.8490787793872715	NONCODEv6_ATH.fa
NONATHT003496	lncRNA	0.13652017158942015	0.8634798284105802	NONCODEv6_ATH.fa
NONATHT003497	lncRNA	0.24065176613953163	0.7593482338604682	NONCODEv6_ATH.fa
NONATHT003498	lncRNA	0.10226102649747884	0.8977389735025213	NONCODEv6_ATH.fa
NONATHT003499	lncRNA	0.09670729593063557	0.9032927040693648	NONCODEv6_ATH.fa
NONATHT003500	lncRNA	0.055957384948020175	0.9440426150519798	NONCODEv6_ATH.fa
NONATHT003501	lncRNA	0.028662612406172416	0.9713373875938277	NONCODEv6_ATH.fa
NONATHT003502	lncRNA	0.3189568199897309	0.6810431800102695	NONCODEv6_ATH.fa
NONATHT003503	lncRNA	0.35286657452801573	0.6471334254719838	NONCODEv6_ATH.fa
NONATHT003504	lncRNA	0.09918568738859608	0.900814312611404	NONCODEv6_ATH.fa
NONATHT003505	lncRNA	0.15475213617284053	0.8452478638271592	NONCODEv6_ATH.fa
NONATHT003506	lncRNA	0.19889921293875548	0.8011007870612442	NONCODEv6_ATH.fa
NONATHT003507	lncRNA	0.1852283988582241	0.8147716011417763	NONCODEv6_ATH.fa
NONATHT003508	lncRNA	0.1852283988582241	0.8147716011417763	NONCODEv6_ATH.fa
NONATHT003509	lncRNA	0.1857591771007244	0.8142408228992759	NONCODEv6_ATH.fa
NONATHT003510	lncRNA	0.062346934312375125	0.9376530656876251	NONCODEv6_ATH.fa
NONATHT003511	lncRNA	0.21822937208104695	0.781770627918953	NONCODEv6_ATH.fa
NONATHT003512	lncRNA	0.41128897383653346	0.5887110261634664	NONCODEv6_ATH.fa
NONATHT003513	lncRNA	0.11604144615788178	0.8839585538421187	NONCODEv6_ATH.fa
NONATHT003514	lncRNA	0.39950377561528	0.6004962243847197	NONCODEv6_ATH.fa
NONATHT003515	lncRNA	0.1293453247808941	0.870654675219106	NONCODEv6_ATH.fa
NONATHT003516	lncRNA	0.25644806480634974	0.7435519351936507	NONCODEv6_ATH.fa
NONATHT003517	lncRNA	0.1004515334534591	0.8995484665465414	NONCODEv6_ATH.fa
NONATHT003518	lncRNA	0.24568341477583627	0.7543165852241634	NONCODEv6_ATH.fa
NONATHT003519	lncRNA	0.10574944033382376	0.8942505596661762	NONCODEv6_ATH.fa
NONATHT003520	lncRNA	0.11563404993701645	0.8843659500629834	NONCODEv6_ATH.fa
NONATHT003521	lncRNA	0.26562282037252843	0.7343771796274722	NONCODEv6_ATH.fa
NONATHT003522	lncRNA	0.26562282037252843	0.7343771796274722	NONCODEv6_ATH.fa
NONATHT003523	lncRNA	0.11220012839399707	0.8877998716060029	NONCODEv6_ATH.fa
NONATHT003524	lncRNA	0.4365753665770583	0.5634246334229416	NONCODEv6_ATH.fa
NONATHT003525	lncRNA	0.4760505105121878	0.5239494894878122	NONCODEv6_ATH.fa
NONATHT003526	lncRNA	0.05337756719417328	0.9466224328058264	NONCODEv6_ATH.fa
NONATHT003527	lncRNA	0.05519884253215878	0.9448011574678415	NONCODEv6_ATH.fa
NONATHT003528	lncRNA	0.2102547240888812	0.7897452759111186	NONCODEv6_ATH.fa
NONATHT003529	lncRNA	0.017598823480668175	0.9824011765193319	NONCODEv6_ATH.fa
NONATHT003530	lncRNA	0.2360059077653751	0.7639940922346248	NONCODEv6_ATH.fa
NONATHT003531	lncRNA	0.17101384363585778	0.8289861563641425	NONCODEv6_ATH.fa
NONATHT003532	lncRNA	0.39612383514969307	0.603876164850307	NONCODEv6_ATH.fa
NONATHT003533	lncRNA	0.03491817363333988	0.9650818263666605	NONCODEv6_ATH.fa
NONATHT003534	lncRNA	0.12002800857677466	0.8799719914232258	NONCODEv6_ATH.fa
NONATHT003535	lncRNA	0.2100222390484552	0.7899777609515446	NONCODEv6_ATH.fa
NONATHT003536	lncRNA	0.11823520902310589	0.8817647909768945	NONCODEv6_ATH.fa
NONATHT003537	lncRNA	0.10897018784342892	0.8910298121565708	NONCODEv6_ATH.fa
NONATHT003538	lncRNA	0.18474417905674642	0.8152558209432538	NONCODEv6_ATH.fa
NONATHT003539	lncRNA	0.18931492926142363	0.8106850707385762	NONCODEv6_ATH.fa
NONATHT003541	lncRNA	0.1091211086354183	0.8908788913645822	NONCODEv6_ATH.fa
NONATHT003540	lncRNA	0.1091211086354183	0.8908788913645822	NONCODEv6_ATH.fa
NONATHT003542	lncRNA	0.30436729647318883	0.6956327035268116	NONCODEv6_ATH.fa
NONATHT003543	lncRNA	0.1735047252673283	0.8264952747326717	NONCODEv6_ATH.fa
NONATHT003544	lncRNA	0.32747883665035216	0.6725211633496481	NONCODEv6_ATH.fa
NONATHT003545	lncRNA	0.22383406046351975	0.7761659395364805	NONCODEv6_ATH.fa
NONATHT003546	lncRNA	0.03573267677957529	0.964267323220425	NONCODEv6_ATH.fa
NONATHT003547	lncRNA	0.06308763951267382	0.9369123604873263	NONCODEv6_ATH.fa
NONATHT003548	lncRNA	0.08276157109079034	0.91723842890921	NONCODEv6_ATH.fa
NONATHT003549	lncRNA	0.049130723167152036	0.9508692768328482	NONCODEv6_ATH.fa
NONATHT003550	lncRNA	0.26029304546534054	0.7397069545346596	NONCODEv6_ATH.fa
NONATHT003551	lncRNA	0.3114199861979072	0.6885800138020929	NONCODEv6_ATH.fa
NONATHT003552	lncRNA	0.31699656991903685	0.6830034300809631	NONCODEv6_ATH.fa
NONATHT003553	lncRNA	0.11827039293097885	0.8817296070690209	NONCODEv6_ATH.fa
NONATHT003554	lncRNA	0.4308677248918846	0.5691322751081154	NONCODEv6_ATH.fa
NONATHT003555	lncRNA	0.044669330038462844	0.9553306699615379	NONCODEv6_ATH.fa
NONATHT003556	Protein_Coding	0.5096817674443065	0.4903182325556934	NONCODEv6_ATH.fa
NONATHT003557	Protein_Coding	0.504029412258729	0.4959705877412709	NONCODEv6_ATH.fa
NONATHT003558	lncRNA	0.48100412837566703	0.5189958716243329	NONCODEv6_ATH.fa
NONATHT003559	lncRNA	0.08967412145184116	0.910325878548159	NONCODEv6_ATH.fa
NONATHT003560	lncRNA	0.15653311230243344	0.8434668876975667	NONCODEv6_ATH.fa
NONATHT003561	lncRNA	0.2724678353567774	0.7275321646432229	NONCODEv6_ATH.fa
NONATHT003562	lncRNA	0.34038701305566105	0.6596129869443381	NONCODEv6_ATH.fa
NONATHT003563	lncRNA	0.11983851103364014	0.8801614889663604	NONCODEv6_ATH.fa
NONATHT003564	lncRNA	0.16029247523912044	0.8397075247608795	NONCODEv6_ATH.fa
NONATHT003565	lncRNA	0.43630998881289346	0.5636900111871066	NONCODEv6_ATH.fa
NONATHT003566	lncRNA	0.034810321322992596	0.9651896786770074	NONCODEv6_ATH.fa
NONATHT003567	lncRNA	0.11129022434911988	0.8887097756508799	NONCODEv6_ATH.fa
NONATHT003568	lncRNA	0.2557675616038483	0.744232438396152	NONCODEv6_ATH.fa
NONATHT003569	lncRNA	0.09977775812804214	0.900222241871958	NONCODEv6_ATH.fa
NONATHT003570	lncRNA	0.25627225623462074	0.7437277437653793	NONCODEv6_ATH.fa
NONATHT003571	lncRNA	0.24672843778175071	0.7532715622182495	NONCODEv6_ATH.fa
NONATHT003572	lncRNA	0.12111113121603363	0.8788888687839663	NONCODEv6_ATH.fa
NONATHT003573	lncRNA	0.1181216476289376	0.8818783523710626	NONCODEv6_ATH.fa
NONATHT003574	lncRNA	0.07080110416727928	0.9291988958327203	NONCODEv6_ATH.fa
NONATHT003575	lncRNA	0.18573547714493274	0.8142645228550672	NONCODEv6_ATH.fa
NONATHT003576	lncRNA	0.1551623367362763	0.8448376632637242	NONCODEv6_ATH.fa
NONATHT003577	lncRNA	0.1501108200244758	0.8498891799755244	NONCODEv6_ATH.fa
NONATHT003578	lncRNA	0.06561449708595894	0.934385502914041	NONCODEv6_ATH.fa
NONATHT003579	lncRNA	0.14684719540738195	0.8531528045926173	NONCODEv6_ATH.fa
NONATHT003580	lncRNA	0.29642482251516783	0.7035751774848317	NONCODEv6_ATH.fa
NONATHT003581	lncRNA	0.11310112712365207	0.8868988728763479	NONCODEv6_ATH.fa
NONATHT003582	lncRNA	0.07884789292238646	0.9211521070776137	NONCODEv6_ATH.fa
NONATHT003583	lncRNA	0.22441368446729773	0.7755863155327023	NONCODEv6_ATH.fa
NONATHT003584	lncRNA	0.4455187831796126	0.5544812168203873	NONCODEv6_ATH.fa
NONATHT003585	lncRNA	0.4253390788354752	0.574660921164525	NONCODEv6_ATH.fa
NONATHT003586	lncRNA	0.492844150378899	0.5071558496211009	NONCODEv6_ATH.fa
NONATHT003587	lncRNA	0.43917321063672304	0.5608267893632772	NONCODEv6_ATH.fa
NONATHT003588	lncRNA	0.39033517025784265	0.6096648297421577	NONCODEv6_ATH.fa
NONATHT003589	lncRNA	0.24802244927941683	0.7519775507205829	NONCODEv6_ATH.fa
NONATHT003590	lncRNA	0.13457802399336144	0.8654219760066387	NONCODEv6_ATH.fa
NONATHT003591	lncRNA	0.2686349938568975	0.7313650061431028	NONCODEv6_ATH.fa
NONATHT003592	lncRNA	0.2345560384708065	0.765443961529194	NONCODEv6_ATH.fa
NONATHT003593	lncRNA	0.32534476152630626	0.6746552384736941	NONCODEv6_ATH.fa
NONATHT003594	lncRNA	0.404238181553142	0.5957618184468577	NONCODEv6_ATH.fa
NONATHT003595	lncRNA	0.44503929776470935	0.5549607022352909	NONCODEv6_ATH.fa
NONATHT003596	lncRNA	0.4533017206942144	0.5466982793057856	NONCODEv6_ATH.fa
NONATHT003597	lncRNA	0.33024684391165643	0.6697531560883434	NONCODEv6_ATH.fa
NONATHT003598	lncRNA	0.39940462668993987	0.6005953733100602	NONCODEv6_ATH.fa
NONATHT003599	Protein_Coding	0.5079081965100959	0.4920918034899041	NONCODEv6_ATH.fa
NONATHT003600	lncRNA	0.36291330072730815	0.6370866992726915	NONCODEv6_ATH.fa
NONATHT003601	lncRNA	0.39940462668993987	0.6005953733100602	NONCODEv6_ATH.fa
NONATHT003602	Protein_Coding	0.5175777453442006	0.4824222546557993	NONCODEv6_ATH.fa
NONATHT003603	lncRNA	0.11322822868201804	0.8867717713179825	NONCODEv6_ATH.fa
NONATHT003604	lncRNA	0.18599043404323767	0.8140095659567627	NONCODEv6_ATH.fa
NONATHT003605	lncRNA	0.1951619399576291	0.8048380600423712	NONCODEv6_ATH.fa
NONATHT003606	lncRNA	0.1773429668673106	0.8226570331326896	NONCODEv6_ATH.fa
NONATHT003607	Protein_Coding	0.573444065226696	0.4265559347733041	NONCODEv6_ATH.fa
NONATHT003608	lncRNA	0.26638671581922874	0.7336132841807714	NONCODEv6_ATH.fa
NONATHT003609	lncRNA	0.1825992975779652	0.8174007024220352	NONCODEv6_ATH.fa
NONATHT003610	lncRNA	0.19875834706934525	0.801241652930655	NONCODEv6_ATH.fa
NONATHT003611	lncRNA	0.19398462776548148	0.8060153722345188	NONCODEv6_ATH.fa
NONATHT003612	lncRNA	0.2235140176176551	0.7764859823823448	NONCODEv6_ATH.fa
NONATHT003613	lncRNA	0.37242598124089193	0.6275740187591081	NONCODEv6_ATH.fa
NONATHT003614	lncRNA	0.30297837306165615	0.6970216269383445	NONCODEv6_ATH.fa
NONATHT003615	lncRNA	0.3829914270083832	0.6170085729916168	NONCODEv6_ATH.fa
NONATHT003616	lncRNA	0.09849924459796773	0.9015007554020321	NONCODEv6_ATH.fa
NONATHT003617	lncRNA	0.14939449816365274	0.850605501836347	NONCODEv6_ATH.fa
NONATHT003618	lncRNA	0.3326600438802774	0.6673399561197227	NONCODEv6_ATH.fa
NONATHT003619	lncRNA	0.19775941035024172	0.8022405896497582	NONCODEv6_ATH.fa
NONATHT003620	lncRNA	0.01343527140166156	0.9865647285983383	NONCODEv6_ATH.fa
NONATHT003621	lncRNA	0.24156022494473287	0.7584397750552668	NONCODEv6_ATH.fa
NONATHT003622	lncRNA	0.1771637963894739	0.822836203610526	NONCODEv6_ATH.fa
NONATHT003623	lncRNA	0.06300330963570917	0.9369966903642913	NONCODEv6_ATH.fa
NONATHT003624	lncRNA	0.11826555271030789	0.8817344472896924	NONCODEv6_ATH.fa
NONATHT003625	lncRNA	0.11385679137532766	0.8861432086246727	NONCODEv6_ATH.fa
NONATHT003626	lncRNA	0.42190282518387623	0.5780971748161238	NONCODEv6_ATH.fa
NONATHT003627	lncRNA	0.2921993678651224	0.7078006321348778	NONCODEv6_ATH.fa
NONATHT003628	lncRNA	0.12563057305946868	0.8743694269405315	NONCODEv6_ATH.fa
NONATHT003629	lncRNA	0.20107358928697477	0.798926410713025	NONCODEv6_ATH.fa
NONATHT003630	lncRNA	0.40367961886474835	0.5963203811352515	NONCODEv6_ATH.fa
NONATHT003631	lncRNA	0.3524679296097132	0.6475320703902869	NONCODEv6_ATH.fa
NONATHT003632	lncRNA	0.19958801788043745	0.8004119821195623	NONCODEv6_ATH.fa
NONATHT003633	lncRNA	0.04578599984955996	0.9542140001504402	NONCODEv6_ATH.fa
NONATHT003634	lncRNA	0.20022568897385656	0.7997743110261435	NONCODEv6_ATH.fa
NONATHT003635	lncRNA	0.14531647396588498	0.8546835260341153	NONCODEv6_ATH.fa
NONATHT003636	lncRNA	0.14569301054815254	0.854306989451848	NONCODEv6_ATH.fa
NONATHT003637	lncRNA	0.18270798142367908	0.8172920185763208	NONCODEv6_ATH.fa
NONATHT003638	lncRNA	0.1625829391291996	0.8374170608708003	NONCODEv6_ATH.fa
NONATHT003639	lncRNA	0.11260927242723931	0.8873907275727614	NONCODEv6_ATH.fa
NONATHT003640	lncRNA	0.17757536274815564	0.8224246372518447	NONCODEv6_ATH.fa
NONATHT003641	lncRNA	0.09469352317125411	0.9053064768287458	NONCODEv6_ATH.fa
NONATHT003642	lncRNA	0.03497636006213451	0.9650236399378659	NONCODEv6_ATH.fa
NONATHT003643	lncRNA	0.09456113910275171	0.905438860897248	NONCODEv6_ATH.fa
NONATHT003644	lncRNA	0.220049792116098	0.7799502078839025	NONCODEv6_ATH.fa
NONATHT003645	lncRNA	0.16549071259950623	0.8345092874004941	NONCODEv6_ATH.fa
NONATHT003646	lncRNA	0.10422402794698903	0.8957759720530113	NONCODEv6_ATH.fa
NONATHT003647	lncRNA	0.28138904114393853	0.7186109588560617	NONCODEv6_ATH.fa
NONATHT003648	lncRNA	0.22810492998136647	0.7718950700186338	NONCODEv6_ATH.fa
NONATHT003649	lncRNA	0.17119994080972462	0.8288000591902757	NONCODEv6_ATH.fa
NONATHT003650	lncRNA	0.22810492998136647	0.7718950700186338	NONCODEv6_ATH.fa
NONATHT003651	lncRNA	0.2569695901204661	0.7430304098795343	NONCODEv6_ATH.fa
NONATHT003652	lncRNA	0.1328698933660062	0.8671301066339939	NONCODEv6_ATH.fa
NONATHT003653	lncRNA	0.17951151789796768	0.8204884821020323	NONCODEv6_ATH.fa
NONATHT003654	lncRNA	0.1538278480316233	0.8461721519683765	NONCODEv6_ATH.fa
NONATHT003655	lncRNA	0.11365668113240264	0.8863433188675978	NONCODEv6_ATH.fa
NONATHT003656	lncRNA	0.15568844476969387	0.8443115552303062	NONCODEv6_ATH.fa
NONATHT003657	lncRNA	0.18182588740515357	0.8181741125948472	NONCODEv6_ATH.fa
NONATHT003658	lncRNA	0.06575183794559523	0.9342481620544051	NONCODEv6_ATH.fa
NONATHT003659	lncRNA	0.22564115814986466	0.7743588418501356	NONCODEv6_ATH.fa
NONATHT003660	lncRNA	0.042667654526498476	0.9573323454735019	NONCODEv6_ATH.fa
NONATHT003661	lncRNA	0.20838218474325748	0.7916178152567434	NONCODEv6_ATH.fa
NONATHT003662	lncRNA	0.1967808300708563	0.8032191699291438	NONCODEv6_ATH.fa
NONATHT003663	lncRNA	0.12117291490651838	0.8788270850934813	NONCODEv6_ATH.fa
NONATHT003664	lncRNA	0.15051980805695492	0.8494801919430454	NONCODEv6_ATH.fa
NONATHT003665	lncRNA	0.22827107933138113	0.7717289206686192	NONCODEv6_ATH.fa
NONATHT003666	lncRNA	0.07318442311079898	0.9268155768892012	NONCODEv6_ATH.fa
NONATHT003667	lncRNA	0.05114324357517292	0.9488567564248277	NONCODEv6_ATH.fa
NONATHT003668	lncRNA	0.0068970351474763394	0.9931029648525237	NONCODEv6_ATH.fa
NONATHT003669	lncRNA	0.24793119437994954	0.7520688056200506	NONCODEv6_ATH.fa
NONATHT003670	Protein_Coding	0.5001619483123253	0.49983805168767464	NONCODEv6_ATH.fa
NONATHT003671	lncRNA	0.32701598805644844	0.6729840119435516	NONCODEv6_ATH.fa
NONATHT003672	lncRNA	0.2983100619888467	0.7016899380111541	NONCODEv6_ATH.fa
NONATHT003673	lncRNA	0.24626327264260617	0.7537367273573939	NONCODEv6_ATH.fa
NONATHT003674	lncRNA	0.11998754139794225	0.8800124586020582	NONCODEv6_ATH.fa
NONATHT003675	lncRNA	0.11643545625034633	0.883564543749654	NONCODEv6_ATH.fa
NONATHT003676	lncRNA	0.10507534432204058	0.8949246556779598	NONCODEv6_ATH.fa
NONATHT003677	lncRNA	0.13192443501460824	0.8680755649853916	NONCODEv6_ATH.fa
NONATHT003678	lncRNA	0.12354449237909917	0.8764555076209011	NONCODEv6_ATH.fa
NONATHT003679	lncRNA	0.12844753763781266	0.8715524623621875	NONCODEv6_ATH.fa
NONATHT003680	lncRNA	0.10489114842057856	0.8951088515794215	NONCODEv6_ATH.fa
NONATHT003681	lncRNA	0.2875582254441736	0.7124417745558266	NONCODEv6_ATH.fa
NONATHT003682	lncRNA	0.12172939957497822	0.8782706004250219	NONCODEv6_ATH.fa
NONATHT003683	lncRNA	0.1184009015612629	0.8815990984387371	NONCODEv6_ATH.fa
NONATHT003684	lncRNA	0.34076053079657315	0.6592394692034274	NONCODEv6_ATH.fa
NONATHT003685	lncRNA	0.08041479765530801	0.9195852023446927	NONCODEv6_ATH.fa
NONATHT003686	lncRNA	0.09327720095471789	0.9067227990452824	NONCODEv6_ATH.fa
NONATHT003687	lncRNA	0.37275640694738815	0.6272435930526122	NONCODEv6_ATH.fa
NONATHT003688	lncRNA	0.13901891167787955	0.8609810883221206	NONCODEv6_ATH.fa
NONATHT003689	lncRNA	0.07636241973357881	0.9236375802664214	NONCODEv6_ATH.fa
NONATHT003690	lncRNA	0.2639153772989412	0.7360846227010582	NONCODEv6_ATH.fa
NONATHT003691	lncRNA	0.371066418910833	0.6289335810891674	NONCODEv6_ATH.fa
NONATHT003692	lncRNA	0.21741374384280587	0.7825862561571941	NONCODEv6_ATH.fa
NONATHT003693	lncRNA	0.07042714495386178	0.9295728550461391	NONCODEv6_ATH.fa
NONATHT003694	lncRNA	0.11929178087249712	0.8807082191275026	NONCODEv6_ATH.fa
NONATHT003695	lncRNA	0.08311612142995585	0.9168838785700442	NONCODEv6_ATH.fa
NONATHT003696	lncRNA	0.12382950525696716	0.8761704947430334	NONCODEv6_ATH.fa
NONATHT003697	lncRNA	0.042589018460798246	0.9574109815392018	NONCODEv6_ATH.fa
NONATHT003698	lncRNA	0.12692146196045626	0.8730785380395437	NONCODEv6_ATH.fa
NONATHT003699	lncRNA	0.09379199311771062	0.9062080068822898	NONCODEv6_ATH.fa
NONATHT003700	Protein_Coding	0.6196833063322805	0.3803166936677198	NONCODEv6_ATH.fa
NONATHT003701	lncRNA	0.172903371370437	0.8270966286295631	NONCODEv6_ATH.fa
NONATHT003702	lncRNA	0.1799743657915507	0.8200256342084495	NONCODEv6_ATH.fa
NONATHT003703	lncRNA	0.27523575069264117	0.7247642493073586	NONCODEv6_ATH.fa
NONATHT003704	lncRNA	0.25173031510384875	0.7482696848961518	NONCODEv6_ATH.fa
NONATHT003705	lncRNA	0.12951101463584405	0.8704889853641556	NONCODEv6_ATH.fa
NONATHT003706	lncRNA	0.32888993179122306	0.6711100682087768	NONCODEv6_ATH.fa
NONATHT003707	lncRNA	0.24252034854006577	0.7574796514599342	NONCODEv6_ATH.fa
NONATHT003708	lncRNA	0.17580048677928212	0.8241995132207183	NONCODEv6_ATH.fa
NONATHT003709	lncRNA	0.1357116510114245	0.8642883489885756	NONCODEv6_ATH.fa
NONATHT003710	lncRNA	0.24290539405799316	0.7570946059420071	NONCODEv6_ATH.fa
NONATHT003711	lncRNA	0.09882823366585324	0.9011717663341469	NONCODEv6_ATH.fa
NONATHT003712	lncRNA	0.09758088110727059	0.9024191188927295	NONCODEv6_ATH.fa
NONATHT003713	lncRNA	0.2753074613186446	0.7246925386813555	NONCODEv6_ATH.fa
NONATHT003714	lncRNA	0.0929099894868684	0.9070900105131318	NONCODEv6_ATH.fa
NONATHT003715	lncRNA	0.1567600796985861	0.8432399203014139	NONCODEv6_ATH.fa
NONATHT003716	lncRNA	0.07531226093884347	0.924687739061157	NONCODEv6_ATH.fa
NONATHT003717	lncRNA	0.3945433025487855	0.6054566974512147	NONCODEv6_ATH.fa
NONATHT003718	lncRNA	0.04549246403579448	0.9545075359642059	NONCODEv6_ATH.fa
NONATHT003719	lncRNA	0.45193392645924363	0.5480660735407563	NONCODEv6_ATH.fa
NONATHT003720	lncRNA	0.1860140227992904	0.8139859772007094	NONCODEv6_ATH.fa
NONATHT003721	lncRNA	0.24070484002728143	0.7592951599727188	NONCODEv6_ATH.fa
NONATHT003722	Protein_Coding	0.5656391942205825	0.4343608057794173	NONCODEv6_ATH.fa
NONATHT003723	lncRNA	0.13214914731738056	0.8678508526826192	NONCODEv6_ATH.fa
NONATHT003724	lncRNA	0.36931924252300347	0.6306807574769965	NONCODEv6_ATH.fa
NONATHT003725	lncRNA	0.13457744722213374	0.8654225527778671	NONCODEv6_ATH.fa
NONATHT003726	lncRNA	0.23227153327817102	0.7677284667218297	NONCODEv6_ATH.fa
NONATHT003727	lncRNA	0.06468209603092856	0.9353179039690718	NONCODEv6_ATH.fa
NONATHT003728	lncRNA	0.24891923638626604	0.7510807636137341	NONCODEv6_ATH.fa
NONATHT003729	lncRNA	0.0456499124635399	0.9543500875364601	NONCODEv6_ATH.fa
NONATHT003730	lncRNA	0.04862452483685271	0.9513754751631481	NONCODEv6_ATH.fa
NONATHT003731	lncRNA	0.3168260288884318	0.6831739711115685	NONCODEv6_ATH.fa
NONATHT003733	lncRNA	0.08278576528376975	0.9172142347162303	NONCODEv6_ATH.fa
NONATHT003732	lncRNA	0.08278576528376975	0.9172142347162303	NONCODEv6_ATH.fa
NONATHT003734	lncRNA	0.3979091337719581	0.6020908662280418	NONCODEv6_ATH.fa
NONATHT003735	lncRNA	0.2215417096816698	0.77845829031833	NONCODEv6_ATH.fa
NONATHT003736	lncRNA	0.2397158728851512	0.7602841271148487	NONCODEv6_ATH.fa
NONATHT003737	lncRNA	0.17977671824517716	0.8202232817548234	NONCODEv6_ATH.fa
NONATHT003738	lncRNA	0.23493888914829275	0.7650611108517075	NONCODEv6_ATH.fa
NONATHT003739	lncRNA	0.07744330314340489	0.9225566968565956	NONCODEv6_ATH.fa
NONATHT003740	lncRNA	0.07711745569178613	0.9228825443082141	NONCODEv6_ATH.fa
NONATHT003741	lncRNA	0.089355254333985	0.9106447456660149	NONCODEv6_ATH.fa
NONATHT003742	lncRNA	0.09352754301527914	0.9064724569847207	NONCODEv6_ATH.fa
NONATHT003743	lncRNA	0.1579476171855921	0.8420523828144083	NONCODEv6_ATH.fa
NONATHT003744	lncRNA	0.28812188978151787	0.711878110218482	NONCODEv6_ATH.fa
NONATHT003745	lncRNA	0.33848228307187017	0.6615177169281302	NONCODEv6_ATH.fa
NONATHT003746	lncRNA	0.06665427804818962	0.9333457219518104	NONCODEv6_ATH.fa
NONATHT003747	lncRNA	0.11928741122392153	0.8807125887760782	NONCODEv6_ATH.fa
NONATHT003748	lncRNA	0.29450715035186176	0.7054928496481383	NONCODEv6_ATH.fa
NONATHT003749	lncRNA	0.03686122545178891	0.9631387745482113	NONCODEv6_ATH.fa
NONATHT003750	lncRNA	0.03859478521493236	0.9614052147850678	NONCODEv6_ATH.fa
NONATHT003751	lncRNA	0.33020878683479277	0.6697912131652078	NONCODEv6_ATH.fa
NONATHT003752	lncRNA	0.08141602203879622	0.9185839779612044	NONCODEv6_ATH.fa
NONATHT003753	lncRNA	0.09263787163898969	0.9073621283610104	NONCODEv6_ATH.fa
NONATHT003754	lncRNA	0.026335640835901696	0.9736643591640984	NONCODEv6_ATH.fa
NONATHT003755	lncRNA	0.017924703395775878	0.9820752966042242	NONCODEv6_ATH.fa
NONATHT003756	lncRNA	0.11311068709657511	0.8868893129034251	NONCODEv6_ATH.fa
NONATHT003757	lncRNA	0.06257844421207186	0.9374215557879283	NONCODEv6_ATH.fa
NONATHT003758	lncRNA	0.09703867615198089	0.902961323848019	NONCODEv6_ATH.fa
NONATHT003759	lncRNA	0.14618848265135687	0.8538115173486431	NONCODEv6_ATH.fa
NONATHT003760	lncRNA	0.07849524753366004	0.9215047524663401	NONCODEv6_ATH.fa
NONATHT003761	lncRNA	0.06837470574583107	0.9316252942541692	NONCODEv6_ATH.fa
NONATHT003762	lncRNA	0.141076701301703	0.8589232986982974	NONCODEv6_ATH.fa
NONATHT003763	lncRNA	0.15474088716432818	0.8452591128356719	NONCODEv6_ATH.fa
NONATHT003764	lncRNA	0.14183656827347388	0.8581634317265262	NONCODEv6_ATH.fa
NONATHT003765	lncRNA	0.07180649464512015	0.9281935053548795	NONCODEv6_ATH.fa
NONATHT003766	lncRNA	0.06399887075729709	0.9360011292427033	NONCODEv6_ATH.fa
NONATHT003767	lncRNA	0.2138602798748225	0.7861397201251777	NONCODEv6_ATH.fa
NONATHT003768	lncRNA	0.11216297657148068	0.8878370234285196	NONCODEv6_ATH.fa
NONATHT003769	lncRNA	0.044710941023060675	0.9552890589769392	NONCODEv6_ATH.fa
NONATHT003770	lncRNA	0.09905931517959228	0.9009406848204078	NONCODEv6_ATH.fa
NONATHT003771	lncRNA	0.0857678176749904	0.9142321823250097	NONCODEv6_ATH.fa
NONATHT003772	lncRNA	0.09685820533814384	0.903141794661856	NONCODEv6_ATH.fa
NONATHT003773	lncRNA	0.11542567666043418	0.8845743233395661	NONCODEv6_ATH.fa
NONATHT003774	lncRNA	0.2527815104210153	0.7472184895789846	NONCODEv6_ATH.fa
NONATHT003775	lncRNA	0.06882980579220747	0.9311701942077928	NONCODEv6_ATH.fa
NONATHT003776	lncRNA	0.060743311499071063	0.9392566885009291	NONCODEv6_ATH.fa
NONATHT003777	lncRNA	0.35535814185488207	0.644641858145118	NONCODEv6_ATH.fa
NONATHT003778	lncRNA	0.2015730812190262	0.7984269187809739	NONCODEv6_ATH.fa
NONATHT003779	lncRNA	0.08881210308582253	0.9111878969141776	NONCODEv6_ATH.fa
NONATHT003780	lncRNA	0.17106923521831796	0.8289307647816818	NONCODEv6_ATH.fa
NONATHT003781	lncRNA	0.1558256095530328	0.8441743904469671	NONCODEv6_ATH.fa
NONATHT003782	lncRNA	0.08340537701199423	0.9165946229880066	NONCODEv6_ATH.fa
NONATHT003783	lncRNA	0.04284092858624142	0.9571590714137589	NONCODEv6_ATH.fa
NONATHT003784	lncRNA	0.26670288823305793	0.7332971117669421	NONCODEv6_ATH.fa
NONATHT003785	lncRNA	0.10596153916807516	0.8940384608319251	NONCODEv6_ATH.fa
NONATHT003786	lncRNA	0.10596153916807516	0.8940384608319251	NONCODEv6_ATH.fa
NONATHT003787	lncRNA	0.20236564400778845	0.7976343559922118	NONCODEv6_ATH.fa
NONATHT003788	lncRNA	0.09819525005115447	0.9018047499488457	NONCODEv6_ATH.fa
NONATHT003789	lncRNA	0.13038472905938062	0.86961527094062	NONCODEv6_ATH.fa
NONATHT003790	lncRNA	0.44558114819911854	0.5544188518008814	NONCODEv6_ATH.fa
NONATHT003791	lncRNA	0.2691700752336764	0.7308299247663239	NONCODEv6_ATH.fa
NONATHT003792	lncRNA	0.09970048234631075	0.9002995176536899	NONCODEv6_ATH.fa
NONATHT003793	lncRNA	0.4975475057751427	0.5024524942248572	NONCODEv6_ATH.fa
NONATHT003794	lncRNA	0.10348251811584999	0.8965174818841506	NONCODEv6_ATH.fa
NONATHT003795	lncRNA	0.26974411659038655	0.7302558834096136	NONCODEv6_ATH.fa
NONATHT003796	lncRNA	0.07827446431705046	0.9217255356829507	NONCODEv6_ATH.fa
NONATHT003797	lncRNA	0.07118666614277055	0.9288133338572298	NONCODEv6_ATH.fa
NONATHT003798	lncRNA	0.04714518299483731	0.9528548170051631	NONCODEv6_ATH.fa
NONATHT003799	Protein_Coding	0.6392231281157938	0.36077687188420604	NONCODEv6_ATH.fa
NONATHT003800	lncRNA	0.05268089214184425	0.9473191078581561	NONCODEv6_ATH.fa
NONATHT003801	lncRNA	0.04023738297718603	0.9597626170228141	NONCODEv6_ATH.fa
NONATHT003802	Protein_Coding	0.502384308255574	0.4976156917444259	NONCODEv6_ATH.fa
NONATHT003803	lncRNA	0.07937021456108226	0.920629785438918	NONCODEv6_ATH.fa
NONATHT003804	lncRNA	0.07937021456108226	0.920629785438918	NONCODEv6_ATH.fa
NONATHT003805	lncRNA	0.017108404613036577	0.982891595386963	NONCODEv6_ATH.fa
NONATHT003806	lncRNA	0.10109840770151278	0.8989015922984878	NONCODEv6_ATH.fa
NONATHT003808	lncRNA	0.11310468400383195	0.886895315996168	NONCODEv6_ATH.fa
NONATHT003809	lncRNA	0.11310468400383195	0.886895315996168	NONCODEv6_ATH.fa
NONATHT003807	lncRNA	0.11310468400383195	0.886895315996168	NONCODEv6_ATH.fa
NONATHT003810	lncRNA	0.29396638212816284	0.7060336178718365	NONCODEv6_ATH.fa
NONATHT003811	lncRNA	0.11207419617493657	0.8879258038250634	NONCODEv6_ATH.fa
NONATHT003812	lncRNA	0.06568696386697155	0.9343130361330283	NONCODEv6_ATH.fa
NONATHT003813	lncRNA	0.0858013684088648	0.9141986315911352	NONCODEv6_ATH.fa
NONATHT003814	lncRNA	0.23415084323736696	0.7658491567626332	NONCODEv6_ATH.fa
NONATHT003815	Protein_Coding	0.5818192559979606	0.4181807440020392	NONCODEv6_ATH.fa
NONATHT003816	lncRNA	0.24363841052615234	0.7563615894738478	NONCODEv6_ATH.fa
NONATHT003817	lncRNA	0.23488008366486712	0.7651199163351324	NONCODEv6_ATH.fa
NONATHT003818	lncRNA	0.19214582192879334	0.8078541780712067	NONCODEv6_ATH.fa
NONATHT003819	lncRNA	0.02184667135140103	0.978153328648599	NONCODEv6_ATH.fa
NONATHT003820	lncRNA	0.258841421601294	0.7411585783987061	NONCODEv6_ATH.fa
NONATHT003821	lncRNA	0.06457974870827217	0.9354202512917282	NONCODEv6_ATH.fa
NONATHT003822	lncRNA	0.063678358270932	0.9363216417290676	NONCODEv6_ATH.fa
NONATHT003823	lncRNA	0.07513792134836557	0.9248620786516345	NONCODEv6_ATH.fa
NONATHT003824	lncRNA	0.35913791924971805	0.6408620807502816	NONCODEv6_ATH.fa
NONATHT003825	lncRNA	0.06653693848369645	0.9334630615163042	NONCODEv6_ATH.fa
NONATHT003826	lncRNA	0.027178236937471987	0.9728217630625282	NONCODEv6_ATH.fa
NONATHT003827	lncRNA	0.04168153183818832	0.9583184681618121	NONCODEv6_ATH.fa
NONATHT003828	lncRNA	0.11740144843011843	0.8825985515698813	NONCODEv6_ATH.fa
NONATHT003829	lncRNA	0.4570560765407695	0.5429439234592304	NONCODEv6_ATH.fa
NONATHT003830	lncRNA	0.4073348948675002	0.5926651051324999	NONCODEv6_ATH.fa
NONATHT003831	lncRNA	0.14341708094770542	0.8565829190522949	NONCODEv6_ATH.fa
NONATHT003832	lncRNA	0.06408277587614214	0.9359172241238585	NONCODEv6_ATH.fa
NONATHT003833	lncRNA	0.1774524361986076	0.8225475638013923	NONCODEv6_ATH.fa
NONATHT003834	lncRNA	0.0677295290518711	0.9322704709481289	NONCODEv6_ATH.fa
NONATHT003835	lncRNA	0.06995886641857392	0.9300411335814268	NONCODEv6_ATH.fa
NONATHT003836	lncRNA	0.05298840460337983	0.9470115953966206	NONCODEv6_ATH.fa
NONATHT003837	lncRNA	0.12189996381530309	0.8781000361846968	NONCODEv6_ATH.fa
NONATHT003838	lncRNA	0.13192053612426477	0.8680794638757354	NONCODEv6_ATH.fa
NONATHT003839	lncRNA	0.1679403928078248	0.8320596071921753	NONCODEv6_ATH.fa
NONATHT003840	lncRNA	0.11139636027436883	0.8886036397256313	NONCODEv6_ATH.fa
NONATHT003841	lncRNA	0.28352786122262286	0.7164721387773773	NONCODEv6_ATH.fa
NONATHT003842	lncRNA	0.150129007180101	0.8498709928198991	NONCODEv6_ATH.fa
NONATHT003843	lncRNA	0.15591774925586752	0.8440822507441323	NONCODEv6_ATH.fa
NONATHT003844	lncRNA	0.04425836426216342	0.955741635737837	NONCODEv6_ATH.fa
NONATHT003845	lncRNA	0.07358032067620272	0.9264196793237974	NONCODEv6_ATH.fa
NONATHT003846	lncRNA	0.0961753089223735	0.9038246910776261	NONCODEv6_ATH.fa
NONATHT003847	lncRNA	0.23501536095917328	0.7649846390408265	NONCODEv6_ATH.fa
NONATHT003848	lncRNA	0.04338358862365724	0.956616411376342	NONCODEv6_ATH.fa
NONATHT003849	Protein_Coding	0.6551714778330646	0.34482852216693527	NONCODEv6_ATH.fa
NONATHT003850	lncRNA	0.17509635653600597	0.8249036434639938	NONCODEv6_ATH.fa
NONATHT003851	lncRNA	0.06613030481127391	0.933869695188726	NONCODEv6_ATH.fa
NONATHT003852	lncRNA	0.26423377035494716	0.7357662296450534	NONCODEv6_ATH.fa
NONATHT003853	lncRNA	0.107376223158463	0.8926237768415369	NONCODEv6_ATH.fa
NONATHT003854	lncRNA	0.04026205538641273	0.959737944613587	NONCODEv6_ATH.fa
NONATHT003855	lncRNA	0.4918218439792434	0.5081781560207567	NONCODEv6_ATH.fa
NONATHT003856	lncRNA	0.3499311296226399	0.6500688703773599	NONCODEv6_ATH.fa
NONATHT003857	lncRNA	0.06657120611550997	0.9334287938844902	NONCODEv6_ATH.fa
NONATHT003858	lncRNA	0.2863152632846582	0.7136847367153418	NONCODEv6_ATH.fa
NONATHT003859	lncRNA	0.3030479709707509	0.6969520290292492	NONCODEv6_ATH.fa
NONATHT003860	lncRNA	0.3030479709707509	0.6969520290292492	NONCODEv6_ATH.fa
NONATHT003861	lncRNA	0.25537165339756973	0.7446283466024304	NONCODEv6_ATH.fa
NONATHT003862	lncRNA	0.19569126307850485	0.8043087369214951	NONCODEv6_ATH.fa
NONATHT003863	lncRNA	0.30196699055089404	0.698033009449106	NONCODEv6_ATH.fa
NONATHT003864	lncRNA	0.11062487608431998	0.8893751239156797	NONCODEv6_ATH.fa
NONATHT003865	lncRNA	0.04097609843495383	0.9590239015650468	NONCODEv6_ATH.fa
NONATHT003866	lncRNA	0.15976809367172964	0.840231906328271	NONCODEv6_ATH.fa
NONATHT003867	Protein_Coding	0.5079467627562916	0.49205323724370836	NONCODEv6_ATH.fa
NONATHT003868	lncRNA	0.026814064427171855	0.9731859355728281	NONCODEv6_ATH.fa
NONATHT003869	lncRNA	0.2223645908969768	0.7776354091030233	NONCODEv6_ATH.fa
NONATHT003870	lncRNA	0.046846918024508764	0.9531530819754915	NONCODEv6_ATH.fa
NONATHT003871	lncRNA	0.047701041595321104	0.9522989584046788	NONCODEv6_ATH.fa
NONATHT003872	lncRNA	0.0908620574060962	0.9091379425939039	NONCODEv6_ATH.fa
NONATHT003873	lncRNA	0.047587246446158686	0.9524127535538417	NONCODEv6_ATH.fa
NONATHT003874	lncRNA	0.15672932604338208	0.8432706739566179	NONCODEv6_ATH.fa
NONATHT003875	lncRNA	0.05775079943159953	0.9422492005684007	NONCODEv6_ATH.fa
NONATHT003876	lncRNA	0.20022272292092327	0.7997772770790771	NONCODEv6_ATH.fa
NONATHT003877	lncRNA	0.13343422008718359	0.8665657799128166	NONCODEv6_ATH.fa
NONATHT003878	lncRNA	0.15162620866911428	0.8483737913308858	NONCODEv6_ATH.fa
NONATHT003879	lncRNA	0.05725892599646522	0.9427410740035349	NONCODEv6_ATH.fa
NONATHT003880	lncRNA	0.09784071175489323	0.9021592882451072	NONCODEv6_ATH.fa
NONATHT003881	lncRNA	0.4143227782971795	0.5856772217028205	NONCODEv6_ATH.fa
NONATHT003882	lncRNA	0.12549908112810867	0.8745009188718919	NONCODEv6_ATH.fa
NONATHT003883	Protein_Coding	0.5125155136862617	0.48748448631373825	NONCODEv6_ATH.fa
NONATHT003884	lncRNA	0.20447698142005152	0.7955230185799484	NONCODEv6_ATH.fa
NONATHT003885	lncRNA	0.12897232293963612	0.871027677060364	NONCODEv6_ATH.fa
NONATHT003886	lncRNA	0.15265692394030267	0.8473430760596978	NONCODEv6_ATH.fa
NONATHT003887	lncRNA	0.1658803026386923	0.834119697361308	NONCODEv6_ATH.fa
NONATHT003888	lncRNA	0.17229310325288083	0.8277068967471195	NONCODEv6_ATH.fa
NONATHT003889	lncRNA	0.04561398863065914	0.954386011369341	NONCODEv6_ATH.fa
NONATHT003890	lncRNA	0.11865300258029583	0.8813469974197039	NONCODEv6_ATH.fa
NONATHT003891	lncRNA	0.029341384572133047	0.9706586154278675	NONCODEv6_ATH.fa
NONATHT003892	lncRNA	0.13040963071323983	0.8695903692867601	NONCODEv6_ATH.fa
NONATHT003893	lncRNA	0.1630301050764884	0.8369698949235113	NONCODEv6_ATH.fa
NONATHT003894	lncRNA	0.10964351578107694	0.8903564842189224	NONCODEv6_ATH.fa
NONATHT003895	lncRNA	0.27131152478009224	0.728688475219908	NONCODEv6_ATH.fa
NONATHT003896	lncRNA	0.14387569103260928	0.8561243089673903	NONCODEv6_ATH.fa
NONATHT003897	lncRNA	0.19340843856964368	0.8065915614303563	NONCODEv6_ATH.fa
NONATHT003898	lncRNA	0.028426366617616113	0.9715736333823841	NONCODEv6_ATH.fa
NONATHT003899	lncRNA	0.4463783509317788	0.5536216490682213	NONCODEv6_ATH.fa
NONATHT003900	lncRNA	0.15116775928266044	0.8488322407173396	NONCODEv6_ATH.fa
NONATHT003901	lncRNA	0.04413797989712794	0.9558620201028726	NONCODEv6_ATH.fa
NONATHT003902	lncRNA	0.08261114395995499	0.9173888560400448	NONCODEv6_ATH.fa
NONATHT003903	lncRNA	0.10887806197401279	0.8911219380259873	NONCODEv6_ATH.fa
NONATHT003904	lncRNA	0.11675266553821097	0.8832473344617889	NONCODEv6_ATH.fa
NONATHT003905	lncRNA	0.05746095167721484	0.9425390483227858	NONCODEv6_ATH.fa
NONATHT003906	Protein_Coding	0.5599056865973804	0.4400943134026195	NONCODEv6_ATH.fa
NONATHT003907	Protein_Coding	0.6592446239924102	0.34075537600758915	NONCODEv6_ATH.fa
NONATHT003908	lncRNA	0.12988649014207385	0.8701135098579268	NONCODEv6_ATH.fa
NONATHT003909	lncRNA	0.11807606635332749	0.8819239336466725	NONCODEv6_ATH.fa
NONATHT003910	lncRNA	0.1474871137112027	0.8525128862887974	NONCODEv6_ATH.fa
NONATHT003911	lncRNA	0.016592251511490626	0.9834077484885093	NONCODEv6_ATH.fa
NONATHT003912	lncRNA	0.2348656834075987	0.7651343165924016	NONCODEv6_ATH.fa
NONATHT003913	lncRNA	0.09254742645164404	0.9074525735483561	NONCODEv6_ATH.fa
NONATHT003914	Protein_Coding	0.639914967968906	0.36008503203109404	NONCODEv6_ATH.fa
NONATHT003915	lncRNA	0.03716972161012107	0.9628302783898789	NONCODEv6_ATH.fa
NONATHT003916	lncRNA	0.07124235153537338	0.928757648464627	NONCODEv6_ATH.fa
NONATHT003917	lncRNA	0.456687032322056	0.543312967677944	NONCODEv6_ATH.fa
NONATHT003918	lncRNA	0.4749323071014002	0.5250676928985998	NONCODEv6_ATH.fa
NONATHT003919	lncRNA	0.03720021279808057	0.9627997872019199	NONCODEv6_ATH.fa
NONATHT003920	lncRNA	0.09449574478055071	0.9055042552194495	NONCODEv6_ATH.fa
NONATHT003921	lncRNA	0.07508662676871705	0.9249133732312829	NONCODEv6_ATH.fa
NONATHT003922	lncRNA	0.3637087105682296	0.6362912894317703	NONCODEv6_ATH.fa
NONATHT003923	lncRNA	0.03971334726167506	0.9602866527383253	NONCODEv6_ATH.fa
NONATHT003924	lncRNA	0.14601270586758458	0.8539872941324149	NONCODEv6_ATH.fa
NONATHT003925	Protein_Coding	0.6847127881212461	0.31528721187875347	NONCODEv6_ATH.fa
NONATHT003926	lncRNA	0.05296487308540564	0.9470351269145943	NONCODEv6_ATH.fa
NONATHT003927	lncRNA	0.07025878280422865	0.9297412171957721	NONCODEv6_ATH.fa
NONATHT003928	lncRNA	0.20290328521117507	0.7970967147888254	NONCODEv6_ATH.fa
NONATHT003929	lncRNA	0.16104500235135222	0.8389549976486483	NONCODEv6_ATH.fa
NONATHT003930	lncRNA	0.0578637779714432	0.9421362220285568	NONCODEv6_ATH.fa
NONATHT003931	lncRNA	0.18793156697266986	0.8120684330273301	NONCODEv6_ATH.fa
NONATHT003932	lncRNA	0.308586722029831	0.6914132779701687	NONCODEv6_ATH.fa
NONATHT003933	lncRNA	0.019407045175862097	0.9805929548241379	NONCODEv6_ATH.fa
NONATHT003934	lncRNA	0.16337594385830678	0.8366240561416933	NONCODEv6_ATH.fa
NONATHT003935	lncRNA	0.18450890542386747	0.8154910945761322	NONCODEv6_ATH.fa
NONATHT003936	lncRNA	0.14190475434081012	0.8580952456591893	NONCODEv6_ATH.fa
NONATHT003937	lncRNA	0.0343055334535322	0.9656944665464681	NONCODEv6_ATH.fa
NONATHT003938	lncRNA	0.4434650935873399	0.5565349064126603	NONCODEv6_ATH.fa
NONATHT003939	lncRNA	0.0682609615750622	0.931739038424938	NONCODEv6_ATH.fa
NONATHT003940	lncRNA	0.08011276355162739	0.9198872364483729	NONCODEv6_ATH.fa
NONATHT003941	lncRNA	0.02369233493074962	0.9763076650692505	NONCODEv6_ATH.fa
NONATHT003942	lncRNA	0.27910630147053056	0.7208936985294697	NONCODEv6_ATH.fa
NONATHT003943	lncRNA	0.28786273409792995	0.7121372659020698	NONCODEv6_ATH.fa
NONATHT003944	lncRNA	0.08561508497772607	0.9143849150222738	NONCODEv6_ATH.fa
NONATHT003945	lncRNA	0.021034816644535027	0.978965183355465	NONCODEv6_ATH.fa
NONATHT003946	lncRNA	0.37170871143040324	0.6282912885695969	NONCODEv6_ATH.fa
NONATHT003947	Protein_Coding	0.5275767971755169	0.4724232028244831	NONCODEv6_ATH.fa
NONATHT003948	lncRNA	0.09816132120651501	0.9018386787934856	NONCODEv6_ATH.fa
NONATHT003949	lncRNA	0.03796017407302679	0.9620398259269739	NONCODEv6_ATH.fa
NONATHT003950	Protein_Coding	0.5684684539499948	0.43153154605000515	NONCODEv6_ATH.fa
NONATHT003951	lncRNA	0.12173147850065949	0.8782685214993405	NONCODEv6_ATH.fa
NONATHT003952	lncRNA	0.04878781344659038	0.9512121865534096	NONCODEv6_ATH.fa
NONATHT003953	lncRNA	0.1550522858256906	0.8449477141743095	NONCODEv6_ATH.fa
NONATHT003954	lncRNA	0.08428831930875733	0.9157116806912426	NONCODEv6_ATH.fa
NONATHT003955	lncRNA	0.07043963466494249	0.9295603653350581	NONCODEv6_ATH.fa
NONATHT003956	lncRNA	0.22440816413432865	0.7755918358656716	NONCODEv6_ATH.fa
NONATHT003957	lncRNA	0.2786714108753957	0.7213285891246037	NONCODEv6_ATH.fa
NONATHT003958	lncRNA	0.2525583874102515	0.7474416125897485	NONCODEv6_ATH.fa
NONATHT003959	lncRNA	0.11821811700196308	0.8817818829980368	NONCODEv6_ATH.fa
NONATHT003960	lncRNA	0.031157569945301528	0.9688424300546984	NONCODEv6_ATH.fa
NONATHT003961	lncRNA	0.16745405072544187	0.8325459492745576	NONCODEv6_ATH.fa
NONATHT003962	lncRNA	0.46313334521996596	0.5368666547800341	NONCODEv6_ATH.fa
NONATHT003963	lncRNA	0.1391047784579848	0.8608952215420157	NONCODEv6_ATH.fa
NONATHT003964	lncRNA	0.08297887796148877	0.9170211220385113	NONCODEv6_ATH.fa
NONATHT003965	lncRNA	0.043428380006628624	0.9565716199933719	NONCODEv6_ATH.fa
NONATHT003966	lncRNA	0.46186510725911734	0.5381348927408828	NONCODEv6_ATH.fa
NONATHT003968	lncRNA	0.04737962081597531	0.952620379184025	NONCODEv6_ATH.fa
NONATHT003967	lncRNA	0.04969273149381433	0.9503072685061865	NONCODEv6_ATH.fa
NONATHT003969	Protein_Coding	0.5966189927929212	0.4033810072070785	NONCODEv6_ATH.fa
NONATHT003970	lncRNA	0.12874964200749156	0.8712503579925083	NONCODEv6_ATH.fa
NONATHT003971	lncRNA	0.08270407689905646	0.9172959231009438	NONCODEv6_ATH.fa
NONATHT003972	Protein_Coding	0.6038816880071762	0.3961183119928238	NONCODEv6_ATH.fa
NONATHT003973	lncRNA	0.22150436984636115	0.7784956301536383	NONCODEv6_ATH.fa
NONATHT003974	lncRNA	0.13717369871519283	0.8628263012848075	NONCODEv6_ATH.fa
NONATHT003975	lncRNA	0.008220390692131301	0.9917796093078689	NONCODEv6_ATH.fa
NONATHT003976	lncRNA	0.13001203484243157	0.8699879651575685	NONCODEv6_ATH.fa
NONATHT003977	lncRNA	0.06783523299218759	0.9321647670078133	NONCODEv6_ATH.fa
NONATHT003978	lncRNA	0.03644108509348292	0.963558914906517	NONCODEv6_ATH.fa
NONATHT003979	lncRNA	0.3784127923052416	0.6215872076947584	NONCODEv6_ATH.fa
NONATHT003980	lncRNA	0.1448780106268141	0.8551219893731864	NONCODEv6_ATH.fa
NONATHT003981	lncRNA	0.3128720775906981	0.6871279224093024	NONCODEv6_ATH.fa
NONATHT003982	lncRNA	0.05576788606296937	0.9442321139370305	NONCODEv6_ATH.fa
NONATHT003983	lncRNA	0.29448142935930405	0.7055185706406961	NONCODEv6_ATH.fa
NONATHT003984	lncRNA	0.2609675631595744	0.7390324368404262	NONCODEv6_ATH.fa
NONATHT003985	lncRNA	0.3435315098506316	0.6564684901493687	NONCODEv6_ATH.fa
NONATHT003986	lncRNA	0.20004729291706425	0.7999527070829362	NONCODEv6_ATH.fa
NONATHT003987	lncRNA	0.1766599417156115	0.8233400582843887	NONCODEv6_ATH.fa
NONATHT003988	lncRNA	0.06909836774727408	0.9309016322527265	NONCODEv6_ATH.fa
NONATHT003989	lncRNA	0.48927809607036316	0.5107219039296369	NONCODEv6_ATH.fa
NONATHT003990	lncRNA	0.27494577089617733	0.7250542291038233	NONCODEv6_ATH.fa
NONATHT003991	lncRNA	0.4777287382418049	0.5222712617581952	NONCODEv6_ATH.fa
NONATHT003992	lncRNA	0.08512432446904121	0.9148756755309595	NONCODEv6_ATH.fa
NONATHT003993	lncRNA	0.054269872557409365	0.9457301274425908	NONCODEv6_ATH.fa
NONATHT003994	lncRNA	0.07159867499489844	0.9284013250051018	NONCODEv6_ATH.fa
NONATHT003995	lncRNA	0.29077690067927986	0.7092230993207204	NONCODEv6_ATH.fa
NONATHT003996	lncRNA	0.06522149846475166	0.9347785015352488	NONCODEv6_ATH.fa
NONATHT003997	lncRNA	0.10878943770773142	0.8912105622922687	NONCODEv6_ATH.fa
NONATHT003998	lncRNA	0.061909896892842056	0.9380901031071577	NONCODEv6_ATH.fa
NONATHT003999	lncRNA	0.07990263030127628	0.9200973696987239	NONCODEv6_ATH.fa
NONATHT004000	lncRNA	0.012725583965065262	0.987274416034935	NONCODEv6_ATH.fa
NONATHT004001	lncRNA	0.16644505301072623	0.8335549469892743	NONCODEv6_ATH.fa
NONATHT004002	lncRNA	0.4887009723288741	0.5112990276711258	NONCODEv6_ATH.fa
NONATHT004003	lncRNA	0.07224957322130146	0.9277504267786988	NONCODEv6_ATH.fa
NONATHT004004	lncRNA	0.08209714756128078	0.9179028524387194	NONCODEv6_ATH.fa
NONATHT004005	lncRNA	0.15625893452708464	0.8437410654729154	NONCODEv6_ATH.fa
NONATHT004006	lncRNA	0.06201072231899202	0.9379892776810081	NONCODEv6_ATH.fa
NONATHT004007	lncRNA	0.23876106428969318	0.7612389357103077	NONCODEv6_ATH.fa
NONATHT004008	lncRNA	0.29108564348196236	0.7089143565180382	NONCODEv6_ATH.fa
NONATHT004009	lncRNA	0.17281591226158763	0.8271840877384125	NONCODEv6_ATH.fa
NONATHT004010	lncRNA	0.21824971203339985	0.7817502879666001	NONCODEv6_ATH.fa
NONATHT004011	lncRNA	0.21824971203339985	0.7817502879666001	NONCODEv6_ATH.fa
NONATHT004012	lncRNA	0.03907760652279385	0.9609223934772062	NONCODEv6_ATH.fa
NONATHT004013	lncRNA	0.4279450139969589	0.572054986003041	NONCODEv6_ATH.fa
NONATHT004014	lncRNA	0.05668313998255571	0.9433168600174442	NONCODEv6_ATH.fa
NONATHT004015	lncRNA	0.1453279759983298	0.8546720240016702	NONCODEv6_ATH.fa
NONATHT004016	Protein_Coding	0.5748506251901179	0.42514937480988196	NONCODEv6_ATH.fa
NONATHT004017	lncRNA	0.14552200938023163	0.8544779906197683	NONCODEv6_ATH.fa
NONATHT004018	lncRNA	0.06152949665637664	0.9384705033436235	NONCODEv6_ATH.fa
NONATHT004019	lncRNA	0.07770864017798837	0.922291359822012	NONCODEv6_ATH.fa
NONATHT004020	lncRNA	0.1613309241414253	0.8386690758585752	NONCODEv6_ATH.fa
NONATHT004021	Protein_Coding	0.5298454010072059	0.47015459899279416	NONCODEv6_ATH.fa
NONATHT004022	lncRNA	0.05732521669190686	0.9426747833080935	NONCODEv6_ATH.fa
NONATHT004023	lncRNA	0.18508995411238863	0.8149100458876115	NONCODEv6_ATH.fa
NONATHT004024	lncRNA	0.01784846989680783	0.982151530103192	NONCODEv6_ATH.fa
NONATHT004025	lncRNA	0.06423052507029632	0.9357694749297041	NONCODEv6_ATH.fa
NONATHT004026	lncRNA	0.24996611662828955	0.7500338833717106	NONCODEv6_ATH.fa
NONATHT004027	lncRNA	0.13857038198176444	0.861429618018236	NONCODEv6_ATH.fa
NONATHT004028	lncRNA	0.07187459479864497	0.9281254052013559	NONCODEv6_ATH.fa
NONATHT004029	lncRNA	0.30431517167960764	0.6956848283203925	NONCODEv6_ATH.fa
NONATHT004030	lncRNA	0.09184619790525013	0.9081538020947497	NONCODEv6_ATH.fa
NONATHT004031	lncRNA	0.13262826062395972	0.8673717393760404	NONCODEv6_ATH.fa
NONATHT004032	lncRNA	0.038957957857062527	0.9610420421429374	NONCODEv6_ATH.fa
NONATHT004033	lncRNA	0.38615283210405116	0.6138471678959486	NONCODEv6_ATH.fa
NONATHT004034	lncRNA	0.035490173822294704	0.9645098261777054	NONCODEv6_ATH.fa
NONATHT004035	lncRNA	0.18310325448317655	0.8168967455168238	NONCODEv6_ATH.fa
NONATHT004036	Protein_Coding	0.5050323980769708	0.49496760192302913	NONCODEv6_ATH.fa
NONATHT004037	Protein_Coding	0.5050323980769708	0.49496760192302913	NONCODEv6_ATH.fa
NONATHT004038	Protein_Coding	0.5112808507023103	0.4887191492976895	NONCODEv6_ATH.fa
NONATHT004039	lncRNA	0.1925586101923101	0.8074413898076895	NONCODEv6_ATH.fa
NONATHT004040	lncRNA	0.1812408906192967	0.8187591093807035	NONCODEv6_ATH.fa
NONATHT004041	lncRNA	0.3001317931429754	0.6998682068570246	NONCODEv6_ATH.fa
NONATHT004042	lncRNA	0.4016344118651384	0.5983655881348617	NONCODEv6_ATH.fa
NONATHT004043	lncRNA	0.17425969718453405	0.8257403028154657	NONCODEv6_ATH.fa
NONATHT004044	lncRNA	0.0752007267482999	0.9247992732516999	NONCODEv6_ATH.fa
NONATHT004045	lncRNA	0.056250948898827965	0.9437490511011724	NONCODEv6_ATH.fa
NONATHT004046	lncRNA	0.32566308813515477	0.6743369118648455	NONCODEv6_ATH.fa
